# This file is brought to you by Roblox Corporation
# Generated by Roblox Studio

mtllib manekin.mtl

g Bodygeom1

v -1.13757 0.00260687 1.10189 
v -1.1372 0.00227213 -1.12719 
v -1.10713 -0.0152364 -0.395454 
v -1.10427 0.00268316 1.1252 
v -1.11932 0.0201707 1.13079 
v -1.10605 -0.0112762 1.10801 
v 1.08515 0.00273418 1.12538 
v 1.10891 -0.00891304 1.09999 
v 1.10848 -0.00816822 -1.12406 
v -1.10343 -0.0158672 -1.12282 
v -1.10461 -0.000801086 -1.14838 
v 1.08268 -0.00223303 -1.14763 
v 1.10699 0.00821686 -1.14339 
v 0.490342 0.404313 0.153049 
v 0.512699 0.388178 0.120517 
v 0.552926 0.404418 0.118764 
v 0.582714 0.399132 0.0823391 
v 0.557734 0.387702 -0.0246275 
v 0.655878 0.403244 -0.119404 
v 0.58632 0.388186 -0.211275 
v 0.65256 0.404405 -0.179329 
v 0.561671 0.387654 -0.316088 
v 0.574826 0.403977 -0.379524 
v 0.526565 0.387057 -0.377031 
v 0.480752 0.387585 -0.417783 
v -0.652373 0.39336 -0.127122 
v -0.675021 0.404802 -0.147232 
v -0.597712 0.388281 -0.201257 
v -0.564768 0.386031 -0.326578 
v -0.564597 0.388457 -0.0196843 
v -0.583754 0.403188 -0.392713 
v -0.542063 0.38664 -0.371367 
v -0.486732 0.385219 -0.415694 
v -0.634648 0.407372 0.00175332 
v -0.601339 0.394413 0.0440337 
v -0.518411 0.387971 0.120731 
v -0.589968 0.40622 0.104324 
v -0.505652 0.406914 0.147432 
v -0.456823 0.388649 0.185415 
v 0.0838849 0.405414 -0.149454 
v 0.153145 0.403283 -0.363491 
v 0.182081 0.388197 -0.257041 
v 0.205723 0.387199 -0.351953 
v 0.218358 0.404142 -0.411475 
v 0.245639 0.384325 -0.398605 
v 0.182695 0.389052 -0.182102 
v 0.167049 0.395017 0.0384252 
v 0.224438 0.389788 0.00155458 
v 0.174444 0.403868 0.0996438 
v 0.280187 0.387708 0.124054 
v 0.318789 0.391711 0.167284 
v -0.294353 0.386874 0.124842 
v -0.220128 0.406752 0.127277 
v -0.329937 0.402299 0.155776 
v -0.268517 0.387347 0.094931 
v -0.188416 0.401435 0.0915822 
v -0.221263 0.388631 -0.0483291 
v -0.112652 0.399254 -0.16396 
v -0.194698 0.389878 -0.231274 
v -0.146172 0.402837 -0.302206 
v -0.213633 0.387498 -0.325239 
v -0.189734 0.401337 -0.380778 
v -0.26861 0.387414 -0.397334 
v -0.572562 0.423374 -0.412025 
v -0.411092 0.4058 -0.487358 
v -0.486732 0.385219 -0.415694 
v -0.416277 0.387785 -0.445964 
v -0.365625 0.387628 -0.443021 
v -0.301204 0.404165 -0.446757 
v -0.389721 0.427633 -0.494745 
v -0.26861 0.387414 -0.397334 
v -0.189734 0.401337 -0.380778 
v -0.195484 0.428208 -0.403443 
v 0.319705 8.85568 0.134231 
v 0.24708 8.89641 0.239312 
v 0.308636 8.83429 0.270548 
v -0.0267678 8.94831 0.324044 
v 0.130417 8.93027 0.309785 
v 0.00452125 8.97182 0.228961 
v -0.100916 8.95945 0.246906 
v 0.141314 8.95113 0.221573 
v 0.27019 8.905 0.0680381 
v 0.355576 8.82119 0.0495 
v 0.319225 8.86214 -0.00369129 
v 0.206617 8.9418 0.0787026 
v 0.202127 8.94429 -0.0418797 
v 0.2328 8.90624 -0.172205 
v 0.32056 8.82795 -0.163329 
v 0.270266 8.8519 -0.23137 
v 0.18126 8.90591 -0.252092 
v 0.216667 8.86085 -0.297431 
v 0.126685 8.93972 -0.218644 
v 0.141234 8.88302 -0.327613 
v 0.164038 8.95138 -0.121358 
v 0.0387778 8.90359 -0.336788 
v 0.132997 8.97346 -0.0101033 
v 0.0637024 8.97681 -0.128733 
v -0.00684512 8.95734 -0.228385 
v -0.0209112 8.93709 -0.277295 
v -0.103089 8.92803 -0.271637 
v 0.104618 8.97498 0.108847 
v 0.0635902 8.98428 -0.0291116 
v -0.0599922 8.9797 0.143042 
v -0.149912 8.97216 0.0545504 
v -0.109014 8.97655 -0.0846871 
v -0.0261941 8.98113 -0.121857 
v -0.0931056 8.96487 -0.170851 
v -0.151695 8.93053 -0.229515 
v -0.15928 8.95249 -0.142547 
v -0.225295 8.91303 -0.186338 
v -0.261325 8.91389 -0.0692085 
v -0.309921 8.87645 0.156445 
v -0.338037 8.85698 0.066098 
v -0.381536 8.79816 0.116234 
v -0.345662 8.83574 0.19159 
v -0.350879 8.82765 -0.0965849 
v -0.299752 8.85919 0.271176 
v -0.362858 8.77038 0.303797 
v -0.292968 8.86586 -0.183764 
v -0.304805 8.8167 -0.258377 
v -0.240416 8.85833 -0.288659 
v -0.279794 8.83417 0.364314 
v -0.306472 8.7838 0.395525 
v -0.232465 8.80313 0.458991 
v -0.24416 8.90862 0.243056 
v -0.203874 8.86661 0.39766 
v -0.152034 8.87276 0.428298 
v -0.156174 8.8135 0.497826 
v -0.0859121 8.85124 0.48622 
v -0.243912 8.92258 0.159349 
v -0.158566 8.93618 0.282926 
v -0.102368 8.93605 0.328594 
v -0.0554162 8.90587 0.410521 
v -0.000436438 8.85964 0.484337 
v -0.024041 8.81741 0.527087 
v 0.0876793 8.81919 0.509319 
v 0.0249434 8.90438 0.411892 
v 0.126469 8.86241 0.447069 
v 0.205833 8.78007 0.482092 
v 0.155573 8.75789 0.530126 
v 0.212376 8.84329 0.408569 
v 0.278239 8.73313 0.451499 
v 0.281675 8.81758 0.357581 
v 0.319557 8.77807 0.348942 
v 0.242002 8.86461 0.336094 
v -0.380407 7.95326 -0.215453 
v -0.36553 7.95604 -0.0970012 
v -0.337546 7.95564 -0.214028 
v -0.385372 7.9337 -0.0590523 
v -0.35089 7.96143 -0.30205 
v -0.338387 7.94809 -0.0779464 
v -0.35734 7.92837 -0.0206877 
v -0.378264 7.87051 0.0504353 
v -0.320597 7.92353 -0.0629511 
v -0.317726 7.88295 0.0140084 
v -0.343944 7.8999 0.0258343 
v -0.32404 7.96629 -0.329701 
v -0.320446 7.95225 -0.384381 
v -0.306382 7.95205 -0.290579 
v -0.291633 7.96915 -0.351037 
v -0.20594 7.97647 -0.445899 
v -0.302498 7.89384 -0.247575 
v -0.283621 7.89364 -0.225333 
v -0.301631 7.87511 -0.219997 
v -0.282802 7.89042 -0.259079 
v -0.284488 7.90942 -0.284174 
v -0.253704 7.91307 -0.273158 
v -0.198179 7.94396 -0.342099 
v -0.27472 7.94568 -0.325986 
v -0.183152 7.95273 -0.370615 
v -0.14509 7.96807 -0.367831 
v -0.143346 7.96586 -0.399754 
v -0.100294 7.96789 -0.392755 
v -0.125427 7.98677 -0.448602 
v -0.140574 7.9744 -0.476104 
v -0.0855469 7.99014 -0.468157 
v -0.0627303 7.96994 -0.414224 
v -0.00588399 7.98487 -0.395217 
v 0.068276 7.96996 -0.410568 
v 0.0904672 7.99009 -0.444098 
v 0.0336928 7.97931 -0.4918 
v 0.0898785 7.96828 -0.387848 
v 0.103441 7.99052 -0.461217 
v 0.148295 7.97643 -0.46919 
v 0.24315 7.97517 -0.400499 
v 0.187151 7.97511 -0.400483 
v 0.264584 7.96094 -0.341551 
v 0.260175 7.90636 -0.277128 
v 0.154319 7.95353 -0.372295 
v 0.151276 7.95757 -0.353987 
v 0.197411 7.94325 -0.313446 
v 0.260175 7.90636 -0.277128 
v 0.242751 7.91357 -0.264629 
v 0.278291 7.88667 -0.235912 
v 0.267129 7.89656 -0.205524 
v -0.321386 7.86386 -0.137197 
v -0.302822 7.86554 -0.105418 
v -0.319365 7.88139 -0.181894 
v -0.319605 7.86651 -0.0790982 
v -0.972708 7.32196 -0.451353 
v -0.994962 7.24508 -0.487045 
v -1.02942 7.24407 -0.41856 
v -1.00016 7.34166 -0.350207 
v -0.941235 7.26619 -0.544742 
v -0.996705 7.36628 -0.267043 
v -0.952969 7.4147 -0.289605 
v -0.88599 7.19407 -0.628945 
v -0.988842 7.06163 -0.573818 
v -0.945081 7.38084 -0.413594 
v -0.900146 7.36341 -0.512477 
v -0.834399 7.3455 -0.594265 
v -0.788173 7.28356 -0.666045 
v -0.874698 7.46222 -0.371963 
v -0.803824 7.5271 -0.287729 
v -0.860138 7.43676 -0.461482 
v -0.792219 7.43583 -0.541779 
v -0.740691 7.41367 -0.609408 
v -0.62644 7.37027 -0.710417 
v -0.768989 7.49516 -0.472819 
v -0.781751 7.52585 -0.377868 
v -0.677855 7.52773 -0.511819 
v -0.63629 7.49681 -0.588769 
v -0.741377 7.55645 -0.161885 
v -0.810957 7.52449 -0.2068 
v -0.445935 7.72627 -0.355584 
v -0.630114 7.6245 -0.267421 
v -0.577338 7.64737 -0.342363 
v -0.550174 7.67011 -0.207928 
v -0.529172 7.66117 -0.122231 
v -0.492851 7.71579 -0.238203 
v -0.513779 7.67965 -0.13061 
v -0.538261 7.68288 -0.100474 
v -0.509345 7.69958 -0.192661 
v -0.502601 7.72559 -0.191434 
v -0.466349 7.72921 -0.296001 
v -0.466012 7.75261 -0.268035 
v -0.397644 7.75132 -0.374127 
v -0.434982 7.7704 -0.319 
v -0.341116 7.77009 -0.410425 
v -0.347745 7.74185 -0.433274 
v -0.266701 7.76995 -0.460262 
v -0.317434 7.78941 -0.430496 
v -0.360357 7.64768 -0.539731 
v -0.226582 7.78963 -0.475211 
v -0.513233 7.5085 -0.638797 
v -0.482885 7.42936 -0.72038 
v -0.510269 7.35352 -0.758832 
v -0.355266 7.4084 -0.760425 
v -0.270508 7.45274 -0.741356 
v -0.231226 7.64772 -0.583443 
v -0.0103843 7.67636 -0.590637 
v -0.193121 7.76702 -0.493002 
v -0.150976 7.78844 -0.501245 
v -0.0879182 7.76892 -0.519182 
v 0.0126623 7.78854 -0.519897 
v -0.0580969 7.78753 -0.519569 
v -1.01571 2.76558 0.15953 
v -1.03278 2.78998 0.169437 
v -1.03321 2.7725 0.000999626 
v -0.986144 2.7606 0.224624 
v -1.00669 2.78929 0.274701 
v -0.986513 2.76783 0.291076 
v -0.972653 2.78871 0.354065 
v -0.935403 2.75906 0.359058 
v -0.898833 2.76883 0.453513 
v -0.802741 2.7535 0.527301 
v 0.580774 2.76102 -0.745832 
v 0.431436 2.7688 -0.845385 
v 0.514354 2.78945 -0.81941 
v 0.599677 2.79133 -0.772309 
v 0.631656 2.77025 -0.737031 
v 0.45561 2.76768 -0.70441 
v 0.593458 2.75965 -0.65404 
v 0.637106 2.76888 -0.588712 
v 0.764324 2.76913 -0.628768 
v 0.732229 2.76949 -0.489397 
v 0.860824 2.76316 -0.49238 
v 0.858948 2.79087 -0.534768 
v 0.792373 2.79162 -0.620531 
v 0.92073 2.76906 -0.399218 
v 0.962121 2.79028 -0.337507 
v 0.985997 2.77043 -0.214063 
v 0.874171 2.76136 -0.302701 
v 0.98365 2.76049 -0.144022 
v 1.0178 2.7911 -0.121623 
v 1.01515 2.77113 -0.0545381 
v 0.821418 2.76885 -0.3516 
v 0.793754 2.78791 -0.369301 
v 0.873257 2.76971 -0.209463 
v 0.87033 2.79109 -0.150122 
v 1.01177 2.76601 0.0667214 
v 0.906711 2.76556 -0.00828378 
v 0.886482 2.78812 -0.0467737 
v 0.926507 2.75938 -0.0714611 
v 0.901462 2.75669 0.192705 
v 0.874677 2.76766 0.194602 
v 0.819024 2.76407 0.299386 
v 0.803052 2.75274 0.366072 
v 0.744171 2.77171 0.388007 
v 0.916384 2.75632 0.343248 
v 0.968195 2.76899 0.285679 
v 0.87048 2.7678 0.462871 
v 0.789147 2.76389 0.543931 
v 0.730544 2.75215 0.437057 
v 0.645991 2.77143 0.473907 
v 0.6516 2.74948 0.614881 
v 0.687475 2.77399 0.624046 
v 0.601366 2.74822 0.529167 
v 0.553702 2.77069 0.524468 
v 0.560926 2.7679 0.679368 
v 0.409773 2.7503 0.600126 
v 0.386656 2.75124 0.719562 
v 0.163185 2.73763 0.685019 
v 0.153796 2.74842 0.663018 
v 0.161074 2.74464 0.752268 
v 0.134107 2.74827 0.699158 
v -1.04232 2.79009 -0.0610163 
v -1.00765 2.76301 -0.150903 
v -1.03321 2.7725 0.000999626 
v -1.03147 2.78752 -0.158798 
v -0.985708 2.76705 -0.282682 
v -0.986144 2.7606 0.224624 
v -1.01571 2.76558 0.15953 
v -0.922049 2.76529 -0.0392913 
v -0.902892 2.76799 -0.168656 
v -0.92242 2.75933 0.173292 
v -0.986513 2.76783 0.291076 
v -0.911845 2.76893 0.109603 
v -0.935403 2.75906 0.359058 
v -0.875704 2.7682 0.233619 
v -0.826999 2.75794 0.349852 
v -0.81913 2.76853 0.331927 
v -0.802741 2.7535 0.527301 
v -0.7489 2.76743 0.419546 
v -0.699693 2.7484 0.505964 
v -0.679957 2.76125 0.481078 
v -0.584026 2.76428 0.534669 
v -0.659958 2.75419 0.628912 
v -0.782206 2.76832 0.570296 
v -0.526846 2.7513 0.572603 
v -0.473948 2.77661 0.574048 
v -0.579699 2.7481 0.645851 
v -0.365303 2.74842 0.626534 
v -0.342698 2.77388 0.613557 
v -0.172261 2.74451 0.662735 
v -0.638331 2.76935 0.657395 
v -0.754599 2.78982 0.596963 
v -0.539042 2.75207 0.679283 
v -0.503999 2.77496 0.712212 
v -0.36776 2.74385 0.713657 
v -0.368596 2.75303 0.733827 
v -0.200472 2.74568 0.750807 
v -0.176696 2.73651 0.704311 
v -0.161141 2.74931 0.741541 
v -0.145935 2.75877 0.689192 
v -0.878479 2.76203 -0.318338 
v -0.909551 2.76769 -0.465204 
v -0.780753 2.76159 -0.493646 
v -0.856411 2.76839 -0.323235 
v -0.84406 2.78837 -0.313605 
v -0.788885 2.79008 -0.415954 
v -0.816843 2.76748 -0.591589 
v -0.763956 2.76821 -0.479712 
v -0.735116 2.79072 -0.48782 
v -0.671936 2.76684 -0.57812 
v -0.596692 2.7908 -0.616754 
v -0.790274 2.76064 -0.584863 
v -0.728862 2.76679 -0.677834 
v -0.41104 2.75948 -0.765482 
v -0.551429 2.76788 -0.662389 
v -0.586219 2.76823 -0.778169 
v -0.37756 2.76716 -0.751933 
v -0.402919 2.76887 -0.859274 
v -0.35235 2.76129 -0.855884 
v -0.373772 2.78978 -0.88407 
v -0.0463888 2.75882 -0.840602 
v -0.243804 2.76707 -0.902416 
v -0.0459058 2.75989 -0.907816 
v -0.0954237 2.76977 -0.924875 
v -0.0194711 2.79199 -0.941346 
v 0.0365628 2.76841 -0.926099 
v 0.259688 2.7658 -0.78299 
v 0.216283 2.76674 -0.902886 
v 0.311308 2.76039 -0.863816 
v 0.309316 2.79281 -0.898389 
v 0.393594 2.75972 -0.756169 
v 0.24315 7.97517 -0.400499 
v 0.263944 7.88553 -0.494694 
v 0.148295 7.97643 -0.46919 
v 0.319622 7.88336 -0.45879 
v 0.323842 7.95975 -0.333171 
v 0.373738 7.87023 -0.421293 
v 0.328736 7.96496 -0.268286 
v 0.461422 7.82844 -0.298247 
v 0.424346 7.83726 -0.367583 
v 0.487304 7.78828 -0.265194 
v 0.376686 7.94592 -0.146212 
v 0.491013 7.80298 -0.229034 
v 0.347679 7.95878 -0.0964045 
v 0.43052 7.8703 -0.172082 
v 0.534778 7.72892 -0.0831236 
v 0.543073 7.67069 -0.0485749 
v 0.364668 7.91485 -0.0139786 
v 0.339108 7.94618 -0.0529084 
v 0.319262 7.94521 -0.0682538 
v 0.318578 7.89921 0.0297456 
v 0.34881 7.90114 0.025575 
v 0.341838 7.83957 0.0892927 
v 0.55279 7.66814 -0.00366316 
v 0.541221 7.6209 0.0107984 
v 0.572081 7.59807 0.132054 
v 0.611142 7.53753 0.177341 
v 0.568214 7.61434 0.0909432 
v 0.562647 7.60146 0.0584919 
v 0.58764 7.56063 0.0953984 
v 0.600312 7.56404 0.117168 
v 0.642901 7.51766 0.12589 
v 0.632752 7.53338 0.155796 
v 0.733869 7.44744 0.20252 
v 0.740709 7.43377 0.148916 
v 0.756429 7.41103 0.183063 
v 0.738135 7.41338 0.140642 
v 0.738312 7.41377 0.241866 
v -0.764387 7.43145 0.210924 
v -0.75583 7.44312 0.160853 
v -0.776435 7.40899 0.166926 
v -0.641954 7.52919 0.171347 
v -0.740238 7.43486 0.134866 
v -0.662902 7.51347 0.143499 
v -0.583252 7.60115 0.12545 
v -0.688675 7.45382 0.119577 
v -0.723247 7.39412 0.123238 
v -0.710397 7.40978 0.104212 
v -0.658405 7.43925 0.0979246 
v -0.627927 7.4671 0.100827 
v -0.598222 7.57321 0.10281 
v -0.57847 7.50273 0.082367 
v -0.574389 7.62672 0.0461838 
v -0.575153 7.53433 0.0822519 
v -0.573785 7.51257 0.0630861 
v -0.543855 7.54534 0.0541629 
v -0.55639 7.70875 -0.0632909 
v -0.378264 7.87051 0.0504353 
v -0.385372 7.9337 -0.0590523 
v -0.498916 7.81716 -0.249227 
v -0.525032 7.76077 -0.199301 
v -0.380407 7.95326 -0.215453 
v -0.490408 7.80538 -0.290031 
v -0.424429 7.86221 -0.379951 
v -0.35089 7.96143 -0.30205 
v -0.420158 7.83552 -0.392383 
v -0.320446 7.95225 -0.384381 
v -0.36214 7.87012 -0.440757 
v -0.20594 7.97647 -0.445899 
v -0.238229 7.88491 -0.512669 
v -0.287609 7.85092 -0.495627 
v -0.420158 7.83552 -0.392383 
v -0.36214 7.87012 -0.440757 
v -0.238229 7.88491 -0.512669 
v -0.181557 7.85444 -0.537757 
v -0.10815 7.87046 -0.559166 
v -0.098692 7.83772 -0.552303 
v -0.00864859 7.86759 -0.568088 
v -0.140574 7.9744 -0.476104 
v -0.20594 7.97647 -0.445899 
v -0.0491826 7.89934 -0.554274 
v -0.0855469 7.99014 -0.468157 
v 0.0336928 7.97931 -0.4918 
v 0.073311 7.88742 -0.557258 
v 0.103441 7.99052 -0.461217 
v 0.0848421 7.85617 -0.558463 
v 0.148295 7.97643 -0.46919 
v 0.152694 7.89014 -0.536555 
v 0.213225 7.86189 -0.524771 
v 0.263944 7.88553 -0.494694 
v 0.304671 7.85244 -0.479045 
v 0.319622 7.88336 -0.45879 
v 0.373738 7.87023 -0.421293 
v 0.382182 7.83388 -0.413411 
v 0.424346 7.83726 -0.367583 
v 0.410345 7.7707 -0.332184 
v 0.487304 7.78828 -0.265194 
v 0.453751 7.75028 -0.275284 
v 0.448216 7.73698 -0.303774 
v 0.396196 7.75294 -0.368108 
v 0.487789 7.71002 -0.29037 
v 0.469947 7.73303 -0.236302 
v 0.486478 7.70914 -0.202632 
v 0.50376 7.69647 -0.14635 
v 0.543073 7.67069 -0.0485749 
v 0.519344 7.63227 -0.0381056 
v 0.541221 7.6209 0.0107984 
v 0.509559 7.6829 -0.161628 
v 0.519344 7.63227 -0.0381056 
v 0.619061 7.6249 -0.222266 
v 0.783989 7.51978 -0.151877 
v 0.86672 7.47603 -0.268591 
v 0.826033 7.48967 -0.359542 
v 0.557712 7.63335 -0.406844 
v 0.863118 7.47354 -0.183224 
v 0.808446 7.48082 -0.0832398 
v 0.891063 7.43403 -0.118331 
v 0.93555 7.4179 -0.25158 
v 0.950293 7.36653 -0.109772 
v 0.984976 7.34724 -0.185345 
v 1.00685 7.32143 -0.251955 
v 0.910288 7.42757 -0.349333 
v 0.978414 7.35642 -0.314875 
v 1.01791 7.2858 -0.333743 
v 1.05961 7.18648 -0.222597 
v 1.06341 7.1685 -0.291632 
v 1.05727 7.14861 -0.365149 
v 0.990829 7.27366 -0.440427 
v 0.912572 7.36476 -0.471148 
v 0.864489 7.43705 -0.431006 
v 0.748801 7.48938 -0.486478 
v 0.683944 7.48813 -0.555282 
v 0.81222 7.39505 -0.560366 
v 0.896086 7.31316 -0.546323 
v 0.793088 7.33943 -0.621619 
v 0.872065 7.25587 -0.604864 
v 0.800291 7.24823 -0.660823 
v 0.968033 7.20851 -0.526971 
v 0.925552 7.1595 -0.591765 
v 0.870083 7.08945 -0.650109 
v 0.980496 6.8179 -0.624667 
v 1.01643 7.17533 -0.463519 
v 1.01107 6.98977 -0.548835 
v 1.05508 6.92676 -0.494868 
v 1.11279 6.7334 -0.435586 
v 1.05446 6.70894 -0.562774 
v -0.355266 7.4084 -0.760425 
v -0.0441844 7.38967 -0.779543 
v -0.273052 7.26618 -0.826399 
v 0.229968 7.21741 -0.838483 
v -0.270508 7.45274 -0.741356 
v -0.0103843 7.67636 -0.590637 
v 0.311089 7.02993 -0.851937 
v 0.150185 7.02627 -0.859281 
v 0.289453 6.81234 -0.847389 
v 0.374015 7.15985 -0.83711 
v 0.495211 7.1052 -0.821603 
v 0.349726 7.30558 -0.800703 
v 0.201088 7.57903 -0.651662 
v 0.0126623 7.78854 -0.519897 
v 0.123407 7.78916 -0.505128 
v 0.206129 7.45402 -0.739936 
v 0.352946 7.40195 -0.757461 
v 0.462822 7.41528 -0.730302 
v 0.195872 7.76198 -0.499181 
v 0.193263 7.79338 -0.48443 
v 0.30038 7.668 -0.551797 
v 0.268446 7.76243 -0.464643 
v 0.281164 7.79297 -0.443065 
v 0.331823 7.76804 -0.418138 
v 0.375388 7.78742 -0.374082 
v 0.493249 7.61061 -0.512119 
v 0.498632 7.52997 -0.621814 
v 0.681336 7.44108 -0.615321 
v 0.59206 7.38166 -0.710278 
v 0.569043 7.32313 -0.750119 
v 0.689463 7.3929 -0.6544 
v 0.477826 7.22423 -0.807996 
v 0.674981 7.32353 -0.70697 
v 0.651396 7.2174 -0.756422 
v -0.378527 8.31892 -0.177017 
v -0.392839 8.45776 -0.217109 
v -0.341606 8.42657 -0.30289 
v -0.302023 8.15471 -0.218097 
v -0.351638 8.5165 -0.312056 
v -0.39397 8.5556 -0.236231 
v -0.212589 8.07053 -0.289983 
v -0.331018 8.64968 -0.336511 
v -0.38329 8.66623 -0.243288 
v -0.340394 8.7239 -0.290567 
v -0.294434 8.75731 -0.332007 
v -0.304805 8.8167 -0.258377 
v -0.311851 8.60404 -0.367372 
v -0.28004 8.68046 -0.385114 
v -0.283728 8.5162 -0.39196 
v -0.26561 8.62382 -0.40981 
v -0.228071 8.6991 -0.418124 
v -0.244211 8.81335 -0.336625 
v -0.240416 8.85833 -0.288659 
v -0.190456 8.77763 -0.404143 
v -0.153431 8.61339 -0.478154 
v -0.225295 8.91303 -0.186338 
v -0.151695 8.93053 -0.229515 
v -0.153112 8.88135 -0.326266 
v -0.103089 8.92803 -0.271637 
v -0.159263 8.83963 -0.37424 
v -0.0887528 8.87275 -0.366733 
v -0.0209112 8.93709 -0.277295 
v 0.0387778 8.90359 -0.336788 
v -0.102663 8.76312 -0.447774 
v -0.0121822 8.85171 -0.40075 
v 0.0631199 8.86174 -0.3846 
v 0.141234 8.88302 -0.327613 
v -0.0189771 8.78422 -0.451296 
v 0.180297 8.80308 -0.389364 
v 0.0554542 8.80005 -0.437785 
v -0.13858 8.69342 -0.46716 
v -0.0518305 8.73119 -0.47479 
v -0.0725791 8.6459 -0.499283 
v -0.00226599 8.67599 -0.498049 
v 0.053488 8.67403 -0.495299 
v 0.115515 8.72842 -0.460829 
v 0.30081 7.64606 -0.0168254 
v 0.316759 7.6714 -0.0179424 
v 0.302881 7.70514 -0.0521047 
v 0.320617 7.63948 -0.0114654 
v 0.341347 7.58982 0.0423409 
v 0.318726 7.4405 0.176445 
v 0.341591 7.45973 0.167349 
v 0.331899 7.45433 0.191258 
v -0.764387 7.43145 0.210924 
v -0.705563 7.39147 0.305048 
v -0.641954 7.52919 0.171347 
v -0.590876 7.56329 0.170534 
v -0.583252 7.60115 0.12545 
v -0.360537 7.82132 0.108549 
v -0.378264 7.87051 0.0504353 
v -0.528147 7.35672 0.389403 
v -0.35734 7.92837 -0.0206877 
v -0.343944 7.8999 0.0258343 
v -0.339085 7.82979 0.0957103 
v -0.317726 7.88295 0.0140084 
v -0.322922 7.70278 0.167797 
v -0.339453 7.61799 0.267681 
v -0.386298 7.68369 0.211137 
v -0.321803 7.5573 0.313957 
v -0.62884 7.31836 0.406717 
v -0.67242 7.32135 0.377116 
v -0.560866 7.2053 0.512718 
v -0.393448 7.26008 0.493804 
v -0.312394 7.44501 0.40617 
v -0.241215 7.28217 0.516689 
v -0.266705 7.41372 0.400248 
v -0.279147 7.30906 0.50977 
v -0.240749 7.20199 0.569829 
v -0.462773 7.10483 0.630387 
v -0.490496 7.10089 0.618139 
v -0.349982 7.11728 0.601022 
v -0.312512 7.15428 0.579498 
v -0.28028 7.03323 0.631345 
v -0.443881 7.02632 0.662339 
v -0.200887 7.10937 0.596421 
v -0.170983 7.04828 0.602669 
v -0.321257 6.83 0.737937 
v -0.35076 6.81214 0.732611 
v -0.210516 6.79454 0.717748 
v -0.30458 6.75383 0.760828 
v -0.202379 6.62667 0.794049 
v -0.142166 6.84859 0.680028 
v -0.128069 6.89768 0.649833 
v -0.101758 6.81017 0.661326 
v -0.0990524 6.69168 0.708767 
v -0.126653 6.60928 0.751328 
v -0.0855495 6.62722 0.706084 
v -0.12444 6.46633 0.798388 
v -0.14092 6.46792 0.813809 
v -0.181802 6.55247 0.813267 
v -0.213053 6.53877 0.807513 
v -0.167532 6.4657 0.817109 
v -0.192765 6.0471 0.698944 
v 0.0449551 6.48003 0.800407 
v 0.0466126 6.35057 0.774914 
v 0.0712958 6.42263 0.802419 
v 0.0640994 6.2746 0.769661 
v 0.0704778 6.51557 0.810531 
v 0.052282 6.5546 0.797126 
v 0.0259217 6.55067 0.769735 
v 0.136919 6.58414 0.798647 
v 0.0290013 6.69886 0.712387 
v 0.0861215 6.79271 0.707908 
v 0.244384 6.72227 0.758113 
v 0.152906 7.03241 0.63221 
v 0.0612181 6.82496 0.661429 
v 0.253302 6.92352 0.680914 
v 0.378089 6.90679 0.693549 
v 0.1943 7.09636 0.622805 
v 0.184263 7.20224 0.552751 
v 0.401549 6.99681 0.667467 
v 0.409839 6.94359 0.674052 
v 0.451567 7.01491 0.636907 
v 0.456469 7.07105 0.627358 
v 0.214192 7.19462 0.583883 
v 0.332142 7.14981 0.578728 
v 0.450632 7.1189 0.604449 
v 0.243042 7.27463 0.540088 
v 0.220404 7.28962 0.521777 
v 0.246188 7.35591 0.475789 
v 0.466064 7.17033 0.562511 
v 0.569873 7.24756 0.470769 
v 0.418692 7.31613 0.44658 
v 0.30179 7.4156 0.430818 
v 0.292331 7.5304 0.32453 
v 0.319704 7.58041 0.295278 
v 0.485056 7.45807 0.319582 
v 0.578908 7.36373 0.366485 
v 0.618376 7.3182 0.402254 
v 0.599963 7.25999 0.439605 
v 0.644373 7.31368 0.385736 
v 0.368342 7.67633 0.218235 
v 0.341838 7.83957 0.0892927 
v 0.611142 7.53753 0.177341 
v 0.671806 7.36571 0.335514 
v 0.717397 7.35727 0.271013 
v 0.738312 7.41377 0.241866 
v 0.733869 7.44744 0.20252 
v -0.317755 7.63512 -0.00466677 
v -0.311984 7.54683 0.0913179 
v -0.281087 7.58587 0.068419 
v -0.264362 7.67133 0.02408 
v -0.304588 7.6863 -0.0352592 
v -0.341318 7.6363 -0.00214035 
v -0.321148 7.69552 -0.0501344 
v -0.360361 7.44191 0.186027 
v -0.337842 7.42389 0.190115 
v -0.211947 7.63215 0.0888291 
v -0.235254 7.53054 0.137544 
v -0.200834 7.68454 0.082351 
v -0.223384 7.39937 0.230217 
v -0.171401 7.53387 0.159543 
v -0.344151 7.2924 0.297757 
v -0.353502 7.38932 0.225624 
v -0.324324 7.23309 0.329449 
v -0.341444 7.26518 0.312021 
v -0.135806 7.39229 0.241145 
v -0.300385 7.13645 0.391785 
v -0.134833 7.64543 0.126173 
v 0.945407 3.93586 -0.33178 
v 0.900323 3.90758 -0.292775 
v 0.872434 3.90592 -0.36775 
v 0.957495 3.9612 -0.368776 
v 0.957863 3.95913 -0.283501 
v 0.99645 3.99283 -0.32954 
v 1.00011 4.03628 -0.388139 
v 0.926624 3.8879 -0.223312 
v 1.04194 4.07134 -0.363314 
v 1.00722 4.02125 -0.27934 
v 0.990214 3.93208 -0.232368 
v 0.996322 3.91654 -0.177221 
v 0.938835 3.8835 -0.176512 
v 1.03919 3.98559 -0.22313 
v 1.0201 4.15104 -0.42977 
v 0.980568 3.91962 -0.120792 
v 0.940954 3.88392 -0.111989 
v 1.01191 3.96094 -0.119521 
v 0.967543 3.88288 -0.0557577 
v 0.946478 3.86323 -0.0600172 
v 0.944833 3.88615 -0.0142141 
v 1.00249 3.90223 -0.0730329 
v 1.00457 3.93231 -0.0236407 
v 0.961987 3.89759 0.0340975 
v 0.940833 3.89163 0.0851847 
v 1.02987 3.93141 -0.0571036 
v 1.07026 4.00271 -0.0830454 
v 1.05551 3.99882 -0.0274213 
v 1.01834 3.91705 0.0353041 
v 1.0609 3.96253 0.0279062 
v 1.09225 4.07993 -0.0690254 
v 1.06784 4.08247 -0.119036 
v 0.992475 3.9081 0.0568974 
v 0.944217 3.90657 0.0772528 
v 0.992311 3.93586 0.0974042 
v 1.02672 3.93503 0.0750008 
v 1.04088 3.97458 0.104131 
v 0.995139 3.97331 0.12051 
v 1.02361 4.01013 0.122624 
v 1.06348 4.03121 0.101789 
v 1.06414 3.97301 0.0725443 
v 1.0897 4.02896 0.0578857 
v 1.10848 -0.00816822 -1.12406 
v 1.12375 0.0217333 1.10109 
v 1.10891 -0.00891304 1.09999 
v 1.12327 0.022778 -1.12403 
v 1.10699 0.00821686 -1.14339 
v 1.10439 0.0697675 -1.1538 
v 1.1227 0.0933032 1.09265 
v 1.10264 0.0897493 1.12962 
v 1.12177 0.0936971 -1.12083 
v 1.09885 0.0964866 -1.14742 
v 1.10856 0.110141 1.08187 
v -1.11738 4.11118 -0.263457 
v -1.05037 3.99139 -0.255099 
v -1.11991 4.08559 -0.20426 
v -0.971819 3.93806 -0.276758 
v -0.95639 3.89073 -0.227398 
v -1.01935 3.92798 -0.235346 
v -0.932117 3.90756 -0.268589 
v -1.03488 4.03136 -0.289635 
v -0.95394 3.92639 -0.343707 
v -0.89816 3.90587 -0.359717 
v -0.941627 3.95129 -0.388881 
v -1.00503 3.97518 -0.330049 
v -1.00496 3.99975 -0.37158 
v -0.998003 4.09769 -0.432943 
v -1.0754 4.0853 -0.347336 
v -1.05511 4.08668 -0.388103 
v -1.10252 4.19575 -0.394675 
v -1.08718 4.12123 -0.298838 
v -1.12297 4.2021 -0.351662 
v -1.11524 4.19311 -0.303083 
v -1.15314 4.20493 -0.258633 
v -1.12011 4.22508 -0.410802 
v -1.15633 4.24103 -0.334246 
v -1.19249 4.27726 -0.266572 
v -1.13908 4.3012 -0.455074 
v -1.06613 4.17587 -0.47351 
v -1.09977 4.21206 -0.466518 
v -1.02993 4.12939 -0.504345 
v -1.05285 4.1884 -0.513328 
v -1.10378 4.26856 -0.504923 
v -1.0188 4.19482 -0.54545 
v -1.11934 4.31549 -0.493497 
v -0.98508 4.10374 -0.55484 
v -1.12063 4.36578 -0.477238 
v -0.983699 4.07217 -0.527077 
v -0.932495 4.05463 -0.558111 
v -0.956142 4.04477 -0.500756 
v -0.915912 4.03706 -0.529664 
v -1.00155 4.0841 -0.479479 
v -0.940744 4.05896 -0.430817 
v -1.14264 4.36813 -0.437557 
v -1.19786 4.45758 -0.328987 
v -1.1703 4.45536 -0.393008 
v -1.1422 4.45197 -0.452382 
v -1.09649 4.45597 -0.500864 
v -1.17015 4.4709 -0.47807 
v -1.21571 4.45349 -0.156872 
v -1.23203 4.46649 -0.297739 
v -1.21566 4.4534 -0.24149 
v -1.19786 4.45758 -0.328987 
v -1.18886 4.45488 -0.0660822 
v -1.21214 4.46751 -0.0731308 
v -1.19239 4.29258 -0.0594093 
v -1.18114 4.28618 -0.0241331 
v -1.18655 4.24222 -0.217988 
v -1.15262 4.14528 0.00604283 
v -1.1758 4.24362 -0.119947 
v -1.15844 4.2076 -0.201374 
v -1.1459 4.12515 -0.0542131 
v -1.12292 4.17773 -0.13753 
v -1.08534 4.06063 -0.135276 
v -1.08044 3.95207 0.0531302 
v -1.09027 3.98796 0.0871048 
v -1.10697 4.04435 -0.0662379 
v -1.08935 3.99819 -0.0237937 
v -1.05663 3.95373 -0.0174256 
v -1.06029 3.92372 0.0401215 
v -1.07849 3.95775 -0.072888 
v -1.01259 3.91667 -0.0121533 
v -0.960725 3.88497 0.0447098 
v -1.03454 3.90635 -0.0637239 
v -0.978032 3.90561 -0.0115367 
v -0.972188 3.88683 -0.064079 
v -0.961683 3.86524 -0.127753 
v -1.02012 3.92888 -0.115933 
v -0.974385 3.89315 -0.108061 
v -0.963376 3.87992 -0.164333 
v -0.943899 3.87089 -0.21226 
v -1.02526 3.91468 -0.161035 
v -1.06351 3.97231 -0.169227 
v -0.99293 3.8988 -0.2065 
v -1.06456 3.98365 -0.220362 
v 1.1136 4.20446 0.0445941 
v 1.13613 4.21128 0.0170771 
v 1.15633 4.3198 -0.0186702 
v 1.12331 4.1162 -0.0277782 
v 1.10083 4.19025 -0.142512 
v 1.15465 4.23009 -0.0266823 
v 1.15313 4.24746 -0.119613 
v 1.17503 4.34813 -0.0710657 
v 1.15998 4.45145 -0.0580326 
v 1.18025 4.45322 -0.102193 
v 1.17851 4.34282 -0.127822 
v 1.19909 4.45494 -0.203175 
v 1.19676 4.46689 -0.0897615 
v 1.15998 4.45145 -0.0580326 
v 1.13965 4.46782 -0.0096891 
v 1.18067 4.29239 -0.192196 
v 1.17547 4.27958 -0.266115 
v 1.18703 4.45394 -0.297761 
v 1.16265 4.23642 -0.20316 
v 1.13207 4.20327 -0.190091 
v 1.13776 4.20324 -0.222165 
v 1.16151 4.24148 -0.259001 
v 1.13769 4.28009 -0.36838 
v 1.14117 4.24355 -0.321439 
v 1.10305 4.10646 -0.172994 
v 1.06237 4.05912 -0.136826 
v 1.04369 3.97456 -0.169567 
v 1.10262 4.09594 -0.219862 
v 1.09873 4.11427 -0.255415 
v 1.13102 4.20104 -0.256714 
v 1.09851 4.19423 -0.296861 
v 1.06591 4.116 -0.289577 
v 1.11358 4.21318 -0.348494 
v 1.07351 4.11987 -0.341526 
v 1.11025 4.23332 -0.386917 
v 1.08029 4.20577 -0.405664 
v 1.09807 4.24981 -0.470551 
v 1.10543 4.2996 -0.482024 
v 1.06386 4.24354 -0.513062 
v 1.12335 4.34179 -0.421613 
v 1.09849 4.36082 -0.474793 
v 1.12214 4.45677 -0.456522 
v 1.0262 4.15355 -0.494236 
v 0.979411 4.09488 -0.524553 
v 0.947158 4.12678 -0.56568 
v 1.00208 4.1099 -0.471945 
v 0.949135 4.07861 -0.430273 
v 0.935203 4.07544 -0.558613 
v 0.950018 4.05492 -0.490681 
v 0.922723 4.04721 -0.536639 
v -1.30062 4.7924 -0.313039 
v -1.2994 4.49511 -0.322057 
v -1.31733 4.49177 -0.203983 
v -1.29136 4.47208 -0.280333 
v -1.25338 4.46738 -0.378504 
v -1.28074 4.5155 -0.371651 
v -1.25656 4.49325 -0.412125 
v -1.28376 4.91386 -0.363299 
v -1.30412 4.94343 -0.233319 
v -1.22801 5.54518 -0.461433 
v -1.17979 5.23911 -0.516231 
v -1.16431 5.72653 -0.558399 
v -1.2491 5.64274 -0.381749 
v -1.20667 5.90404 -0.482842 
v -1.13723 6.0144 -0.578892 
v -1.14099 6.45108 -0.50869 
v -1.08648 6.47353 -0.588168 
v -1.19715 6.19544 -0.437686 
v -1.23016 5.96992 -0.314168 
v -1.18095 6.43859 -0.387959 
v -1.10537 6.74003 -0.499977 
v -0.337546 7.95564 -0.214028 
v -0.338387 7.94809 -0.0779464 
v -0.324746 7.93384 -0.199929 
v -0.320597 7.92353 -0.0629511 
v -0.302498 7.89384 -0.247575 
v -0.301631 7.87511 -0.219997 
v -0.319365 7.88139 -0.181894 
v -0.302822 7.86554 -0.105418 
v 1.0164 4.49671 0.159866 
v 1.11631 4.49058 0.126133 
v 1.11848 4.51361 0.128402 
v 1.19207 4.4861 0.0663286 
v 1.16933 4.64007 0.0817095 
v 1.23562 4.51628 0.0242106 
v 1.24378 4.68853 -0.00845281 
v 1.23967 4.48652 0.00706086 
v 1.28442 4.49656 -0.0860701 
v 1.27131 4.84048 -0.108514 
v 1.24075 5.00782 -0.0682366 
v 1.29182 4.71012 -0.18431 
v 1.25523 5.31237 -0.20023 
v 1.29454 4.49496 -0.203499 
v 1.23561 5.50744 -0.185803 
v 1.28974 4.50965 -0.249872 
v 1.27306 4.47387 -0.256342 
v 1.25119 4.49674 -0.379381 
v 1.26477 4.86836 -0.338174 
v 1.26467 5.19962 -0.304871 
v 1.23059 5.13628 -0.421476 
v 1.23372 5.58431 -0.394769 
v 1.25821 5.36789 -0.281176 
v 1.20557 6.04872 -0.365562 
v 1.18241 6.25956 -0.238762 
v 1.16168 6.2231 -0.480811 
v 1.0752 6.9888 -0.099409 
v 1.18833 6.26993 -0.31128 
v 1.13897 6.66114 -0.371774 
v 1.11651 6.59275 -0.482786 
v 1.11279 6.7334 -0.435586 
v 1.05727 7.14861 -0.365149 
v 1.12081 6.81248 -0.205521 
v 1.09993 6.97802 -0.245659 
v 1.06341 7.1685 -0.291632 
v 1.08423 7.02417 -0.152379 
v 1.04231 7.12157 -0.0729761 
v 1.05961 7.18648 -0.222597 
v 1.02371 7.24092 -0.115355 
v 1.02392 7.27412 -0.174418 
v 0.950293 7.36653 -0.109772 
v 1.00685 7.32143 -0.251955 
v 0.984976 7.34724 -0.185345 
v -0.232465 8.80313 0.458991 
v -0.306472 8.7838 0.395525 
v -0.279957 8.6799 0.498017 
v -0.226601 8.68647 0.535785 
v -0.297161 8.59878 0.503599 
v -0.170245 8.75484 0.534775 
v -0.156174 8.8135 0.497826 
v -0.220768 8.58038 0.565479 
v -0.307291 8.4631 0.50112 
v -0.159113 8.69415 0.568278 
v -0.222127 8.45512 0.570703 
v -0.286689 8.30393 0.507325 
v -0.154629 8.60996 0.593716 
v -0.108533 8.45942 0.61749 
v -0.181351 8.30366 0.585564 
v -0.232574 8.15381 0.527459 
v -0.0881128 8.71965 0.581214 
v -0.0392221 8.64896 0.610399 
v -0.0470258 8.23226 0.617133 
v -0.101764 8.78884 0.538957 
v -0.0859121 8.85124 0.48622 
v -0.024041 8.81741 0.527087 
v -0.013906 8.75957 0.56587 
v 0.0876793 8.81919 0.509319 
v 0.0658734 8.71517 0.580933 
v 0.155573 8.75789 0.530126 
v 0.0522855 8.64724 0.605696 
v 0.0068515 8.50137 0.625192 
v 0.123298 8.62422 0.593432 
v 0.557734 0.387702 -0.0246275 
v 0.512699 0.388178 0.120517 
v 0.517321 0.371752 0.126995 
v 0.574692 0.368361 -0.139179 
v 1.11651 6.59275 -0.482786 
v 1.00191 6.63984 -0.62935 
v 0.910625 6.74799 -0.667346 
v 1.09942 6.36469 -0.564756 
v 1.16168 6.2231 -0.480811 
v 1.00575 6.29629 -0.651993 
v 0.995566 5.95862 -0.661414 
v 1.09462 5.79385 -0.607775 
v 1.09165 6.00792 -0.60623 
v 1.16612 6.00627 -0.513817 
v 1.23372 5.58431 -0.394769 
v 1.14268 5.93452 -0.557555 
v 1.1773 5.83226 -0.509669 
v 1.17742 5.64693 -0.514854 
v 1.12456 5.23595 -0.541948 
v 1.23059 5.13628 -0.421476 
v 1.15397 5.17899 -0.515303 
v 1.0834 5.17828 -0.559079 
v 1.20897 5.04513 -0.452474 
v 1.26477 4.86836 -0.338174 
v 1.25119 4.49674 -0.379381 
v 1.13406 4.82215 -0.511098 
v 1.047 4.72607 -0.540608 
v 1.09568 4.49285 -0.519479 
v 1.18336 4.49548 -0.468933 
v 1.13153 4.47059 -0.49084 
v 1.20441 4.47012 -0.42477 
v 0.908902 4.24254 0.128837 
v 0.897303 4.23063 0.150006 
v 0.901038 4.21355 0.0842418 
v 0.909005 4.28315 0.148474 
v 0.927367 4.2291 0.0864365 
v 0.908158 4.23155 0.0345479 
v 0.98048 4.24856 0.113297 
v 0.978053 4.26761 0.140617 
v 0.991917 4.28016 0.127824 
v 0.970325 4.23542 0.0559806 
v 0.97695 4.25135 0.0314215 
v 0.990644 4.25243 0.0741539 
v 0.997278 4.28137 0.0605158 
v -1.10461 -0.000801086 -1.14838 
v -1.12938 0.0204787 -1.14657 
v -1.12467 0.087225 -1.15436 
v -1.1372 0.00227213 -1.12719 
v 0.359131 0.0262165 -1.15721 
v 1.08268 -0.00223303 -1.14763 
v -0.567189 0.112665 -1.15445 
v -1.08801 0.109806 -1.14634 
v 1.10439 0.0697675 -1.1538 
v 1.10699 0.00821686 -1.14339 
v 0.526229 0.112923 -1.15391 
v -0.394468 0.130831 -1.14385 
v 0.478397 0.12852 -1.14372 
v 0.979429 0.113134 -1.14539 
v 1.09885 0.0964866 -1.14742 
v -0.723388 4.11255 0.164532 
v -0.707796 4.08848 0.192453 
v -0.723361 4.10094 0.192403 
v -0.71743 4.10222 0.214972 
v -0.436803 8.6076 0.184648 
v -0.444539 8.55622 0.0618279 
v -0.43682 8.46199 0.182853 
v -0.43822 8.65644 0.0604205 
v -0.418834 8.6001 0.286096 
v -0.422469 8.67878 0.212698 
v -0.383537 8.67185 0.358483 
v -0.393254 8.76011 0.208982 
v -0.438353 8.60383 -0.0334776 
v -0.362858 8.77038 0.303797 
v -0.345662 8.83574 0.19159 
v -0.381536 8.79816 0.116234 
v -0.405475 8.75669 0.0133072 
v -0.338037 8.85698 0.066098 
v -0.350879 8.82765 -0.0965849 
v -0.34442 8.72373 0.395716 
v -0.306472 8.7838 0.395525 
v -0.279957 8.6799 0.498017 
v -0.346893 8.64101 0.433248 
v -0.297161 8.59878 0.503599 
v -0.385444 8.7653 -0.117046 
v -0.386228 8.57499 0.382739 
v -0.352131 8.51449 0.448397 
v -0.307291 8.4631 0.50112 
v -0.406184 8.53991 0.336131 
v -0.377693 8.42166 0.395144 
v -0.286689 8.30393 0.507325 
v -0.411966 8.44263 0.309829 
v -0.363379 8.27855 0.384017 
v -1.04607 6.73959 -0.592243 
v -1.05512 6.9557 -0.518508 
v -0.998657 6.7808 -0.629289 
v -0.988842 7.06163 -0.573818 
v -1.1108 6.92129 -0.402068 
v -1.04899 7.11826 -0.463858 
v -0.994962 7.24508 -0.487045 
v -0.941235 7.26619 -0.544742 
v -1.02942 7.24407 -0.41856 
v -1.07296 7.15333 -0.370567 
v -1.12806 6.92348 -0.249777 
v -1.07666 7.1829 -0.297715 
v -1.04646 7.27917 -0.267849 
v -1.00016 7.34166 -0.350207 
v -0.996705 7.36628 -0.267043 
v -1.07352 7.19587 -0.211715 
v -1.0854 7.12818 -0.17256 
v -1.04366 7.27361 -0.185327 
v -1.00946 7.33433 -0.172408 
v -0.961799 7.401 -0.183143 
v -0.952969 7.4147 -0.289605 
v -1.0502 7.20753 -0.101167 
v -1.00272 7.29985 -0.083744 
v -0.958905 7.3761 -0.0987009 
v -0.891143 7.46065 -0.147522 
v -0.810957 7.52449 -0.2068 
v -0.803824 7.5271 -0.287729 
v -0.996264 7.23759 -0.00918418 
v -0.778863 7.51179 -0.089 
v -0.95174 7.33955 -0.0337075 
v -0.741377 7.55645 -0.161885 
v -0.896218 7.39961 -0.0342935 
v -0.821671 7.46327 -0.0449943 
v -0.888246 7.33579 0.0423083 
v -0.582707 7.59926 -0.0626069 
v -0.529172 7.66117 -0.122231 
v -0.526824 7.65883 -0.0872763 
v -0.559451 7.56466 0.0091218 
v -0.538293 7.58595 0.0239302 
v -0.543855 7.54534 0.0541629 
v -0.573785 7.51257 0.0630861 
v -0.627927 7.4671 0.100827 
v -0.57847 7.50273 0.082367 
v -0.658405 7.43925 0.0979246 
v -0.710397 7.40978 0.104212 
v -0.722759 7.37309 0.142392 
v -0.885899 7.24902 0.109253 
v -0.707294 7.3464 0.177343 
v -0.656824 7.29987 0.265725 
v -0.694131 7.34658 0.198531 
v -0.82121 7.04321 0.29879 
v -0.604383 7.20874 0.376678 
v -0.977604 7.15807 0.0577281 
v -0.754487 6.99969 0.381167 
v -0.540298 7.10094 0.499414 
v -0.672959 6.94366 0.463857 
v -0.625403 6.93217 0.500927 
v -0.498808 7.04139 0.558282 
v -0.589586 6.88764 0.536463 
v -0.712434 6.93325 0.433534 
v -0.730625 6.89283 0.480225 
v -0.745686 6.90802 0.409821 
v -0.795357 6.96196 0.359436 
v -0.773055 6.86802 0.388874 
v -0.78624 6.78683 0.375641 
v -0.876686 6.97196 0.244323 
v -0.915594 7.07875 0.161675 
v -1.03403 6.99062 0.0146084 
v -0.939667 6.9706 0.117302 
v -0.894715 6.82658 0.142899 
v -0.912468 6.72229 0.118212 
v -0.851862 6.36392 0.0828714 
v -0.91727 6.12232 0.0627086 
v -1.12124 5.75813 -0.0349781 
v -1.05513 5.78754 0.00147832 
v -0.993347 5.81425 0.0217449 
v -1.04528 5.6146 0.0157476 
v -0.93644 5.73692 0.0258832 
v -0.891176 5.77094 0.0246195 
v -0.904575 5.63924 0.0218612 
v -0.997347 5.27638 0.055025 
v -0.969875 5.01502 0.077126 
v -1.02942 5.0527 0.0760351 
v -1.05427 4.67936 0.137698 
v -1.08136 5.03739 0.0707308 
v -1.12968 5.53857 -0.0177833 
v -0.992569 4.69204 0.135979 
v -1.14415 4.79091 0.0864796 
v -1.06217 4.51802 0.158879 
v -1.12227 4.66217 0.122401 
v -0.925658 4.50121 0.15504 
v -1.1758 4.68948 0.0871572 
v -1.2213 4.95431 -0.00153497 
v -1.1461 4.48877 0.127167 
v -1.21413 5.25554 -0.0533526 
v -1.17339 4.51453 0.11433 
v -1.17651 4.47317 0.0892267 
v -1.22982 4.49028 0.0602236 
v -1.24133 4.68693 0.023645 
v -1.28747 4.49632 -0.0249815 
v -1.24763 4.98911 -0.0438927 
v -1.26688 5.13782 -0.126001 
v -1.29857 4.92281 -0.161599 
v -1.31332 4.49771 -0.116667 
v -1.28495 4.47374 -0.0701527 
v -1.24066 5.37213 -0.120687 
v -1.17475 5.77872 -0.0912379 
v -1.22515 5.76223 -0.191499 
v -1.17032 6.41779 -0.16019 
v -1.17351 6.57166 -0.27439 
v -1.14214 6.63705 -0.128605 
v -1.10743 6.66562 -0.057966 
v -1.01745 6.85981 0.0478055 
v -1.10929 6.98928 -0.168592 
v -1.05059 7.05693 -0.0246136 
v -1.06674 7.09811 -0.0724123 
v -0.991086 4.24948 0.0207912 
v -0.994744 4.24258 0.108062 
v -1.01386 4.27586 0.0357141 
v -0.977236 4.2358 0.0489472 
v -0.942172 4.2388 0.0287065 
v -0.94591 4.23159 0.0922921 
v -0.923575 4.2152 0.0621537 
v -0.925605 4.24095 0.133725 
v -0.995856 4.26482 0.142018 
v -0.760195 3.94793 -0.138764 
v -0.759979 3.91536 -0.181547 
v -0.743995 3.90975 -0.167427 
v -0.725627 3.95638 -0.226912 
v -0.742758 3.98426 -0.199962 
v -0.739562 3.96225 -0.232653 
v -0.330193 7.25014 0.336945 
v -0.324385 7.17992 0.371499 
v -0.324324 7.23309 0.329449 
v -0.300385 7.13645 0.391785 
v 0.569873 7.24756 0.470769 
v 0.456469 7.07105 0.627358 
v 0.533116 7.16879 0.521038 
v 0.599963 7.25999 0.439605 
v 0.572358 7.20214 0.400589 
v 0.530822 7.12454 0.489091 
v 0.507439 7.06786 0.527999 
v 0.617391 6.94241 0.49346 
v 0.691576 6.98104 0.42737 
v 0.702848 7.19326 0.286881 
v 0.663344 7.34365 0.196044 
v 0.800387 7.09345 0.27124 
v 0.782525 6.97203 0.346866 
v 0.864876 7.05172 0.219204 
v 0.919474 7.17567 0.0980738 
v 0.859417 7.34367 0.0442768 
v 0.711512 7.35618 0.151409 
v 0.696875 7.36445 0.168466 
v 0.697199 7.39567 0.126071 
v 0.772547 7.39322 0.0688227 
v 0.669717 7.43807 0.117753 
v 0.685671 7.41464 0.102844 
v 0.634173 7.55841 -0.0488792 
v 0.56026 7.50147 0.0827956 
v 0.519344 7.63227 -0.0381056 
v 0.529364 7.55685 0.0602728 
v 0.783989 7.51978 -0.151877 
v 0.808446 7.48082 -0.0832398 
v 0.863957 7.42052 -0.0478076 
v 0.891063 7.43403 -0.118331 
v 0.927105 7.33399 -0.0245449 
v 0.972435 7.2456 -0.0110413 
v 0.995486 7.10524 0.021873 
v 0.922374 7.08088 0.121568 
v 0.991379 6.96287 0.0492709 
v 0.879945 6.87337 0.13966 
v 1.04495 6.96371 -0.0270066 
v 1.10766 5.81402 -0.0435971 
v 0.875335 6.69475 0.121483 
v 0.913739 6.49118 0.0954895 
v 1.05697 5.81253 -0.0104732 
v 1.15086 5.84647 -0.0883279 
v 1.06915 5.64939 -0.00512622 
v 1.01208 5.70555 0.0114002 
v 1.01767 5.19535 0.0612882 
v 1.16544 5.40494 -0.0390729 
v 1.12583 4.87208 0.0691935 
v 1.10189 4.68396 0.115487 
v 0.949135 4.07861 -0.430273 
v 0.89613 4.04358 -0.417088 
v 0.884791 4.05741 -0.42813 
v -1.11953 0.0922532 1.12807 
v 0.0274745 0.131965 1.12341 
v -0.701511 0.128398 1.10758 
v 0.594407 0.114924 1.1292 
v 0.541522 0.025959 1.1339 
v 1.10264 0.0897493 1.12962 
v -1.10427 0.00268316 1.1252 
v -1.11932 0.0201707 1.13079 
v 1.08515 0.00273418 1.12538 
v 1.12375 0.0217333 1.10109 
v 1.10891 -0.00891304 1.09999 
v 0.61997 4.28161 0.332958 
v 0.588594 4.2782 0.360728 
v 0.594421 4.26795 0.339334 
v -0.689749 4.04225 -0.331041 
v -0.675841 4.06954 -0.386074 
v -0.669524 4.05891 -0.363676 
v 0.838647 4.04416 -0.513769 
v 0.854767 4.04194 -0.462111 
v 0.828245 4.05838 -0.480145 
v 0.838597 4.06833 -0.555007 
v 0.872047 4.04814 -0.557264 
v 0.886192 4.02778 -0.509385 
v 0.922723 4.04721 -0.536639 
v 0.950018 4.05492 -0.490681 
v 0.903836 4.03703 -0.467654 
v 0.884791 4.05741 -0.42813 
v 0.949135 4.07861 -0.430273 
v -0.994744 4.24258 0.108062 
v -1.01381 4.28131 0.102805 
v -1.01386 4.27586 0.0357141 
v -0.995856 4.26482 0.142018 
v -0.997334 4.34491 0.138125 
v -0.986679 4.45368 0.0279155 
v -0.990058 4.3766 -0.00213687 
v -0.979277 4.45542 -0.00416141 
v -0.984918 4.45278 0.112718 
v -0.974955 4.37828 0.154531 
v -0.968782 4.454 0.146484 
v -0.996309 4.46719 0.136214 
v -0.968782 4.454 0.146484 
v -0.536337 4.2442 -0.473348 
v -0.555258 4.26533 -0.465289 
v -0.556026 4.26898 -0.486807 
v -0.983317 2.79015 -0.343202 
v -0.943899 3.87089 -0.21226 
v -0.934392 3.38115 -0.346935 
v -0.89816 3.90587 -0.359717 
v -0.932117 3.90756 -0.268589 
v -0.911949 2.78852 -0.492016 
v -0.909551 2.76769 -0.465204 
v -0.816843 2.76748 -0.591589 
v -0.784871 2.79249 -0.64778 
v -0.728862 2.76679 -0.677834 
v -0.850586 3.91986 -0.436867 
v -0.873501 3.92931 -0.393892 
v -0.87082 3.9637 -0.404194 
v -0.871613 4.0022 -0.404307 
v -0.773055 6.86802 0.388874 
v -0.78624 6.78683 0.375641 
v -0.781721 6.79411 0.441143 
v -0.767588 6.71267 0.389975 
v -0.76239 6.8512 0.469116 
v -0.745686 6.90802 0.409821 
v -0.759433 6.72799 0.464139 
v -0.719101 6.66082 0.444327 
v -0.748839 6.78078 0.501584 
v -0.730625 6.89283 0.480225 
v -0.712434 6.93325 0.433534 
v -0.719096 6.70659 0.505456 
v -0.668313 6.65436 0.494602 
v -0.710691 6.82883 0.536351 
v -0.711301 6.76819 0.53468 
v -0.672522 6.72076 0.540303 
v -0.633661 6.66679 0.522451 
v -0.600089 6.75311 0.552807 
v -0.645006 6.80515 0.561755 
v -0.594686 6.82282 0.552424 
v -0.647258 6.87112 0.543126 
v -0.589586 6.88764 0.536463 
v -0.625403 6.93217 0.500927 
v -0.689379 6.89404 0.51651 
v -0.672959 6.94366 0.463857 
v -0.777969 3.96246 0.0468596 
v -0.777409 3.9635 -0.0027843 
v -0.759999 3.9658 0.0271987 
v -0.911645 4.66953 0.14297 
v -0.925286 4.65648 0.125085 
v -0.925658 4.50121 0.15504 
v -0.89049 4.61598 0.284902 
v -0.907125 4.77647 0.108818 
v -0.92425 4.80086 0.091263 
v -0.90741 4.87892 0.0721436 
v -0.859799 4.97536 0.300821 
v -0.889868 4.97812 0.0710157 
v -0.90485 5.04094 0.0482589 
v -0.888646 5.05695 0.0466692 
v -0.868004 5.04719 0.225016 
v -0.8606 5.14352 0.149048 
v -0.888646 5.05695 0.0466692 
v -0.875528 5.19312 0.0309506 
v -0.867104 5.17241 0.25125 
v -0.834793 5.4285 0.0114865 
v -0.850368 5.1839 0.328431 
v -0.828241 5.43102 0.227002 
v 0.961938 4.45115 0.130388 
v 0.997278 4.28137 0.0605158 
v 0.974804 4.45423 0.0244517 
v 0.991917 4.28016 0.127824 
v -1.04232 2.79009 -0.0610163 
v -1.0145 3.21429 0.0447319 
v -1.03147 2.78752 -0.158798 
v -1.03321 2.7725 0.000999626 
v -1.03278 2.78998 0.169437 
v -1.00669 2.78929 0.274701 
v -0.961683 3.86524 -0.127753 
v -0.960725 3.88497 0.0447098 
v -0.985708 2.76705 -0.282682 
v -0.957578 3.76606 0.170659 
v -0.972653 2.78871 0.354065 
v -0.914874 3.79505 0.320468 
v -0.960123 3.9046 0.0769451 
v -0.904488 4.18249 0.271656 
v -0.950449 3.92627 0.120066 
v -0.962433 3.9455 0.101449 
v -0.962403 3.98072 0.110443 
v -0.943748 4.01087 0.114471 
v -0.91663 4.21412 0.20781 
v -0.943567 4.03333 0.0802099 
v -0.920887 4.33338 0.165511 
v -0.89049 4.61598 0.284902 
v -0.925658 4.50121 0.15504 
v -0.926468 4.27889 0.153117 
v -0.925605 4.24095 0.133725 
v -0.923575 4.2152 0.0621537 
v 0.782525 6.97203 0.346866 
v 0.731383 6.90928 0.406298 
v 0.798903 6.93179 0.337849 
v 0.856441 6.99956 0.239757 
v 0.819379 6.79132 0.287344 
v 0.864876 7.05172 0.219204 
v 0.922374 7.08088 0.121568 
v 0.919474 7.17567 0.0980738 
v 0.879945 6.87337 0.13966 
v 0.875335 6.69475 0.121483 
v 0.851367 6.60174 0.119081 
v 0.781571 6.38307 0.320439 
v 0.800115 6.3567 0.262169 
v 0.783247 5.87956 0.223285 
v 0.837258 6.51491 0.122866 
v 0.850487 6.49685 0.101433 
v 0.833385 6.4629 0.100637 
v 0.818321 6.3547 0.151307 
v 0.815494 6.276 0.0632139 
v 0.799971 6.13438 0.0645692 
v 0.814694 6.15456 0.046429 
v 0.796896 6.06077 0.0384977 
v 0.789421 5.86716 0.0842694 
v 0.783825 5.60245 -0.026795 
v 0.796634 5.75654 -0.0116947 
v 0.795821 5.43287 -0.0280098 
v 0.796806 5.51257 -0.0346349 
v 0.800424 5.47598 0.00245164 
v 0.790704 5.68554 0.0875549 
v 0.81321 5.41777 -0.0124987 
v 0.816159 5.39469 0.00975847 
v 0.833343 5.38823 0.0057188 
v 0.851875 5.18112 0.0265789 
v 0.842476 5.195 0.11208 
v 0.849157 5.17366 0.224946 
v 0.852061 5.12682 0.0446616 
v 0.850009 5.04752 0.124111 
v 0.870286 5.02488 0.0464442 
v 0.850079 5.04784 0.207321 
v 0.887309 4.79057 0.0935507 
v 0.860009 4.9334 0.21274 
v 0.828637 5.01143 0.329246 
v 0.861667 4.6378 0.308306 
v 0.881593 4.70219 0.208101 
v 0.883723 4.199 0.284744 
v 0.891878 4.6972 0.133489 
v 0.906659 4.72683 0.109898 
v 0.908001 4.51942 0.155771 
v 0.891173 4.54671 0.173869 
v 0.90704 4.36787 0.160725 
v 0.897303 4.23063 0.150006 
v 0.92143 4.01556 0.0984995 
v 0.901038 4.21355 0.0842418 
v 0.924651 4.03629 0.0413223 
v 0.896821 4.22091 0.00703562 
v 0.908158 4.23155 0.0345479 
v 0.906768 4.25808 0.0132903 
v 0.905147 4.45608 -0.0234102 
v 0.89542 4.45366 -0.0461392 
v 0.893512 4.45272 -0.110245 
v 0.911742 4.04064 -0.0075181 
v 0.925652 4.00995 -0.0135375 
v 0.924559 4.0404 -0.0720382 
v 0.907364 4.06125 -0.0663955 
v 0.906431 4.02761 -0.115551 
v 0.925939 4.01984 -0.118652 
v 0.90668 4.03578 -0.149196 
v 0.90668 4.03578 -0.149196 
v 0.890514 4.07523 -0.210815 
v 0.906239 4.06503 -0.226292 
v 0.888342 4.05521 -0.265311 
v 0.867653 4.22177 -0.278469 
v 0.867406 4.4524 -0.256731 
v 0.840047 4.45056 -0.321668 
v 0.832384 4.13883 -0.396943 
v 0.87017 4.11219 -0.300338 
v 0.888342 4.05521 -0.265311 
v 0.856478 4.15636 -0.337185 
v 0.851424 4.13946 -0.357229 
v 0.867437 4.13562 -0.349271 
v -0.834004 5.44807 -0.0102882 
v -0.851967 5.42452 0.0040382 
v -0.815632 5.51783 -0.00724628 
v -0.815044 5.50527 -0.0298975 
v -0.820027 5.55082 0.141626 
v -0.798113 5.67443 0.265595 
v -0.810308 5.73073 0.129213 
v -0.806415 5.6256 -0.00976838 
v -0.814662 5.72267 -0.013185 
v -0.815938 5.96078 0.0192306 
v -0.79505 6.04162 0.279163 
v -0.814949 6.12294 0.192026 
v -0.815247 6.05186 0.0483254 
v -0.778469 5.58236 0.36524 
v -0.765435 5.79902 0.35054 
v -0.71543 5.76975 0.436453 
v -0.726145 5.50525 0.464228 
v -0.755385 5.23533 0.485576 
v -0.796159 5.14992 0.444692 
v -0.83575 5.14741 0.378494 
v -0.813388 4.97506 0.411117 
v -0.943046 4.03825 0.0385798 
v -0.917743 4.23231 -0.00305905 
v -0.928491 4.25283 0.0145217 
v -0.923205 4.45625 -0.0212071 
v -0.921311 4.05026 -0.0996953 
v -0.942716 4.00921 0.000865955 
v -0.94267 4.01821 -0.0648344 
v -0.925353 4.01593 -0.132879 
v -0.946863 4.00466 -0.109288 
v -0.906661 4.08961 -0.220188 
v -0.923658 4.06167 -0.225335 
v -0.906 4.05785 -0.265335 
v -0.890388 4.10218 -0.295353 
v -0.88516 4.45205 -0.257076 
v -0.925894 4.46811 -0.0466092 
v -0.876399 4.14827 -0.33377 
v -0.887878 4.12616 -0.351701 
v -0.81048 4.28295 -0.428009 
v -0.859958 4.4558 -0.328789 
v -0.870997 4.1247 -0.359408 
v -0.887878 4.12616 -0.351701 
v 0.272073 7.11642 0.431406 
v 0.287265 7.10159 0.41205 
v 0.26392 7.09064 0.414262 
v -0.911949 2.78852 -0.492016 
v -0.850586 3.91986 -0.436867 
v -0.818891 3.74838 -0.50898 
v -0.784871 2.79249 -0.64778 
v -0.870367 4.06602 -0.391079 
v -0.871613 4.0022 -0.404307 
v -0.812331 4.07374 -0.474178 
v -0.870997 4.1247 -0.359408 
v -0.712172 3.99154 -0.591778 
v -0.81048 4.28295 -0.428009 
v -0.652397 2.79166 -0.753877 
v -0.728862 2.76679 -0.677834 
v -0.586219 2.76823 -0.778169 
v -0.477016 2.79005 -0.846222 
v -0.402919 2.76887 -0.859274 
v -0.373772 2.78978 -0.88407 
v -0.543708 4.43979 -0.664462 
v -0.670061 4.44516 -0.571456 
v -0.726121 4.46932 -0.510518 
v -0.655746 4.87033 -0.544407 
v -0.780973 4.59935 -0.426617 
v -0.798757 4.47288 -0.413946 
v -0.815206 4.45521 -0.392741 
v -0.859958 4.4558 -0.328789 
v -0.795031 4.68453 -0.419326 
v -0.812875 4.49899 -0.420448 
v -0.833061 4.4659 -0.406014 
v -0.778909 4.76888 -0.408618 
v -0.778249 4.86352 -0.407309 
v -0.685093 4.99103 -0.496625 
v -0.760722 4.90008 -0.404652 
v -0.759308 5.03619 -0.394148 
v -0.743104 5.08027 -0.392224 
v -0.725217 5.23669 -0.393374 
v -0.738921 5.27743 -0.391025 
v -0.723205 5.36821 -0.382614 
v -0.723205 5.36821 -0.382614 
v -0.592399 5.18053 -0.560104 
v -0.297197 5.5688 -0.706347 
v -0.414519 5.57912 -0.651146 
v -0.56434 5.41459 -0.553223 
v -0.502749 5.82993 -0.613547 
v -0.493413 5.57864 -0.600774 
v -0.550063 5.58051 -0.552668 
v -0.599378 5.59488 -0.496662 
v -0.545251 5.72619 -0.559511 
v -0.648048 5.56678 -0.435081 
v -0.480259 5.93356 -0.647446 
v -0.344497 5.76635 -0.697892 
v -0.351196 5.958 -0.723641 
v -0.577209 6.37947 -0.695959 
v -0.639788 6.30351 -0.619592 
v -0.708451 6.41425 -0.598638 
v -0.538035 5.94392 -0.603508 
v -0.671558 6.16112 -0.517012 
v -0.60691 5.95385 -0.526177 
v -0.668711 5.97867 -0.432793 
v -0.650598 5.79746 -0.419945 
v -0.668784 5.83409 -0.40751 
v -0.68793 5.57328 -0.39264 
v -0.705688 5.53608 -0.391414 
v -0.760002 4.01324 0.0932466 
v -0.759566 4.0298 0.0573683 
v -0.741927 4.01831 0.0824707 
v -0.742758 3.98426 -0.199962 
v -0.725627 3.95638 -0.226912 
v -0.743995 3.90975 -0.167427 
v -0.668182 3.83814 -0.349411 
v -0.722973 4.00657 -0.266582 
v -0.723603 4.01957 -0.246395 
v -0.705417 4.00698 -0.28461 
v -0.686745 3.98407 -0.321999 
v -0.704937 4.02043 -0.320832 
v -0.689749 4.04225 -0.331041 
v -0.669524 4.05891 -0.363676 
v -0.661808 4.12393 -0.3801 
v 0.704725 5.78068 0.427318 
v 0.758651 5.75791 0.332871 
v 0.74771 5.88671 0.34826 
v 0.77911 5.71981 0.262227 
v 0.676861 6.03382 0.45517 
v 0.717371 6.27261 0.416358 
v 0.724701 6.67227 0.41541 
v 0.807216 5.41509 0.274258 
v 0.758661 6.73003 0.378539 
v 0.733775 6.70539 0.459468 
v 0.760596 6.75954 0.447906 
v 0.773463 6.78163 0.365842 
v 0.734689 6.76873 0.497276 
v 0.709006 6.7219 0.506358 
v 0.69701 6.77187 0.530718 
v 0.714699 6.8308 0.513687 
v 0.758867 6.83053 0.456563 
v 0.734015 6.87381 0.47367 
v 0.763708 6.85695 0.378534 
v -1.17979 5.23911 -0.516231 
v -1.06522 5.75503 -0.634352 
v -1.0706 5.56578 -0.614534 
v -1.17015 4.4709 -0.47807 
v -1.25656 4.49325 -0.412125 
v -1.16431 5.72653 -0.558399 
v -1.12702 5.1602 -0.54656 
v -1.07959 4.48687 -0.528006 
v -1.02816 5.16892 -0.579647 
v -1.09649 4.45597 -0.500864 
v -1.09965 5.88033 -0.617733 
v -1.13723 6.0144 -0.578892 
v -0.971058 4.49238 -0.522384 
v -0.918136 5.1992 -0.576802 
v -1.02907 4.45417 -0.514663 
v -0.969415 4.45299 -0.494127 
v -1.02794 6.31849 -0.648813 
v -1.08648 6.47353 -0.588168 
v -1.03622 5.95844 -0.652341 
v -0.978317 6.65806 -0.654679 
v -1.04607 6.73959 -0.592243 
v -0.998657 6.7808 -0.629289 
v -0.97442 6.36937 -0.66979 
v -0.875247 6.98072 -0.670308 
v -0.869482 7.10286 -0.660011 
v -0.988842 7.06163 -0.573818 
v -0.88599 7.19407 -0.628945 
v -0.76766 7.2262 -0.701778 
v -0.788173 7.28356 -0.666045 
v -0.62644 7.37027 -0.710417 
v -0.670509 7.14034 -0.766324 
v -0.609088 7.25603 -0.767879 
v -0.510269 7.35352 -0.758832 
v -0.615956 6.97644 -0.789994 
v -0.632077 6.73392 -0.754415 
v -0.462996 6.83701 -0.826008 
v -0.252532 6.1037 -0.781676 
v -0.206065 5.82405 -0.748935 
v -0.795674 6.84413 -0.687502 
v -0.825103 6.82129 -0.681798 
v -0.748168 6.64755 -0.661616 
v -0.723479 6.42121 -0.600108 
v -0.787284 6.6707 -0.665672 
v -0.918639 6.29193 -0.679064 
v -0.953483 5.99775 -0.672505 
v -0.889514 5.78257 -0.656118 
v -0.838865 5.69855 -0.630167 
v -0.950253 5.78385 -0.663591 
v -0.942908 5.61766 -0.644974 
v -1.0263 5.65856 -0.641087 
v -0.992182 5.62397 -0.643951 
v 0.341838 7.83957 0.0892927 
v 0.318578 7.89921 0.0297456 
v 0.314801 7.83323 0.0871764 
v 0.29944 7.89908 -0.000807694 
v 0.303945 7.74301 0.115204 
v 0.301552 7.76021 -0.0239775 
v 0.339108 7.94618 -0.0529084 
v 0.319262 7.94521 -0.0682538 
v 0.28453 7.72238 -0.0424385 
v 0.302881 7.70514 -0.0521047 
v 0.283024 7.81094 -0.0455518 
v 0.296146 7.85686 -0.0482938 
v 0.2842 7.84808 -0.0779947 
v 0.307501 7.93571 -0.124205 
v 0.347679 7.95878 -0.0964045 
v 0.293585 7.88283 -0.194746 
v 0.282788 7.86969 -0.191974 
v 0.278291 7.88667 -0.235912 
v 0.302517 7.93539 -0.209006 
v 0.318778 7.95642 -0.193426 
v 0.328736 7.96496 -0.268286 
v 0.289869 7.94803 -0.282437 
v 0.260175 7.90636 -0.277128 
v 0.264584 7.96094 -0.341551 
v 0.24315 7.97517 -0.400499 
v 0.578075 6.28771 0.632688 
v 0.590453 6.17425 0.608549 
v 0.632145 6.24538 0.596546 
v 0.585217 6.345 0.610238 
v 0.53128 6.22643 0.645804 
v 0.52365 6.15089 0.621059 
v 0.471507 6.20275 0.644079 
v 0.522971 6.3521 0.631099 
v 0.580306 6.38514 0.580544 
v 0.530022 6.38763 0.607473 
v 0.510555 6.42274 0.567882 
v 0.509732 6.30184 0.648978 
v 0.478528 6.36779 0.625239 
v 0.471065 6.40601 0.590108 
v 0.363381 6.44217 0.633514 
v 0.416145 6.39451 0.606075 
v 0.419862 6.36702 0.610995 
v 0.460811 6.2689 0.649625 
v 0.392005 6.1883 0.619171 
v 0.385524 6.28386 0.625797 
v 0.101731 5.93471 0.713276 
v -0.941627 3.95129 -0.388881 
v -0.998003 4.09769 -0.432943 
v -0.931268 3.99362 -0.411829 
v -0.940744 4.05896 -0.430817 
v -0.896754 4.04758 -0.415789 
v -0.89841 4.06903 -0.43015 
v -0.871613 4.0022 -0.404307 
v -0.87082 3.9637 -0.404194 
v -0.873501 3.92931 -0.393892 
v -0.89816 3.90587 -0.359717 
v 0.248833 7.02857 0.441018 
v 0.203752 6.91207 0.484025 
v 0.232505 6.95681 0.488851 
v 0.223682 6.91225 0.498137 
v 0.249821 6.99045 0.468593 
v 0.190027 6.82127 0.505068 
v 0.206854 6.84503 0.519237 
v 0.183499 6.73166 0.521809 
v 0.265197 7.05207 0.447659 
v 0.276705 7.07024 0.431062 
v 0.26392 7.09064 0.414262 
v 0.272073 7.11642 0.431406 
v 0.940833 3.89163 0.0851847 
v 0.944217 3.90657 0.0772528 
v 0.941539 3.96443 0.106727 
v 0.961987 3.89759 0.0340975 
v 0.92331 3.98638 0.118741 
v 0.94302 4.0242 0.0977358 
v -0.297197 5.5688 -0.706347 
v -0.206065 5.82405 -0.748935 
v -0.12624 5.59523 -0.748249 
v -0.344497 5.76635 -0.697892 
v -0.351196 5.958 -0.723641 
v -0.00798875 5.74422 -0.761319 
v 0.0582408 5.56882 -0.753176 
v -0.252532 6.1037 -0.781676 
v 0.148496 5.6262 -0.74531 
v -0.0392677 6.31976 -0.828122 
v 0.0624463 4.71712 -0.768902 
v 0.205252 4.97693 -0.744793 
v 0.243498 4.53797 -0.762419 
v 0.15621 2.79121 -0.929351 
v 0.40451 3.91707 -0.771619 
v 0.309316 2.79281 -0.898389 
v 0.283693 4.75338 -0.738333 
v 0.514354 2.78945 -0.81941 
v 0.431436 2.7688 -0.845385 
v 0.599677 2.79133 -0.772309 
v 0.286495 5.3563 -0.709586 
v 0.476438 4.58876 -0.677201 
v 0.588595 3.92461 -0.681384 
v 0.748809 2.96723 -0.648259 
v 0.748203 3.67098 -0.580857 
v 0.751004 4.02128 -0.535141 
v 0.636225 4.36216 -0.597631 
v 0.671943 2.79055 -0.726442 
v 0.631656 2.77025 -0.737031 
v 0.792373 2.79162 -0.620531 
v 0.764324 2.76913 -0.628768 
v 0.564119 4.94137 -0.599122 
v 0.665857 4.79871 -0.527371 
v 0.42604 5.45942 -0.637605 
v 0.482311 5.45312 -0.601072 
v 0.550732 5.60704 -0.532151 
v 0.496375 5.73586 -0.591647 
v 0.302877 5.58281 -0.699917 
v 0.399929 5.77069 -0.664052 
v 0.531655 6.01765 -0.61375 
v 0.277781 5.77402 -0.720204 
v 0.434755 6.01578 -0.686243 
v 0.616119 6.36028 -0.643807 
v 0.654645 6.54594 -0.675248 
v 0.687456 6.43301 -0.60354 
v 0.606524 6.71545 -0.751117 
v 0.133582 5.76109 -0.752911 
v 0.157344 6.33774 -0.823589 
v 0.33474 6.57703 -0.821585 
v 0.151536 6.82039 -0.858051 
v -0.172423 6.59139 -0.846412 
v -0.201529 6.35587 -0.822381 
v -0.462996 6.83701 -0.826008 
v -0.363333 6.8169 -0.843406 
v -0.304405 7.00725 -0.85707 
v -0.45281 7.10101 -0.834184 
v -0.615956 6.97644 -0.789994 
v -0.670509 7.14034 -0.766324 
v -0.490881 7.18558 -0.8175 
v -0.609088 7.25603 -0.767879 
v -0.270245 7.18997 -0.84418 
v -0.488687 7.26413 -0.800433 
v -0.510269 7.35352 -0.758832 
v -0.287268 7.08442 0.421022 
v -0.296576 7.10825 0.42909 
v -0.287984 7.05473 0.44845 
v -0.311449 7.11575 0.410193 
v -0.240623 6.97997 0.46756 
v -0.25897 6.99112 0.484578 
v -0.242777 6.93515 0.502274 
v -0.222632 6.91549 0.485249 
v -0.193097 6.71113 0.522652 
v -0.770251 3.84098 -0.053541 
v -0.742434 3.86471 0.0516237 
v -0.778411 3.89335 -0.0524777 
v -0.77816 3.89745 -0.102698 
v -0.777409 3.9635 -0.0027843 
v -0.760288 3.87163 -0.103532 
v -0.759999 3.9658 0.0271987 
v -0.761275 3.90895 -0.117629 
v -0.765458 3.64288 -0.0481055 
v -0.628704 2.62793 -0.354134 
v -0.760195 3.94793 -0.138764 
v -0.309832 7.16618 0.393376 
v -0.311449 7.11575 0.410193 
v -0.287268 7.08442 0.421022 
v -0.0508236 7.08543 0.414933 
v -0.240623 6.97997 0.46756 
v -0.129479 7.69237 0.126974 
v -0.153943 7.83514 0.135786 
v -0.0772157 7.82168 0.17043 
v -0.0212173 7.64278 0.157595 
v -0.0168136 7.69615 0.157475 
v -0.0274439 7.80451 0.17816 
v -0.00840572 7.51696 0.192262 
v 0.0329594 7.80413 0.176263 
v 0.0227349 7.8258 0.194252 
v 0.108983 7.83599 0.156444 
v 0.0382878 7.69973 0.153252 
v 0.0359127 7.64859 0.153993 
v 0.0763551 7.60832 0.153439 
v 0.118547 7.6523 0.127396 
v 0.0585653 7.47352 0.208203 
v 0.112492 7.37312 0.253679 
v 0.114298 7.53773 0.170453 
v 0.150748 7.59118 0.132444 
v 0.228134 7.38452 0.236263 
v 0.186042 7.2222 0.349484 
v 0.284438 7.52357 0.11311 
v 0.240272 7.56832 0.0966775 
v 0.318726 7.4405 0.176445 
v 0.333002 7.42111 0.194113 
v 0.301708 7.23047 0.331993 
v 0.30081 7.64606 -0.0168254 
v 0.310339 7.18405 0.369668 
v 0.284348 7.13657 0.390266 
v 0.26392 7.09064 0.414262 
v 0.287265 7.10159 0.41205 
v 0.13223 7.05482 0.435532 
v 0.248833 7.02857 0.441018 
v 0.203752 6.91207 0.484025 
v -0.10331 6.8944 0.481162 
v -0.222632 6.91549 0.485249 
v 0.190027 6.82127 0.505068 
v -0.193097 6.71113 0.522652 
v -0.00354 6.74888 0.521269 
v -0.172002 6.67861 0.522227 
v -0.194373 6.68099 0.540431 
v -0.186071 6.62057 0.540532 
v -0.157234 6.57143 0.540587 
v 0.183499 6.73166 0.521809 
v -0.135621 6.55541 0.540358 
v -0.157825 6.54459 0.558132 
v -0.126533 6.33837 0.559258 
v 0.118606 6.56259 0.540594 
v 0.137478 6.57195 0.558655 
v 0.117283 6.43252 0.558723 
v -0.0965678 6.25655 0.547052 
v -0.110062 6.03615 0.557405 
v -0.10301 6.06504 0.543482 
v 0.0768834 6.28684 0.550591 
v 0.093922 6.23345 0.558326 
v 0.0806091 6.05891 0.539932 
v -0.10301 6.06504 0.543482 
v -0.119855 5.96529 0.540472 
v 0.100634 5.85419 0.522384 
v -0.115523 5.82915 0.523434 
v 0.136811 5.74268 0.52185 
v 0.133486 5.68066 0.505045 
v -0.15327 5.67365 0.505109 
v -0.0163759 5.51722 0.485399 
v 0.15825 5.58451 0.503472 
v 0.151132 5.5173 0.48138 
v -0.174408 5.61388 0.504137 
v -0.167485 5.51657 0.482199 
v -0.191026 5.51686 0.503537 
v 0.665857 4.79871 -0.527371 
v 0.550732 5.60704 -0.532151 
v 0.705414 5.22994 -0.391875 
v 0.722883 5.26596 -0.393126 
v 0.723933 5.21717 -0.380837 
v 0.724165 5.09365 -0.388869 
v 0.74128 5.04592 -0.390896 
v 0.74231 4.90893 -0.399905 
v 0.759241 4.84853 -0.409087 
v 0.760566 4.70688 -0.412267 
v 0.777591 4.61689 -0.416583 
v 0.778244 4.47134 -0.411082 
v 0.723506 4.45622 -0.494914 
v 0.636225 4.36216 -0.597631 
v 0.79702 4.45515 -0.390945 
v 0.751004 4.02128 -0.535141 
v 0.850787 4.04947 -0.398289 
v 0.846164 3.96365 -0.411025 
v 0.776523 3.75073 -0.541248 
v 0.852739 3.91964 -0.400789 
v 0.748203 3.67098 -0.580857 
v 0.872434 3.90592 -0.36775 
v 0.858948 2.79087 -0.534768 
v 0.748809 2.96723 -0.648259 
v 0.792373 2.79162 -0.620531 
v 0.962121 2.79028 -0.337507 
v 0.926624 3.8879 -0.223312 
v 0.900323 3.90758 -0.292775 
v 1.0178 2.7911 -0.121623 
v 0.985997 2.77043 -0.214063 
v 0.973152 3.62594 -0.00457516 
v 0.938835 3.8835 -0.176512 
v 0.946478 3.86323 -0.0600172 
v 0.940954 3.88392 -0.111989 
v 0.944833 3.88615 -0.0142141 
v 0.940833 3.89163 0.0851847 
v 1.02809 2.79187 0.0375534 
v 1.01515 2.77113 -0.0545381 
v 1.01177 2.76601 0.0667214 
v 1.01373 2.79026 0.149641 
v 0.968195 2.76899 0.285679 
v 0.984301 2.79107 0.271643 
v 0.92331 3.98638 0.118741 
v 0.910697 2.78994 0.418445 
v 0.87048 2.7678 0.462871 
v 0.83093 2.78926 0.51613 
v 0.813359 3.54781 0.482287 
v 0.871509 3.87659 0.365761 
v 0.775974 4.97117 0.433715 
v 0.719587 4.88238 0.499077 
v 0.755286 5.11582 0.475668 
v 0.796818 5.15382 0.416748 
v 0.749413 5.27635 0.464273 
v 0.776487 5.44937 0.372909 
v 0.729291 5.55815 0.429841 
v 0.826955 5.14867 0.351456 
v 0.829085 5.24077 0.323096 
v 0.301708 7.23047 0.331993 
v 0.310339 7.18405 0.369668 
v 0.308209 7.22057 0.35726 
v 0.317644 7.24584 0.332038 
v 0.321733 7.29326 0.301396 
v 0.325634 7.34952 0.261943 
v 0.333002 7.42111 0.194113 
v -0.477016 2.79005 -0.846222 
v -0.543708 4.43979 -0.664462 
v -0.433057 4.07594 -0.751276 
v -0.28919 3.72245 -0.822574 
v -0.373772 2.78978 -0.88407 
v -0.316636 4.85315 -0.727006 
v -0.223815 4.55779 -0.766499 
v -0.202239 4.91933 -0.750701 
v -0.213452 2.79383 -0.923537 
v -0.243804 2.76707 -0.902416 
v -0.0954237 2.76977 -0.924875 
v -0.0194711 2.79199 -0.941346 
v -0.0628106 3.4155 -0.878049 
v -0.0620127 4.05768 -0.824186 
v 0.0365628 2.76841 -0.926099 
v 0.216283 2.76674 -0.902886 
v -0.101982 4.89214 -0.762535 
v -0.972653 2.78871 0.354065 
v -0.898833 2.76883 0.453513 
v -0.90216 2.78974 0.465166 
v -0.802741 2.7535 0.527301 
v -0.782206 2.76832 0.570296 
v -0.754599 2.78982 0.596963 
v -0.659958 2.75419 0.628912 
v -0.808082 3.13176 0.537466 
v -0.746593 3.14746 0.584801 
v -0.843491 3.45506 0.474554 
v -0.638331 2.76935 0.657395 
v -0.829517 4.14172 0.434837 
v -0.914874 3.79505 0.320468 
v -0.756204 3.80375 0.534908 
v -0.61723 3.54139 0.636992 
v -0.861163 4.16229 0.384517 
v -0.904488 4.18249 0.271656 
v -0.89049 4.61598 0.284902 
v -0.754347 4.58869 0.495218 
v -0.813388 4.97506 0.411117 
v -0.859799 4.97536 0.300821 
v -0.738203 4.89207 0.502806 
v -0.796159 5.14992 0.444692 
v -0.632586 4.66212 0.580788 
v -0.584012 4.02226 0.627682 
v -0.581193 3.02442 0.677494 
v -0.503999 2.77496 0.712212 
v -0.54163 4.55507 0.624389 
v -0.389068 3.39507 0.721253 
v -0.29177 2.774 0.75751 
v -0.368596 2.75303 0.733827 
v -0.194939 2.76966 0.765281 
v -0.15569 3.80447 0.737565 
v -0.327648 4.33985 0.693096 
v -0.155265 4.28461 0.72515 
v -0.136171 4.64228 0.713305 
v -0.164941 4.65275 0.714822 
v -0.524595 4.89824 0.630604 
v -0.460936 4.91918 0.644769 
v -0.399393 4.97158 0.649094 
v -0.493473 4.96634 0.683041 
v -0.584139 4.90764 0.610375 
v -0.635366 4.93598 0.585466 
v -0.587356 4.9637 0.66089 
v -0.54027 4.97142 0.68413 
v -0.62512 4.96549 0.631851 
v -0.671274 5.00227 0.563025 
v -0.681957 5.07769 0.561063 
v -0.666603 5.03071 0.615038 
v -0.616168 5.00423 0.661484 
v -0.579769 5.02613 0.686095 
v -0.630704 5.06436 0.660724 
v -0.664501 5.09359 0.62242 
v -0.692201 5.22201 0.542415 
v -0.755385 5.23533 0.485576 
v -0.726145 5.50525 0.464228 
v -0.664246 5.1447 0.567239 
v -0.679661 5.71858 0.479626 
v -0.71543 5.76975 0.436453 
v -0.628575 5.19287 0.581954 
v -0.644646 5.14794 0.621749 
v -0.607147 5.14319 0.663236 
v -0.588769 5.19138 0.639811 
v -0.629006 5.28655 0.569067 
v -0.590076 5.21534 0.597933 
v -0.533051 5.22362 0.619205 
v -0.531955 5.15051 0.687869 
v -0.518821 5.1894 0.663555 
v 0.612809 1.9562 0.183882 
v 0.597027 0.996139 0.132449 
v 0.676065 0.926553 -0.130529 
v 0.638455 2.85682 0.20749 
v 0.675251 0.820129 -0.118905 
v 0.592875 0.433779 0.0915428 
v 0.573218 0.429972 0.119199 
v 0.582714 0.399132 0.0823391 
v 0.669855 0.672227 -0.147226 
v 0.666269 0.424966 -0.116633 
v 0.655878 0.403244 -0.119404 
v 0.6689 0.426287 -0.151598 
v 0.65256 0.404405 -0.179329 
v 0.573858 0.429221 -0.394091 
v 0.626124 0.426389 -0.275145 
v 0.574826 0.403977 -0.379524 
v 0.609617 2.56327 -0.356296 
v 0.726143 3.01348 -0.0394393 
v 0.756028 3.84536 -0.0700192 
v 0.635082 3.46405 -0.357396 
v 0.685915 4.06422 0.204887 
v 0.671375 4.15102 0.247433 
v 0.686967 4.16238 0.226838 
v 0.684093 4.1634 0.252712 
v 0.687331 4.11416 0.208893 
v 0.705149 4.1142 0.186008 
v 0.706917 4.06716 0.153248 
v 0.723584 4.00633 0.0808291 
v 0.723843 4.0738 0.131202 
v 0.724046 4.05364 0.098135 
v 0.741903 4.04154 0.0804075 
v 0.741797 4.04083 0.0435093 
v 0.742034 3.99731 0.0262376 
v 0.74329 3.94679 0.011326 
v 0.760217 3.98473 0.0101218 
v 0.759863 3.97286 -0.0172349 
v 0.760747 3.8865 -0.0567427 
v 0.758948 3.904 -0.0947821 
v 0.741296 3.87966 -0.119358 
v 0.758803 3.892 -0.122522 
v 0.723388 3.89549 -0.175725 
v 0.742168 3.90778 -0.127808 
v 0.74152 3.92862 -0.173101 
v 0.723742 3.944 -0.190741 
v 0.704895 3.93418 -0.229927 
v 0.723679 3.9645 -0.224155 
v 0.706072 3.98907 -0.241878 
v 0.687412 3.97565 -0.28179 
v 0.704934 4.00498 -0.263766 
v 0.686548 4.01924 -0.320666 
v 0.687015 4.00996 -0.299735 
v 0.650398 4.01417 -0.361185 
v 0.669005 4.039 -0.335622 
v 0.665115 4.06333 -0.362006 
v -0.915594 7.07875 0.161675 
v -0.894715 6.82658 0.142899 
v -0.876686 6.97196 0.244323 
v -0.817193 6.65371 0.308217 
v -0.78624 6.78683 0.375641 
v -0.767588 6.71267 0.389975 
v -0.841767 6.49277 0.197803 
v -0.851862 6.36392 0.0828714 
v -0.686816 6.25014 0.4682 
v -0.680833 6.34382 0.468849 
v -0.719101 6.66082 0.444327 
v -0.641759 6.38291 0.5054 
v -0.668313 6.65436 0.494602 
v -0.595049 6.41489 0.537144 
v -0.633661 6.66679 0.522451 
v -0.764835 6.07568 0.353821 
v -0.71543 5.76975 0.436453 
v -0.765435 5.79902 0.35054 
v -0.811785 6.25643 0.260818 
v -0.780228 6.04756 0.320197 
v -0.79505 6.04162 0.279163 
v -0.798113 5.67443 0.265595 
v -0.814949 6.12294 0.192026 
v -0.833752 6.28577 0.0855778 
v -0.850208 6.24324 0.0661427 
v -0.833769 6.20601 0.0567323 
v -0.815247 6.05186 0.0483254 
v -0.721869 1.93432 -0.0784359 
v -0.598866 0.42761 -0.390452 
v -0.667491 3.72704 0.247623 
v -0.637441 1.74906 0.17515 
v -0.614317 0.929686 0.13471 
v -0.682323 0.427512 -0.138427 
v -0.611504 0.434464 0.0940418 
v -0.675021 0.404802 -0.147232 
v -0.583754 0.403188 -0.392713 
v -0.634648 0.407372 0.00175332 
v -0.601339 0.394413 0.0440337 
v -0.589968 0.40622 0.104324 
v -0.726534 4.01411 0.122491 
v -0.741927 4.01831 0.0824707 
v -0.759566 4.0298 0.0573683 
v -0.741606 4.07316 0.111277 
v -0.74006 4.05708 0.137722 
v -0.674119 4.01007 0.250574 
v -0.574488 4.27463 0.356497 
v -0.565403 4.34286 0.38757 
v -0.59804 4.32386 0.355243 
v -0.654514 4.27217 0.296893 
v -0.687634 4.16655 0.246229 
v -0.686673 4.23308 0.265 
v -0.707796 4.08848 0.192453 
v -0.705404 4.18144 0.225086 
v -0.723546 4.076 0.150179 
v -0.723388 4.11255 0.164532 
v -0.74006 4.05708 0.137722 
v 0.101731 5.93471 0.713276 
v 0.0999812 5.74315 0.690115 
v 0.165953 5.89103 0.683351 
v 0.392005 6.1883 0.619171 
v 0.453657 6.1258 0.601822 
v 0.471507 6.20275 0.644079 
v 0.52365 6.15089 0.621059 
v 0.517902 6.09215 0.567676 
v 0.576966 6.10447 0.544493 
v 0.383067 5.65409 0.619882 
v 0.527912 5.85835 0.561132 
v 0.383875 5.47696 0.632349 
v 0.523063 5.57212 0.574874 
v 0.638746 5.75965 0.496339 
v 0.676861 6.03382 0.45517 
v 0.636279 6.1589 0.508808 
v 0.704725 5.78068 0.427318 
v 0.729291 5.55815 0.429841 
v 0.690188 5.26456 0.524269 
v 0.749413 5.27635 0.464273 
v 0.755286 5.11582 0.475668 
v 0.564884 5.22071 0.59653 
v 0.651019 5.13441 0.560478 
v 0.616866 5.19235 0.577081 
v 0.67108 5.06102 0.547011 
v 0.623943 5.1482 0.61493 
v 0.632915 5.10649 0.631815 
v 0.592083 5.16938 0.641747 
v 0.498884 5.22887 0.619992 
v 0.719587 4.88238 0.499077 
v 0.553283 5.19374 0.644004 
v 0.537529 5.15089 0.680608 
v 0.50652 5.19222 0.659945 
v 0.444133 5.21324 0.635259 
v 0.45569 5.16107 0.679034 
v 0.5904 5.07743 0.676648 
v 0.378314 5.14699 0.649804 
v 0.537048 5.07298 0.696252 
v 0.641867 5.0486 0.627417 
v 0.596075 5.01658 0.669583 
v 0.456608 5.04684 0.69811 
v 0.644196 4.98703 0.57405 
v 0.646444 4.95035 0.556161 
v 0.625673 4.98214 0.619094 
v 0.602675 4.92724 0.585025 
v 0.581997 4.96017 0.652122 
v 0.530296 5.02191 0.695904 
v 0.532642 4.95337 0.670044 
v 0.558848 4.90094 0.604286 
v 0.472944 4.96479 0.680333 
v 0.495096 4.90351 0.631571 
v 0.641718 4.59892 0.565701 
v 0.565103 4.62947 0.605209 
v 0.428335 4.9352 0.650154 
v 0.426344 4.90243 0.645244 
v 0.639283 3.76143 0.610386 
v 0.535389 3.80911 0.653498 
v 0.715225 3.16276 0.590903 
v 0.813359 3.54781 0.482287 
v 0.83093 2.78926 0.51613 
v 0.789147 2.76389 0.543931 
v 0.87048 2.7678 0.462871 
v 0.687475 2.77399 0.624046 
v 0.534112 3.00901 0.686083 
v 0.560926 2.7679 0.679368 
v 0.357358 2.77474 0.742509 
v 0.386656 2.75124 0.719562 
v 0.161074 2.74464 0.752268 
v 0.153327 2.77107 0.764021 
v 0.155693 3.00369 0.760561 
v 0.117845 4.54269 0.709536 
v 0.138033 4.64296 0.707568 
v 0.354952 4.99974 0.651956 
v 0.100158 5.39097 0.680657 
v 0.355439 5.13602 0.647329 
v 0.419823 5.01012 0.686254 
v 0.384986 5.06977 0.671262 
v 0.418737 5.11027 0.685705 
v -0.477285 5.21245 0.632416 
v -0.465508 5.16832 0.668825 
v -0.579867 5.08954 0.686712 
v -0.482897 5.08747 0.696925 
v -0.531741 5.04758 0.698874 
v -0.473423 5.00753 0.693727 
v -0.427074 5.04967 0.683223 
v -0.435591 5.11718 0.682735 
v -0.39254 5.0662 0.659903 
v -0.397203 5.14677 0.646359 
v -0.427922 5.1915 0.637513 
v -0.375814 5.01517 0.65058 
v -0.135671 5.1641 0.693264 
v -0.375165 5.12843 0.64538 
v -0.137345 5.38115 0.684414 
v -0.437015 5.61287 0.610267 
v -0.122729 5.62397 0.686804 
v -0.609317 5.656 0.533767 
v -0.39333 5.85488 0.617712 
v -0.590888 6.08271 0.54032 
v -0.645256 6.1316 0.501931 
v -0.67058 6.17543 0.480684 
v -0.686816 6.25014 0.4682 
v -0.601748 6.10637 0.539286 
v -0.644492 6.16262 0.561518 
v -0.552797 6.10264 0.571054 
v -0.597544 6.15033 0.601049 
v -0.676778 6.20779 0.535067 
v -0.647758 6.20579 0.588395 
v -0.682672 6.2479 0.537514 
v -0.684433 6.29182 0.496832 
v -0.680833 6.34382 0.468849 
v -0.641759 6.38291 0.5054 
v -0.666649 6.33146 0.543426 
v -0.661312 6.27387 0.579441 
v -0.623727 6.36362 0.578977 
v -0.611504 0.434464 0.0940418 
v -0.434648 0.750236 0.227254 
v -0.614317 0.929686 0.13471 
v -0.191026 5.51686 0.503537 
v -0.180263 5.49398 0.516391 
v -0.167485 5.51657 0.482199 
v -0.151465 5.47939 0.525276 
v -0.0163759 5.51722 0.485399 
v 0.136806 5.48229 0.524702 
v 0.151132 5.5173 0.48138 
v 0.172581 5.51882 0.506851 
v 0.1489 5.49805 0.540054 
v 0.496375 5.73586 -0.591647 
v 0.531655 6.01765 -0.61375 
v 0.576468 5.92034 -0.531508 
v 0.649963 5.81794 -0.408742 
v 0.651714 5.65867 -0.401766 
v 0.649259 5.98115 -0.430436 
v 0.668963 5.59756 -0.395085 
v 0.667099 5.49755 -0.397564 
v 0.620322 6.11877 -0.534375 
v 0.649852 6.13009 -0.491871 
v 0.616119 6.36028 -0.643807 
v 0.668624 6.24023 -0.5273 
v 0.687456 6.43301 -0.60354 
v 0.686685 5.35687 -0.394481 
v 0.703759 5.31302 -0.383067 
v 0.704641 5.38707 -0.39215 
v 0.687215 5.4187 -0.386936 
v 0.686777 5.51076 -0.393919 
v 0.667687 7.12087 -0.762344 
v 0.747474 7.1574 -0.717705 
v 0.552201 6.97315 -0.806043 
v 0.709273 6.97038 -0.740608 
v 0.826207 7.03362 -0.678063 
v 0.781187 6.79822 -0.679048 
v 0.736674 6.61955 -0.64939 
v 0.794472 6.92252 -0.687636 
v 0.823353 6.52623 -0.675547 
v 0.707199 6.54922 -0.63543 
v 0.717396 6.51289 -0.624191 
v 0.704979 6.37836 -0.594842 
v 0.668624 6.24023 -0.5273 
v 0.649852 6.13009 -0.491871 
v 0.844577 5.97518 -0.662366 
v 0.885198 6.37046 -0.679138 
v 0.921358 5.96363 -0.673397 
v 0.906457 5.75213 -0.661958 
v 0.814949 5.6794 -0.628878 
v 0.958077 5.80647 -0.663888 
v 1.06432 5.76364 -0.626044 
v 0.964052 5.58928 -0.643388 
v 0.908175 5.54904 -0.638957 
v 1.02587 5.55744 -0.625636 
v 1.00046 5.37938 -0.606901 
v 0.906954 5.15279 -0.577234 
v 0.835042 4.94038 -0.517145 
v 0.867217 4.80534 -0.52426 
v 0.957907 5.35843 -0.609509 
v 0.934637 4.86068 -0.551904 
v 0.977998 4.49331 -0.533114 
v 0.920393 4.4931 -0.517616 
v 0.968021 4.4532 -0.506889 
v 0.928114 4.45267 -0.48193 
v 1.00654 4.45217 -0.512257 
v 0.969607 4.36684 -0.508477 
v 0.921507 4.3705 -0.471076 
v 0.932485 4.25357 -0.525625 
v 1.00691 4.36408 -0.516996 
v 1.04355 4.49139 -0.532454 
v 1.04659 4.45185 -0.508682 
v 1.05204 4.37192 -0.507307 
v 1.08536 4.45383 -0.48996 
v 1.09849 4.36082 -0.474793 
v 1.12214 4.45677 -0.456522 
v 1.05949 4.29559 -0.522729 
v 1.10543 4.2996 -0.482024 
v 1.06386 4.24354 -0.513062 
v 1.01345 4.28752 -0.538247 
v 0.947062 4.2167 -0.54773 
v 1.00705 4.22398 -0.540156 
v 0.952116 4.17833 -0.558757 
v 0.947158 4.12678 -0.56568 
v 0.871337 4.11503 -0.580775 
v 0.892942 4.20809 -0.521873 
v 0.839121 4.14822 -0.548945 
v 0.830944 4.10066 -0.561407 
v 0.838597 4.06833 -0.555007 
v 0.897118 4.09278 -0.577712 
v 0.935203 4.07544 -0.558613 
v 0.872047 4.04814 -0.557264 
v 0.922723 4.04721 -0.536639 
v -0.595049 6.41489 0.537144 
v -0.634239 6.25656 0.611777 
v -0.599932 6.30573 0.626712 
v -0.595707 6.22667 0.633144 
v -0.572922 6.34265 0.626195 
v -0.553649 6.1477 0.617719 
v -0.540983 6.28311 0.648633 
v -0.535204 6.21147 0.64435 
v -0.483216 6.11734 0.598988 
v -0.480996 6.19314 0.639855 
v -0.467084 6.26936 0.648843 
v -0.432071 6.16041 0.614007 
v -0.392952 6.24365 0.624955 
v -0.483045 6.33613 0.638812 
v -0.395658 6.33081 0.618849 
v -0.284016 6.21961 0.663214 
v -0.537296 6.37713 0.616562 
v -0.469785 6.38788 0.603556 
v -0.519022 6.41484 0.576603 
v -0.633661 6.66679 0.522451 
v -0.383374 6.45129 0.635916 
v -0.446659 6.75367 0.628745 
v -0.600089 6.75311 0.552807 
v -0.594686 6.82282 0.552424 
v -0.589586 6.88764 0.536463 
v -0.421554 6.86602 0.640721 
v -0.498808 7.04139 0.558282 
v -0.329448 6.66184 0.70687 
v -0.25431 6.37442 0.701726 
v -0.192765 6.0471 0.698944 
v -0.144504 5.82459 0.691621 
v -0.11714 5.79789 0.694872 
v -0.142763 5.98618 0.716363 
v -0.14092 6.46792 0.813809 
v -0.117532 6.14388 0.738339 
v 0.778244 4.47134 -0.411082 
v 0.815992 4.46679 -0.404107 
v 0.79702 4.45515 -0.390945 
v 0.840047 4.45056 -0.321668 
v 0.87811 4.46556 -0.282027 
v 0.867406 4.4524 -0.256731 
v 0.871946 4.47061 -0.470499 
v 0.906117 4.46621 -0.167052 
v 0.893512 4.45272 -0.110245 
v 0.905147 4.45608 -0.0234102 
v 0.89542 4.45366 -0.0461392 
v 0.981265 4.46714 -0.0199412 
v 0.928745 4.46702 -0.202375 
v 0.928114 4.45267 -0.48193 
v 0.908415 4.45103 -0.443604 
v 0.911541 4.45371 -0.349297 
v 0.999191 4.45204 -0.0342333 
v 0.9622 4.45467 -0.00394122 
v 1.01886 4.45503 -0.0105224 
v 1.00148 4.46792 0.00711221 
v 0.974804 4.45423 0.0244517 
v 1.06674 4.4686 0.015308 
v 1.05495 4.4531 -0.00297591 
v 0.990624 4.46675 0.110134 
v 0.961938 4.45115 0.130388 
v 1.12512 4.45303 -0.0204852 
v 0.968536 4.47003 0.139589 
v 0.936071 4.48155 0.154013 
v 1.0164 4.49671 0.159866 
v 1.04429 4.47439 0.136892 
v 1.11631 4.49058 0.126133 
v 1.13965 4.46782 -0.0096891 
v 1.15998 4.45145 -0.0580326 
v 1.10786 4.46946 0.103296 
v 1.19207 4.4861 0.0663286 
v 1.25003 4.47389 -0.0454178 
v 1.23967 4.48652 0.00706086 
v 1.19676 4.46689 -0.0897615 
v 1.28442 4.49656 -0.0860701 
v 1.26972 4.46949 -0.134797 
v 1.29454 4.49496 -0.203499 
v 1.27306 4.47387 -0.256342 
v 1.22086 4.46672 -0.212117 
v 1.19909 4.45494 -0.203175 
v 1.18703 4.45394 -0.297761 
v 1.20441 4.47012 -0.42477 
v 1.25119 4.49674 -0.379381 
v 1.12214 4.45677 -0.456522 
v 1.13153 4.47059 -0.49084 
v 1.08536 4.45383 -0.48996 
v 0.0640994 6.2746 0.769661 
v 0.102164 6.47284 0.797047 
v 0.0712958 6.42263 0.802419 
v 0.0704778 6.51557 0.810531 
v 0.136919 6.58414 0.798647 
v 0.341722 6.74715 0.68623 
v 0.244384 6.72227 0.758113 
v 0.208892 6.41242 0.705485 
v 0.321817 6.77877 0.720881 
v 0.378089 6.90679 0.693549 
v 0.409839 6.94359 0.674052 
v 0.434571 6.93426 0.614793 
v 0.451567 7.01491 0.636907 
v 0.4423 6.89636 0.603094 
v 0.43009 6.79497 0.618686 
v 0.573826 6.8836 0.534124 
v 0.576331 6.79247 0.553066 
v 0.577654 6.72352 0.54618 
v 0.616532 6.84584 0.551656 
v 0.634458 6.7824 0.558029 
v 0.610384 6.91553 0.51279 
v 0.656165 6.89546 0.520662 
v 0.698482 6.8968 0.494397 
v 0.676398 6.84583 0.537017 
v 0.69701 6.77187 0.530718 
v 0.714699 6.8308 0.513687 
v 0.734015 6.87381 0.47367 
v 0.646082 6.71883 0.541336 
v 0.709006 6.7219 0.506358 
v 0.690835 6.93358 0.438873 
v 0.731383 6.90928 0.406298 
v 0.663263 6.6478 0.480619 
v 0.733775 6.70539 0.459468 
v 0.61719 6.66449 0.517519 
v 0.724701 6.67227 0.41541 
v 0.649504 6.34098 0.489531 
v 0.717371 6.27261 0.416358 
v 0.569913 6.41555 0.540172 
v 0.610123 6.39677 0.517549 
v 0.627327 6.34914 0.568156 
v 0.668941 6.25572 0.482575 
v 0.636279 6.1589 0.508808 
v 0.676861 6.03382 0.45517 
v 0.667424 6.26004 0.530482 
v 0.646598 6.18935 0.55091 
v 0.620237 6.15937 0.564592 
v 0.576966 6.10447 0.544493 
v 0.287265 7.10159 0.41205 
v 0.290467 7.13771 0.408832 
v 0.284348 7.13657 0.390266 
v 0.310339 7.18405 0.369668 
v 0.687412 3.97565 -0.28179 
v 0.687015 4.00996 -0.299735 
v 0.705301 3.97879 -0.28505 
v -0.555258 4.26533 -0.465289 
v -0.598671 4.25179 -0.448443 
v -0.556026 4.26898 -0.486807 
v 0.852739 3.91964 -0.400789 
v 0.846164 3.96365 -0.411025 
v 0.874086 3.96142 -0.409188 
v 0.872434 3.90592 -0.36775 
v 0.850787 4.04947 -0.398289 
v 0.89613 4.04358 -0.417088 
v 0.911481 3.95384 -0.401704 
v 0.957495 3.9612 -0.368776 
v 1.00011 4.03628 -0.388139 
v 0.949135 4.07861 -0.430273 
v 1.0201 4.15104 -0.42977 
v 0.879391 4.08054 -0.411633 
v 0.871385 4.13333 -0.378633 
v 0.851424 4.13946 -0.357229 
v 0.886672 4.11712 -0.411814 
v 0.923699 4.18639 -0.409635 
v 0.921428 4.21621 -0.382223 
v 0.411836 1.99513 0.309846 
v 0.386853 0.478524 0.210216 
v 0.427317 0.632686 0.214227 
v 0.398657 0.404431 0.202783 
v 0.597027 0.996139 0.132449 
v 0.612809 1.9562 0.183882 
v 0.638455 2.85682 0.20749 
v 0.573218 0.429972 0.119199 
v 0.411423 3.99878 0.403096 
v 0.552926 0.404418 0.118764 
v 0.582714 0.399132 0.0823391 
v 0.490342 0.404313 0.153049 
v 0.469098 0.388824 0.177271 
v 0.517321 0.371752 0.126995 
v 0.512699 0.388178 0.120517 
v 0.592791 4.08608 0.31362 
v 0.671375 4.15102 0.247433 
v 0.684093 4.1634 0.252712 
v 0.668325 4.22924 0.264835 
v 0.65058 4.23548 0.283361 
v 0.625789 4.23661 0.308991 
v 0.649956 4.24064 0.303827 
v 0.65058 4.23548 0.283361 
v 0.61997 4.28161 0.332958 
v 0.594421 4.26795 0.339334 
v 0.526341 4.33625 0.383206 
v 0.569077 4.31871 0.365269 
v 0.540992 4.3436 0.393922 
v 0.52193 4.3968 0.393699 
v 0.493636 4.36996 0.400646 
v 0.507546 4.40257 0.410359 
v 0.439188 4.49029 0.435657 
v 0.474301 4.45764 0.41869 
v 0.467269 4.54791 0.430183 
v 0.449443 4.53154 0.448366 
v -1.29136 4.47208 -0.280333 
v -1.25338 4.46738 -0.378504 
v -1.23203 4.46649 -0.297739 
v -1.19786 4.45758 -0.328987 
v -1.1703 4.45536 -0.393008 
v -1.17015 4.4709 -0.47807 
v -1.25656 4.49325 -0.412125 
v -1.21571 4.45349 -0.156872 
v -1.28495 4.47374 -0.0701527 
v -1.31733 4.49177 -0.203983 
v -1.21214 4.46751 -0.0731308 
v -1.28747 4.49632 -0.0249815 
v -1.22982 4.49028 0.0602236 
v -1.17651 4.47317 0.0892267 
v -1.12473 4.4689 0.00713684 
v -1.18886 4.45488 -0.0660822 
v -1.13601 4.45086 -0.0258617 
v -1.08524 4.45259 -0.0106427 
v -1.08906 4.46848 0.127259 
v -1.1461 4.48877 0.127167 
v -1.02159 4.46942 0.00649515 
v -1.0489 4.45429 -0.0162359 
v -0.996309 4.46719 0.136214 
v -1.0026 4.4684 -0.0256394 
v -1.01911 4.45065 -0.0439011 
v -0.986679 4.45368 0.0279155 
v -0.999996 4.45313 -0.0853093 
v -0.979277 4.45542 -0.00416141 
v -0.928715 4.45343 -0.34149 
v -0.95679 4.45769 -0.0205668 
v -0.925894 4.46811 -0.0466092 
v -0.923205 4.45625 -0.0212071 
v -0.909559 4.46689 -0.305275 
v -0.88516 4.45205 -0.257076 
v -0.922295 4.45231 -0.407035 
v -0.859958 4.4558 -0.328789 
v -0.833061 4.4659 -0.406014 
v -0.815206 4.45521 -0.392741 
v -0.907522 4.46226 -0.434956 
v -0.936547 4.45333 -0.459729 
v -0.868374 4.47165 -0.45535 
v -0.969415 4.45299 -0.494127 
v -0.628704 2.62793 -0.354134 
v -0.668182 3.83814 -0.349411 
v -0.431145 3.09818 -0.471902 
v -0.661808 4.12393 -0.3801 
v -0.411302 1.69928 -0.472123 
v -0.598866 0.42761 -0.390452 
v -0.430317 3.71156 -0.493007 
v -0.536337 4.2442 -0.473348 
v -0.642168 4.16157 -0.400404 
v -0.628989 4.20983 -0.414442 
v -0.598671 4.25179 -0.448443 
v -0.555258 4.26533 -0.465289 
v -0.409428 3.73074 -0.491412 
v -0.47264 4.28067 -0.525015 
v -0.538818 4.28706 -0.486829 
v -0.556026 4.26898 -0.486807 
v -0.489095 4.31658 -0.538783 
v -0.449002 4.33928 -0.540607 
v -0.135885 3.5833 -0.358657 
v -0.159525 2.90842 -0.353861 
v -0.167957 1.79349 -0.359198 
v -0.175103 1.37191 -0.37458 
v -0.4119 0.986248 -0.483368 
v -0.131583 4.38101 -0.401108 
v -0.195484 0.428208 -0.403443 
v -0.389721 0.427633 -0.494745 
v -0.301204 0.404165 -0.446757 
v -0.420343 0.431814 -0.497247 
v -0.411092 0.4058 -0.487358 
v -0.572562 0.423374 -0.412025 
v -0.583754 0.403188 -0.392713 
v -0.486732 0.385219 -0.415694 
v -0.308356 4.37813 -0.475592 
v -0.489095 4.31658 -0.538783 
v -0.457003 4.33701 -0.552054 
v -0.44525 4.39774 -0.559366 
v -0.340873 4.50357 -0.515686 
v -0.379868 4.52501 -0.558752 
v -0.352121 4.56254 -0.571955 
v -0.260532 4.47168 -0.486075 
v -0.302876 4.57943 -0.577465 
v -0.314763 4.57603 -0.594437 
v -0.271634 4.60278 -0.59718 
v -0.202771 4.49852 -0.506271 
v -0.211886 4.62351 -0.614928 
v -0.258506 4.61092 -0.611831 
v -0.138147 4.47553 -0.470584 
v -0.0930242 4.50408 -0.517954 
v -0.191911 4.6281 -0.633726 
v -0.167813 4.64368 -0.631953 
v -0.084372 4.65028 -0.632269 
v 0.113931 4.55033 -0.556143 
v 0.0614366 4.65651 -0.633168 
v 0.0231917 4.66605 -0.651832 
v 0.168492 4.63469 -0.61649 
v 0.168089 4.65135 -0.631925 
v 0.19191 4.61507 -0.632017 
v 0.251113 4.59449 -0.596213 
v 0.241091 4.61228 -0.614127 
v 0.289212 4.56406 -0.575243 
v 0.297225 4.5733 -0.594325 
v 0.316204 4.56467 -0.575018 
v 0.34982 4.52832 -0.558037 
v 0.300737 4.49055 -0.501531 
v 0.131623 4.46736 -0.476924 
v 0.0898407 4.4896 -0.493777 
v 0.0894318 4.45624 -0.444353 
v 0.111131 4.41677 -0.443952 
v 0.160387 4.40183 -0.432317 
v 0.0907137 4.37909 -0.381446 
v 0.0672199 4.41088 -0.399552 
v 0.0643129 4.38293 -0.313321 
v 0.0174601 4.41738 -0.300137 
v 0.0279214 4.45536 -0.341513 
v -0.0249756 4.42979 -0.29134 
v -0.0365135 4.45002 -0.32053 
v -0.0416058 4.41202 -0.291203 
v -0.0887101 4.47151 -0.445666 
v -0.0769691 4.45491 -0.396835 
v -0.909633 4.03295 -0.486719 
v -0.956142 4.04477 -0.500756 
v -0.915912 4.03706 -0.529664 
v -0.940744 4.05896 -0.430817 
v -0.897113 4.05054 -0.446886 
v -0.89841 4.06903 -0.43015 
v -0.866403 4.07575 -0.445649 
v -0.900645 4.0997 -0.41317 
v -0.859826 4.05668 -0.476574 
v -0.875802 4.04435 -0.517799 
v -0.849637 4.07437 -0.53069 
v -0.885811 4.05457 -0.556723 
v -0.932495 4.05463 -0.558111 
v -0.859775 4.09935 -0.561985 
v -0.90868 4.0923 -0.584091 
v -0.368596 2.75303 0.733827 
v -0.200472 2.74568 0.750807 
v -0.29177 2.774 0.75751 
v -0.194939 2.76966 0.765281 
v -0.174683 2.77418 0.763695 
v -0.161141 2.74931 0.741541 
v -0.151037 2.77217 0.742221 
v -0.152392 3.04218 0.747247 
v -0.15569 3.80447 0.737565 
v -0.139455 3.49862 0.723938 
v -0.122146 4.44389 0.703057 
v -0.155265 4.28461 0.72515 
v -0.136171 4.64228 0.713305 
v -0.120944 4.80228 0.701288 
v -1.06442 4.29948 -0.530758 
v -1.10378 4.26856 -0.504923 
v -1.11934 4.31549 -0.493497 
v -1.0188 4.19482 -0.54545 
v -1.08527 4.37088 -0.504082 
v -1.12063 4.36578 -0.477238 
v -1.0448 4.37604 -0.513748 
v -1.00648 4.37282 -0.509658 
v -0.969996 4.37031 -0.495529 
v -0.966498 4.27531 -0.520388 
v -1.02254 4.28562 -0.53821 
v -1.00603 4.23267 -0.545702 
v -0.97073 4.22658 -0.546039 
v -0.942533 4.22649 -0.534211 
v -0.904372 4.13867 -0.579896 
v -0.950537 4.1492 -0.575131 
v -0.90868 4.0923 -0.584091 
v -0.98508 4.10374 -0.55484 
v -0.932495 4.05463 -0.558111 
v -0.885811 4.05457 -0.556723 
v 0.705301 3.97879 -0.28505 
v 0.704934 4.00498 -0.263766 
v 0.687412 3.97565 -0.28179 
v 0.906768 4.25808 0.0132903 
v 0.905147 4.45608 -0.0234102 
v 0.983644 4.28403 0.0227581 
v 0.9622 4.45467 -0.00394122 
v 0.974804 4.45423 0.0244517 
v 0.997278 4.28137 0.0605158 
v 0.97695 4.25135 0.0314215 
v 0.908158 4.23155 0.0345479 
v -0.0859011 4.41062 -0.411476 
v -0.103137 4.37784 -0.367586 
v -0.117442 4.45525 -0.447122 
v -0.184454 4.44549 -0.469609 
v -0.130126 4.41239 -0.451735 
v -0.249994 4.40801 -0.462688 
v -0.0740201 4.3788 -0.259371 
v -0.103137 4.37784 -0.367586 
v -0.0416058 4.41202 -0.291203 
v -0.0481554 4.40038 -0.107539 
v -0.0221907 4.41623 -0.242084 
v -0.0249756 4.42979 -0.29134 
v 0.0174601 4.41738 -0.300137 
v -0.0245427 4.41383 -0.0209592 
v 0.0127677 4.40797 -0.224292 
v 0.0643129 4.38293 -0.313321 
v 0.00168554 4.41297 -0.0270324 
v -0.0302436 4.44198 0.0603725 
v -0.0371958 4.39541 -0.026888 
v -0.0788759 4.47203 0.1946 
v 0.0617817 4.48886 0.240469 
v -0.039582 4.47358 0.165342 
v -0.10411 4.50768 0.312006 
v 0.0940367 4.51134 0.319276 
v -0.637441 1.74906 0.17515 
v -0.614317 0.929686 0.13471 
v -0.434499 1.349 0.272138 
v -0.431149 1.9445 0.307935 
v -0.667491 3.72704 0.247623 
v -0.412055 0.839922 0.237613 
v -0.434648 0.750236 0.227254 
v -0.407474 1.29077 0.269251 
v -0.42915 3.57162 0.38496 
v -0.574488 4.27463 0.356497 
v -0.393858 0.53899 0.209288 
v -0.192876 0.431651 0.114245 
v -0.220128 0.406752 0.127277 
v -0.329937 0.402299 0.155776 
v -0.19324 1.6077 0.192821 
v -0.170933 1.76264 0.184166 
v -0.185243 5.24465 0.507344 
v -0.218583 5.24188 0.521991 
v -0.193484 5.22624 0.544859 
v -0.220883 5.26267 0.503766 
v -0.168006 5.22577 0.532663 
v -0.184974 5.26533 0.496269 
v -0.196933 5.41192 0.503194 
v -0.0211159 5.26017 0.501231 
v -0.0786908 5.38472 0.497237 
v -0.176486 5.43728 0.52119 
v -0.0650217 5.40249 0.504823 
v -0.0389736 5.42356 0.523735 
v -0.151465 5.47939 0.525276 
v 0.136806 5.48229 0.524702 
v 0.155244 5.40792 0.503959 
v 0.142 5.44455 0.525382 
v 0.155875 5.4437 0.540847 
v 0.1489 5.49805 0.540054 
v 0.173465 5.41626 0.521898 
v 0.174699 5.30533 0.502858 
v 0.175225 5.38218 0.498175 
v 0.18893 5.26249 0.498221 
v 0.166863 5.24293 0.506966 
v 0.197148 5.24628 0.519898 
v 0.179211 5.2286 0.540339 
v -1.12938 0.0204787 -1.14657 
v -1.14017 0.0930457 -1.12208 
v -1.12467 0.087225 -1.15436 
v -1.12679 0.109268 -1.12242 
v -1.1372 0.00227213 -1.12719 
v -1.14405 0.0750384 1.09917 
v -1.12036 0.112375 1.10438 
v -1.13757 0.00260687 1.10189 
v -1.11953 0.0922532 1.12807 
v -1.11932 0.0201707 1.13079 
v -0.152652 2.62121 0.224399 
v -0.175511 2.95244 0.258861 
v -0.154792 3.5463 0.274073 
v -0.136165 4.20512 0.303125 
v -0.404591 0.404058 0.184487 
v -0.371554 0.386468 0.184298 
v -0.294353 0.386874 0.124842 
v -0.42123 0.488752 0.208481 
v -0.505652 0.406914 0.147432 
v -0.611504 0.434464 0.0940418 
v -0.589968 0.40622 0.104324 
v -0.410716 4.52916 0.43521 
v -0.190805 4.52443 0.352623 
v -0.135537 4.49961 0.329077 
v -0.460942 4.48667 0.438208 
v -0.46718 4.51063 0.449044 
v -0.418709 4.67189 0.449719 
v -0.494116 4.46552 0.418035 
v -0.565403 4.34286 0.38757 
v -0.523878 4.44386 0.408322 
v -0.482965 4.53327 0.42987 
v -0.46718 4.51063 0.449044 
v -0.235631 4.72601 0.414438 
v -0.386914 4.71949 0.448438 
v -0.192619 4.60802 0.380191 
v -0.140298 4.53339 0.344899 
v -0.10411 4.50768 0.312006 
v 0.0940367 4.51134 0.319276 
v -0.352327 4.79227 0.449791 
v -0.375236 4.77014 0.467124 
v -0.345408 4.87991 0.467479 
v -0.231662 4.82466 0.447141 
v -0.32196 4.91318 0.466692 
v -0.282942 4.96821 0.486506 
v 0.00457931 4.61731 0.391101 
v -0.245969 4.98401 0.492977 
v -0.267084 4.97919 0.502603 
v -0.248494 5.02523 0.503953 
v 0.0762755 5.06191 0.517147 
v -0.227851 5.02745 0.504094 
v -0.241604 5.03172 0.520126 
v -0.241604 5.03172 0.520126 
v -0.226465 5.13253 0.521528 
v -0.186046 5.14343 0.528473 
v -0.21074 5.15512 0.53997 
v -0.195848 5.20501 0.538948 
v -0.193484 5.22624 0.544859 
v -0.168006 5.22577 0.532663 
v 0.163886 5.20412 0.540667 
v 0.179211 5.2286 0.540339 
v 0.175997 5.12446 0.524131 
v 0.19379 5.1348 0.539062 
v 0.20774 5.12561 0.521839 
v 0.210037 5.03676 0.50417 
v 0.245225 4.96786 0.48581 
v 0.231586 5.03465 0.504168 
v 0.264695 4.95091 0.495101 
v 0.286285 4.87869 0.468362 
v 0.304769 4.87606 0.485506 
v 0.274191 4.95283 0.485633 
v 0.329828 4.84444 0.467384 
v 0.338833 4.75227 0.450158 
v 0.357978 4.74551 0.466874 
v 0.150547 4.60036 0.378992 
v 0.118602 4.52738 0.34102 
v 0.118546 4.47704 0.321692 
v 0.279166 4.61608 0.402905 
v 0.350038 4.65691 0.430653 
v 0.375456 4.73916 0.448566 
v 0.422362 4.6087 0.448578 
v 0.404247 4.48753 0.432242 
v 0.449443 4.53154 0.448366 
v 0.439188 4.49029 0.435657 
v 0.411423 3.99878 0.403096 
v 0.135779 3.94069 0.291063 
v 0.411836 1.99513 0.309846 
v 0.39233 1.80684 0.29739 
v 0.17153 1.21078 0.169198 
v 0.386853 0.478524 0.210216 
v 0.169215 0.770834 0.137679 
v 0.197434 0.423393 0.12582 
v 0.174444 0.403868 0.0996438 
v 0.318789 0.391711 0.167284 
v 0.398657 0.404431 0.202783 
v -1.18886 4.45488 -0.0660822 
v -1.15442 4.30124 0.00461922 
v -1.13601 4.45086 -0.0258617 
v -1.18114 4.28618 -0.0241331 
v -1.09831 4.34221 0.0140274 
v -1.08524 4.45259 -0.0106427 
v -1.0489 4.45429 -0.0162359 
v -1.06644 4.27618 0.0332843 
v -1.08716 4.12371 0.0852587 
v -1.03499 4.11117 0.0955078 
v -1.08751 4.03663 0.0981051 
v -1.15262 4.14528 0.00604283 
v -1.05217 4.03008 0.118004 
v -0.979245 4.01615 0.115713 
v -1.09027 3.98796 0.0871048 
v -1.04499 3.98455 0.119992 
v -1.00695 3.96255 0.120498 
v -0.962403 3.98072 0.110443 
v -0.962433 3.9455 0.101449 
v -1.04501 3.94741 0.100823 
v -1.08044 3.95207 0.0531302 
v -1.06029 3.92372 0.0401215 
v -1.01362 3.91356 0.0784919 
v -0.960725 3.88497 0.0447098 
v -0.960123 3.9046 0.0769451 
v 0.149935 0.428583 -0.381549 
v 0.154589 0.913329 -0.377376 
v 0.258556 0.425081 -0.441895 
v 0.218358 0.404142 -0.411475 
v 0.153145 0.403283 -0.363491 
v 0.245639 0.384325 -0.398605 
v 0.304637 0.386047 -0.429681 
v 0.369403 1.23762 -0.469054 
v 0.157256 2.29716 -0.359006 
v 0.392846 0.435058 -0.494473 
v 0.393325 1.25369 -0.47581 
v 0.412737 2.669 -0.465089 
v 0.609617 2.56327 -0.356296 
v 0.573858 0.429221 -0.394091 
v 0.635082 3.46405 -0.357396 
v 0.23852 2.60412 -0.394359 
v 0.135186 2.7403 -0.342752 
v 0.134888 3.19411 -0.359225 
v 0.388399 3.31974 -0.476401 
v 0.410555 3.6877 -0.493777 
v 0.118186 3.85118 -0.376299 
v 0.650398 4.01417 -0.361185 
v 0.665115 4.06333 -0.362006 
v 0.645875 4.10372 -0.38134 
v 0.483985 4.11782 -0.474803 
v 0.62038 4.14173 -0.401781 
v 0.605686 4.19482 -0.415073 
v 0.595364 4.23636 -0.43039 
v 0.45989 4.2695 -0.514662 
v 0.563027 4.25716 -0.463178 
v 0.432791 4.28023 -0.526871 
v 0.404603 4.26511 -0.522109 
v 0.467821 4.30952 -0.522012 
v 0.481045 4.29771 -0.524301 
v 0.493351 4.28445 -0.505171 
v 0.541187 4.26545 -0.468384 
v 0.452381 4.33783 -0.539322 
v 0.420084 4.39617 -0.541716 
v 0.160387 4.40183 -0.432317 
v 0.0907137 4.37909 -0.381446 
v 0.258555 4.40709 -0.466279 
v 0.131623 4.46736 -0.476924 
v 0.300737 4.49055 -0.501531 
v 0.384931 4.48959 -0.558822 
v 0.34982 4.52832 -0.558037 
v 0.758803 3.892 -0.122522 
v 0.741296 3.87966 -0.119358 
v 0.742168 3.90778 -0.127808 
v -0.685762 6.06381 -0.479723 
v -0.687228 6.16756 -0.507296 
v -0.671558 6.16112 -0.517012 
v -0.687435 6.29226 -0.560676 
v -0.639788 6.30351 -0.619592 
v -0.708451 6.41425 -0.598638 
v 0.274191 4.95283 0.485633 
v 0.245225 4.96786 0.48581 
v 0.286285 4.87869 0.468362 
v -1.05696 4.4904 0.157298 
v -1.08906 4.46848 0.127259 
v -0.996309 4.46719 0.136214 
v -0.968138 4.48281 0.154646 
v -0.968782 4.454 0.146484 
v -0.944723 4.38042 0.15564 
v -0.920887 4.33338 0.165511 
v -0.974955 4.37828 0.154531 
v -0.926468 4.27889 0.153117 
v -0.995856 4.26482 0.142018 
v -0.925605 4.24095 0.133725 
v -0.997334 4.34491 0.138125 
v 0.0808804 5.99887 0.718863 
v 0.101731 5.93471 0.713276 
v 0.0640994 6.2746 0.769661 
v 0.68651 5.53953 -0.410143 
v 0.686777 5.51076 -0.393919 
v 0.667099 5.49755 -0.397564 
v 0.686685 5.35687 -0.394481 
v 0.687215 5.4187 -0.386936 
v 0.704641 5.38707 -0.39215 
v 0.152475 7.69916 0.108647 
v 0.189509 7.62741 0.0953255 
v 0.203898 7.67921 0.0696944 
v 0.302881 7.70514 -0.0521047 
v 0.157987 7.84405 0.125701 
v 0.146427 7.86296 0.14794 
v 0.195362 7.8903 0.11204 
v 0.231925 7.71414 0.0401803 
v 0.28453 7.72238 -0.0424385 
v 0.243321 7.90021 0.0266241 
v 0.283024 7.81094 -0.0455518 
v 0.2842 7.84808 -0.0779947 
v -0.723603 4.01957 -0.246395 
v -0.725627 3.95638 -0.226912 
v -0.739562 3.96225 -0.232653 
v 0.0640994 6.2746 0.769661 
v 0.0646089 5.83197 0.663817 
v 0.0808804 5.99887 0.718863 
v 0.0466126 6.35057 0.774914 
v 0.0607619 5.8758 0.634686 
v 0.070247 5.49414 0.613271 
v 0.0762012 5.15199 0.64967 
v 0.0815459 5.81564 0.689434 
v 0.101731 5.93471 0.713276 
v 0.0999812 5.74315 0.690115 
v 0.0792151 5.48961 0.669544 
v 0.100158 5.39097 0.680657 
v 0.10505 4.51651 0.701782 
v 0.138033 4.64296 0.707568 
v 0.117845 4.54269 0.709536 
v 0.0997868 4.28077 0.690794 
v -0.991086 4.24948 0.0207912 
v -0.990058 4.3766 -0.00213687 
v -0.974514 4.2889 0.00171971 
v -1.01386 4.27586 0.0357141 
v -0.928491 4.25283 0.0145217 
v -0.942172 4.2388 0.0287065 
v -0.923575 4.2152 0.0621537 
v -0.923205 4.45625 -0.0212071 
v -0.95679 4.45769 -0.0205668 
v -0.979277 4.45542 -0.00416141 
v -0.135671 5.1641 0.693264 
v -0.164941 4.65275 0.714822 
v -0.120944 4.80228 0.701288 
v -0.136171 4.64228 0.713305 
v -0.100192 5.14878 0.6743 
v -0.0990092 5.3658 0.676253 
v -0.137345 5.38115 0.684414 
v -0.122729 5.62397 0.686804 
v -0.073242 5.74266 0.64974 
v -0.0963094 5.82889 0.691596 
v -0.11714 5.79789 0.694872 
v -0.142763 5.98618 0.716363 
v -0.119387 6.01245 0.719768 
v -0.117532 6.14388 0.738339 
v -0.0803441 5.84341 0.676592 
v -0.07212 5.72842 0.625349 
v -0.0831573 5.68191 0.596178 
v -0.0850118 6.26278 0.681643 
v -0.0831657 6.49399 0.63311 
v -0.12444 6.46633 0.798388 
v -0.14092 6.46792 0.813809 
v -0.0855495 6.62722 0.706084 
v -0.0852193 6.73608 0.639371 
v -0.101758 6.81017 0.661326 
v -0.0990524 6.69168 0.708767 
v -0.106647 6.85239 0.619741 
v -0.128069 6.89768 0.649833 
v -0.168107 7.04788 0.568457 
v -0.170983 7.04828 0.602669 
v -0.225821 7.22389 0.472043 
v 0.519344 7.63227 -0.0381056 
v 0.541221 7.6209 0.0107984 
v 0.529364 7.55685 0.0602728 
v 0.562647 7.60146 0.0584919 
v 0.55279 7.66814 -0.00366316 
v 0.58764 7.56063 0.0953984 
v 0.56026 7.50147 0.0827956 
v 0.642901 7.51766 0.12589 
v 0.669717 7.43807 0.117753 
v 0.685671 7.41464 0.102844 
v 0.740709 7.43377 0.148916 
v 0.738135 7.41338 0.140642 
v 0.697199 7.39567 0.126071 
v -0.776435 7.40899 0.166926 
v -0.761479 7.39469 0.238981 
v -0.764387 7.43145 0.210924 
v -0.705563 7.39147 0.305048 
v -0.762614 7.38008 0.184265 
v -0.715271 7.33414 0.269833 
v -0.67242 7.32135 0.377116 
v -0.586652 7.19591 0.466217 
v -0.560866 7.2053 0.512718 
v -0.497216 7.07823 0.60581 
v -0.490496 7.10089 0.618139 
v -0.462773 7.10483 0.630387 
v -0.443881 7.02632 0.662339 
v -0.656824 7.29987 0.265725 
v -0.604383 7.20874 0.376678 
v -0.540298 7.10094 0.499414 
v -0.498808 7.04139 0.558282 
v -0.421554 6.86602 0.640721 
v -0.35076 6.81214 0.732611 
v -0.329448 6.66184 0.70687 
v -0.30458 6.75383 0.760828 
v -0.213053 6.53877 0.807513 
v -0.25431 6.37442 0.701726 
v -0.167532 6.4657 0.817109 
v -0.192765 6.0471 0.698944 
v -0.165437 5.49887 0.540129 
v -0.173343 5.4424 0.539885 
v -0.151465 5.47939 0.525276 
v 0.210037 5.03676 0.50417 
v 0.229848 5.02108 0.520437 
v 0.20774 5.12561 0.521839 
v 0.147957 8.69179 0.566048 
v 0.22062 8.71628 0.514561 
v 0.205833 8.78007 0.482092 
v 0.278239 8.73313 0.451499 
v 0.27901 8.65334 0.489256 
v 0.215736 8.61396 0.549361 
v 0.302234 8.54165 0.479648 
v 0.2569 8.44545 0.528064 
v 0.134641 8.44718 0.600095 
v 0.136062 8.32689 0.595019 
v 0.0653845 8.41647 0.619496 
v 0.246884 8.31181 0.526051 
v 0.139846 8.18944 0.579796 
v 0.176805 8.01301 0.517685 
v 0.0160439 8.21317 0.616477 
v 0.132932 8.03534 0.554013 
v 0.046352 8.03268 0.585154 
v -0.043308 8.10818 0.602914 
v -0.156202 8.17603 0.581299 
v 0.126367 7.93612 0.521168 
v 0.203142 7.96474 0.467531 
v 0.150787 7.88176 0.454705 
v 0.0986523 7.86142 0.474916 
v 0.0821023 7.9194 0.532754 
v 0.0463622 7.85929 0.49538 
v -0.0153035 7.98138 0.578329 
v -0.0286563 7.91082 0.547787 
v -0.0225722 7.86851 0.512998 
v -0.0878177 7.89565 0.525329 
v -0.094984 7.96588 0.562023 
v -0.164303 7.92737 0.505235 
v -0.126115 7.87505 0.484465 
v -0.15297 8.02935 0.552337 
v -0.215554 8.0218 0.504879 
v -0.904372 4.13867 -0.579896 
v -0.859775 4.09935 -0.561985 
v -0.90868 4.0923 -0.584091 
v -0.950449 3.92627 0.120066 
v -0.943748 4.01087 0.114471 
v -0.962403 3.98072 0.110443 
v -0.961207 4.01566 0.100632 
v -0.943567 4.03333 0.0802099 
v -0.115523 5.82915 0.523434 
v -0.133871 5.82085 0.542313 
v -0.138369 5.80941 0.522528 
v -0.119855 5.96529 0.540472 
v 0.338833 4.75227 0.450158 
v 0.375456 4.73916 0.448566 
v 0.357978 4.74551 0.466874 
v -0.743995 3.90975 -0.167427 
v -0.759979 3.91536 -0.181547 
v -0.742758 3.98426 -0.199962 
v -0.170879 5.62556 0.52132 
v -0.191026 5.51686 0.503537 
v -0.174408 5.61388 0.504137 
v -0.15327 5.67365 0.505109 
v -0.155723 5.74477 0.522014 
v -0.115523 5.82915 0.523434 
v -0.138369 5.80941 0.522528 
v 0.0973857 6.01074 0.559907 
v 0.093922 6.23345 0.558326 
v 0.0806091 6.05891 0.539932 
v 0.119917 5.82718 0.540615 
v 0.100634 5.85419 0.522384 
v 0.136811 5.74268 0.52185 
v 0.0720662 8.60401 -0.500916 
v -0.00538724 8.51599 -0.510106 
v 0.140173 8.65489 -0.475978 
v 0.178818 8.73118 -0.432482 
v 0.247463 8.76797 -0.360675 
v 0.253321 8.68449 -0.39735 
v 0.216667 8.86085 -0.297431 
v 0.283515 8.78269 -0.304849 
v 0.270266 8.8519 -0.23137 
v 0.18126 8.90591 -0.252092 
v 0.208192 8.60289 -0.44735 
v 0.260581 8.5522 -0.405236 
v 0.146726 8.56445 -0.479904 
v 0.223679 8.46355 -0.424776 
v 0.08835 8.49669 -0.494897 
v 0.125502 8.41894 -0.465814 
v 0.126652 8.05996 -0.343679 
v 0.0450778 8.39808 -0.479923 
v 0.0500732 8.27327 -0.433382 
v 0.0573625 8.06356 -0.368666 
v -0.028463 8.2441 -0.429588 
v -0.0322022 8.4348 -0.49505 
v -0.110648 8.51125 -0.492567 
v -0.155665 8.41565 -0.456578 
v -0.197992 8.53042 -0.456676 
v -0.224889 8.42209 -0.419963 
v -0.157409 8.05333 -0.334079 
v -0.297777 8.41813 -0.355635 
v -0.254774 8.31979 -0.358071 
v -0.199003 8.01534 -0.300571 
v -0.0939213 8.07105 -0.363407 
v -0.0462548 8.09612 -0.376683 
v -0.132916 8.01315 -0.353898 
v -0.0211427 8.05591 -0.376444 
v -0.0656229 8.00447 -0.379098 
v -0.00588399 7.98487 -0.395217 
v -0.100294 7.96789 -0.392755 
v -0.14509 7.96807 -0.367831 
v 0.0828062 8.00423 -0.370566 
v 0.0898785 7.96828 -0.387848 
v 0.152304 8.00937 -0.330071 
v 0.151276 7.95757 -0.353987 
v -0.218388 7.97552 -0.289472 
v -0.198179 7.94396 -0.342099 
v -0.253704 7.91307 -0.273158 
v -0.263015 7.94925 -0.210675 
v -0.282802 7.89042 -0.259079 
v -0.257853 7.99907 -0.210303 
v -0.261403 8.06569 -0.226855 
v -0.290914 8.06488 -0.167008 
v 0.45989 4.2695 -0.514662 
v 0.541187 4.26545 -0.468384 
v 0.563027 4.25716 -0.463178 
v 0.21433 0.299294 -0.423937 
v 0.212014 0.181913 -0.445605 
v 0.172054 0.183371 -0.399963 
v 0.255196 0.297487 -0.452837 
v 0.245639 0.384325 -0.398605 
v 0.242844 0.181986 -0.463174 
v 0.34733 0.304798 -0.48294 
v 0.349284 0.185554 -0.49115 
v 0.359111 0.386367 -0.444861 
v 0.396156 0.406404 -0.485574 
v 0.407454 0.38579 -0.446962 
v 0.418635 0.426426 -0.487772 
v 0.480752 0.387585 -0.417783 
v 0.574826 0.403977 -0.379524 
v 0.399799 0.323112 -0.480561 
v 0.407454 0.38579 -0.446962 
v 0.408357 0.254993 -0.491186 
v 0.469682 0.307545 -0.456371 
v 0.480752 0.387585 -0.417783 
v 0.508751 0.368868 -0.400569 
v 0.520617 0.303123 -0.424651 
v 0.495246 0.164288 -0.46154 
v 0.42763 0.182332 -0.483795 
v 0.412351 0.16803 -0.49914 
v -0.741927 4.01831 0.0824707 
v -0.741606 4.07316 0.111277 
v -0.760002 4.01324 0.0932466 
v 0.704979 6.37836 -0.594842 
v 0.649259 5.98115 -0.430436 
v 0.649852 6.13009 -0.491871 
v 0.796896 6.06077 0.0384977 
v 0.796634 5.75654 -0.0116947 
v 0.842118 5.91202 0.0323201 
v 0.814694 6.15456 0.046429 
v 0.890403 5.69787 0.0241835 
v 0.879103 6.34269 0.0853587 
v 0.815494 6.276 0.0632139 
v 0.783825 5.60245 -0.026795 
v 0.833385 6.4629 0.100637 
v 0.923252 5.80832 0.0304725 
v 0.913739 6.49118 0.0954895 
v 0.850487 6.49685 0.101433 
v 0.851367 6.60174 0.119081 
v 0.875335 6.69475 0.121483 
v 1.05697 5.81253 -0.0104732 
v 1.01208 5.70555 0.0114002 
v 0.969324 5.63278 0.0266243 
v 0.949329 5.42141 0.0443253 
v 1.01767 5.19535 0.0612882 
v 0.855474 5.5735 0.00971518 
v 0.796806 5.51257 -0.0346349 
v 0.81321 5.41777 -0.0124987 
v 0.795821 5.43287 -0.0280098 
v 0.833343 5.38823 0.0057188 
v 0.851875 5.18112 0.0265789 
v 0.816159 5.39469 0.00975847 
v 0.97132 5.06301 0.074456 
v 0.852061 5.12682 0.0446616 
v 0.870286 5.02488 0.0464442 
v 0.970771 4.82903 0.108134 
v 0.887309 4.79057 0.0935507 
v 1.0175 4.84814 0.106795 
v 1.10189 4.68396 0.115487 
v 0.906659 4.72683 0.109898 
v 1.0404 4.68881 0.133505 
v 1.11848 4.51361 0.128402 
v 0.908001 4.51942 0.155771 
v 1.0164 4.49671 0.159866 
v 0.936071 4.48155 0.154013 
v 0.90704 4.36787 0.160725 
v 0.961062 4.29672 0.150185 
v 0.961938 4.45115 0.130388 
v 0.991917 4.28016 0.127824 
v 0.978053 4.26761 0.140617 
v 0.909005 4.28315 0.148474 
v 0.897303 4.23063 0.150006 
v 0.908902 4.24254 0.128837 
v 0.152304 8.00937 -0.330071 
v 0.126652 8.05996 -0.343679 
v 0.179469 8.05105 -0.30161 
v 0.197411 7.94325 -0.313446 
v 0.151276 7.95757 -0.353987 
v 0.198804 7.98627 -0.287312 
v 0.242751 7.91357 -0.264629 
v 0.242657 7.96831 -0.210379 
v 0.214854 8.03076 -0.256047 
v 0.267129 7.89656 -0.205524 
v 0.261154 8.08606 -0.210033 
v 0.263332 8.21689 -0.285939 
v 0.24177 8.02107 -0.205324 
v 0.25776 7.96798 -0.127318 
v 0.278291 7.88667 -0.235912 
v 0.282788 7.86969 -0.191974 
v 0.275652 7.88564 -0.096063 
v 0.2842 7.84808 -0.0779947 
v 0.256843 7.93414 -0.0178102 
v 0.243321 7.90021 0.0266241 
v 0.276509 8.03548 -0.0996219 
v 0.270175 7.99872 -0.03267 
v 0.234992 7.92456 0.0680512 
v 0.195362 7.8903 0.11204 
v 0.320772 8.15967 -0.13413 
v 0.330279 8.11672 -0.0341913 
v 0.325841 8.07155 0.0689344 
v 0.378842 8.26136 -0.0169835 
v 0.360873 8.39057 -0.213726 
v 0.294979 8.00563 0.166298 
v 0.219164 7.90475 0.264723 
v 0.28349 7.99444 0.302643 
v 0.209128 7.89785 0.34991 
v 0.339965 8.09544 0.176559 
v 0.373098 8.21247 0.201684 
v 0.334083 8.11021 0.283833 
v 0.235217 7.95299 0.396681 
v 0.150787 7.88176 0.454705 
v 0.203142 7.96474 0.467531 
v 0.308564 8.08454 0.352008 
v 0.233262 8.04416 0.471093 
v 0.176805 8.01301 0.517685 
v 0.271844 8.05281 0.417028 
v 0.246884 8.31181 0.526051 
v 0.325022 8.21112 0.398047 
v 0.292107 8.24199 0.463595 
v 0.375987 8.2884 0.283225 
v 0.337649 8.3428 0.413975 
v 0.325818 8.43333 0.445858 
v 0.2569 8.44545 0.528064 
v 0.373869 8.3852 0.340308 
v 0.302234 8.54165 0.479648 
v 0.388088 8.49259 0.32357 
v 0.38007 8.58803 0.346153 
v 0.406354 8.52185 0.255555 
v 0.326958 8.61261 0.436799 
v 0.27901 8.65334 0.489256 
v 0.33881 8.7043 0.380456 
v 0.278239 8.73313 0.451499 
v 0.319557 8.77807 0.348942 
v 0.415391 8.4675 0.163226 
v 0.391115 8.68156 0.269544 
v 0.363231 8.75805 0.259109 
v 0.308636 8.83429 0.270548 
v 0.386777 8.75555 0.150831 
v 0.319705 8.85568 0.134231 
v 0.419771 8.61026 0.140393 
v 0.355576 8.82119 0.0495 
v 0.387972 8.75999 0.0245204 
v 0.319225 8.86214 -0.00369129 
v 0.407475 8.70252 0.0826216 
v 0.422458 8.5733 0.0296348 
v 0.398362 8.71299 -0.0598431 
v 0.364467 8.7845 -0.0924801 
v 0.32056 8.82795 -0.163329 
v 0.414203 8.44367 0.0530901 
v 0.333055 8.7936 -0.198237 
v 0.270266 8.8519 -0.23137 
v 0.283515 8.78269 -0.304849 
v 0.390668 8.67763 -0.156783 
v 0.332799 8.70936 -0.284943 
v 0.247463 8.76797 -0.360675 
v 0.253321 8.68449 -0.39735 
v 0.372821 8.64231 -0.229487 
v 0.318244 8.58281 -0.338803 
v 0.260581 8.5522 -0.405236 
v 0.393078 8.57627 -0.187052 
v 0.405633 8.52302 -0.111723 
v 0.393815 8.43491 -0.126307 
v 0.327659 8.47407 -0.310552 
v 0.305684 8.34531 -0.29658 
v 0.287167 8.48549 -0.369833 
v 0.223679 8.46355 -0.424776 
v 0.253701 8.37519 -0.371202 
v 0.0127677 4.40797 -0.224292 
v 0.0201844 4.39395 -0.0322561 
v 0.00168554 4.41297 -0.0270324 
v 0.0643129 4.38293 -0.313321 
v 0.0528049 4.43689 0.124314 
v 0.0617817 4.48886 0.240469 
v 0.0840348 4.27433 -0.356732 
v 0.0907137 4.37909 -0.381446 
v 0.118186 3.85118 -0.376299 
v 0.034378 3.72671 -0.027141 
v 0.134888 3.19411 -0.359225 
v 0.0986011 4.4841 0.299504 
v 0.0940367 4.51134 0.319276 
v 0.118546 4.47704 0.321692 
v 0.135779 3.94069 0.291063 
v 0.0589922 2.35448 -0.0434383 
v 0.135186 2.7403 -0.342752 
v 0.0676105 1.24751 -0.0877161 
v 0.17153 1.21078 0.169198 
v 0.157256 2.29716 -0.359006 
v 0.169215 0.770834 0.137679 
v 0.154589 0.913329 -0.377376 
v 0.141864 0.826191 -0.357332 
v 0.149935 0.428583 -0.381549 
v 0.0770216 0.432238 -0.135216 
v 0.174444 0.403868 0.0996438 
v 0.153145 0.403283 -0.363491 
v 0.167049 0.395017 0.0384252 
v 0.0838849 0.405414 -0.149454 
v 0.173465 5.41626 0.521898 
v 0.155244 5.40792 0.503959 
v 0.175225 5.38218 0.498175 
v 0.185609 5.32416 0.52201 
v 0.174699 5.30533 0.502858 
v 0.197148 5.24628 0.519898 
v 0.18893 5.26249 0.498221 
v -0.195484 0.428208 -0.403443 
v -0.175103 1.37191 -0.37458 
v -0.159728 0.669168 -0.35878 
v -0.171273 0.423889 -0.383295 
v -0.189734 0.401337 -0.380778 
v -0.146172 0.402837 -0.302206 
v -0.0988892 0.423791 -0.146271 
v -0.112652 0.399254 -0.16396 
v -0.188416 0.401435 0.0915822 
v -0.0889558 1.65147 -0.063087 
v -0.167957 1.79349 -0.359198 
v -0.192876 0.431651 0.114245 
v -0.220128 0.406752 0.127277 
v -0.170933 1.76264 0.184166 
v -0.159525 2.90842 -0.353861 
v -0.152652 2.62121 0.224399 
v -0.064968 3.42238 -0.0158845 
v -0.154792 3.5463 0.274073 
v -0.135885 3.5833 -0.358657 
v -0.136165 4.20512 0.303125 
v -0.0371958 4.39541 -0.026888 
v -0.0788759 4.47203 0.1946 
v -0.114368 4.48593 0.29765 
v -0.135537 4.49961 0.329077 
v -0.10411 4.50768 0.312006 
v -0.0481554 4.40038 -0.107539 
v -0.0245427 4.41383 -0.0209592 
v -0.0740201 4.3788 -0.259371 
v -0.103137 4.37784 -0.367586 
v -0.131583 4.38101 -0.401108 
v 0.318726 7.4405 0.176445 
v 0.333002 7.42111 0.194113 
v 0.331899 7.45433 0.191258 
v 0.62038 4.14173 -0.401781 
v 0.605686 4.19482 -0.415073 
v 0.623371 4.1404 -0.413098 
v 0.645875 4.10372 -0.38134 
v -0.302822 7.86554 -0.105418 
v -0.302723 7.82439 -0.0468855 
v -0.288948 7.85442 -0.0365988 
v -0.247893 7.88633 0.0509208 
v -0.302835 7.75681 -0.0366047 
v -0.274959 7.94928 -0.041892 
v -0.266757 7.9313 0.0136973 
v -0.264362 7.67133 0.02408 
v -0.304588 7.6863 -0.0352592 
v -0.219191 7.8579 0.0874182 
v -0.200834 7.68454 0.082351 
v -0.153943 7.83514 0.135786 
v -0.232569 7.90358 0.0996376 
v -0.163844 7.8651 0.156965 
v -0.278201 7.96473 0.0284576 
v -0.335974 8.03912 0.138668 
v -0.30474 8.04524 -0.0874095 
v -0.273531 7.97821 -0.151709 
v -0.290914 8.06488 -0.167008 
v -0.257853 7.99907 -0.210303 
v -0.263015 7.94925 -0.210675 
v -0.287971 7.9047 -0.166537 
v -0.301631 7.87511 -0.219997 
v -0.283621 7.89364 -0.225333 
v -0.282802 7.89042 -0.259079 
v 0.941539 3.96443 0.106727 
v 0.944217 3.90657 0.0772528 
v 0.992311 3.93586 0.0974042 
v 0.995139 3.97331 0.12051 
v 0.970945 4.01759 0.119368 
v 0.94302 4.0242 0.0977358 
v 0.978628 4.18948 0.00786375 
v 1.02361 4.01013 0.122624 
v 1.00807 4.22643 0.0340744 
v 1.02812 4.17997 0.076278 
v 1.07369 4.15458 0.0818268 
v 1.06348 4.03121 0.101789 
v 1.04321 4.28374 0.0378833 
v 1.01586 4.39353 -0.00864833 
v 1.1136 4.20446 0.0445941 
v 1.03982 4.37444 0.0093178 
v 1.05495 4.4531 -0.00297591 
v 1.01886 4.45503 -0.0105224 
v 1.12512 4.45303 -0.0204852 
v 1.15633 4.3198 -0.0186702 
v 1.15998 4.45145 -0.0580326 
v 0.34982 4.52832 -0.558037 
v 0.316204 4.56467 -0.575018 
v 0.297225 4.5733 -0.594325 
v 0.384931 4.48959 -0.558822 
v -0.317726 7.88295 0.0140084 
v -0.322922 7.70278 0.167797 
v -0.325223 7.70294 0.101615 
v -0.317508 7.81536 -0.022992 
v -0.319605 7.86651 -0.0790982 
v -0.320597 7.92353 -0.0629511 
v -0.302723 7.82439 -0.0468855 
v -0.302835 7.75681 -0.0366047 
v -0.302822 7.86554 -0.105418 
v -0.321386 7.86386 -0.137197 
v -0.324746 7.93384 -0.199929 
v -0.319365 7.88139 -0.181894 
v 0.569077 4.31871 0.365269 
v 0.594421 4.26795 0.339334 
v 0.588594 4.2782 0.360728 
v -0.969875 5.01502 0.077126 
v -0.92425 4.80086 0.091263 
v -0.90741 4.87892 0.0721436 
v -0.90485 5.04094 0.0482589 
v -0.992569 4.69204 0.135979 
v -0.925286 4.65648 0.125085 
v -0.925658 4.50121 0.15504 
v -0.875528 5.19312 0.0309506 
v -0.888646 5.05695 0.0466692 
v -0.904575 5.63924 0.0218612 
v -0.851967 5.42452 0.0040382 
v -0.834793 5.4285 0.0114865 
v -0.834004 5.44807 -0.0102882 
v -0.814662 5.72267 -0.013185 
v -0.815044 5.50527 -0.0298975 
v -0.891176 5.77094 0.0246195 
v -0.815938 5.96078 0.0192306 
v -0.833215 6.00537 0.0298565 
v -0.815247 6.05186 0.0483254 
v -0.833769 6.20601 0.0567323 
v -0.91727 6.12232 0.0627086 
v -0.850208 6.24324 0.0661427 
v -0.851862 6.36392 0.0828714 
v -0.868374 4.47165 -0.45535 
v -0.969415 4.45299 -0.494127 
v -0.876654 4.49351 -0.477048 
v -0.971058 4.49238 -0.522384 
v -0.812875 4.49899 -0.420448 
v -0.833061 4.4659 -0.406014 
v -0.795031 4.68453 -0.419326 
v -0.831009 5.1613 -0.52642 
v -0.823156 4.86479 -0.474157 
v -0.778909 4.76888 -0.408618 
v -0.778249 4.86352 -0.407309 
v -0.760722 4.90008 -0.404652 
v -0.918136 5.1992 -0.576802 
v -0.788788 5.17726 -0.483763 
v -0.759308 5.03619 -0.394148 
v -0.78969 5.56182 -0.57505 
v -0.838865 5.69855 -0.630167 
v -0.765648 5.22142 -0.454501 
v -0.760137 5.10684 -0.410624 
v -0.743104 5.08027 -0.392224 
v -0.738921 5.27743 -0.391025 
v -0.723205 5.36821 -0.382614 
v -0.705688 5.53608 -0.391414 
v -0.740373 5.63997 -0.540583 
v -0.70425 5.77994 -0.499436 
v -0.668711 5.97867 -0.432793 
v -0.668784 5.83409 -0.40751 
v -0.685762 6.06381 -0.479723 
v -0.671558 6.16112 -0.517012 
v -0.687228 6.16756 -0.507296 
v -0.753344 5.83843 -0.584534 
v -0.787284 6.6707 -0.665672 
v -0.723479 6.42121 -0.600108 
v -0.721854 6.32257 -0.583943 
v -0.70314 6.25015 -0.546068 
v -0.687435 6.29226 -0.560676 
v -0.708451 6.41425 -0.598638 
v -0.723479 6.42121 -0.600108 
v -0.904372 4.13867 -0.579896 
v -0.942533 4.22649 -0.534211 
v -0.873723 4.14873 -0.56126 
v 0.424657 4.39094 -0.557205 
v 0.420084 4.39617 -0.541716 
v 0.384931 4.48959 -0.558822 
v 0.452381 4.33783 -0.539322 
v 0.460439 4.27478 -0.552374 
v 0.467821 4.30952 -0.522012 
v 0.481045 4.29771 -0.524301 
v 0.493351 4.28445 -0.505171 
v 0.541187 4.26545 -0.468384 
v 0.563027 4.25716 -0.463178 
v 0.649963 5.81794 -0.408742 
v 0.702385 5.70358 -0.518755 
v 0.667052 5.70544 -0.412873 
v 0.651714 5.65867 -0.401766 
v 0.668963 5.59756 -0.395085 
v 0.649259 5.98115 -0.430436 
v 0.704979 6.37836 -0.594842 
v 0.667099 5.49755 -0.397564 
v 0.68651 5.53953 -0.410143 
v 0.754535 5.77697 -0.600674 
v 0.717396 6.51289 -0.624191 
v 0.844577 5.97518 -0.662366 
v 0.814949 5.6794 -0.628878 
v 0.763907 5.62178 -0.584263 
v 0.726892 5.44186 -0.485192 
v 0.686777 5.51076 -0.393919 
v 0.687215 5.4187 -0.386936 
v 0.704641 5.38707 -0.39215 
v 0.801141 5.16605 -0.520282 
v 0.703759 5.31302 -0.383067 
v 0.835042 4.94038 -0.517145 
v 0.722883 5.26596 -0.393126 
v 0.705414 5.22994 -0.391875 
v 0.754406 5.17497 -0.456676 
v 0.723933 5.21717 -0.380837 
v 0.77422 4.97863 -0.455553 
v 0.739509 5.10885 -0.398884 
v 0.724165 5.09365 -0.388869 
v 0.74128 5.04592 -0.390896 
v 0.74231 4.90893 -0.399905 
v 0.759241 4.84853 -0.409087 
v 0.803153 4.72144 -0.461628 
v 0.760566 4.70688 -0.412267 
v 0.867217 4.80534 -0.52426 
v 0.777591 4.61689 -0.416583 
v 0.869791 4.491 -0.489716 
v 0.920393 4.4931 -0.517616 
v 0.928114 4.45267 -0.48193 
v 0.871946 4.47061 -0.470499 
v 0.794112 4.49323 -0.419488 
v 0.778244 4.47134 -0.411082 
v 0.815992 4.46679 -0.404107 
v -0.707796 4.08848 0.192453 
v -0.705404 4.18144 0.225086 
v -0.71743 4.10222 0.214972 
v 0.245225 4.96786 0.48581 
v 0.274191 4.95283 0.485633 
v 0.264695 4.95091 0.495101 
v 0.0261277 6.68048 0.681067 
v 0.0167923 6.58099 0.72232 
v 0.0290013 6.69886 0.712387 
v 0.0259217 6.55067 0.769735 
v 0.0466126 6.35057 0.774914 
v 0.0449551 6.48003 0.800407 
v 0.0607619 5.8758 0.634686 
v 0.093922 6.23345 0.558326 
v 0.0973857 6.01074 0.559907 
v 0.117283 6.43252 0.558723 
v 0.070247 5.49414 0.613271 
v 0.119917 5.82718 0.540615 
v 0.136811 5.74268 0.52185 
v 0.0506934 6.76073 0.644676 
v 0.137478 6.57195 0.558655 
v 0.183499 6.73166 0.521809 
v 0.206854 6.84503 0.519237 
v 0.0612181 6.82496 0.661429 
v 0.223682 6.91225 0.498137 
v 0.115079 6.97073 0.605277 
v 0.232505 6.95681 0.488851 
v 0.249821 6.99045 0.468593 
v 0.152906 7.03241 0.63221 
v 0.265197 7.05207 0.447659 
v 0.152896 7.08587 0.578714 
v 0.184263 7.20224 0.552751 
v 0.276705 7.07024 0.431062 
v 0.272073 7.11642 0.431406 
v 0.190577 7.23615 0.504985 
v 0.220404 7.28962 0.521777 
v 0.184913 7.15812 0.513955 
v 0.290467 7.13771 0.408832 
v 0.287265 7.10159 0.41205 
v 0.273342 7.26239 0.374556 
v 0.310339 7.18405 0.369668 
v 0.308209 7.22057 0.35726 
v 0.317644 7.24584 0.332038 
v 0.321733 7.29326 0.301396 
v 0.325634 7.34952 0.261943 
v 0.331899 7.45433 0.191258 
v 0.333002 7.42111 0.194113 
v 0.282586 7.50323 0.286724 
v 0.314415 7.53959 0.189818 
v 0.341591 7.45973 0.167349 
v 0.266865 7.47331 0.35077 
v 0.246188 7.35591 0.475789 
v 0.292331 7.5304 0.32453 
v 0.286889 7.53405 0.288513 
v 0.305735 7.61636 0.199122 
v 0.3079 7.63398 0.220205 
v 0.319704 7.58041 0.295278 
v 0.315418 7.66418 0.0906307 
v 0.341347 7.58982 0.0423409 
v 0.320617 7.63948 -0.0114654 
v 0.316759 7.6714 -0.0179424 
v 0.323207 7.69031 0.198261 
v 0.302881 7.70514 -0.0521047 
v -0.296976 8.17717 0.46587 
v -0.232574 8.15381 0.527459 
v -0.283027 8.06657 0.439723 
v -0.215554 8.0218 0.504879 
v -0.236376 7.94735 0.433906 
v -0.164303 7.92737 0.505235 
v -0.163289 7.86582 0.435323 
v -0.126115 7.87505 0.484465 
v -0.219535 7.89277 0.353232 
v -0.17447 7.85278 0.371358 
v -0.167921 7.84794 0.284324 
v -0.219037 7.88531 0.267655 
v -0.287342 7.96265 0.282417 
v -0.311625 8.02083 0.331526 
v -0.35372 8.08303 0.231546 
v -0.35687 8.13191 0.311108 
v -0.382292 8.24222 0.31501 
v -0.395108 8.21788 0.234161 
v -0.422245 8.32905 0.176975 
v -0.40679 8.24553 0.0926828 
v -0.425398 8.37315 -0.00141366 
v -0.414863 8.44094 -0.138611 
v -0.392112 8.28409 -0.0967976 
v -0.37375 8.14792 0.0269164 
v -0.378527 8.31892 -0.177017 
v -0.392839 8.45776 -0.217109 
v -0.355542 8.1567 -0.0873517 
v -0.302023 8.15471 -0.218097 
v -0.421711 8.5694 -0.151464 
v -0.39397 8.5556 -0.236231 
v -0.413846 8.6557 -0.154721 
v -0.38329 8.66623 -0.243288 
v -0.354417 8.775 -0.210194 
v -0.340394 8.7239 -0.290567 
v -0.304805 8.8167 -0.258377 
v -0.292968 8.86586 -0.183764 
v -0.321148 7.69552 -0.0501344 
v -0.304588 7.6863 -0.0352592 
v -0.321901 7.73234 -0.0381046 
v -0.302835 7.75681 -0.0366047 
v -0.317508 7.81536 -0.022992 
v 0.210037 5.03676 0.50417 
v 0.231586 5.03465 0.504168 
v 0.229848 5.02108 0.520437 
v 0.495246 0.164288 -0.46154 
v 0.55014 0.184392 -0.406217 
v 0.565515 0.167651 -0.395993 
v 0.520617 0.303123 -0.424651 
v 0.581508 0.184986 -0.339019 
v 0.597258 0.167797 -0.281937 
v 0.578325 0.271949 -0.358109 
v 0.564554 0.324324 -0.363442 
v 0.508751 0.368868 -0.400569 
v 0.593526 0.306964 -0.296457 
v 0.551494 0.369403 -0.33908 
v 0.526565 0.387057 -0.377031 
v 0.480752 0.387585 -0.417783 
v 0.561671 0.387654 -0.316088 
v 0.580613 0.369257 -0.217012 
v 0.58632 0.388186 -0.211275 
v 0.574692 0.368361 -0.139179 
v 0.557734 0.387702 -0.0246275 
v 0.602618 0.303421 -0.21196 
v 0.586171 0.2837 0.0702273 
v 0.59611 0.18794 0.217827 
v 0.612563 0.167315 0.221503 
v 0.607785 0.169171 0.732909 
v 0.58248 0.248941 0.398638 
v 0.569896 0.284013 0.382406 
v 0.571611 0.284168 0.561756 
v 0.603146 0.210598 0.661451 
v 0.593034 0.287836 0.732155 
v 0.592036 0.247414 0.797142 
v 0.587936 0.167159 0.813981 
v 0.561214 0.329702 0.789021 
v 0.571334 0.215961 0.842483 
v 0.551932 0.168107 0.864423 
v 0.540694 0.273292 0.860529 
v 0.522404 0.335059 0.83342 
v -0.0999307 5.07972 0.613259 
v -0.107467 4.6082 0.650981 
v -0.117956 4.8641 0.606379 
v -0.136392 3.62564 0.649414 
v -0.0941633 5.1346 0.653701 
v -0.0813442 5.48742 0.612709 
v -0.136036 3.39108 0.668664 
v -0.158305 3.54597 0.633197 
v -0.122146 4.44389 0.703057 
v -0.120944 4.80228 0.701288 
v -0.139455 3.49862 0.723938 
v -0.100192 5.14878 0.6743 
v -0.073242 5.74266 0.64974 
v -0.0831573 5.68191 0.596178 
v -0.141217 3.01574 0.721417 
v -0.152392 3.04218 0.747247 
v -0.151037 2.77217 0.742221 
v -0.145935 2.75877 0.689192 
v -0.161141 2.74931 0.741541 
v -0.153935 2.7707 0.663998 
v -0.172261 2.74451 0.662735 
v -0.495804 3.12545 0.549601 
v -0.353502 7.38932 0.225624 
v -0.306741 7.31812 0.330667 
v -0.344151 7.2924 0.297757 
v -0.341444 7.26518 0.312021 
v -0.286596 7.43173 0.323533 
v -0.330193 7.25014 0.336945 
v -0.324324 7.23309 0.329449 
v -0.225821 7.22389 0.472043 
v -0.349063 7.43739 0.208915 
v -0.337842 7.42389 0.190115 
v -0.360361 7.44191 0.186027 
v -0.360361 7.44191 0.186027 
v -0.31905 7.55826 0.220489 
v -0.356817 7.56553 0.0903076 
v -0.341318 7.6363 -0.00214035 
v -0.266705 7.41372 0.400248 
v -0.318071 7.6234 0.214863 
v -0.325223 7.70294 0.101615 
v -0.321901 7.73234 -0.0381046 
v -0.321148 7.69552 -0.0501344 
v -0.322922 7.70278 0.167797 
v -0.321803 7.5573 0.313957 
v -0.170983 7.04828 0.602669 
v -0.241215 7.28217 0.516689 
v -0.168107 7.04788 0.568457 
v -0.287984 7.05473 0.44845 
v -0.296576 7.10825 0.42909 
v -0.168603 6.96795 0.5577 
v -0.25897 6.99112 0.484578 
v -0.106647 6.85239 0.619741 
v -0.242777 6.93515 0.502274 
v -0.309832 7.16618 0.393376 
v -0.311449 7.11575 0.410193 
v -0.324385 7.17992 0.371499 
v -0.300385 7.13645 0.391785 
v -0.0997195 6.76682 0.612707 
v -0.193097 6.71113 0.522652 
v -0.0852193 6.73608 0.639371 
v -0.194373 6.68099 0.540431 
v -0.0831657 6.49399 0.63311 
v -0.157825 6.54459 0.558132 
v -0.126533 6.33837 0.559258 
v -0.167911 6.61154 0.559663 
v -0.186071 6.62057 0.540532 
v -0.157234 6.57143 0.540587 
v -0.157825 6.54459 0.558132 
v -0.0851055 6.02463 0.593975 
v -0.110062 6.03615 0.557405 
v -0.07212 5.72842 0.625349 
v -0.119855 5.96529 0.540472 
v -0.10301 6.06504 0.543482 
v -0.0831573 5.68191 0.596178 
v -0.133871 5.82085 0.542313 
v -0.155723 5.74477 0.522014 
v -0.138369 5.80941 0.522528 
v -0.170879 5.62556 0.52132 
v -0.0813442 5.48742 0.612709 
v -0.0999307 5.07972 0.613259 
v -0.317508 7.81536 -0.022992 
v -0.325223 7.70294 0.101615 
v -0.321901 7.73234 -0.0381046 
v -0.19505 5.4211 0.522121 
v -0.218583 5.24188 0.521991 
v -0.220883 5.26267 0.503766 
v -0.193484 5.22624 0.544859 
v -0.173343 5.4424 0.539885 
v -0.196933 5.41192 0.503194 
v -0.176486 5.43728 0.52119 
v -0.173343 5.4424 0.539885 
v -0.151465 5.47939 0.525276 
v 0.155635 5.58722 0.520422 
v 0.1489 5.49805 0.540054 
v 0.0821172 5.13587 0.613336 
v 0.172581 5.51882 0.506851 
v 0.15825 5.58451 0.503472 
v 0.151132 5.5173 0.48138 
v 0.133486 5.68066 0.505045 
v 0.136811 5.74268 0.52185 
v 0.155693 3.00369 0.760561 
v 0.0821172 5.13587 0.613336 
v 0.13425 2.77147 0.748045 
v 0.153327 2.77107 0.764021 
v 0.161074 2.74464 0.752268 
v 0.134107 2.74827 0.699158 
v 0.125412 2.77249 0.692954 
v 0.118919 3.58745 0.649915 
v 0.134234 2.77092 0.666017 
v 0.153796 2.74842 0.663018 
v 0.409773 2.7503 0.600126 
v 0.462643 2.77526 0.560541 
v 0.601366 2.74822 0.529167 
v 0.553702 2.77069 0.524468 
v 0.476317 3.94519 0.495988 
v 0.555835 3.48579 0.48592 
v 0.660167 3.1705 0.437803 
v 0.645991 2.77143 0.473907 
v 0.744171 2.77171 0.388007 
v 0.819024 2.76407 0.299386 
v 0.590012 4.04036 0.418926 
v 0.676613 3.6929 0.37487 
v 0.11932 4.35849 0.61861 
v 0.715979 3.67926 0.325307 
v 0.784176 3.60295 0.201254 
v 0.662736 4.10401 0.321417 
v 0.86235 2.78805 0.192221 
v 0.874677 2.76766 0.194602 
v 0.887732 2.78759 0.0529174 
v 0.906711 2.76556 -0.00828378 
v 0.886482 2.78812 -0.0467737 
v 0.802649 3.76659 0.00591528 
v 0.819426 3.40899 -0.169704 
v 0.724297 3.99312 0.194609 
v 0.810113 3.68442 -0.0629232 
v 0.820663 3.08252 -0.242603 
v 0.78371 3.43946 -0.280312 
v 0.763604 3.75575 -0.25591 
v 0.84681 2.89607 -0.200144 
v 0.793754 2.78791 -0.369301 
v 0.87033 2.79109 -0.150122 
v 0.821418 2.76885 -0.3516 
v 0.778349 3.84834 -0.0822026 
v 0.741242 3.90801 -0.201809 
v 0.705301 3.97879 -0.28505 
v 0.686582 3.996 -0.348846 
v 0.687015 4.00996 -0.299735 
v 0.686548 4.01924 -0.320666 
v 0.669005 4.039 -0.335622 
v 0.665115 4.06333 -0.362006 
v 0.706072 3.98907 -0.241878 
v 0.704934 4.00498 -0.263766 
v 0.723679 3.9645 -0.224155 
v 0.723742 3.944 -0.190741 
v 0.74152 3.92862 -0.173101 
v 0.758803 3.892 -0.122522 
v 0.742168 3.90778 -0.127808 
v 0.758948 3.904 -0.0947821 
v 0.760747 3.8865 -0.0567427 
v 0.777473 3.89989 -0.0147773 
v 0.759863 3.97286 -0.0172349 
v 0.758455 3.9708 0.042026 
v 0.760217 3.98473 0.0101218 
v 0.742034 3.99731 0.0262376 
v 0.741797 4.04083 0.0435093 
v 0.741903 4.04154 0.0804075 
v 0.740018 4.01027 0.123445 
v 0.724046 4.05364 0.098135 
v 0.723843 4.0738 0.131202 
v 0.706917 4.06716 0.153248 
v 0.705149 4.1142 0.186008 
v 0.702194 4.07795 0.230949 
v 0.687331 4.11416 0.208893 
v 0.684093 4.1634 0.252712 
v 0.686967 4.16238 0.226838 
v 0.671641 4.16895 0.290058 
v 0.668325 4.22924 0.264835 
v 0.65058 4.23548 0.283361 
v 0.649956 4.24064 0.303827 
v 0.588594 4.2782 0.360728 
v 0.61997 4.28161 0.332958 
v 0.536332 4.26458 0.417334 
v 0.569077 4.31871 0.365269 
v 0.540992 4.3436 0.393922 
v 0.507546 4.40257 0.410359 
v 0.52193 4.3968 0.393699 
v 0.370444 4.48792 0.498233 
v 0.47856 4.45047 0.429194 
v 0.474301 4.45764 0.41869 
v 0.467269 4.54791 0.430183 
v 0.41566 4.53056 0.468785 
v 0.449443 4.53154 0.448366 
v 0.467269 4.54791 0.430183 
v 0.422362 4.6087 0.448578 
v 0.357978 4.74551 0.466874 
v 0.375456 4.73916 0.448566 
v 0.200072 4.93759 0.546751 
v 0.304769 4.87606 0.485506 
v 0.329828 4.84444 0.467384 
v 0.264695 4.95091 0.495101 
v 0.274191 4.95283 0.485633 
v 0.229848 5.02108 0.520437 
v 0.231586 5.03465 0.504168 
v 0.20774 5.12561 0.521839 
v 0.19379 5.1348 0.539062 
v 0.163886 5.20412 0.540667 
v 0.179211 5.2286 0.540339 
v 0.185609 5.32416 0.52201 
v 0.197148 5.24628 0.519898 
v 0.155875 5.4437 0.540847 
v 0.173465 5.41626 0.521898 
v 0.1489 5.49805 0.540054 
v 0.87017 4.11219 -0.300338 
v 0.888342 4.05521 -0.265311 
v 0.888891 4.10735 -0.305002 
v 0.867437 4.13562 -0.349271 
v -0.342698 2.77388 0.613557 
v -0.495804 3.12545 0.549601 
v -0.153935 2.7707 0.663998 
v -0.473948 2.77661 0.574048 
v -0.172261 2.74451 0.662735 
v -0.0463888 2.75882 -0.840602 
v 0.202815 2.79102 -0.779547 
v -0.00738648 2.76845 -0.816773 
v 0.259688 2.7658 -0.78299 
v -0.109841 4.02377 -0.688337 
v -0.124937 2.79158 -0.795078 
v -0.301376 4.24659 -0.635362 
v 0.0313697 3.51819 -0.736635 
v 0.38359 2.78897 -0.72231 
v 0.45561 2.76768 -0.70441 
v 0.229095 3.72848 -0.6908 
v 0.416376 3.52653 -0.648387 
v 0.0711681 4.63347 -0.649583 
v 0.515318 2.78992 -0.652488 
v 0.637106 2.76888 -0.588712 
v 0.576756 3.39288 -0.563123 
v 0.654379 2.7912 -0.551098 
v 0.698208 2.79072 -0.50767 
v 0.732229 2.76949 -0.489397 
v 0.793754 2.78791 -0.369301 
v 0.733085 3.3067 -0.403721 
v 0.820663 3.08252 -0.242603 
v 0.78371 3.43946 -0.280312 
v 0.665553 3.6297 -0.463609 
v 0.687026 3.81599 -0.411213 
v 0.763604 3.75575 -0.25591 
v 0.686582 3.996 -0.348846 
v 0.633206 4.02671 -0.441216 
v 0.665115 4.06333 -0.362006 
v 0.645875 4.10372 -0.38134 
v 0.623371 4.1404 -0.413098 
v 0.600865 4.17693 -0.446185 
v 0.605686 4.19482 -0.415073 
v 0.595364 4.23636 -0.43039 
v 0.563027 4.25716 -0.463178 
v 0.460439 4.27478 -0.552374 
v 0.567578 3.83169 -0.529919 
v 0.25347 4.5043 -0.623322 
v 0.424657 4.39094 -0.557205 
v 0.384931 4.48959 -0.558822 
v 0.297225 4.5733 -0.594325 
v 0.264144 4.57843 -0.613067 
v 0.251113 4.59449 -0.596213 
v 0.241091 4.61228 -0.614127 
v 0.19191 4.61507 -0.632017 
v 0.241091 4.61228 -0.614127 
v 0.168492 4.63469 -0.61649 
v 0.168089 4.65135 -0.631925 
v 0.0614366 4.65651 -0.633168 
v 0.0231917 4.66605 -0.651832 
v -0.0774741 4.63494 -0.650549 
v -0.084372 4.65028 -0.632269 
v -0.167813 4.64368 -0.631953 
v -0.191911 4.6281 -0.633726 
v -0.211887 4.59558 -0.633197 
v -0.211886 4.62351 -0.614928 
v -0.258506 4.61092 -0.611831 
v -0.272939 4.58092 -0.613103 
v -0.271634 4.60278 -0.59718 
v -0.314763 4.57603 -0.594437 
v -0.333387 4.41697 -0.608266 
v -0.463022 4.28672 -0.561422 
v -0.379868 4.52501 -0.558752 
v -0.352121 4.56254 -0.571955 
v -0.44525 4.39774 -0.559366 
v -0.457003 4.33701 -0.552054 
v -0.489095 4.31658 -0.538783 
v -0.191026 5.51686 0.503537 
v -0.165437 5.49887 0.540129 
v -0.180263 5.49398 0.516391 
v -0.151465 5.47939 0.525276 
v -0.170879 5.62556 0.52132 
v -0.0999307 5.07972 0.613259 
v -0.173343 5.4424 0.539885 
v -0.193484 5.22624 0.544859 
v -0.790426 3.52919 0.247316 
v -0.838945 3.32706 0.17101 
v -0.840792 3.51024 0.085116 
v -0.852803 3.43591 0.0371017 
v -0.788927 3.72808 0.192733 
v -0.687366 4.05923 0.317448 
v -0.842839 3.57665 -0.0235686 
v -0.847866 3.36548 -0.129035 
v -0.828791 3.69658 0.0487664 
v -0.81469 3.69994 -0.125456 
v -0.823319 3.73684 -0.0233603 
v -0.80309 3.85684 0.047779 
v -0.77741 3.64614 -0.299207 
v -0.796355 3.84161 -0.0697995 
v -0.783285 3.70512 -0.260718 
v -0.777915 3.87904 -0.139388 
v -0.686172 3.9974 -0.397831 
v -0.77816 3.89745 -0.102698 
v -0.761275 3.90895 -0.117629 
v -0.760195 3.94793 -0.138764 
v -0.778411 3.89335 -0.0524777 
v -0.759979 3.91536 -0.181547 
v -0.797176 3.88576 -0.0031556 
v -0.777409 3.9635 -0.0027843 
v -0.777969 3.96246 0.0468596 
v -0.720516 3.9645 -0.308807 
v -0.739562 3.96225 -0.232653 
v -0.742758 3.98426 -0.199962 
v -0.722973 4.00657 -0.266582 
v -0.723603 4.01957 -0.246395 
v -0.705417 4.00698 -0.28461 
v -0.704937 4.02043 -0.320832 
v -0.689749 4.04225 -0.331041 
v -0.675841 4.06954 -0.386074 
v -0.759999 3.9658 0.0271987 
v -0.759566 4.0298 0.0573683 
v -0.760002 4.01324 0.0932466 
v -0.738351 4.02548 0.176576 
v -0.74006 4.05708 0.137722 
v -0.741606 4.07316 0.111277 
v -0.723546 4.076 0.150179 
v -0.723361 4.10094 0.192403 
v -0.723388 4.11255 0.164532 
v -0.71743 4.10222 0.214972 
v -0.701761 4.13935 0.263287 
v -0.705404 4.18144 0.225086 
v -0.687634 4.16655 0.246229 
v -0.647429 4.26786 0.323552 
v -0.635601 4.0724 0.380526 
v -0.686673 4.23308 0.265 
v -0.687634 4.16655 0.246229 
v -0.654514 4.27217 0.296893 
v -0.556191 4.28376 0.408246 
v -0.59804 4.32386 0.355243 
v -0.565403 4.34286 0.38757 
v -0.501561 4.45316 0.428807 
v -0.523878 4.44386 0.408322 
v -0.494116 4.46552 0.418035 
v -0.482965 4.53327 0.42987 
v -0.679957 2.76125 0.481078 
v -0.690844 2.92601 0.451183 
v -0.584026 2.76428 0.534669 
v -0.648932 3.04658 0.473976 
v -0.495804 3.12545 0.549601 
v -0.473948 2.77661 0.574048 
v -0.544359 3.57292 0.500331 
v -0.609708 3.82968 0.437856 
v -0.43412 3.74286 0.532906 
v -0.158305 3.54597 0.633197 
v -0.136392 3.62564 0.649414 
v -0.188919 4.0738 0.607378 
v -0.117956 4.8641 0.606379 
v -0.427103 4.05956 0.511464 
v -0.556191 4.28376 0.408246 
v -0.635601 4.0724 0.380526 
v -0.501561 4.45316 0.428807 
v -0.36165 4.48461 0.508279 
v -0.46718 4.51063 0.449044 
v -0.482965 4.53327 0.42987 
v -0.418709 4.67189 0.449719 
v -0.398604 4.68369 0.465582 
v -0.386914 4.71949 0.448438 
v -0.375236 4.77014 0.467124 
v -0.375236 4.77014 0.467124 
v -0.319738 4.8866 0.486654 
v -0.345408 4.87991 0.467479 
v -0.32196 4.91318 0.466692 
v -0.0999307 5.07972 0.613259 
v -0.307014 4.94112 0.485319 
v -0.282942 4.96821 0.486506 
v -0.267084 4.97919 0.502603 
v -0.248494 5.02523 0.503953 
v -0.241604 5.03172 0.520126 
v -0.226465 5.13253 0.521528 
v -0.21074 5.15512 0.53997 
v -0.195848 5.20501 0.538948 
v -0.193484 5.22624 0.544859 
v 0.851424 4.13946 -0.357229 
v 0.867437 4.13562 -0.349271 
v 0.871385 4.13333 -0.378633 
v -0.671936 2.76684 -0.57812 
v -0.551429 2.76788 -0.662389 
v -0.596692 2.7908 -0.616754 
v -0.40243 3.02465 -0.705369 
v -0.545176 3.73836 -0.568066 
v -0.366131 2.79101 -0.738476 
v -0.37756 2.76716 -0.751933 
v -0.353345 3.65964 -0.665252 
v -0.287429 2.79439 -0.763233 
v -0.199086 2.76848 -0.797042 
v -0.529172 7.66117 -0.122231 
v -0.526824 7.65883 -0.0872763 
v -0.538261 7.68288 -0.100474 
v -0.81913 2.76853 0.331927 
v -0.866769 2.91528 0.189209 
v -0.844529 2.87137 0.252603 
v -0.7489 2.76743 0.419546 
v -0.79117 3.2647 0.300016 
v -0.690844 2.92601 0.451183 
v -0.679957 2.76125 0.481078 
v -0.733308 3.05027 0.398825 
v -0.648932 3.04658 0.473976 
v -0.69988 3.24304 0.418718 
v -0.609708 3.82968 0.437856 
v -0.67572 3.72513 0.392258 
v -0.922049 2.76529 -0.0392913 
v -0.902869 2.78628 0.0827235 
v -0.911845 2.76893 0.109603 
v -0.875704 2.7682 0.233619 
v -0.901319 2.79183 -0.0849338 
v -0.902892 2.76799 -0.168656 
v -0.888588 2.78972 -0.164641 
v -0.84406 2.78837 -0.313605 
v -0.875666 3.05127 -0.102298 
v -0.811827 3.25258 -0.286272 
v -0.788885 2.79008 -0.415954 
v -0.703528 2.81368 -0.520041 
v -0.657402 3.9744 -0.448544 
v -0.735116 2.79072 -0.48782 
v -0.596692 2.7908 -0.616754 
v -0.545176 3.73836 -0.568066 
v -0.588372 4.11972 -0.49215 
v -0.463022 4.28672 -0.561422 
v -0.638298 4.1585 -0.417263 
v -0.661808 4.12393 -0.3801 
v -0.669524 4.05891 -0.363676 
v -0.642168 4.16157 -0.400404 
v -0.628989 4.20983 -0.414442 
v -0.598671 4.25179 -0.448443 
v -0.556026 4.26898 -0.486807 
v -0.489095 4.31658 -0.538783 
v -0.538818 4.28706 -0.486829 
v -0.611917 0.168674 -0.327819 
v -0.631157 0.166712 0.163907 
v -0.617354 0.185722 0.0941036 
v -0.605104 0.251192 0.217393 
v -0.612751 0.184349 0.247691 
v -0.618666 0.296148 -0.173422 
v -0.598894 0.257033 0.475472 
v -0.631378 0.168346 0.720346 
v -0.598652 0.321731 -0.0606001 
v -0.608818 0.306416 -0.282087 
v -0.585469 0.29066 0.271493 
v -0.552377 0.334435 0.247757 
v -0.558996 0.352603 0.0701503 
v -0.588812 0.288748 0.5467 
v -0.518411 0.387971 0.120731 
v -0.517144 0.370945 0.152765 
v -0.564597 0.388457 -0.0196843 
v -0.592387 0.368617 -0.1741 
v -0.597712 0.388281 -0.201257 
v -0.58753 0.370335 -0.254272 
v -0.564768 0.386031 -0.326578 
v -0.591822 0.302183 -0.356023 
v -0.563835 0.315176 -0.395424 
v -0.542063 0.38664 -0.371367 
v -0.585506 0.237494 -0.388003 
v -0.486732 0.385219 -0.415694 
v -0.523497 0.303936 -0.438566 
v -0.5552 0.185875 -0.426914 
v -0.495867 0.269855 -0.463463 
v -0.592717 0.185657 -0.370156 
v -0.58492 0.167027 -0.401352 
v -0.506976 0.167525 -0.472481 
v -0.514262 0.187361 -0.46033 
v -0.593903 0.289745 0.800231 
v -0.621426 0.256151 0.698089 
v -0.602254 0.168039 0.821457 
v -0.60503 0.307466 0.709974 
v -0.57249 0.351473 0.692854 
v -0.573683 0.348181 0.750856 
v -0.554588 0.256682 0.864891 
v -0.552373 0.169345 0.879067 
v -0.542665 0.325542 0.838151 
v -0.522142 0.378439 0.783516 
v -0.900645 4.0997 -0.41317 
v -0.943237 4.21849 -0.367248 
v -0.887493 4.12513 -0.372883 
v -0.887878 4.12616 -0.351701 
v -0.947451 4.21158 -0.403778 
v -0.870367 4.06602 -0.391079 
v -0.870997 4.1247 -0.359408 
v -0.896754 4.04758 -0.415789 
v -0.89841 4.06903 -0.43015 
v -0.871613 4.0022 -0.404307 
v -0.577209 6.37947 -0.695959 
v -0.708451 6.41425 -0.598638 
v -0.723479 6.42121 -0.600108 
v -0.887493 4.12513 -0.372883 
v -0.887878 4.12616 -0.351701 
v -0.870997 4.1247 -0.359408 
v 0.25325 0.172017 0.847545 
v 0.279171 0.158696 0.8985 
v 0.295523 0.169414 0.884503 
v 0.286188 0.225199 0.873895 
v 0.336421 0.166079 0.905986 
v 0.382034 0.168905 0.913779 
v 0.337844 0.276213 0.887931 
v 0.294853 0.315398 0.840164 
v 0.358862 0.341759 0.855973 
v 0.363514 0.380821 0.815088 
v 0.407417 0.338727 0.868437 
v 0.449316 0.376805 0.826246 
v 0.405275 0.264763 0.906703 
v 0.44012 0.166569 0.915292 
v 0.46908 0.320962 0.871988 
v 0.522404 0.335059 0.83342 
v 0.540694 0.273292 0.860529 
v 0.480492 0.25116 0.899852 
v 0.499967 0.167396 0.899484 
v 0.571334 0.215961 0.842483 
v 0.551932 0.168107 0.864423 
v -0.456154 0.209695 -0.483217 
v -0.514262 0.187361 -0.46033 
v -0.495867 0.269855 -0.463463 
v -0.433237 0.315484 -0.476455 
v -0.523497 0.303936 -0.438566 
v -0.486732 0.385219 -0.415694 
v -0.416277 0.387785 -0.445964 
v -0.428851 0.183117 -0.485642 
v -0.506976 0.167525 -0.472481 
v -0.427053 0.166056 -0.50212 
v -0.401375 0.240723 -0.49024 
v -0.365731 0.181945 -0.485741 
v -0.347234 0.167137 -0.501445 
v -0.388992 0.308449 -0.480836 
v -0.3322 0.247175 -0.476307 
v -0.284953 0.185112 -0.456483 
v -0.210973 0.17206 -0.429284 
v -0.204208 0.186426 -0.393466 
v -0.344693 0.368189 -0.438977 
v -0.365625 0.387628 -0.443021 
v -0.26861 0.387414 -0.397334 
v -0.300974 0.309588 -0.451565 
v -0.226675 0.218079 -0.420344 
v -0.189964 0.238932 -0.378404 
v -0.177164 0.184561 -0.347819 
v -0.236132 0.2994 -0.415079 
v -0.178553 0.295295 -0.333765 
v -0.234592 0.366541 -0.365218 
v -0.213633 0.387498 -0.325239 
v -0.275766 0.368766 -0.403912 
v 0.92143 4.01556 0.0984995 
v 0.92331 3.98638 0.118741 
v 0.94302 4.0242 0.0977358 
v 0.924651 4.03629 0.0413223 
v -0.554588 0.256682 0.864891 
v -0.552373 0.169345 0.879067 
v -0.495279 0.16847 0.907253 
v -0.493137 0.297092 0.88493 
v -0.542665 0.325542 0.838151 
v -0.480894 0.359141 0.84062 
v -0.449026 0.267024 0.907 
v -0.428879 0.325277 0.879504 
v -0.43607 0.378738 0.827282 
v -0.428224 0.168133 0.919543 
v -0.370035 0.371637 0.825765 
v -0.374616 0.238088 0.906611 
v -0.382816 0.170617 0.915158 
v -0.294928 0.167221 0.880104 
v -0.370909 0.308156 0.881411 
v -0.328474 0.25093 0.886778 
v -0.286153 0.185734 0.863376 
v -0.242297 0.166852 0.822089 
v -0.28104 0.241616 0.851041 
v -0.316779 0.311197 0.852214 
v -0.271853 0.293511 0.809989 
v -0.305166 0.350907 0.795376 
v 0.838647 4.04416 -0.513769 
v 0.816829 4.07646 -0.516754 
v 0.838597 4.06833 -0.555007 
v 0.830944 4.10066 -0.561407 
v 0.828245 4.05838 -0.480145 
v 0.812067 4.10692 -0.502363 
v 0.839121 4.14822 -0.548945 
v 0.834113 4.08158 -0.441101 
v 0.854767 4.04194 -0.462111 
v 0.832043 4.15428 -0.501437 
v 0.884791 4.05741 -0.42813 
v 0.892942 4.20809 -0.521873 
v 0.879391 4.08054 -0.411633 
v 0.89613 4.04358 -0.417088 
v 0.835886 4.13111 -0.451534 
v 0.84959 4.11444 -0.429701 
v 0.886672 4.11712 -0.411814 
v 0.900915 4.19464 -0.432476 
v 0.877971 4.18847 -0.457256 
v 0.923699 4.18639 -0.409635 
v 0.883712 4.20948 -0.495146 
v 0.904578 4.25606 -0.470155 
v 0.907402 4.25217 -0.494715 
v 0.932485 4.25357 -0.525625 
v 0.921507 4.3705 -0.471076 
v 0.907208 4.35456 -0.438186 
v 0.908415 4.45103 -0.443604 
v 0.928114 4.45267 -0.48193 
v 0.911541 4.45371 -0.349297 
v 0.921428 4.21621 -0.382223 
v 0.937587 4.23669 -0.287831 
v 0.999191 4.45204 -0.0342333 
v 0.919493 4.2155 -0.355841 
v 0.871385 4.13333 -0.378633 
v 0.867437 4.13562 -0.349271 
v 0.927883 4.20738 -0.327332 
v 0.888891 4.10735 -0.305002 
v 0.963212 4.19472 -0.265308 
v 0.94104 4.13056 -0.264451 
v 0.907392 4.06937 -0.264425 
v 0.888342 4.05521 -0.265311 
v 0.906239 4.06503 -0.226292 
v 0.922546 4.09774 -0.22371 
v 0.90668 4.03578 -0.149196 
v 0.957218 4.19651 -0.222211 
v 0.955506 4.21598 -0.259232 
v 0.968998 4.20321 -0.193397 
v 0.960359 4.23377 -0.180595 
v 0.933888 4.07288 -0.161309 
v 0.95952 4.05745 -0.116693 
v 0.925939 4.01984 -0.118652 
v 1.00125 4.1943 -0.143172 
v 0.924559 4.0404 -0.0720382 
v 0.977012 4.14388 -0.074372 
v 0.950824 4.07657 -0.0765551 
v 0.925652 4.00995 -0.0135375 
v 0.960924 4.07997 -0.0279328 
v 0.924651 4.03629 0.0413223 
v 1.00536 4.20448 -0.12271 
v 0.953943 4.09619 0.0171393 
v 0.94302 4.0242 0.0977358 
v 0.978628 4.18948 0.00786375 
v 0.980452 4.21211 -0.0496479 
v 0.980502 4.23365 -0.0873183 
v 0.985861 4.26691 -0.0284282 
v 1.00807 4.22643 0.0340744 
v 1.01586 4.39353 -0.00864833 
v 1.01886 4.45503 -0.0105224 
v -1.06644 4.27618 0.0332843 
v -1.03499 4.11117 0.0955078 
v -1.01742 4.22046 0.0199355 
v -1.0489 4.45429 -0.0162359 
v -1.01911 4.45065 -0.0439011 
v -0.999996 4.45313 -0.0853093 
v -0.96417 4.05316 0.0757538 
v -0.979245 4.01615 0.115713 
v -0.961207 4.01566 0.100632 
v -0.962403 3.98072 0.110443 
v -0.943567 4.03333 0.0802099 
v -0.943046 4.03825 0.0385798 
v -0.979709 4.12188 0.0270139 
v -0.99707 4.24189 -0.108617 
v -1.00634 4.22434 -0.00796761 
v -0.99707 4.24189 -0.108617 
v -0.980588 4.07263 -0.0186971 
v -0.995745 4.1321 -0.0795827 
v -1.00762 4.21421 -0.0584374 
v -0.961061 4.02098 -0.0112435 
v -0.942716 4.00921 0.000865955 
v -0.94267 4.01821 -0.0648344 
v -0.971011 4.05947 -0.067888 
v -0.968298 4.03069 -0.112811 
v -0.946863 4.00466 -0.109288 
v -0.925353 4.01593 -0.132879 
v -0.923658 4.06167 -0.225335 
v -0.906 4.05785 -0.265335 
v -0.92599 4.07662 -0.273997 
v -0.956712 4.11865 -0.222566 
v -0.974522 4.14377 -0.271651 
v -0.971163 4.11725 -0.184363 
v -1.02921 4.19063 -0.145883 
v -0.991101 4.2008 -0.197296 
v -1.02353 4.21011 -0.123932 
v -0.985539 4.19614 -0.276002 
v -0.951041 4.20979 -0.328798 
v -0.97994 4.23587 -0.199328 
v -0.958348 4.23764 -0.289861 
v -0.943237 4.21849 -0.367248 
v -0.968319 4.33319 -0.267301 
v -0.928715 4.45343 -0.34149 
v -0.922295 4.45231 -0.407035 
v -0.927139 4.23485 -0.442398 
v -0.947451 4.21158 -0.403778 
v -0.936251 4.36844 -0.459254 
v -0.936547 4.45333 -0.459729 
v -0.969996 4.37031 -0.495529 
v -0.969415 4.45299 -0.494127 
v -0.933045 4.27137 -0.48592 
v -0.966498 4.27531 -0.520388 
v -0.923541 4.2315 -0.505199 
v -0.942533 4.22649 -0.534211 
v -0.873723 4.14873 -0.56126 
v -0.911833 4.22084 -0.475406 
v -0.853165 4.14968 -0.536009 
v -0.859775 4.09935 -0.561985 
v -0.904372 4.13867 -0.579896 
v -0.853822 4.15728 -0.496336 
v -0.842912 4.11118 -0.529257 
v -0.849637 4.07437 -0.53069 
v -0.841144 4.10332 -0.482513 
v -0.859826 4.05668 -0.476574 
v -0.866403 4.07575 -0.445649 
v -0.85343 4.13714 -0.466896 
v -0.861761 4.12327 -0.443783 
v -0.900645 4.0997 -0.41317 
v -0.923466 4.19451 -0.431149 
v -0.947451 4.21158 -0.403778 
v 0.599963 7.25999 0.439605 
v 0.572358 7.20214 0.400589 
v 0.633705 7.27701 0.386905 
v 0.644373 7.31368 0.385736 
v 0.717397 7.35727 0.271013 
v 0.61742 7.26928 0.328073 
v 0.663344 7.34365 0.196044 
v 0.738274 7.38211 0.168129 
v 0.696875 7.36445 0.168466 
v 0.697199 7.39567 0.126071 
v 0.738135 7.41338 0.140642 
v 0.756429 7.41103 0.183063 
v 0.738312 7.41377 0.241866 
v -0.974522 4.14377 -0.271651 
v -0.92599 4.07662 -0.273997 
v -0.90289 4.13056 -0.325004 
v -0.906 4.05785 -0.265335 
v -0.890388 4.10218 -0.295353 
v -0.951041 4.20979 -0.328798 
v -0.943237 4.21849 -0.367248 
v -0.887878 4.12616 -0.351701 
v -0.890388 4.10218 -0.295353 
v -0.574389 7.62672 0.0461838 
v -0.575153 7.53433 0.0822519 
v -0.598222 7.57321 0.10281 
v -0.543855 7.54534 0.0541629 
v -0.538293 7.58595 0.0239302 
v -0.526824 7.65883 -0.0872763 
v -0.538261 7.68288 -0.100474 
v -0.525032 7.76077 -0.199301 
v -0.55639 7.70875 -0.0632909 
v -0.513779 7.67965 -0.13061 
v -0.502601 7.72559 -0.191434 
v -0.466012 7.75261 -0.268035 
v -0.490408 7.80538 -0.290031 
v -0.434982 7.7704 -0.319 
v -0.420158 7.83552 -0.392383 
v -0.341116 7.77009 -0.410425 
v -0.317434 7.78941 -0.430496 
v -0.287609 7.85092 -0.495627 
v -0.226582 7.78963 -0.475211 
v -0.181557 7.85444 -0.537757 
v -0.150976 7.78844 -0.501245 
v -0.098692 7.83772 -0.552303 
v -0.0580969 7.78753 -0.519569 
v -0.00864859 7.86759 -0.568088 
v 0.0162333 7.83771 -0.558154 
v 0.0126623 7.78854 -0.519897 
v 0.0848421 7.85617 -0.558463 
v 0.123407 7.78916 -0.505128 
v 0.213225 7.86189 -0.524771 
v 0.193263 7.79338 -0.48443 
v 0.281164 7.79297 -0.443065 
v 0.304671 7.85244 -0.479045 
v 0.382182 7.83388 -0.413411 
v 0.375388 7.78742 -0.374082 
v 0.410345 7.7707 -0.332184 
v -0.776435 7.40899 0.166926 
v -0.723247 7.39412 0.123238 
v -0.722759 7.37309 0.142392 
v -0.740238 7.43486 0.134866 
v -0.710397 7.40978 0.104212 
v -0.762614 7.38008 0.184265 
v -0.720215 7.36216 0.184711 
v -0.707294 7.3464 0.177343 
v -0.715271 7.33414 0.269833 
v -0.694131 7.34658 0.198531 
v -0.656824 7.29987 0.265725 
v -0.586652 7.19591 0.466217 
v -0.251249 0.260937 0.470153 
v -0.316508 0.377257 0.698521 
v -0.252024 0.302672 0.708887 
v -0.3 0.364864 0.735154 
v -0.305737 0.33963 0.575674 
v -0.269735 0.320895 0.763455 
v -0.305166 0.350907 0.795376 
v -0.271853 0.293511 0.809989 
v -0.234596 0.253021 0.708001 
v -0.22824 0.182 0.747125 
v -0.229061 0.185885 0.469184 
v -0.210303 0.175053 0.39876 
v -0.247659 0.183871 0.805341 
v -0.205573 0.168178 0.74619 
v -0.28104 0.241616 0.851041 
v -0.242297 0.166852 0.822089 
v -0.286153 0.185734 0.863376 
v -0.271481 0.303488 0.409055 
v -0.315475 0.340007 0.454228 
v -0.293878 0.340376 0.279119 
v -0.225411 0.264958 0.188476 
v -0.251781 0.319164 0.171441 
v -0.295973 0.36349 0.155918 
v -0.158054 0.181663 -0.146606 
v -0.279873 0.368051 0.112775 
v -0.294353 0.386874 0.124842 
v -0.268517 0.387347 0.094931 
v -0.255689 0.366022 0.0416234 
v -0.221263 0.388631 -0.0483291 
v -0.174984 0.312422 -0.193258 
v -0.209029 0.368649 -0.15376 
v -0.194698 0.389878 -0.231274 
v -0.197871 0.369326 -0.243298 
v -0.163982 0.297224 -0.260365 
v -0.207953 0.369916 -0.307903 
v -0.213633 0.387498 -0.325239 
v -0.234592 0.366541 -0.365218 
v -0.178553 0.295295 -0.333765 
v -0.155316 0.186209 -0.279656 
v -0.136919 0.170564 -0.31185 
v -0.177164 0.184561 -0.347819 
v -0.189964 0.238932 -0.378404 
v -0.210973 0.17206 -0.429284 
v -0.204208 0.186426 -0.393466 
v 0.116735 0.167838 -0.339472 
v 0.116082 0.16819 -0.142412 
v 0.130267 0.183556 -0.262689 
v 0.139765 0.184357 -0.322153 
v 0.136518 0.18456 -0.158885 
v 0.161337 0.182211 -0.0131496 
v 0.138562 0.254399 -0.213692 
v 0.162633 0.327227 -0.181179 
v 0.153085 0.314531 -0.268642 
v 0.216941 0.287377 0.16704 
v 0.192019 0.175554 0.424693 
v 0.236072 0.367747 0.0259812 
v 0.255692 0.308912 0.343737 
v 0.183911 0.370569 -0.19173 
v 0.182081 0.388197 -0.257041 
v 0.182695 0.389052 -0.182102 
v 0.224438 0.389788 0.00155458 
v 0.205723 0.387199 -0.351953 
v 0.280187 0.387708 0.124054 
v 0.253271 0.349336 0.139696 
v 0.318789 0.391711 0.167284 
v 0.290534 0.35371 0.256524 
v 0.296154 0.341425 0.507974 
v 0.166121 0.296565 -0.351817 
v 0.172054 0.183371 -0.399963 
v 0.21433 0.299294 -0.423937 
v 0.245639 0.384325 -0.398605 
v 0.271274 0.324651 0.581148 
v 0.307402 0.352376 0.583177 
v 0.234016 0.261209 0.546369 
v 0.271834 0.352567 0.684792 
v 0.354129 0.402194 0.688435 
v 0.226469 0.282888 0.716875 
v 0.340583 0.399188 0.749796 
v 0.209351 0.186718 0.569087 
v 0.190567 0.169028 0.73008 
v 0.21228 0.228751 0.678697 
v 0.210412 0.180513 0.751716 
v 0.21067 0.165529 0.795559 
v 0.257075 0.329844 0.751476 
v 0.290681 0.35581 0.78574 
v 0.363514 0.380821 0.815088 
v 0.294853 0.315398 0.840164 
v 0.244675 0.277712 0.798914 
v 0.286188 0.225199 0.873895 
v 0.233577 0.187481 0.812569 
v 0.25325 0.172017 0.847545 
v 0.279171 0.158696 0.8985 
v -0.163844 7.8651 0.156965 
v -0.219037 7.88531 0.267655 
v -0.232569 7.90358 0.0996376 
v -0.167921 7.84794 0.284324 
v -0.0772157 7.82168 0.17043 
v -0.153943 7.83514 0.135786 
v -0.103018 7.81599 0.352927 
v -0.17447 7.85278 0.371358 
v -0.0306781 7.82406 0.194714 
v -0.0274439 7.80451 0.17816 
v -0.12135 7.83066 0.417059 
v 0.0227349 7.8258 0.194252 
v -0.163289 7.86582 0.435323 
v -0.0198075 7.80314 0.377003 
v -0.126115 7.87505 0.484465 
v -0.0710487 7.83954 0.469822 
v -0.0878177 7.89565 0.525329 
v -0.0225722 7.86851 0.512998 
v -0.0196006 7.82195 0.454068 
v 0.0463622 7.85929 0.49538 
v 0.0942896 7.82458 0.400413 
v 0.0986523 7.86142 0.474916 
v 0.150787 7.88176 0.454705 
v 0.152515 7.85702 0.397814 
v 0.209128 7.89785 0.34991 
v 0.176407 7.86493 0.319014 
v 0.219164 7.90475 0.264723 
v 0.0906474 7.82199 0.312284 
v 0.0858927 7.83912 0.193233 
v 0.108983 7.83599 0.156444 
v 0.146427 7.86296 0.14794 
v 0.195362 7.8903 0.11204 
v -0.456823 0.388649 0.185415 
v -0.518411 0.387971 0.120731 
v -0.517144 0.370945 0.152765 
v -0.57249 0.351473 0.692854 
v -0.527237 0.384533 0.683432 
v -0.547663 0.340005 0.568518 
v -0.573683 0.348181 0.750856 
v -0.491492 0.402709 0.733572 
v -0.498572 0.364558 0.564611 
v -0.437567 0.410184 0.703682 
v -0.446165 0.374692 0.541992 
v 0.35333 0.388857 0.19981 
v 0.349115 0.367602 0.400705 
v 0.383991 0.388345 0.229752 
v 0.398657 0.404431 0.202783 
v 0.318789 0.391711 0.167284 
v 0.290534 0.35371 0.256524 
v 0.296154 0.341425 0.507974 
v 0.426449 0.390284 0.22129 
v 0.469098 0.388824 0.177271 
v 0.424249 0.376869 0.390467 
v 0.353069 0.370144 0.577251 
v 0.307402 0.352376 0.583177 
v 0.354129 0.402194 0.688435 
v 0.481198 0.363574 0.403609 
v 0.407198 0.382616 0.594806 
v 0.46134 0.37175 0.57276 
v 0.459313 0.402298 0.682139 
v 0.544732 0.32043 0.371407 
v 0.517321 0.371752 0.126995 
v 0.509465 0.357333 0.589887 
v 0.546132 0.32097 0.563301 
v 0.546579 0.351723 0.0664465 
v 0.574692 0.368361 -0.139179 
v 0.586171 0.2837 0.0702273 
v 0.569896 0.284013 0.382406 
v 0.571611 0.284168 0.561756 
v 0.549292 0.352942 0.687559 
v 0.593034 0.287836 0.732155 
v 0.57255 0.329395 0.727126 
v 0.561214 0.329702 0.789021 
v 0.527164 0.374758 0.753621 
v 0.522404 0.335059 0.83342 
v 0.513764 0.380435 0.687615 
v 0.455557 0.398188 0.779797 
v 0.449316 0.376805 0.826246 
v 0.478872 0.399807 0.734535 
v 0.428629 0.410427 0.743815 
v 0.388172 0.404987 0.774111 
v 0.363514 0.380821 0.815088 
v 0.340583 0.399188 0.749796 
v -0.552377 0.334435 0.247757 
v -0.588812 0.288748 0.5467 
v -0.516794 0.353683 0.327285 
v -0.57249 0.351473 0.692854 
v -0.547663 0.340005 0.568518 
v -0.498572 0.364558 0.564611 
v -0.517144 0.370945 0.152765 
v -0.558996 0.352603 0.0701503 
v -0.470618 0.374988 0.262757 
v -0.456823 0.388649 0.185415 
v -0.422961 0.373334 0.352092 
v -0.446165 0.374692 0.541992 
v -0.403416 0.385746 0.214755 
v -0.404591 0.404058 0.184487 
v -0.505652 0.406914 0.147432 
v -0.371554 0.386468 0.184298 
v -0.350321 0.356988 0.415133 
v -0.294353 0.386874 0.124842 
v -0.295973 0.36349 0.155918 
v -0.293878 0.340376 0.279119 
v -0.315475 0.340007 0.454228 
v -0.38167 0.369845 0.541988 
v -0.437567 0.410184 0.703682 
v -0.34955 0.36512 0.581789 
v -0.305737 0.33963 0.575674 
v -0.316508 0.377257 0.698521 
v -0.369723 0.399534 0.68277 
v -0.369414 0.403537 0.737776 
v -0.3 0.364864 0.735154 
v -0.305166 0.350907 0.795376 
v -0.370035 0.371637 0.825765 
v -0.416238 0.405795 0.766483 
v -0.491492 0.402709 0.733572 
v -0.43607 0.378738 0.827282 
v -0.522142 0.378439 0.783516 
v -0.573683 0.348181 0.750856 
v -0.480894 0.359141 0.84062 
v -0.542665 0.325542 0.838151 
v -1.12679 0.109268 -1.12242 
v -1.08801 0.109806 -1.14634 
v -1.12467 0.087225 -1.15436 
v -1.02752 0.129561 -0.880528 
v -1.10547 0.120316 0.514893 
v -1.12036 0.112375 1.10438 
v -0.809323 0.137825 -1.0394 
v -0.506976 0.167525 -0.472481 
v -0.58492 0.167027 -0.401352 
v -0.611917 0.168674 -0.327819 
v -0.427053 0.166056 -0.50212 
v -0.631157 0.166712 0.163907 
v -0.612751 0.184349 0.247691 
v -0.631378 0.168346 0.720346 
v -0.65103 0.157068 0.761864 
v -0.602254 0.168039 0.821457 
v -0.701511 0.128398 1.10758 
v -1.11953 0.0922532 1.12807 
v -0.584873 0.156522 0.8727 
v -0.552373 0.169345 0.879067 
v -0.48964 0.154001 0.936091 
v -0.495279 0.16847 0.907253 
v -0.428224 0.168133 0.919543 
v -0.361935 0.157152 0.929909 
v -0.382816 0.170617 0.915158 
v -0.294928 0.167221 0.880104 
v -0.123944 0.141027 1.10282 
v 0.0274745 0.131965 1.12341 
v -0.242297 0.166852 0.822089 
v 0.204388 0.1384 1.10812 
v 0.594407 0.114924 1.1292 
v 0.21067 0.165529 0.795559 
v -0.205573 0.168178 0.74619 
v 0.279171 0.158696 0.8985 
v 0.190567 0.169028 0.73008 
v 0.382034 0.168905 0.913779 
v 0.498073 0.151536 0.933142 
v 0.44012 0.166569 0.915292 
v 0.499967 0.167396 0.899484 
v 0.551932 0.168107 0.864423 
v -0.229061 0.185885 0.469184 
v -0.22824 0.182 0.747125 
v -0.210303 0.175053 0.39876 
v 0.192019 0.175554 0.424693 
v 0.116082 0.16819 -0.142412 
v 0.161337 0.182211 -0.0131496 
v -0.158054 0.181663 -0.146606 
v -0.136919 0.170564 -0.31185 
v 0.116735 0.167838 -0.339472 
v 0.146106 0.166506 -0.436747 
v -0.210973 0.17206 -0.429284 
v 0.172054 0.183371 -0.399963 
v 0.139765 0.184357 -0.322153 
v 0.212014 0.181913 -0.445605 
v -0.0340095 0.161047 -0.849768 
v -0.347234 0.167137 -0.501445 
v 0.211217 0.167369 -0.477303 
v 0.242844 0.181986 -0.463174 
v 0.313539 0.168362 -0.501974 
v 0.349284 0.185554 -0.49115 
v 0.412351 0.16803 -0.49914 
v -0.532891 0.137262 -1.12398 
v -0.567189 0.112665 -1.15445 
v -0.394468 0.130831 -1.14385 
v 0.411363 0.137669 -1.12382 
v 0.478397 0.12852 -1.14372 
v 0.60054 0.157429 -0.632019 
v 0.495246 0.164288 -0.46154 
v 0.565515 0.167651 -0.395993 
v 0.95809 0.125671 -1.12355 
v 0.526229 0.112923 -1.15391 
v 0.979429 0.113134 -1.14539 
v 1.08935 0.117915 -0.830641 
v 1.1023 0.113085 -1.12405 
v 1.09885 0.0964866 -1.14742 
v 1.12177 0.0936971 -1.12083 
v 0.597258 0.167797 -0.281937 
v 1.10856 0.110141 1.08187 
v 1.01413 0.130943 0.509667 
v 0.612563 0.167315 0.221503 
v 0.607785 0.169171 0.732909 
v 0.618257 0.155456 0.768889 
v 0.587936 0.167159 0.813981 
v 1.08552 0.11374 1.10354 
v 1.1227 0.0933032 1.09265 
v 1.10264 0.0897493 1.12962 
v 0.58912 0.153383 0.850521 

vn -0.787402 -0.543307 0.299213 
vn -0.80315 -0.519685 -0.291339 
vn -0.259843 -0.968504 0 
vn -0.141732 -0.496063 0.858268 
vn -0.708661 -0.275591 0.645669 
vn -0.220472 -0.913386 0.338583 
vn 0.220472 -0.519685 0.826772 
vn 0.527559 -0.787402 0.322835 
vn 0.535433 -0.818898 -0.228346 
vn -0.212598 -0.944882 -0.23622 
vn -0.181102 -0.543307 -0.818898 
vn 0.110236 -0.637795 -0.76378 
vn 0.574803 -0.354331 -0.740157 
vn 0.574803 -0.0472441 0.818898 
vn 0.307087 -0.84252 0.448819 
vn 0.456693 -0.622047 0.629921 
vn 0.590551 -0.740157 0.314961 
vn 0.19685 -0.976378 0.0472441 
vn 0.622047 -0.771654 0.102362 
vn 0.244094 -0.968504 -0.0314961 
vn 0.677165 -0.716535 -0.181102 
vn 0.362205 -0.92126 -0.149606 
vn 0.622047 -0.622047 -0.472441 
vn 0.307087 -0.905512 -0.291339 
vn 0.393701 -0.629921 -0.669291 
vn -0.338583 -0.937008 0.0314961 
vn -0.771654 -0.629921 -0.0866142 
vn -0.212598 -0.976378 -0.0472441 
vn -0.338583 -0.929134 -0.133858 
vn -0.0944882 -0.992126 0.0314961 
vn -0.535433 -0.700787 -0.480315 
vn -0.259843 -0.937008 -0.220472 
vn -0.307087 -0.779528 -0.543307 
vn -0.787402 -0.551181 0.259843 
vn -0.433071 -0.874016 0.19685 
vn -0.362205 -0.771654 0.527559 
vn -0.566929 -0.574803 0.590551 
vn -0.503937 -0.370079 0.779528 
vn -0.645669 -0.440945 0.622047 
vn -0.755906 -0.653543 -0.0393701 
vn -0.606299 -0.716535 -0.346457 
vn -0.23622 -0.968504 -0.0472441 
vn -0.283465 -0.937008 -0.212598 
vn -0.393701 -0.629921 -0.669291 
vn -0.338583 -0.748031 -0.574803 
vn -0.149606 -0.992126 0.015748 
vn -0.346457 -0.929134 0.149606 
vn -0.0866142 -0.992126 0.0472441 
vn -0.637795 -0.629921 0.448819 
vn -0.19685 -0.96063 0.212598 
vn -0.370079 -0.307087 0.874016 
vn 0.661417 -0.23622 0.708661 
vn 0.401575 -0.559055 0.724409 
vn 0.425197 -0.220472 0.88189 
vn 0.212598 -0.96063 0.165354 
vn 0.645669 -0.685039 0.346457 
vn 0.149606 -0.984252 0.0472441 
vn 0.622047 -0.779528 -0.0472441 
vn 0.165354 -0.984252 -0.0314961 
vn 0.740157 -0.629921 -0.23622 
vn 0.23622 -0.968504 -0.102362 
vn 0.440945 -0.779528 -0.440945 
vn 0.228346 -0.889764 -0.393701 
vn -0.511811 -0.259843 -0.818898 
vn -0.0708661 -0.677165 -0.732283 
vn -0.307087 -0.779528 -0.543307 
vn -0.125984 -0.409449 -0.905512 
vn 0.173228 -0.543307 -0.818898 
vn 0.330709 -0.614173 -0.716535 
vn 0.251969 -0.228346 -0.937008 
vn 0.228346 -0.889764 -0.393701 
vn 0.440945 -0.779528 -0.440945 
vn 0.519685 -0.220472 -0.826772 
vn 0.724409 0.677165 0.110236 
vn 0.535433 0.818898 0.212598 
vn 0.724409 0.645669 0.244094 
vn -0.00787402 0.944882 0.330709 
vn 0.283465 0.897638 0.330709 
vn 0.0472441 0.984252 0.181102 
vn -0.188976 0.96063 0.188976 
vn 0.299213 0.937008 0.188976 
vn 0.598425 0.80315 0.0314961 
vn 0.818898 0.574803 -0.023622 
vn 0.716535 0.692913 -0.0629921 
vn 0.433071 0.897638 0.0629921 
vn 0.472441 0.874016 -0.0708661 
vn 0.543307 0.811024 -0.220472 
vn 0.748031 0.629921 -0.212598 
vn 0.653543 0.669291 -0.354331 
vn 0.417323 0.834646 -0.362205 
vn 0.535433 0.692913 -0.480315 
vn 0.259843 0.913386 -0.314961 
vn 0.314961 0.779528 -0.543307 
vn 0.354331 0.92126 -0.165354 
vn 0.0866142 0.84252 -0.527559 
vn 0.267717 0.96063 -0.023622 
vn 0.141732 0.976378 -0.165354 
vn 0.015748 0.944882 -0.322835 
vn -0.0393701 0.897638 -0.440945 
vn -0.204724 0.88189 -0.417323 
vn 0.188976 0.976378 0.0787402 
vn 0.0708661 1 -0.015748 
vn -0.0787402 0.992126 0.0787402 
vn -0.283465 0.96063 0.023622 
vn -0.19685 0.976378 -0.0708661 
vn -0.0393701 0.992126 -0.11811 
vn -0.181102 0.952756 -0.23622 
vn -0.330709 0.88189 -0.338583 
vn -0.346457 0.92126 -0.173228 
vn -0.472441 0.84252 -0.259843 
vn -0.543307 0.834646 -0.0866142 
vn -0.645669 0.755906 0.0866142 
vn -0.716535 0.700787 0 
vn -0.84252 0.527559 0.0472441 
vn -0.755906 0.645669 0.141732 
vn -0.771654 0.622047 -0.133858 
vn -0.645669 0.716535 0.267717 
vn -0.818898 0.488189 0.299213 
vn -0.653543 0.708661 -0.251969 
vn -0.708661 0.574803 -0.409449 
vn -0.519685 0.716535 -0.464567 
vn -0.598425 0.692913 0.393701 
vn -0.685039 0.535433 0.488189 
vn -0.527559 0.590551 0.614173 
vn -0.488189 0.84252 0.220472 
vn -0.433071 0.787402 0.440945 
vn -0.307087 0.80315 0.511811 
vn -0.346457 0.645669 0.677165 
vn -0.165354 0.748031 0.637795 
vn -0.472441 0.874016 0.0866142 
vn -0.330709 0.905512 0.267717 
vn -0.212598 0.913386 0.354331 
vn -0.0944882 0.866142 0.480315 
vn 0.0472441 0.771654 0.629921 
vn 0 0.637795 0.771654 
vn 0.220472 0.645669 0.732283 
vn 0.102362 0.874016 0.472441 
vn 0.299213 0.771654 0.559055 
vn 0.503937 0.574803 0.645669 
vn 0.362205 0.511811 0.779528 
vn 0.488189 0.708661 0.503937 
vn 0.692913 0.425197 0.582677 
vn 0.653543 0.622047 0.433071 
vn 0.771654 0.496063 0.393701 
vn 0.519685 0.771654 0.362205 
vn -0.480315 0.874016 -0.023622 
vn -0.23622 0.96063 0.165354 
vn 0.464567 0.88189 0.0944882 
vn -0.559055 0.779528 0.283465 
vn -0.433071 0.897638 -0.102362 
vn 0.433071 0.866142 0.244094 
vn 0.015748 0.889764 0.456693 
vn -0.440945 0.692913 0.574803 
vn 0.88189 0.433071 0.173228 
vn 0.88189 0.393701 0.259843 
vn 0.23622 0.795276 0.551181 
vn -0.141732 0.992126 -0.0314961 
vn -0.464567 0.787402 -0.401575 
vn 0.606299 0.716535 0.346457 
vn 0.00787402 0.992126 0.125984 
vn -0.283465 0.866142 -0.409449 
vn 0.598425 0.732283 0.330709 
vn -0.779528 0.629921 0 
vn -0.755906 0.645669 0.0944882 
vn 0.188976 0.889764 0.417323 
vn 0.322835 0.740157 0.590551 
vn -0.23622 0.897638 0.370079 
vn -0.496063 0.84252 -0.188976 
vn 0.409449 0.716535 0.559055 
vn -0.0787402 0.944882 0.322835 
vn -0.464567 0.740157 -0.480315 
vn -0.0944882 0.968504 0.212598 
vn -0.15748 0.929134 -0.330709 
vn -0.0708661 1 0.0393701 
vn -0.19685 0.771654 -0.606299 
vn -0.0551181 0.968504 -0.259843 
vn -0.0551181 0.992126 0.0866142 
vn 0 0.606299 -0.795276 
vn -0.0314961 0.976378 0.212598 
vn -0.015748 0.984252 0.15748 
vn 0.0629921 0.811024 -0.582677 
vn 0.188976 0.944882 -0.275591 
vn 0.181102 0.952756 -0.23622 
vn 0.228346 0.818898 -0.527559 
vn 0.259843 0.944882 -0.19685 
vn -0.0472441 0.905512 0.417323 
vn -0.417323 0.795276 0.448819 
vn -0.582677 0.614173 0.535433 
vn 0.141732 0.944882 0.283465 
vn 0.503937 0.716535 -0.480315 
vn 0.700787 0.551181 -0.456693 
vn 0.488189 0.866142 0.11811 
vn 0.716535 0.685039 -0.11811 
vn 0.669291 0.740157 0.0472441 
vn 0.88189 0.464567 -0.0629921 
vn -0.480315 0.850394 0.23622 
vn 0.110236 0.984252 0.125984 
vn -0.551181 0.779528 0.283465 
vn 0.929134 0.346457 0.141732 
vn -0.755906 0.503937 -0.409449 
vn -0.795276 0.346457 -0.503937 
vn -0.874016 0.362205 -0.314961 
vn -0.818898 0.535433 -0.220472 
vn -0.692913 0.370079 -0.622047 
vn -0.811024 0.582677 -0.0314961 
vn -0.692913 0.716535 -0.0944882 
vn -0.614173 0.251969 -0.748031 
vn -0.716535 0.204724 -0.661417 
vn -0.700787 0.637795 -0.322835 
vn -0.637795 0.566929 -0.519685 
vn -0.566929 0.488189 -0.661417 
vn -0.511811 0.385827 -0.76378 
vn -0.606299 0.76378 -0.220472 
vn -0.535433 0.84252 -0.0708661 
vn -0.590551 0.708661 -0.393701 
vn -0.511811 0.677165 -0.535433 
vn -0.456693 0.606299 -0.653543 
vn -0.362205 0.503937 -0.787402 
vn -0.488189 0.779528 -0.393701 
vn -0.511811 0.826772 -0.23622 
vn -0.425197 0.779528 -0.456693 
vn -0.377953 0.708661 -0.590551 
vn -0.480315 0.858268 0.181102 
vn -0.519685 0.850394 0.0708661 
vn -0.519685 0.779528 -0.354331 
vn -0.511811 0.858268 -0.0314961 
vn -0.519685 0.850394 -0.0551181 
vn -0.551181 0.818898 0.149606 
vn -0.795276 0.606299 0.023622 
vn -0.76378 0.629921 -0.149606 
vn -0.944882 0.173228 -0.291339 
vn -0.88189 -0.322835 -0.338583 
vn -0.826772 0.566929 0.023622 
vn -0.944882 0.291339 -0.165354 
vn -0.748031 0.614173 -0.244094 
vn -0.858268 -0.0708661 -0.503937 
vn -0.574803 0.606299 -0.551181 
vn -0.740157 -0.307087 -0.598425 
vn -0.582677 0.149606 -0.795276 
vn -0.448819 0.692913 -0.566929 
vn -0.409449 0.433071 -0.80315 
vn -0.496063 -0.346457 -0.795276 
vn -0.275591 0.700787 -0.653543 
vn -0.377953 -0.228346 -0.897638 
vn -0.259843 0.692913 -0.669291 
vn -0.220472 0.590551 -0.779528 
vn -0.228346 0.433071 -0.874016 
vn -0.11811 0.488189 -0.866142 
vn -0.0708661 0.551181 -0.826772 
vn -0.181102 0.645669 -0.748031 
vn -0.023622 0.566929 -0.826772 
vn -0.283465 0.448819 -0.850394 
vn -0.259843 -0.23622 -0.937008 
vn -0.149606 0.417323 -0.897638 
vn 0.0551181 -0.0629921 -1 
vn -0.0551181 -0.283465 -0.96063 
vn -0.503937 -0.858268 0.0787402 
vn -0.944882 -0.283465 0.165354 
vn -0.795276 -0.598425 0.0393701 
vn -0.307087 -0.944882 0.110236 
vn -0.92126 -0.291339 0.259843 
vn -0.543307 -0.818898 0.173228 
vn -0.834646 -0.322835 0.448819 
vn -0.338583 -0.929134 0.165354 
vn -0.566929 -0.700787 0.440945 
vn -0.307087 -0.905512 0.275591 
vn 0.165354 -0.944882 -0.291339 
vn 0.244094 -0.755906 -0.614173 
vn 0.433071 -0.330709 -0.84252 
vn 0.464567 -0.330709 -0.818898 
vn 0.314961 -0.826772 -0.464567 
vn -0.204724 -0.874016 0.448819 
vn -0.0393701 -1 0.0787402 
vn -0.417323 -0.76378 0.488189 
vn 0.385827 -0.826772 -0.409449 
vn -0.362205 -0.889764 0.283465 
vn 0.377953 -0.897638 -0.23622 
vn 0.787402 -0.291339 -0.535433 
vn 0.724409 -0.259843 -0.645669 
vn 0.559055 -0.787402 -0.267717 
vn 0.897638 -0.299213 -0.338583 
vn 0.692913 -0.700787 -0.181102 
vn -0.0787402 -1 0.0314961 
vn 0.346457 -0.937008 -0.0629921 
vn 0.937008 -0.299213 -0.165354 
vn 0.732283 -0.685039 -0.0551181 
vn -0.551181 -0.76378 0.338583 
vn -0.787402 -0.370079 0.488189 
vn -0.409449 -0.897638 0.141732 
vn -0.929134 -0.330709 0.173228 
vn 0.566929 -0.826772 0.0551181 
vn -0.606299 -0.795276 -0.015748 
vn -0.929134 -0.354331 0.0944882 
vn -0.0944882 -0.992126 0 
vn -0.133858 -0.992126 -0.0551181 
vn -0.606299 -0.755906 -0.228346 
vn -0.685039 -0.590551 -0.425197 
vn -0.165354 -0.976378 -0.11811 
vn -0.622047 -0.496063 -0.606299 
vn 0.275591 -0.952756 0.133858 
vn 0.653543 -0.708661 0.251969 
vn 0.598425 -0.653543 0.472441 
vn 0.480315 -0.669291 0.566929 
vn -0.181102 -0.952756 -0.228346 
vn -0.511811 -0.409449 -0.755906 
vn 0.188976 -0.92126 0.338583 
vn 0.472441 -0.370079 0.80315 
vn -0.149606 -0.944882 -0.291339 
vn -0.385827 -0.440945 -0.811024 
vn 0.314961 -0.448819 0.834646 
vn -0.11811 -0.88189 -0.448819 
vn 0.149606 -0.834646 0.535433 
vn -0.181102 -0.976378 -0.125984 
vn -0.385827 -0.598425 -0.700787 
vn -0.228346 -0.787402 0.574803 
vn -0.716535 -0.692913 -0.023622 
vn -0.952756 -0.291339 -0.0314961 
vn -0.370079 -0.929134 -0.0551181 
vn -0.795276 -0.598425 0.0393701 
vn -0.929134 -0.338583 -0.15748 
vn -0.503937 -0.850394 -0.15748 
vn -0.307087 -0.944882 0.110236 
vn -0.503937 -0.858268 0.0787402 
vn 0.440945 -0.897638 0 
vn 0.472441 -0.874016 0.11811 
vn 0.125984 -0.992126 -0.0472441 
vn -0.543307 -0.818898 0.173228 
vn 0.653543 -0.748031 -0.102362 
vn -0.338583 -0.929134 0.165354 
vn 0.748031 -0.566929 -0.338583 
vn 0.204724 -0.96063 -0.165354 
vn 0.661417 -0.590551 -0.456693 
vn -0.307087 -0.905512 0.275591 
vn 0.645669 -0.488189 -0.590551 
vn 0.0787402 -0.984252 -0.133858 
vn 0.204724 -0.929134 -0.314961 
vn 0.370079 -0.456693 -0.811024 
vn -0.267717 -0.866142 0.425197 
vn -0.543307 -0.511811 0.669291 
vn 0.173228 -0.897638 -0.409449 
vn 0.299213 -0.291339 -0.905512 
vn -0.110236 -0.976378 0.19685 
vn 0.0944882 -0.88189 -0.464567 
vn 0.228346 -0.314961 -0.92126 
vn 0.370079 -0.700787 -0.614173 
vn -0.377953 -0.433071 0.818898 
vn -0.535433 -0.165354 0.826772 
vn -0.188976 -0.84252 0.503937 
vn -0.267717 -0.354331 0.897638 
vn -0.0866142 -0.976378 0.204724 
vn -0.181102 -0.677165 0.708661 
vn 0.0393701 -0.80315 0.590551 
vn 0.259843 -0.96063 0.015748 
vn 0.559055 -0.692913 0.456693 
vn 0.889764 -0.433071 -0.133858 
vn 0.110236 -0.992126 0.0393701 
vn -0.448819 -0.866142 -0.23622 
vn 0.0787402 -0.992126 0.0708661 
vn 0.535433 -0.811024 0.23622 
vn 0.866142 -0.362205 0.346457 
vn 0.811024 -0.299213 0.503937 
vn -0.488189 -0.787402 -0.370079 
vn 0.448819 -0.826772 0.346457 
vn 0.700787 -0.417323 0.582677 
vn 0.291339 -0.897638 0.330709 
vn 0.582677 -0.291339 0.755906 
vn -0.125984 -0.992126 -0.0472441 
vn -0.362205 -0.811024 -0.464567 
vn 0.0629921 -0.992126 0.0708661 
vn 0.535433 -0.330709 0.779528 
vn -0.283465 -0.80315 -0.519685 
vn 0.228346 -0.858268 0.464567 
vn -0.188976 -0.834646 -0.519685 
vn -0.0944882 -0.952756 -0.291339 
vn -0.259843 -0.330709 -0.905512 
vn 0 -1 -0.015748 
vn -0.11811 -0.818898 -0.566929 
vn 0.00787402 -0.937008 -0.338583 
vn -0.0551181 -0.700787 -0.716535 
vn -0.023622 -0.291339 -0.952756 
vn 0.0314961 -0.755906 -0.653543 
vn -0.133858 -0.889764 0.433071 
vn 0.11811 -0.795276 -0.590551 
vn 0.0944882 -0.937008 -0.338583 
vn 0.259843 -0.307087 -0.913386 
vn -0.0314961 -0.992126 0.102362 
vn 0.259843 0.944882 -0.19685 
vn 0.440945 0.448819 -0.779528 
vn 0.228346 0.818898 -0.527559 
vn 0.535433 0.511811 -0.669291 
vn 0.511811 0.826772 -0.228346 
vn 0.692913 0.409449 -0.598425 
vn 0.19685 0.984252 -0.00787402 
vn 0.826772 0.480315 -0.283465 
vn 0.826772 0.102362 -0.551181 
vn 0.889764 -0.0629921 -0.448819 
vn 0.637795 0.76378 0.0314961 
vn 0.874016 0.472441 -0.0944882 
vn 0.141732 0.976378 0.15748 
vn 0.80315 0.598425 0 
vn 0.937008 0.346457 0 
vn 0.897638 -0.291339 -0.330709 
vn 0.551181 0.724409 0.417323 
vn 0.0472441 0.913386 0.393701 
vn -0.574803 0.795276 0.188976 
vn -0.362205 0.740157 0.559055 
vn 0.330709 0.795276 0.511811 
vn 0.149606 0.653543 0.740157 
vn 0.976378 0.212598 -0.015748 
vn 0.779528 -0.433071 -0.456693 
vn 0.716535 0.653543 0.251969 
vn 0.472441 0.692913 0.543307 
vn 0.88189 0.472441 -0.00787402 
vn 0.866142 -0.204724 -0.456693 
vn 0.692913 0.102362 -0.716535 
vn 0.779528 0.574803 -0.267717 
vn 0.653543 0.503937 -0.566929 
vn 0.653543 0.748031 0.133858 
vn 0.685039 0.677165 0.259843 
vn 0.755906 0.433071 -0.488189 
vn 1 -0.015748 -0.0314961 
vn 0.669291 -0.125984 -0.732283 
vn 0.795276 0.322835 0.511811 
vn -0.779528 0.535433 0.330709 
vn -0.740157 0.622047 -0.267717 
vn -0.944882 -0.0629921 -0.314961 
vn -0.574803 0.740157 0.338583 
vn -0.574803 0.299213 -0.76378 
vn -0.700787 0.677165 -0.23622 
vn -0.740157 0.622047 0.244094 
vn -0.440945 0.417323 -0.795276 
vn -0.527559 -0.354331 -0.771654 
vn -0.779528 0.511811 -0.362205 
vn -0.527559 0.834646 -0.165354 
vn -0.582677 0.519685 -0.622047 
vn -0.834646 0.314961 -0.456693 
vn -0.692913 0.125984 -0.708661 
vn -0.952756 -0.102362 -0.299213 
vn -0.732283 0.0551181 -0.677165 
vn -0.874016 0.283465 -0.385827 
vn -0.677165 -0.141732 -0.716535 
vn -0.96063 0.267717 -0.023622 
vn -0.440945 0.692913 0.574803 
vn -0.559055 0.779528 0.283465 
vn -0.866142 0.480315 -0.133858 
vn -0.937008 -0.102362 -0.346457 
vn -0.480315 0.874016 -0.023622 
vn -0.866142 -0.0472441 -0.488189 
vn -0.755906 0.456693 -0.464567 
vn -0.433071 0.897638 -0.102362 
vn -0.708661 -0.173228 -0.685039 
vn -0.464567 0.787402 -0.401575 
vn -0.606299 0.322835 -0.724409 
vn -0.283465 0.866142 -0.409449 
vn -0.385827 0.393701 -0.834646 
vn -0.480315 -0.15748 -0.866142 
vn -0.708661 -0.173228 -0.685039 
vn -0.606299 0.322835 -0.724409 
vn -0.385827 0.393701 -0.834646 
vn -0.314961 -0.204724 -0.929134 
vn -0.19685 0.15748 -0.968504 
vn -0.133858 -0.440945 -0.889764 
vn -0.023622 -0.00787402 -1 
vn -0.19685 0.771654 -0.606299 
vn -0.283465 0.866142 -0.409449 
vn -0.0787402 0.503937 -0.858268 
vn -0.0551181 0.968504 -0.259843 
vn 0.0629921 0.811024 -0.582677 
vn 0.141732 0.370079 -0.913386 
vn 0.181102 0.952756 -0.23622 
vn 0.188976 -0.23622 -0.952756 
vn 0.228346 0.818898 -0.527559 
vn 0.259843 0.393701 -0.88189 
vn 0.354331 -0.110236 -0.929134 
vn 0.440945 0.448819 -0.779528 
vn 0.503937 -0.188976 -0.84252 
vn 0.535433 0.511811 -0.669291 
vn 0.692913 0.409449 -0.598425 
vn 0.629921 -0.314961 -0.708661 
vn 0.826772 0.102362 -0.551181 
vn 0.76378 -0.023622 -0.637795 
vn 0.889764 -0.0629921 -0.448819 
vn 0.858268 -0.0866142 -0.503937 
vn 0.700787 0.629921 -0.330709 
vn 0.566929 0.692913 -0.448819 
vn 0.574803 0.80315 -0.125984 
vn 0.897638 0.0314961 -0.448819 
vn 0.92126 0.346457 -0.181102 
vn 0.96063 -0.0472441 -0.267717 
vn 0.897638 -0.291339 -0.330709 
vn 0.716535 -0.543307 -0.440945 
vn 0.779528 -0.433071 -0.456693 
vn 0.732283 0.669291 0.110236 
vn 0.551181 0.740157 0.377953 
vn 0.511811 0.850394 0.125984 
vn 0.503937 0.84252 0.19685 
vn 0.590551 0.811024 -0.0393701 
vn 0.543307 0.811024 -0.212598 
vn 0.472441 0.811024 -0.338583 
vn 0.590551 0.795276 0.133858 
vn 0.496063 0.779528 0.385827 
vn 0.653543 0.708661 0.267717 
vn 0.724409 0.685039 0.015748 
vn 0.755906 0.574803 0.307087 
vn 0.811024 0.566929 0.149606 
vn 0.874016 0.488189 0 
vn 0.685039 0.692913 -0.212598 
vn 0.80315 0.574803 -0.165354 
vn 0.889764 0.417323 -0.173228 
vn 0.96063 0.267717 0.0629921 
vn 0.968504 0.244094 -0.0708661 
vn 0.944882 0.228346 -0.228346 
vn 0.826772 0.425197 -0.370079 
vn 0.700787 0.574803 -0.417323 
vn 0.598425 0.716535 -0.354331 
vn 0.496063 0.771654 -0.401575 
vn 0.433071 0.748031 -0.503937 
vn 0.551181 0.614173 -0.559055 
vn 0.669291 0.464567 -0.582677 
vn 0.535433 0.464567 -0.708661 
vn 0.622047 0.322835 -0.716535 
vn 0.535433 0.283465 -0.795276 
vn 0.76378 0.307087 -0.566929 
vn 0.661417 0.220472 -0.716535 
vn 0.543307 0.141732 -0.826772 
vn 0.614173 0.125984 -0.779528 
vn 0.874016 0.251969 -0.409449 
vn 0.787402 0.181102 -0.582677 
vn 0.889764 0.173228 -0.417323 
vn 0.937008 0.149606 -0.314961 
vn 0.811024 0.125984 -0.566929 
vn -0.11811 0.488189 -0.866142 
vn 0.00787402 0.448819 -0.897638 
vn -0.0551181 0.307087 -0.952756 
vn 0.0393701 0.228346 -0.976378 
vn -0.0708661 0.551181 -0.826772 
vn -0.023622 0.566929 -0.826772 
vn 0.102362 0.015748 -0.992126 
vn 0.023622 0.0393701 -1 
vn 0.125984 -0.0551181 -0.992126 
vn 0.11811 0.141732 -0.984252 
vn 0.23622 0.0629921 -0.968504 
vn 0.102362 0.346457 -0.929134 
vn 0.0944882 0.598425 -0.795276 
vn 0.0551181 -0.0629921 -1 
vn 0.220472 0.015748 -0.976378 
vn 0.0472441 0.511811 -0.858268 
vn 0.110236 0.480315 -0.866142 
vn 0.204724 0.535433 -0.818898 
vn 0.299213 0.559055 -0.779528 
vn 0.362205 -0.0787402 -0.929134 
vn 0.259843 0.677165 -0.685039 
vn 0.393701 0.559055 -0.724409 
vn 0.503937 -0.133858 -0.858268 
vn 0.511811 0.551181 -0.653543 
vn 0.606299 -0.385827 -0.692913 
vn 0.393701 0.771654 -0.503937 
vn 0.291339 0.692913 -0.653543 
vn 0.409449 0.661417 -0.629921 
vn 0.314961 0.535433 -0.779528 
vn 0.275591 0.377953 -0.88189 
vn 0.425197 0.559055 -0.716535 
vn 0.204724 0.244094 -0.944882 
vn 0.425197 0.393701 -0.811024 
vn 0.377953 0.220472 -0.897638 
vn -0.897638 -0.251969 -0.362205 
vn -0.913386 -0.141732 -0.377953 
vn -0.818898 -0.212598 -0.535433 
vn -0.826772 -0.307087 -0.480315 
vn -0.834646 -0.0708661 -0.551181 
vn -0.913386 -0.00787402 -0.401575 
vn -0.716535 -0.188976 -0.669291 
vn -0.80315 0.149606 -0.574803 
vn -0.897638 0.188976 -0.393701 
vn -0.80315 0.330709 -0.488189 
vn -0.685039 0.417323 -0.598425 
vn -0.708661 0.574803 -0.409449 
vn -0.748031 0.0393701 -0.661417 
vn -0.661417 0.251969 -0.708661 
vn -0.677165 -0.0944882 -0.732283 
vn -0.606299 0.0866142 -0.787402 
vn -0.527559 0.291339 -0.80315 
vn -0.551181 0.566929 -0.606299 
vn -0.519685 0.716535 -0.464567 
vn -0.440945 0.472441 -0.76378 
vn -0.393701 0.0944882 -0.913386 
vn -0.472441 0.84252 -0.259843 
vn -0.330709 0.88189 -0.338583 
vn -0.338583 0.787402 -0.519685 
vn -0.204724 0.88189 -0.417323 
vn -0.346457 0.637795 -0.685039 
vn -0.173228 0.740157 -0.645669 
vn -0.0393701 0.897638 -0.440945 
vn 0.0866142 0.84252 -0.527559 
vn -0.244094 0.488189 -0.834646 
vn -0.0472441 0.685039 -0.724409 
vn 0.173228 0.708661 -0.685039 
vn 0.314961 0.779528 -0.543307 
vn -0.0472441 0.519685 -0.850394 
vn 0.433071 0.566929 -0.708661 
vn 0.15748 0.535433 -0.826772 
vn -0.346457 0.299213 -0.889764 
vn -0.11811 0.385827 -0.913386 
vn -0.173228 0.15748 -0.976378 
vn 0 0.244094 -0.968504 
vn 0.133858 0.251969 -0.96063 
vn 0.275591 0.393701 -0.874016 
vn 0.228346 0.480315 0.850394 
vn -0.92126 0.0787402 0.393701 
vn -0.944882 -0.0472441 0.330709 
vn -0.023622 0.590551 0.80315 
vn -0.125984 0.677165 0.724409 
vn -0.0944882 0.748031 0.653543 
vn -0.425197 0.748031 0.519685 
vn -0.661417 0.740157 -0.102362 
vn -0.779528 0.535433 0.330709 
vn -0.496063 0.551181 0.669291 
vn -0.574803 0.740157 0.338583 
vn -0.464567 0.661417 0.582677 
vn -0.740157 0.622047 0.244094 
vn -0.11811 0.653543 0.748031 
vn -0.440945 0.692913 0.574803 
vn -0.220472 0.622047 0.748031 
vn 0.015748 0.889764 0.456693 
vn 0.23622 0.795276 0.551181 
vn 0.488189 0.598425 0.637795 
vn 0.88189 0.393701 0.259843 
vn 0.952756 0.204724 0.220472 
vn 0.173228 0.629921 0.755906 
vn -0.267717 0.606299 0.748031 
vn 0.322835 0.637795 0.700787 
vn -0.307087 0.590551 0.748031 
vn -0.755906 0.11811 0.645669 
vn -0.590551 0.330709 0.740157 
vn -0.204724 0.566929 0.795276 
vn -0.015748 0.614173 0.787402 
vn 0.645669 0.511811 0.566929 
vn 0.92126 0.362205 0.141732 
vn -0.015748 0.566929 0.818898 
vn 0.220472 0.440945 0.874016 
vn -0.212598 0.425197 0.88189 
vn -0.566929 0.0393701 0.818898 
vn 0.102362 0.511811 0.850394 
vn -0.0787402 0.448819 0.889764 
vn 0.110236 0.401575 0.913386 
vn -0.409449 0.15748 0.897638 
vn 0.433071 0.409449 0.80315 
vn 0.787402 0.354331 0.503937 
vn 0.00787402 0.314961 0.952756 
vn -0.606299 -0.015748 0.795276 
vn 0.283465 0.346457 0.889764 
vn -0.291339 0.110236 0.952756 
vn 0.267717 0.330709 0.905512 
vn 0.409449 0.322835 0.850394 
vn 0.755906 0.370079 0.543307 
vn 0.866142 0.267717 0.433071 
vn 0.692913 0.244094 0.677165 
vn 0.590551 0.283465 0.755906 
vn 0.92126 0.0866142 0.370079 
vn 0.80315 0.0314961 0.598425 
vn 0.433071 0 0.905512 
vn 0.188976 0.204724 0.96063 
vn -0.496063 -0.0944882 0.858268 
vn -0.228346 -0.173228 0.96063 
vn -0.551181 -0.15748 0.818898 
vn -0.661417 -0.0629921 0.748031 
vn -0.80315 -0.141732 0.582677 
vn 0.023622 -0.19685 0.976378 
vn -0.354331 -0.204724 0.913386 
vn -0.102362 0.0393701 0.992126 
vn -0.456693 0.251969 0.850394 
vn -0.897638 0.0708661 0.433071 
vn 0.23622 0.0866142 0.968504 
vn -0.866142 0.299213 0.393701 
vn -0.370079 0.377953 0.84252 
vn 0.283465 0.0629921 0.96063 
vn -0.653543 0.401575 0.637795 
vn -0.929134 0.346457 0.133858 
vn -0.0629921 0.346457 0.937008 
vn 0.354331 0.0787402 0.929134 
vn -0.19685 0.409449 0.889764 
vn -0.811024 0.417323 0.409449 
vn 0.15748 0.322835 0.937008 
vn 0.677165 -0.0629921 0.732283 
vn 0.771654 -0.0708661 0.629921 
vn 0.543307 0.244094 0.80315 
vn -0.228346 0.456693 0.858268 
vn 0.0866142 0.480315 0.874016 
vn 0.251969 0.511811 0.826772 
vn -0.023622 0.519685 0.850394 
vn -0.606299 0.543307 0.574803 
vn -0.409449 0.645669 0.645669 
vn 0.181102 0.582677 0.795276 
vn 0.464567 0.425197 0.779528 
vn 0.23622 0.574803 0.779528 
vn 0.11811 0.614173 0.779528 
vn -0.669291 0.574803 0.480315 
vn -0.173228 0.645669 0.748031 
vn 0.314961 0.598425 0.740157 
vn 0.220472 0.629921 0.748031 
vn 0.385827 0.598425 0.708661 
vn 0.818898 -0.133858 0.559055 
vn 0.716535 0.212598 0.661417 
vn 0.244094 0.606299 0.755906 
vn 0.149606 0.653543 0.740157 
vn 0.472441 0.692913 0.543307 
vn 0.574803 0.440945 0.692913 
vn 0.858268 -0.433071 0.283465 
vn 0.795276 0.322835 0.511811 
vn 0.685039 0.677165 0.259843 
vn -0.228346 0.606299 0.755906 
vn -0.204724 0.677165 0.708661 
vn -0.448819 0.566929 0.685039 
vn -0.708661 0.244094 0.661417 
vn -0.590551 0.314961 0.740157 
vn 0.0551181 0.653543 0.755906 
vn -0.622047 0.11811 0.771654 
vn 0.251969 0.582677 0.771654 
vn 0.307087 0.637795 0.708661 
vn -0.511811 0.362205 0.779528 
vn -0.314961 0.551181 0.771654 
vn -0.598425 0.0393701 0.80315 
vn -0.102362 0.551181 0.826772 
vn -0.244094 0.440945 0.866142 
vn 0.023622 0.527559 0.850394 
vn 0.952756 0.23622 0.204724 
vn 0.527559 0.519685 0.677165 
vn -0.0393701 0.464567 0.889764 
vn -0.0472441 0.480315 0.874016 
vn 0.330709 0.433071 0.84252 
vn -0.377953 0.212598 0.905512 
vn 0.622047 -0.779528 -0.0944882 
vn 0.84252 -0.456693 -0.291339 
vn 0.779528 -0.346457 -0.519685 
vn 0.629921 -0.629921 -0.448819 
vn 0.692913 -0.677165 -0.23622 
vn 0.80315 -0.590551 -0.0708661 
vn 0.614173 -0.456693 -0.637795 
vn 0.84252 -0.385827 -0.370079 
vn 0.811024 -0.480315 -0.330709 
vn 0.787402 -0.535433 -0.307087 
vn 0.590551 -0.653543 -0.472441 
vn 0.653543 -0.755906 -0.015748 
vn 0.866142 -0.480315 -0.149606 
vn 0.748031 -0.519685 -0.401575 
vn 0.748031 -0.598425 -0.299213 
vn 0.669291 -0.732283 -0.133858 
vn 0.92126 -0.370079 -0.133858 
vn 0.818898 -0.559055 -0.133858 
vn 0.614173 -0.779528 0.0787402 
vn 0.968504 -0.23622 -0.0393701 
vn 0.889764 -0.433071 0.125984 
vn 0.598425 -0.787402 -0.133858 
vn 0.653543 -0.748031 0.102362 
vn 0.385827 -0.92126 0.0314961 
vn 0.417323 -0.905512 0.0629921 
vn 0.771654 -0.622047 0.141732 
vn 0.889764 -0.377953 -0.259843 
vn 0.84252 -0.519685 -0.133858 
vn 0.551181 -0.826772 -0.0708661 
vn 0.811024 -0.574803 -0.149606 
vn 0.889764 -0.346457 -0.291339 
vn 0.929134 -0.307087 -0.220472 
vn 0.322835 -0.897638 0.291339 
vn 0.102362 -0.771654 0.629921 
vn 0.173228 -0.637795 0.748031 
vn 0.559055 -0.716535 0.409449 
vn 0.551181 -0.425197 0.724409 
vn 0.0393701 -0.314961 0.944882 
vn 0.228346 -0.00787402 0.976378 
vn 0.669291 -0.0708661 0.740157 
vn 0.811024 -0.488189 0.322835 
vn 0.929134 -0.267717 0.23622 
vn 0.535433 -0.818898 -0.228346 
vn 0.897638 -0.212598 0.393701 
vn 0.527559 -0.787402 0.322835 
vn 0.944882 -0.181102 -0.275591 
vn 0.574803 -0.354331 -0.740157 
vn 0.480315 0.0866142 -0.874016 
vn 0.88189 0.401575 0.251969 
vn 0.456693 0.362205 0.811024 
vn 0.889764 0.377953 -0.251969 
vn 0.354331 0.503937 -0.787402 
vn 0.480315 0.866142 0.133858 
vn -0.818898 -0.377953 -0.440945 
vn -0.677165 -0.456693 -0.582677 
vn -0.929134 -0.377953 0.0393701 
vn -0.606299 -0.716535 -0.346457 
vn -0.464567 -0.76378 -0.448819 
vn -0.614173 -0.653543 -0.448819 
vn -0.716535 -0.598425 -0.354331 
vn -0.787402 -0.519685 -0.330709 
vn -0.566929 -0.771654 -0.291339 
vn -0.76378 -0.385827 -0.519685 
vn -0.409449 -0.566929 -0.716535 
vn -0.771654 -0.614173 -0.141732 
vn -0.653543 -0.535433 -0.535433 
vn -0.692913 -0.629921 -0.354331 
vn -0.866142 -0.472441 -0.149606 
vn -0.677165 -0.417323 -0.606299 
vn -0.76378 -0.527559 -0.377953 
vn -0.850394 -0.425197 -0.314961 
vn -0.84252 -0.519685 -0.15748 
vn -0.826772 -0.496063 -0.259843 
vn -0.84252 -0.488189 -0.244094 
vn -0.818898 -0.511811 -0.259843 
vn -0.834646 -0.496063 -0.251969 
vn -0.952756 -0.259843 -0.165354 
vn -0.92126 -0.141732 -0.370079 
vn -0.76378 -0.606299 -0.220472 
vn -0.80315 -0.511811 -0.314961 
vn -0.826772 -0.503937 -0.244094 
vn -0.724409 -0.362205 -0.582677 
vn -0.716535 -0.204724 -0.669291 
vn -0.480315 -0.0708661 -0.874016 
vn -0.755906 0.0551181 -0.653543 
vn -0.590551 -0.322835 -0.740157 
vn -0.771654 0.0629921 -0.637795 
vn -0.669291 -0.653543 -0.354331 
vn -0.283465 -0.692913 -0.661417 
vn -0.464567 -0.88189 -0.00787402 
vn -0.0629921 -0.952756 -0.283465 
vn -0.748031 -0.653543 0.102362 
vn -0.299213 -0.866142 0.393701 
vn -0.913386 -0.0393701 -0.401575 
vn -0.944882 -0.11811 -0.299213 
vn -0.685039 -0.653543 -0.322835 
vn -0.700787 -0.551181 -0.456693 
vn -0.401575 -0.346457 -0.84252 
vn -0.503937 -0.559055 -0.653543 
vn -0.740157 -0.669291 0.0866142 
vn -0.220472 -0.976378 -0.0393701 
vn -0.858268 -0.511811 -0.0629921 
vn -0.212598 -0.976378 -0.015748 
vn -0.748031 -0.377953 0.543307 
vn -0.251969 -0.952756 0.173228 
vn -0.976378 -0.125984 0.15748 
vn -0.874016 0 0.480315 
vn -0.905512 -0.417323 -0.0393701 
vn -0.944882 -0.19685 0.259843 
vn -0.897638 -0.448819 -0.00787402 
vn -0.850394 -0.511811 0.0708661 
vn -0.92126 -0.338583 -0.188976 
vn -0.897638 -0.440945 -0.0708661 
vn -0.937008 -0.354331 -0.0314961 
vn -0.826772 -0.551181 0.110236 
vn -0.80315 -0.322835 0.503937 
vn -0.913386 -0.362205 -0.204724 
vn -0.889764 -0.456693 -0.0472441 
vn -0.755906 -0.653543 -0.015748 
vn -0.645669 -0.76378 -0.015748 
vn -0.834646 -0.519685 -0.188976 
vn -0.440945 -0.897638 0.0314961 
vn -0.88189 -0.456693 0.0866142 
vn -0.574803 -0.818898 -0.015748 
vn -0.559055 -0.826772 0.0393701 
vn -0.629921 -0.771654 0.0708661 
vn -0.984252 -0.173228 -0.0944882 
vn -0.732283 -0.669291 -0.11811 
vn -0.708661 -0.700787 -0.0551181 
vn -0.669291 -0.732283 -0.110236 
vn -0.913386 -0.283465 -0.291339 
vn -0.700787 -0.708661 0.0551181 
vn -0.866142 -0.472441 0.133858 
vn -0.472441 -0.850394 -0.23622 
vn -0.826772 -0.496063 -0.259843 
vn 0.645669 0.110236 0.755906 
vn 0.874016 -0.0787402 0.472441 
vn 0.834646 0.0708661 0.543307 
vn 0.929134 -0.346457 -0.0944882 
vn 0.889764 -0.456693 0.0551181 
vn 0.968504 -0.181102 0.165354 
vn 0.913386 -0.401575 -0.015748 
vn 0.976378 -0.023622 0.220472 
vn 0.84252 0.125984 0.527559 
vn 0.850394 -0.472441 0.228346 
vn 0.984252 -0.125984 0.102362 
vn 0.826772 -0.566929 0.0393701 
vn 0.299213 -0.944882 0.125984 
vn 0.614173 -0.653543 0.433071 
vn 0.204724 -0.944882 0.267717 
vn 0.976378 -0.212598 0.0708661 
vn 0.952756 -0.23622 -0.188976 
vn 0.716535 -0.669291 -0.181102 
vn 0.874016 -0.480315 0.0629921 
vn 0.84252 -0.480315 0.244094 
vn 0.88189 -0.480315 -0.015748 
vn 0.866142 -0.472441 -0.173228 
vn 0.913386 -0.23622 -0.322835 
vn 0.826772 -0.488189 -0.283465 
vn 0.889764 -0.291339 0.338583 
vn 0.866142 -0.354331 0.362205 
vn 0.84252 -0.519685 0.125984 
vn 0.905512 -0.393701 -0.125984 
vn 0.795276 -0.385827 -0.472441 
vn 0.811024 -0.503937 -0.291339 
vn 0.826772 -0.503937 -0.244094 
vn 0.826772 -0.472441 -0.307087 
vn 0.858268 -0.480315 -0.165354 
vn 0.88189 -0.448819 -0.125984 
vn 0.826772 -0.464567 -0.307087 
vn 0.755906 -0.543307 -0.354331 
vn 0.84252 -0.385827 -0.377953 
vn 0.84252 -0.023622 -0.543307 
vn 0.637795 -0.228346 -0.740157 
vn 0.929134 -0.0472441 -0.362205 
vn 0.76378 0.0393701 -0.637795 
vn 0.834646 -0.0787402 -0.551181 
vn 0.818898 -0.519685 -0.23622 
vn 0.732283 -0.519685 -0.448819 
vn 0.417323 -0.0866142 -0.905512 
vn 0.779528 -0.622047 0.0866142 
vn 0.543307 -0.755906 0.370079 
vn 0.480315 -0.472441 -0.740157 
vn 0.590551 -0.80315 0.0314961 
vn 0.417323 -0.811024 -0.417323 
vn -0.976378 0.015748 -0.204724 
vn -0.897638 -0.330709 -0.275591 
vn -0.897638 -0.433071 -0.015748 
vn -0.527559 -0.84252 -0.102362 
vn -0.511811 -0.818898 -0.244094 
vn -0.889764 -0.149606 -0.433071 
vn -0.748031 -0.346457 -0.566929 
vn -0.944882 0.023622 -0.338583 
vn -1 0.0551181 -0.023622 
vn -0.897638 0.00787402 -0.448819 
vn -0.677165 -0.0314961 -0.732283 
vn -0.740157 -0.015748 -0.677165 
vn -0.984252 0.0551181 -0.173228 
vn -0.913386 0.0551181 -0.401575 
vn -0.748031 0.0551181 -0.661417 
vn -0.897638 0.110236 -0.433071 
vn -0.740157 0.0866142 -0.669291 
vn -0.96063 0.0944882 -0.251969 
vn -1 0.0787402 0.023622 
vn -0.976378 0.11811 -0.173228 
vn -0.897638 0.133858 -0.425197 
vn 0.464567 0.88189 0.0944882 
vn 0.433071 0.866142 0.244094 
vn 0.913386 0.393701 0.0629921 
vn 0.88189 0.433071 0.173228 
vn 0.598425 0.732283 0.330709 
vn 0.88189 0.393701 0.244094 
vn 0.850394 0.496063 0.173228 
vn 0.480315 0.874016 0.0787402 
vn 0.11811 -0.267717 0.952756 
vn 0.417323 -0.440945 0.795276 
vn 0.464567 -0.015748 0.88189 
vn 0.590551 -0.535433 0.606299 
vn 0.629921 0.0944882 0.771654 
vn 0.818898 -0.0551181 0.574803 
vn 0.850394 0.0787402 0.519685 
vn 0.708661 -0.559055 0.433071 
vn 0.913386 -0.322835 0.23622 
vn 0.96063 0.0708661 0.267717 
vn 0.889764 0.102362 0.448819 
vn 1 0.0393701 0.0314961 
vn 0.984252 0.0708661 0.165354 
vn 0.937008 -0.354331 -0.023622 
vn 0.96063 0.0944882 0.267717 
vn 0.968504 -0.15748 -0.204724 
vn 0.622047 -0.771654 -0.11811 
vn 0.850394 -0.346457 -0.401575 
vn 0.952756 0.015748 -0.307087 
vn 0.992126 0.0393701 -0.133858 
vn 0.88189 0.00787402 -0.464567 
vn 0.968504 0.0393701 -0.259843 
vn 1 0.0629921 0 
vn 0.992126 0.0787402 -0.110236 
vn 0.976378 0.0866142 0.181102 
vn 0.929134 0.0944882 -0.354331 
vn 0.944882 0.11811 0.314961 
vn 0.992126 0.0944882 -0.00787402 
vn 0.984252 0.125984 -0.133858 
vn 0.913386 0.125984 -0.385827 
vn 0.937008 0.149606 -0.314961 
vn 0.944882 0.228346 -0.228346 
vn 0.984252 0.11811 0.133858 
vn 0.984252 0.15748 0.015748 
vn 0.968504 0.244094 -0.0708661 
vn 0.976378 0.133858 0.173228 
vn 0.905512 0.212598 0.362205 
vn 0.96063 0.267717 0.0629921 
vn 0.889764 0.346457 0.299213 
vn 0.897638 0.409449 0.15748 
vn 0.755906 0.574803 0.307087 
vn 0.874016 0.488189 0 
vn 0.811024 0.566929 0.149606 
vn -0.527559 0.590551 0.614173 
vn -0.685039 0.535433 0.488189 
vn -0.645669 0.307087 0.700787 
vn -0.527559 0.314961 0.795276 
vn -0.685039 0.11811 0.716535 
vn -0.401575 0.472441 0.787402 
vn -0.346457 0.645669 0.677165 
vn -0.519685 0.102362 0.850394 
vn -0.724409 -0.0314961 0.692913 
vn -0.362205 0.322835 0.874016 
vn -0.519685 0 0.858268 
vn -0.724409 -0.102362 0.685039 
vn -0.330709 0.149606 0.929134 
vn -0.228346 0.015748 0.976378 
vn -0.440945 -0.0787402 0.897638 
vn -0.637795 -0.181102 0.748031 
vn -0.173228 0.385827 0.905512 
vn -0.0629921 0.220472 0.976378 
vn -0.125984 -0.0708661 0.992126 
vn -0.204724 0.566929 0.80315 
vn -0.165354 0.748031 0.637795 
vn 0 0.637795 0.771654 
vn 0.023622 0.488189 0.874016 
vn 0.220472 0.645669 0.732283 
vn 0.165354 0.409449 0.897638 
vn 0.362205 0.511811 0.779528 
vn 0.141732 0.212598 0.968504 
vn 0.0551181 0.0472441 1 
vn 0.314961 0.149606 0.937008 
vn 0.913386 -0.346457 0.204724 
vn 0.866142 0.370079 0.330709 
vn 0.874016 0.291339 0.393701 
vn 0.984252 0.149606 0.11811 
vn 0.913386 0.125984 -0.385827 
vn 0.598425 0.0866142 -0.795276 
vn 0.307087 0.0393701 -0.952756 
vn 0.787402 0.0866142 -0.606299 
vn 0.929134 0.0944882 -0.354331 
vn 0.440945 0.0393701 -0.897638 
vn 0.322835 -0.00787402 -0.944882 
vn 0.637795 -0.015748 -0.771654 
vn 0.645669 0.0393701 -0.76378 
vn 0.88189 0.0708661 -0.464567 
vn 0.968504 0.0393701 -0.259843 
vn 0.779528 0.0393701 -0.622047 
vn 0.866142 0.023622 -0.496063 
vn 0.818898 -0.00787402 -0.574803 
vn 0.535433 -0.0629921 -0.84252 
vn 0.88189 0.00787402 -0.464567 
vn 0.661417 -0.0472441 -0.748031 
vn 0.401575 -0.0629921 -0.913386 
vn 0.795276 -0.023622 -0.606299 
vn 0.952756 0.015748 -0.307087 
vn 0.850394 -0.346457 -0.401575 
vn 0.511811 -0.0314961 -0.858268 
vn 0.19685 -0.0472441 -0.976378 
vn 0.354331 -0.291339 -0.889764 
vn 0.645669 -0.275591 -0.716535 
vn 0.401575 -0.653543 -0.637795 
vn 0.535433 -0.755906 -0.377953 
vn 0.614173 -0.606299 0.503937 
vn 0.984252 -0.0866142 0.173228 
vn 0.937008 -0.346457 0.0393701 
vn 0.354331 -0.212598 0.913386 
vn 0.299213 -0.937008 0.15748 
vn 0.614173 -0.700787 -0.354331 
vn 0.566929 -0.755906 0.338583 
vn 0.472441 -0.409449 0.779528 
vn 0.897638 -0.0787402 0.433071 
vn 0.417323 -0.889764 -0.165354 
vn 0.551181 -0.551181 -0.622047 
vn 0.850394 -0.519685 -0.023622 
vn 0.984252 -0.0787402 -0.133858 
vn -0.181102 -0.543307 -0.818898 
vn -0.614173 -0.181102 -0.76378 
vn -0.503937 0.283465 -0.818898 
vn -0.80315 -0.519685 -0.291339 
vn 0 -0.141732 -0.992126 
vn 0.110236 -0.637795 -0.76378 
vn -0.015748 0.440945 -0.897638 
vn -0.0944882 0.80315 -0.590551 
vn 0.480315 0.0866142 -0.874016 
vn 0.574803 -0.354331 -0.740157 
vn 0.015748 0.346457 -0.937008 
vn 0 0.779528 -0.629921 
vn 0.015748 0.779528 -0.629921 
vn 0.0472441 0.629921 -0.779528 
vn 0.354331 0.503937 -0.787402 
vn -0.913386 -0.354331 0.204724 
vn -0.897638 -0.299213 0.322835 
vn -0.622047 -0.779528 -0.0866142 
vn -0.614173 -0.76378 0.204724 
vn -0.992126 0.0708661 0.11811 
vn -1 -0.015748 -0.015748 
vn -0.992126 -0.0629921 0.0944882 
vn -0.976378 0.19685 -0.00787402 
vn -0.968504 0.0866142 0.251969 
vn -0.952756 0.251969 0.15748 
vn -0.889764 0.244094 0.377953 
vn -0.889764 0.433071 0.15748 
vn -0.992126 0.0629921 -0.102362 
vn -0.818898 0.488189 0.299213 
vn -0.755906 0.645669 0.141732 
vn -0.84252 0.527559 0.0472441 
vn -0.905512 0.417323 -0.0472441 
vn -0.716535 0.700787 0 
vn -0.771654 0.622047 -0.133858 
vn -0.779528 0.385827 0.496063 
vn -0.685039 0.535433 0.488189 
vn -0.645669 0.307087 0.700787 
vn -0.80315 0.188976 0.566929 
vn -0.685039 0.11811 0.716535 
vn -0.897638 0.409449 -0.181102 
vn -0.897638 0.0629921 0.433071 
vn -0.826772 0.00787402 0.566929 
vn -0.724409 -0.0314961 0.692913 
vn -0.944882 0.00787402 0.322835 
vn -0.88189 -0.0866142 0.456693 
vn -0.724409 -0.102362 0.685039 
vn -0.96063 -0.0708661 0.259843 
vn -0.889764 -0.15748 0.433071 
vn -0.740157 0.125984 -0.653543 
vn -0.84252 0.173228 -0.511811 
vn -0.598425 0.125984 -0.787402 
vn -0.716535 0.204724 -0.661417 
vn -0.952756 0.165354 -0.244094 
vn -0.874016 0.228346 -0.433071 
vn -0.795276 0.346457 -0.503937 
vn -0.692913 0.370079 -0.622047 
vn -0.874016 0.362205 -0.314961 
vn -0.944882 0.244094 -0.220472 
vn -0.992126 0.141732 0.00787402 
vn -0.96063 0.259843 -0.0866142 
vn -0.913386 0.409449 -0.0551181 
vn -0.818898 0.535433 -0.220472 
vn -0.811024 0.582677 -0.0314961 
vn -0.96063 0.267717 0.0708661 
vn -0.968504 0.204724 0.133858 
vn -0.905512 0.401575 0.141732 
vn -0.84252 0.519685 0.15748 
vn -0.732283 0.669291 0.11811 
vn -0.692913 0.716535 -0.0944882 
vn -0.905512 0.299213 0.299213 
vn -0.826772 0.448819 0.338583 
vn -0.724409 0.614173 0.314961 
vn -0.606299 0.771654 0.19685 
vn -0.519685 0.850394 0.0708661 
vn -0.535433 0.84252 -0.0708661 
vn -0.787402 0.346457 0.503937 
vn -0.464567 0.811024 0.354331 
vn -0.700787 0.519685 0.488189 
vn -0.480315 0.858268 0.181102 
vn -0.574803 0.661417 0.480315 
vn -0.488189 0.732283 0.472441 
vn -0.582677 0.543307 0.606299 
vn -0.480315 0.755906 0.440945 
vn -0.795276 0.606299 0.023622 
vn -0.685039 0.700787 0.204724 
vn -0.590551 0.653543 0.472441 
vn -0.771654 0.511811 0.362205 
vn -0.637795 0.606299 0.480315 
vn -0.464567 0.740157 0.496063 
vn -0.582677 0.519685 -0.622047 
vn -0.480315 0.826772 0.307087 
vn -0.527559 0.834646 -0.165354 
vn -0.425197 0.716535 0.551181 
vn -0.511811 0.606299 0.606299 
vn -0.629921 0.440945 0.645669 
vn -0.826772 0.015748 0.566929 
vn -0.582677 0.472441 0.653543 
vn -0.811024 -0.551181 0.19685 
vn -0.685039 0.322835 0.645669 
vn -0.88189 0.0393701 0.472441 
vn -0.779528 0.244094 0.574803 
vn -0.606299 0.314961 0.732283 
vn -0.818898 0.0866142 0.574803 
vn -0.527559 0.503937 0.685039 
vn -0.417323 0.440945 0.795276 
vn -0.826772 -0.0629921 0.559055 
vn -0.322835 0.283465 0.905512 
vn -0.661417 0.440945 0.606299 
vn -0.661417 0.559055 0.496063 
vn -0.755906 0.346457 0.551181 
vn -0.716535 0.149606 0.677165 
vn -0.866142 0.173228 0.472441 
vn -0.937008 -0.0551181 0.354331 
vn -0.88189 0.00787402 0.472441 
vn -0.818898 0.0708661 0.574803 
vn -0.818898 0.0708661 0.574803 
vn -0.716535 -0.0629921 0.692913 
vn -0.826772 -0.0944882 0.559055 
vn -0.409449 -0.0944882 0.905512 
vn -0.614173 -0.149606 0.771654 
vn -0.0314961 -0.0944882 0.992126 
vn -0.606299 0.0393701 0.795276 
vn -0.409449 0 0.913386 
vn -0.228346 -0.0393701 0.968504 
vn -0.314961 0.0787402 0.944882 
vn -0.015748 -0.023622 1 
vn 0.244094 -0.0866142 0.968504 
vn 0.299213 0.00787402 0.952756 
vn -0.0393701 0.0944882 0.992126 
vn 0.220472 0.11811 0.968504 
vn -0.0472441 0.125984 0.992126 
vn -0.133858 0.15748 0.976378 
vn -0.23622 0.141732 0.96063 
vn -0.559055 0.102362 0.818898 
vn 0.125984 0.173228 0.976378 
vn -0.448819 0.165354 0.874016 
vn -0.165354 0.023622 0.984252 
vn -0.370079 0.149606 0.913386 
vn -0.622047 0.0314961 0.787402 
vn -0.598425 0.133858 0.795276 
vn -0.716535 0.125984 0.685039 
vn -0.417323 -0.401575 0.818898 
vn -0.80315 0.11811 0.582677 
vn -0.574803 -0.0708661 0.811024 
vn -0.362205 -0.826772 0.425197 
vn -0.692913 -0.433071 0.574803 
vn -0.787402 0.0944882 0.606299 
vn -0.850394 -0.330709 0.409449 
vn -0.866142 0.110236 0.488189 
vn -0.929134 0.102362 0.346457 
vn -0.976378 0.0708661 0.204724 
vn -0.937008 -0.314961 0.149606 
vn -0.511811 -0.84252 0.173228 
vn -0.913386 0.102362 0.393701 
vn -0.818898 0.0629921 0.574803 
vn -0.952756 0.0787402 0.291339 
vn -0.952756 0.0708661 0.283465 
vn -0.992126 0.11811 0.0393701 
vn -0.952756 0.0944882 0.299213 
vn -0.858268 0.0708661 0.503937 
vn -0.740157 0.0393701 0.669291 
vn -0.968504 0.141732 0.204724 
vn -0.874016 0.133858 0.464567 
vn -0.92126 0.165354 0.362205 
vn -0.496063 -0.629921 -0.598425 
vn -0.574803 -0.787402 0.228346 
vn -0.929134 -0.212598 -0.314961 
vn -0.291339 -0.944882 -0.149606 
vn -0.0551181 -0.850394 -0.527559 
vn -0.23622 -0.96063 0.165354 
vn -0.527559 -0.84252 -0.102362 
vn -0.141732 -0.779528 0.614173 
vn -0.566929 -0.401575 0.716535 
vn -0.944882 -0.307087 -0.125984 
vn -0.629921 -0.622047 0.464567 
vn -0.944882 -0.275591 -0.173228 
vn -0.496063 -0.740157 0.448819 
vn -0.496063 -0.740157 0.448819 
vn -0.496063 -0.740157 0.448819 
vn 0.913386 -0.0393701 -0.401575 
vn 0.472441 0.551181 0.692913 
vn 0.527559 0.519685 0.677165 
vn 0.330709 0.433071 0.84252 
vn 0.464567 0.425197 0.779528 
vn 0.543307 0.244094 0.80315 
vn 0.88189 -0.165354 0.440945 
vn 0.818898 -0.133858 0.559055 
vn 0.88189 -0.0629921 0.472441 
vn 0.834646 0.0472441 0.551181 
vn 0.755906 0.0866142 0.645669 
vn 0.456693 0.393701 0.795276 
vn 0.622047 0.283465 0.732283 
vn 0.574803 0.480315 0.661417 
vn 0.543307 0.480315 0.685039 
vn 0.637795 0.377953 0.669291 
vn 0.708661 0.220472 0.677165 
vn 0.787402 0.188976 0.590551 
vn 0.724409 0.322835 0.606299 
vn 0.590551 0.535433 0.598425 
vn 0.606299 0.496063 0.622047 
vn 0.771654 0.0472441 0.637795 
vn 0.566929 0.677165 0.472441 
vn 0.472441 0.661417 0.582677 
vn 0.535433 0.440945 -0.724409 
vn 0.590551 0.748031 0.299213 
vn 0.472441 0.724409 0.503937 
vn 0.488189 0.692913 0.527559 
vn 0.551181 0.740157 0.377953 
vn 0.748031 0.559055 0.354331 
vn 0.503937 0.84252 0.19685 
vn 0.496063 0.779528 0.385827 
vn 0.574803 0.677165 0.464567 
vn 0.653543 0.708661 0.267717 
vn 0.700787 0.511811 0.488189 
vn 0.787402 0.377953 0.496063 
vn 0.826772 0.173228 0.535433 
vn 0.811024 0.0708661 0.582677 
vn 0.748031 0.023622 0.661417 
vn 0.811024 -0.0629921 0.574803 
vn 0.866142 0.0866142 0.496063 
vn 0.622047 0.0472441 0.779528 
vn 0.622047 -0.149606 0.76378 
vn 0.377953 -0.0472441 0.92126 
vn 0.433071 0.015748 0.897638 
vn 0.779528 0.0472441 0.622047 
vn 0.440945 0.0866142 0.897638 
vn 0.291339 0.0629921 0.952756 
vn 0.149606 0.102362 0.984252 
vn 0.740157 0.125984 0.661417 
vn 0.456693 0.149606 0.874016 
vn 0.393701 0.133858 0.905512 
vn 0.291339 -0.346457 -0.889764 
vn -0.141732 -0.212598 -0.968504 
vn 0.149606 -0.535433 -0.826772 
vn -0.409449 0.377953 0.834646 
vn -0.00787402 0.732283 0.677165 
vn -0.0314961 0.889764 0.448819 
vn 0.015748 0.535433 0.84252 
vn 0 -0.149606 0.992126 
vn 0.456693 0.362205 0.811024 
vn -0.141732 -0.496063 0.858268 
vn 0.385827 0.0393701 0.92126 
vn 0.220472 -0.519685 0.826772 
vn 0.897638 -0.212598 0.393701 
vn 0.527559 -0.787402 0.322835 
vn 0.417323 -0.488189 0.76378 
vn 0.503937 -0.716535 0.480315 
vn 0.503937 -0.354331 0.787402 
vn 0.0393701 -0.897638 -0.433071 
vn 0.0393701 -0.897638 -0.433071 
vn 0.0393701 -0.897638 -0.433071 
vn -0.582677 -0.795276 -0.149606 
vn -0.393701 -0.834646 0.393701 
vn -0.818898 -0.527559 0.228346 
vn -0.582677 -0.472441 -0.661417 
vn -0.133858 -0.708661 -0.692913 
vn 0.023622 -0.992126 -0.102362 
vn 0.417323 -0.811024 -0.417323 
vn 0.590551 -0.80315 0.0314961 
vn 0.220472 -0.929134 0.307087 
vn -0.393701 -0.716535 0.574803 
vn 0.543307 -0.755906 0.370079 
vn -0.574803 -0.787402 0.228346 
vn -0.984252 -0.0944882 0.141732 
vn -0.929134 -0.212598 -0.314961 
vn -0.566929 -0.401575 0.716535 
vn -0.874016 0.110236 0.472441 
vn -0.937008 -0.346457 -0.0551181 
vn -0.685039 0.015748 -0.724409 
vn -0.811024 0.0944882 -0.574803 
vn -0.929134 -0.330709 0.173228 
vn -0.440945 0.102362 0.889764 
vn -0.897638 0.11811 0.425197 
vn -0.283465 -0.834646 0.464567 
vn -0.299213 -0.228346 0.929134 
vn -0.755906 -0.645669 -0.0787402 
vn -0.755906 -0.645669 -0.0787402 
vn -0.755906 -0.645669 -0.0787402 
vn -0.889764 -0.307087 -0.338583 
vn -0.913386 -0.283465 -0.291339 
vn -0.92126 0.0708661 -0.385827 
vn -0.76378 -0.385827 -0.519685 
vn -0.716535 -0.598425 -0.354331 
vn -0.80315 -0.283465 -0.519685 
vn -0.448819 -0.866142 -0.23622 
vn -0.488189 -0.787402 -0.370079 
vn -0.685039 -0.23622 -0.692913 
vn -0.362205 -0.811024 -0.464567 
vn -0.84252 0.0551181 -0.527559 
vn -0.692913 -0.149606 -0.700787 
vn -0.559055 -0.141732 -0.818898 
vn -0.606299 0.15748 -0.779528 
vn -0.866142 0.173228 0.472441 
vn -0.937008 -0.0551181 0.354331 
vn -0.968504 -0.015748 0.251969 
vn -0.88189 -0.19685 0.425197 
vn -0.850394 0.307087 0.425197 
vn -0.755906 0.346457 0.551181 
vn -0.850394 -0.362205 0.370079 
vn -0.76378 -0.291339 0.574803 
vn -0.787402 -0.0708661 0.614173 
vn -0.661417 0.559055 0.496063 
vn -0.661417 0.440945 0.606299 
vn -0.614173 -0.464567 0.637795 
vn -0.598425 -0.307087 0.740157 
vn -0.535433 0.19685 0.826772 
vn -0.527559 -0.149606 0.834646 
vn -0.283465 -0.346457 0.897638 
vn -0.433071 -0.220472 0.874016 
vn -0.244094 -0.125984 0.96063 
vn -0.0944882 0.0472441 0.992126 
vn -0.149606 0.173228 0.976378 
vn -0.133858 0.401575 0.905512 
vn -0.322835 0.283465 0.905512 
vn -0.417323 0.440945 0.795276 
vn -0.409449 0.566929 0.716535 
vn -0.527559 0.503937 0.685039 
vn 0.165354 -0.984252 -0.015748 
vn 0.165354 -0.984252 -0.015748 
vn 0.165354 -0.984252 -0.015748 
vn -0.929134 0.133858 0.346457 
vn -0.346457 0.204724 0.913386 
vn -0.622047 0.0314961 0.787402 
vn -0.952756 0.0551181 0.307087 
vn -0.834646 0.15748 0.519685 
vn -0.0314961 0.23622 0.968504 
vn -0.464567 0.204724 0.866142 
vn -0.968504 0.0393701 0.259843 
vn -0.874016 0.141732 0.456693 
vn 0.110236 0.15748 0.984252 
vn -0.0629921 0.15748 0.984252 
vn -0.992126 0.0472441 0.102362 
vn -0.992126 0.110236 0.0551181 
vn -0.976378 0.0866142 0.188976 
vn -0.456693 0.15748 0.874016 
vn -0.992126 0.0708661 0.0708661 
vn -0.874016 0.314961 0.377953 
vn -0.96063 0.0866142 0.259843 
vn -0.992126 0.110236 0.0472441 
vn 0.795276 -0.23622 0.566929 
vn 0.984252 -0.0787402 -0.133858 
vn 0.976378 0.0944882 -0.181102 
vn 0.897638 -0.0787402 0.433071 
vn -0.952756 -0.291339 -0.0314961 
vn -1 0.0708661 0.0472441 
vn -0.929134 -0.338583 -0.15748 
vn -0.795276 -0.598425 0.0393701 
vn -0.944882 -0.283465 0.165354 
vn -0.92126 -0.291339 0.259843 
vn -0.984252 -0.173228 -0.0944882 
vn -0.88189 -0.456693 0.0866142 
vn -0.503937 -0.850394 -0.15748 
vn -0.984252 0.0708661 0.181102 
vn -0.834646 -0.322835 0.448819 
vn -0.929134 0.0629921 0.362205 
vn -0.992126 -0.00787402 0.133858 
vn -0.96063 0.0472441 0.275591 
vn -0.968504 0.00787402 0.259843 
vn -0.897638 -0.165354 0.409449 
vn -0.480315 0.0944882 0.874016 
vn -0.992126 0.0866142 0.125984 
vn -0.984252 0.0314961 0.15748 
vn -0.992126 0.110236 0.0393701 
vn -0.84252 -0.0314961 0.535433 
vn -0.952756 0.0551181 0.307087 
vn -0.622047 0.0314961 0.787402 
vn -0.708661 -0.141732 0.692913 
vn -0.984252 -0.15748 0.0629921 
vn -1 0.0393701 -0.023622 
vn 0.708661 0.220472 0.677165 
vn 0.771654 0.322835 0.551181 
vn 0.795276 0.0472441 0.606299 
vn 0.874016 0 0.488189 
vn 0.897638 -0.0708661 0.433071 
vn 0.787402 0.188976 0.590551 
vn 0.811024 0.0708661 0.582677 
vn 0.724409 0.322835 0.606299 
vn 0.811024 -0.0629921 0.574803 
vn 0.622047 -0.149606 0.76378 
vn 0.692913 -0.125984 0.708661 
vn 0.905512 -0.0314961 0.433071 
vn 0.968504 -0.0551181 0.251969 
vn 1 -0.023622 0.0629921 
vn 0.929134 -0.15748 0.330709 
vn 0.370079 -0.19685 0.905512 
vn 0.708661 -0.15748 0.685039 
vn 0.992126 -0.0866142 0.110236 
vn 0.992126 -0.110236 0.0944882 
vn 0.968504 -0.11811 0.228346 
vn 0.826772 -0.11811 0.543307 
vn 0.992126 -0.0629921 0.0787402 
vn 1 -0.023622 0.0314961 
vn 0.992126 0.0629921 -0.0708661 
vn 0.622047 -0.125984 0.771654 
vn 0.866142 0.251969 -0.433071 
vn 0.732283 0.0472441 0.677165 
vn 0.952756 0.133858 -0.259843 
vn 1 0.0472441 -0.015748 
vn 0.944882 0.322835 -0.0393701 
vn 0.858268 0.330709 0.385827 
vn -0.188976 0.173228 0.968504 
vn 0.992126 0.102362 0.0944882 
vn 0.992126 0.0944882 0.015748 
vn 0.992126 0.0629921 0.0629921 
vn 0.992126 0.0787402 0.11811 
vn 0.992126 0.0944882 0.0866142 
vn 0.968504 0.141732 0.212598 
vn 0.992126 0.0393701 0.0866142 
vn 0.559055 0.220472 0.80315 
vn 0.984252 0.102362 0.141732 
vn 0.944882 0.015748 0.314961 
vn 0.937008 0.0472441 0.346457 
vn 0.984252 0.0708661 0.181102 
vn 0.976378 0.0393701 0.212598 
vn 0.897638 0.133858 0.409449 
vn 0.11811 0.283465 0.952756 
vn 0.425197 0.0708661 0.905512 
vn 0.929134 0.0708661 0.354331 
vn 0.685039 0.00787402 0.732283 
vn 0.984252 -0.0866142 0.173228 
vn 0.992126 0.110236 0.0866142 
vn 0.937008 -0.346457 0.0393701 
vn 0.984252 0.165354 -0.0708661 
vn 0.992126 -0.0472441 -0.141732 
vn 0.614173 -0.700787 -0.354331 
vn 0.598425 -0.283465 -0.748031 
vn 0.566929 -0.606299 -0.551181 
vn 0.976378 -0.0314961 -0.19685 
vn 0.889764 -0.456693 -0.0866142 
vn 0.952756 0.283465 -0.0787402 
vn 0.913386 0.409449 0.015748 
vn 0.724409 0.661417 -0.181102 
vn 0.944882 0.314961 -0.0787402 
vn 0.779528 0.622047 -0.0944882 
vn 0.354331 0.929134 -0.110236 
vn 0.393701 0.889764 0.220472 
vn 0.968504 0.251969 -0.0393701 
vn 0.913386 0.393701 -0.0629921 
vn -0.417323 0.905512 0 
vn -0.385827 0.834646 0.401575 
vn 0.96063 0.0629921 -0.267717 
vn 0.858268 -0.448819 -0.244094 
vn 0.826772 -0.377953 -0.417323 
vn 0.858268 0.141732 -0.496063 
vn 0.858268 0.480315 0.173228 
vn 0.968504 0.228346 -0.125984 
vn 0.905512 0.275591 -0.322835 
vn 0.748031 0.503937 -0.433071 
vn 0.629921 0.76378 -0.125984 
vn -0.905512 0.346457 0.23622 
vn 0.125984 0.212598 0.968504 
vn -0.984252 0.141732 -0.0787402 
vn -0.976378 0.188976 -0.102362 
vn -0.992126 0.0944882 0.023622 
vn -0.976378 0.0629921 0.188976 
vn -1 0.00787402 0.0393701 
vn -0.96063 0.00787402 0.275591 
vn -0.897638 -0.0629921 0.433071 
vn -1 -0.015748 0.015748 
vn -0.96063 0.023622 0.275591 
vn -0.992126 -0.0551181 0.133858 
vn -0.889764 -0.0944882 0.456693 
vn -0.897638 0.110236 0.417323 
vn -0.905512 0.023622 0.433071 
vn -0.80315 0.0472441 0.598425 
vn -0.771654 0.110236 0.622047 
vn -0.740157 0.0787402 0.669291 
vn -0.795276 0.0393701 0.598425 
vn -0.905512 0.0472441 0.417323 
vn -0.858268 -0.00787402 0.519685 
vn -0.992126 0.11811 -0.0787402 
vn -0.984252 -0.023622 -0.165354 
vn -0.92126 -0.181102 -0.354331 
vn -0.582677 -0.488189 -0.645669 
vn -0.968504 0.204724 -0.125984 
vn -0.968504 0.228346 -0.110236 
vn -0.811024 0.590551 -0.015748 
vn -0.92126 0.370079 -0.110236 
vn -0.606299 0.779528 -0.181102 
vn -0.968504 0.228346 -0.125984 
vn -0.850394 0.527559 -0.0629921 
vn -0.92126 0.322835 -0.23622 
vn -0.968504 0.188976 -0.141732 
vn -0.826772 -0.527559 -0.181102 
vn -0.464567 -0.866142 -0.188976 
vn -0.929134 0.220472 -0.283465 
vn -0.92126 0.377953 0.11811 
vn -0.850394 0.102362 -0.519685 
vn -0.905512 -0.023622 -0.417323 
vn -0.685039 0.519685 -0.503937 
vn 0.519685 0.850394 -0.0944882 
vn -0.700787 0.015748 -0.708661 
vn -0.732283 0.330709 -0.598425 
vn -0.346457 0.590551 -0.724409 
vn -0.80315 -0.283465 -0.519685 
vn -0.84252 0.0551181 -0.527559 
vn -0.779528 0.0708661 -0.622047 
vn -0.685039 -0.23622 -0.692913 
vn -0.80315 0.19685 -0.566929 
vn -0.606299 0.15748 -0.779528 
vn -0.787402 0.110236 -0.606299 
vn -0.685039 0.519685 -0.503937 
vn -0.653543 0.0866142 -0.755906 
vn -0.850394 0.102362 -0.519685 
vn -0.535433 -0.251969 -0.80315 
vn -0.362205 -0.811024 -0.464567 
vn -0.283465 -0.80315 -0.519685 
vn -0.385827 -0.283465 -0.88189 
vn -0.188976 -0.834646 -0.519685 
vn -0.259843 -0.330709 -0.905512 
vn -0.503937 0.0787402 -0.858268 
vn -0.661417 0.0866142 -0.748031 
vn -0.740157 0.11811 -0.661417 
vn -0.669291 0.0787402 -0.740157 
vn -0.645669 0.023622 -0.76378 
vn -0.669291 -0.0944882 -0.740157 
vn -0.669291 -0.330709 -0.669291 
vn -0.905512 -0.023622 -0.417323 
vn 0.0629921 -0.0472441 -1 
vn 0.456693 -0.244094 -0.858268 
vn 0.165354 -0.874016 -0.448819 
vn -0.787402 0.15748 -0.598425 
vn -0.787402 0.11811 -0.598425 
vn -0.755906 0.110236 -0.645669 
vn -0.866142 0.330709 -0.385827 
vn -0.748031 0.19685 -0.629921 
vn -0.188976 0.0314961 -0.984252 
vn -0.574803 0.0393701 -0.818898 
vn 0.629921 -0.0314961 -0.779528 
vn 0.0708661 0.0787402 -0.992126 
vn -0.740157 0.0944882 -0.661417 
vn -0.637795 0.102362 -0.76378 
vn -0.346457 -0.015748 -0.937008 
vn -0.472441 -0.015748 -0.88189 
vn -0.677165 0.0787402 -0.732283 
vn -0.629921 -0.110236 -0.771654 
vn -0.590551 -0.015748 -0.80315 
vn -0.700787 0.0314961 -0.716535 
vn -0.771654 0.0472441 -0.637795 
vn -0.748031 -0.0472441 -0.661417 
vn -0.771654 0.0944882 -0.629921 
vn -0.543307 -0.165354 -0.818898 
vn -0.377953 -0.0787402 -0.92126 
vn -0.385827 -0.15748 -0.905512 
vn -0.551181 -0.23622 -0.80315 
vn -0.677165 -0.259843 -0.692913 
vn -0.338583 -0.590551 -0.732283 
vn -0.685039 -0.188976 -0.700787 
vn -0.677165 -0.267717 -0.692913 
vn -0.787402 -0.173228 -0.590551 
vn -0.834646 -0.181102 -0.519685 
vn -0.724409 -0.0472441 -0.692913 
vn -0.015748 -0.149606 -0.992126 
vn -0.370079 0 -0.929134 
vn 0.614173 -0.110236 -0.779528 
vn 0.00787402 -0.905512 -0.417323 
vn 0.00787402 -0.905512 -0.417323 
vn 0.00787402 -0.905512 -0.417323 
vn -0.897638 -0.165354 -0.401575 
vn -0.92126 -0.110236 -0.377953 
vn -0.944882 -0.275591 -0.173228 
vn -0.80315 -0.0551181 -0.590551 
vn -0.858268 -0.291339 -0.417323 
vn -1 0.015748 -0.0472441 
vn -0.874016 -0.267717 -0.401575 
vn -0.889764 -0.11811 -0.440945 
vn -0.645669 -0.299213 -0.700787 
vn -0.724409 -0.141732 -0.669291 
vn -0.84252 -0.0551181 -0.543307 
vn -0.551181 -0.0866142 -0.826772 
vn 0.80315 0.0472441 0.598425 
vn 0.929134 0.0629921 0.362205 
vn 0.889764 -0.00787402 0.464567 
vn 0.984252 0.0551181 0.15748 
vn 0.748031 -0.023622 0.661417 
vn 0.811024 -0.015748 0.590551 
vn 0.818898 -0.267717 0.503937 
vn 0.984252 0.133858 0.133858 
vn 0.905512 -0.188976 0.370079 
vn 0.787402 -0.488189 0.377953 
vn 0.937008 -0.19685 0.291339 
vn 0.937008 -0.0629921 0.338583 
vn 0.779528 -0.11811 0.622047 
vn 0.614173 -0.401575 0.677165 
vn 0.527559 -0.102362 0.84252 
vn 0.661417 0.181102 0.724409 
vn 0.92126 0.181102 0.354331 
vn 0.771654 0.448819 0.456693 
vn 0.897638 0.11811 0.425197 
vn -0.677165 -0.0314961 -0.732283 
vn -0.440945 -0.0551181 -0.897638 
vn -0.409449 -0.0944882 -0.905512 
vn -0.503937 -0.559055 -0.653543 
vn -0.748031 -0.346457 -0.566929 
vn -0.740157 -0.015748 -0.677165 
vn -0.440945 -0.0629921 -0.889764 
vn -0.212598 -0.283465 -0.937008 
vn -0.125984 -0.0944882 -0.984252 
vn -0.401575 -0.346457 -0.84252 
vn -0.590551 0 -0.811024 
vn -0.748031 0.0551181 -0.661417 
vn 0.259843 -0.291339 -0.92126 
vn 0.259843 -0.125984 -0.952756 
vn 0.0629921 -0.212598 -0.976378 
vn 0.456693 -0.330709 -0.826772 
vn -0.519685 0.0393701 -0.858268 
vn -0.740157 0.0866142 -0.669291 
vn -0.362205 -0.00787402 -0.937008 
vn -0.464567 0.0629921 -0.88189 
vn -0.740157 0.125984 -0.653543 
vn -0.598425 0.125984 -0.787402 
vn -0.275591 0.023622 -0.96063 
vn -0.417323 0.0393701 -0.905512 
vn -0.543307 0.133858 -0.826772 
vn -0.716535 0.204724 -0.661417 
vn -0.614173 0.251969 -0.748031 
vn -0.480315 0.244094 -0.84252 
vn -0.511811 0.385827 -0.76378 
vn -0.362205 0.503937 -0.787402 
vn -0.385827 0.0944882 -0.92126 
vn -0.338583 0.275591 -0.897638 
vn -0.228346 0.433071 -0.874016 
vn -0.338583 -0.0393701 -0.937008 
vn -0.409449 -0.165354 -0.897638 
vn -0.244094 -0.0787402 -0.968504 
vn -0.212598 -0.141732 -0.968504 
vn -0.204724 -0.102362 -0.976378 
vn -0.330709 -0.11811 -0.937008 
vn -0.11811 -0.0314961 -0.992126 
vn -0.314961 -0.244094 -0.92126 
vn 0.133858 -0.307087 -0.944882 
vn 0.141732 -0.102362 -0.984252 
vn 0.00787402 -0.015748 -1 
vn -0.0629921 -0.023622 -1 
vn 0.244094 -0.0708661 -0.968504 
vn 0.433071 -0.11811 -0.897638 
vn -0.0393701 -0.0629921 -1 
vn 0.0866142 -0.133858 -0.984252 
vn -0.244094 -0.0944882 -0.968504 
vn -0.102362 -0.0629921 -0.992126 
vn 0.149606 0.653543 0.740157 
vn -0.362205 0.740157 0.559055 
vn -0.629921 0.472441 0.614173 
vn -0.866142 0.440945 0.228346 
vn -0.984252 0.0629921 0.15748 
vn -0.929134 -0.0787402 0.370079 
vn 0.0472441 0.913386 0.393701 
vn -0.574803 0.795276 0.188976 
vn -0.15748 -0.377953 0.913386 
vn 0.0393701 -0.456693 0.889764 
vn -0.629921 0.188976 0.755906 
vn -0.968504 0.15748 0.181102 
vn -0.92126 0.330709 0.204724 
vn -0.826772 0.559055 0.0629921 
vn 0.141732 0.976378 0.15748 
vn -0.88189 0.425197 0.19685 
vn -0.732283 0.645669 0.204724 
vn -0.850394 0.393701 0.354331 
vn -0.905512 0.385827 0.181102 
vn -0.574803 0.811024 0.0944882 
vn 0.19685 0.984252 -0.00787402 
vn -0.645669 0.677165 0.346457 
vn -0.582677 0.614173 0.535433 
vn -0.417323 0.795276 0.448819 
vn 0.259843 0.944882 -0.19685 
vn 0.448819 0.102362 0.889764 
vn 0.496063 -0.417323 0.76378 
vn 0.732283 -0.0472441 0.677165 
vn 0.511811 0.385827 0.76378 
vn 0.212598 -0.15748 0.96063 
vn 0.173228 -0.527559 0.834646 
vn -0.102362 -0.267717 0.96063 
vn 0.181102 0.401575 0.897638 
vn 0.480315 0.677165 0.559055 
vn 0.220472 0.661417 0.716535 
vn 0.362205 0.385827 0.850394 
vn 0.0708661 0.173228 0.984252 
vn -0.102362 0.488189 0.866142 
vn 0.188976 0.433071 0.88189 
vn 0.433071 -0.0314961 0.897638 
vn 0.409449 0.0708661 0.913386 
vn 0.133858 0.228346 0.968504 
vn -0.165354 0.0551181 0.984252 
vn 0.0944882 -0.11811 0.984252 
vn 0 0.0866142 1 
vn 0.0866142 -0.125984 0.984252 
vn -0.409449 -0.566929 -0.716535 
vn -0.692913 -0.629921 -0.354331 
vn -0.0944882 -0.322835 -0.944882 
vn 0 -0.322835 -0.944882 
vn 0.488189 -0.11811 -0.866142 
vn 0.141732 -0.543307 -0.826772 
vn 0.23622 -0.0314961 -0.968504 
vn -0.559055 -0.141732 -0.818898 
vn -0.692913 -0.149606 -0.700787 
vn -0.76378 -0.385827 -0.519685 
vn -0.393701 0.448819 0.80315 
vn -0.307087 0.307087 0.897638 
vn -0.724409 0.448819 0.519685 
vn -0.582677 0.275591 0.76378 
vn -0.259843 0.559055 0.787402 
vn -0.425197 0.23622 0.874016 
vn -0.826772 0.307087 0.464567 
vn -0.0787402 0.165354 0.984252 
vn -0.905512 0.228346 -0.354331 
vn -0.952756 0.251969 0.188976 
vn -0.299213 0.346457 0.889764 
vn -0.84252 -0.0866142 0.535433 
vn 0.913386 -0.0708661 0.401575 
vn 0.944882 -0.0472441 0.314961 
vn 0.417323 -0.181102 0.889764 
vn 0.92126 -0.00787402 0.385827 
vn 0.456693 0.125984 0.88189 
vn -0.464567 0.543307 0.700787 
vn -0.346457 -0.015748 -0.937008 
vn -0.204724 -0.102362 -0.976378 
vn -0.125984 -0.023622 -0.992126 
vn -0.377953 -0.0787402 -0.92126 
vn -0.385827 -0.15748 -0.905512 
vn -0.00787402 -0.0708661 -1 
vn 0.0393701 -0.00787402 -1 
vn -0.212598 -0.141732 -0.968504 
vn 0.173228 -0.015748 -0.984252 
vn -0.015748 -0.102362 -0.992126 
vn 0.0629921 0.0551181 -1 
vn 0.173228 0.0314961 -0.984252 
vn 0.165354 0.0708661 -0.984252 
vn 0.125984 -0.259843 -0.96063 
vn 0.346457 0.0787402 -0.937008 
vn 0.259843 -0.307087 -0.913386 
vn 0.291339 0.0551181 -0.952756 
vn 0.433071 -0.330709 -0.84252 
vn 0.244094 -0.755906 -0.614173 
vn 0.464567 -0.330709 -0.818898 
vn 0.354331 0.0393701 -0.937008 
vn 0.440945 0.0708661 -0.889764 
vn 0.535433 0.0787402 -0.84252 
vn 0.677165 0.0708661 -0.732283 
vn 0.685039 0.0708661 -0.724409 
vn 0.732283 0.0944882 -0.677165 
vn 0.629921 0.0944882 -0.771654 
vn 0.574803 -0.267717 -0.771654 
vn 0.314961 -0.826772 -0.464567 
vn 0.724409 -0.259843 -0.645669 
vn 0.385827 -0.826772 -0.409449 
vn 0.582677 0.0866142 -0.80315 
vn 0.724409 0.0866142 -0.685039 
vn 0.496063 0.023622 -0.866142 
vn 0.590551 0.0551181 -0.80315 
vn 0.748031 0.0393701 -0.661417 
vn 0.685039 -0.0629921 -0.724409 
vn 0.362205 -0.023622 -0.929134 
vn 0.496063 -0.0944882 -0.866142 
vn 0.685039 -0.188976 -0.708661 
vn 0.322835 -0.0944882 -0.944882 
vn 0.535433 -0.188976 -0.826772 
vn 0.677165 -0.267717 -0.685039 
vn 0.551181 -0.251969 -0.795276 
vn 0.283465 -0.291339 -0.913386 
vn 0.401575 -0.173228 -0.897638 
vn 0.141732 -0.0787402 -0.984252 
vn 0.110236 -0.110236 -0.984252 
vn 0.220472 -0.110236 -0.968504 
vn 0.0393701 -0.0314961 -1 
vn -0.0551181 -0.0629921 -1 
vn -0.125984 -0.11811 -0.984252 
vn -0.244094 -0.0787402 -0.968504 
vn -0.141732 -0.0629921 -0.984252 
vn -0.0787402 0.015748 -1 
vn -0.188976 0.0551181 -0.976378 
vn -0.338583 -0.0393701 -0.937008 
vn -0.385827 0.0944882 -0.92126 
vn -0.212598 0.149606 -0.968504 
vn -0.338583 0.275591 -0.897638 
vn -0.0551181 0.15748 -0.984252 
vn -0.188976 0.291339 -0.937008 
vn -0.228346 0.433071 -0.874016 
vn 0.535433 0.503937 0.677165 
vn 0.826772 0.0393701 -0.566929 
vn 0.669291 0.503937 0.543307 
vn 0.771654 -0.0708661 -0.637795 
vn 0.433071 0.433071 0.787402 
vn 0.732283 0.496063 0.464567 
vn 0.771654 0.322835 0.551181 
vn 0.448819 0.275591 0.850394 
vn 0.299213 0.19685 0.929134 
vn -0.992126 -0.102362 0.0314961 
vn -0.944882 -0.0708661 0.322835 
vn -0.976378 -0.165354 0.165354 
vn -0.748031 -0.354331 -0.566929 
vn -0.913386 -0.110236 0.385827 
vn -0.874016 -0.23622 -0.417323 
vn -0.897638 -0.0708661 0.433071 
vn -0.866142 -0.19685 -0.456693 
vn -1 -0.0393701 0.023622 
vn -0.755906 -0.015748 -0.653543 
vn -0.944882 -0.307087 -0.125984 
vn 0.724409 0.19685 0.661417 
vn 0.417323 0.472441 0.779528 
vn 0.535433 0.503937 0.677165 
vn 0 0.425197 0.905512 
vn 0.433071 0.433071 0.787402 
vn -0.401575 -0.0708661 0.913386 
vn -0.551181 -0.346457 0.755906 
vn -0.354331 -0.724409 0.598425 
vn -0.0787402 0.141732 0.984252 
vn -0.0866142 -0.102362 0.992126 
vn -0.125984 -0.425197 0.897638 
vn -0.0314961 0.346457 0.937008 
vn 0.220472 -0.362205 0.905512 
vn 0.15748 -0.92126 0.354331 
vn 0.480315 -0.629921 0.606299 
vn 0.181102 -0.102362 0.976378 
vn 0.149606 0.0551181 0.984252 
vn 0.228346 0.291339 0.929134 
vn 0.385827 0.102362 0.92126 
vn 0.0472441 0.401575 0.913386 
vn 0.0314961 0.480315 0.874016 
vn 0.244094 0.417323 0.874016 
vn 0.377953 0.370079 0.850394 
vn 0.125984 0.559055 0.818898 
vn 0.00787402 0.511811 0.858268 
vn 0.338583 0.622047 0.708661 
vn 0.456693 0.590551 0.669291 
vn -0.0944882 0.748031 0.653543 
vn 0.0787402 0.645669 0.755906 
vn 0.0866142 0.598425 0.795276 
vn 0.228346 0.480315 0.850394 
vn 0.015748 0.511811 0.858268 
vn -0.015748 0.448819 0.897638 
vn -0.299213 0.346457 0.889764 
vn -0.15748 0.511811 0.84252 
vn -0.00787402 0.385827 0.92126 
vn -0.393701 0.448819 0.80315 
vn -0.307087 0.307087 0.897638 
vn 0.023622 0.259843 0.968504 
vn 0.448819 0.275591 0.850394 
vn -0.425197 0.23622 0.874016 
vn 0.299213 0.19685 0.929134 
vn -0.023622 0.181102 0.984252 
vn 0.275591 0.188976 0.944882 
vn 0.629921 0.23622 0.740157 
vn 0.401575 0.188976 0.897638 
vn 0.629921 0.299213 0.716535 
vn -0.0787402 0.165354 0.984252 
vn 0.19685 0.181102 0.96063 
vn 0.645669 0.220472 0.732283 
vn 0.566929 0.0866142 0.818898 
vn -0.338583 0.173228 0.929134 
vn -0.732283 0.259843 0.629921 
vn -0.0866142 0.0472441 0.992126 
vn 0.19685 0 0.976378 
vn 0.976378 -0.0551181 -0.220472 
vn 0.937008 -0.0551181 0.354331 
vn -0.149606 0.0314961 0.992126 
vn -0.125984 0 0.992126 
vn -0.425197 -0.0551181 0.905512 
vn 0.015748 -0.023622 1 
vn 0.0708661 -0.0787402 0.992126 
vn -0.401575 -0.110236 0.905512 
vn 0.322835 -0.19685 0.929134 
vn -0.133858 -0.173228 0.976378 
vn -0.456693 -0.149606 0.874016 
vn 0.456693 -0.133858 0.88189 
vn 0 -0.141732 0.992126 
vn -0.76378 -0.259843 0.590551 
vn -0.362205 0.283465 0.889764 
vn 0.755906 -0.228346 0.614173 
vn 0.299213 0.291339 0.913386 
vn 0.968504 0.173228 0.173228 
vn 0.724409 0.0866142 -0.685039 
vn 0.748031 0.0393701 -0.661417 
vn 0.614173 0.015748 -0.787402 
vn -0.700787 -0.0787402 -0.708661 
vn 0.496063 -0.0314961 -0.866142 
vn 0.771654 0.125984 -0.622047 
vn 0.637795 0.212598 -0.740157 
vn 0.80315 0.11811 -0.582677 
vn 0.732283 0.188976 -0.653543 
vn 0.811024 0.133858 -0.566929 
vn 0.716535 0.015748 -0.692913 
vn 0.795276 0.15748 -0.582677 
vn 0.779528 0.0866142 -0.622047 
vn 0.629921 0.0944882 -0.771654 
vn 0.826772 0.125984 -0.551181 
vn 0.732283 0.0944882 -0.677165 
vn 0.244094 0.149606 -0.96063 
vn 0.535433 0.023622 -0.84252 
vn 0.787402 0.0708661 -0.614173 
vn 0.787402 -0.141732 -0.606299 
vn 0.685039 0.0708661 -0.724409 
vn 0.779528 -0.346457 -0.519685 
vn 0.787402 -0.291339 -0.535433 
vn 0.677165 0.0708661 -0.732283 
vn 0.724409 -0.259843 -0.645669 
vn 0.897638 -0.299213 -0.338583 
vn 0.84252 -0.385827 -0.370079 
vn 0.84252 -0.456693 -0.291339 
vn 0.937008 -0.299213 -0.165354 
vn 0.692913 -0.700787 -0.181102 
vn 1 0.0708661 0.00787402 
vn 0.866142 -0.480315 -0.149606 
vn 0.968504 -0.23622 -0.0393701 
vn 0.92126 -0.370079 -0.133858 
vn 0.889764 -0.433071 0.125984 
vn 0.992126 0.0866142 0.125984 
vn 0.976378 -0.220472 0.0314961 
vn 0.732283 -0.685039 -0.0551181 
vn 0.566929 -0.826772 0.0551181 
vn 0.944882 -0.275591 0.181102 
vn 0.653543 -0.708661 0.251969 
vn 0.929134 -0.19685 0.314961 
vn 0.984252 0.165354 0.0314961 
vn 0.834646 -0.220472 0.511811 
vn 0.598425 -0.653543 0.472441 
vn 0.692913 -0.141732 0.708661 
vn 0.748031 0.0472441 0.661417 
vn 0.88189 0.0551181 0.464567 
vn 0.84252 -0.015748 0.543307 
vn 0.669291 0.00787402 0.740157 
vn 0.740157 0.00787402 0.669291 
vn 0.866142 0.0393701 0.496063 
vn 0.779528 0.11811 0.622047 
vn 0.913386 0.125984 0.385827 
vn 0.80315 0.110236 0.582677 
vn 0.952756 0.015748 0.314961 
vn 0.96063 0.11811 0.259843 
vn -0.700787 0.527559 0.480315 
vn -0.968504 0.0314961 0.259843 
vn -0.937008 0.181102 0.307087 
vn -0.535433 0.551181 0.637795 
vn -0.559055 0.503937 0.661417 
vn -0.976378 -0.0314961 -0.220472 
vn -1 -0.015748 0.0472441 
vn -0.385827 -0.283465 -0.88189 
vn -0.503937 0.0787402 -0.858268 
vn -0.354331 0.0787402 -0.929134 
vn -0.204724 0.0866142 -0.976378 
vn -0.259843 -0.330709 -0.905512 
vn -0.283465 0.0472441 -0.96063 
vn -0.181102 0.0629921 -0.984252 
vn -0.173228 0.0393701 -0.984252 
vn -0.15748 -0.212598 -0.968504 
vn -0.11811 -0.818898 -0.566929 
vn -0.0551181 -0.700787 -0.716535 
vn -0.023622 -0.291339 -0.952756 
vn -0.0551181 0.0866142 -0.992126 
vn -0.0551181 0.0787402 -0.992126 
vn 0.0314961 -0.755906 -0.653543 
vn 0.11811 -0.795276 -0.590551 
vn -0.0629921 0.0314961 -1 
vn -0.834646 -0.322835 0.448819 
vn -0.566929 -0.700787 0.440945 
vn -0.748031 -0.19685 0.637795 
vn -0.307087 -0.905512 0.275591 
vn -0.543307 -0.511811 0.669291 
vn -0.535433 -0.165354 0.826772 
vn -0.267717 -0.866142 0.425197 
vn -0.669291 0.0551181 0.740157 
vn -0.551181 0.0472441 0.834646 
vn -0.748031 0.0551181 0.661417 
vn -0.377953 -0.433071 0.818898 
vn -0.795276 0.0472441 0.598425 
vn -0.929134 0.0629921 0.362205 
vn -0.622047 0.0551181 0.779528 
vn -0.448819 0.0472441 0.889764 
vn -0.88189 0.0472441 0.472441 
vn -0.96063 0.0472441 0.275591 
vn -0.952756 0.0551181 0.307087 
vn -0.685039 0.0314961 0.732283 
vn -0.858268 -0.00787402 0.519685 
vn -0.968504 0.0393701 0.259843 
vn -0.692913 -0.00787402 0.716535 
vn -0.795276 0.0393701 0.598425 
vn -0.503937 0.00787402 0.866142 
vn -0.480315 0.0393701 0.874016 
vn -0.385827 0.0393701 0.92126 
vn -0.267717 -0.354331 0.897638 
vn -0.354331 0.023622 0.937008 
vn -0.212598 0.0393701 0.976378 
vn -0.133858 -0.244094 0.96063 
vn -0.181102 -0.677165 0.708661 
vn 0.0393701 -0.267717 0.96063 
vn 0.299213 0.023622 0.952756 
vn -0.212598 0.0393701 0.976378 
vn 0.15748 0.0314961 0.984252 
vn 0.322835 0 0.944882 
vn -0.0551181 0.015748 1 
vn -0.251969 -0.299213 0.92126 
vn -0.0314961 -0.23622 0.968504 
vn 0.0787402 -0.0866142 0.992126 
vn 0.110236 -0.440945 0.889764 
vn -0.440945 -0.322835 0.834646 
vn -0.669291 -0.23622 0.700787 
vn -0.425197 -0.488189 0.76378 
vn -0.173228 -0.401575 0.897638 
vn -0.685039 -0.464567 0.566929 
vn -0.779528 -0.173228 0.598425 
vn -0.850394 0.0314961 0.527559 
vn -0.88189 -0.204724 0.433071 
vn -0.582677 -0.259843 0.76378 
vn -0.354331 -0.141732 0.92126 
vn -0.629921 0 0.779528 
vn -0.858268 0.149606 0.488189 
vn -0.590551 0.0866142 0.80315 
vn -0.740157 0.0787402 0.669291 
vn -0.771654 0.110236 0.622047 
vn -0.748031 0.228346 0.629921 
vn -0.653543 0.0629921 0.755906 
vn -0.80315 0.0472441 0.598425 
vn -0.614173 0.362205 0.700787 
vn -0.76378 0.440945 0.480315 
vn -0.511811 0.354331 0.787402 
vn -0.425197 0.669291 0.614173 
vn -0.433071 0.125984 0.897638 
vn -0.464567 0.464567 0.755906 
vn -0.15748 0.629921 0.755906 
vn -0.0944882 0.354331 0.929134 
vn -0.0314961 0.653543 0.755906 
vn 0.787402 -0.0472441 0.622047 
vn 0.787402 -0.0393701 0.614173 
vn 1 -0.00787402 -0.0393701 
vn 0.787402 -0.0393701 0.614173 
vn 0.992126 -0.023622 0.11811 
vn 0.88189 -0.188976 0.440945 
vn 0.645669 -0.244094 0.724409 
vn 0.590551 -0.740157 0.314961 
vn 1 -0.023622 -0.0708661 
vn 0.952756 -0.220472 0.204724 
vn 0.622047 -0.771654 0.102362 
vn 0.968504 -0.23622 -0.110236 
vn 0.677165 -0.716535 -0.181102 
vn 0.700787 -0.181102 -0.685039 
vn 0.913386 -0.181102 -0.362205 
vn 0.622047 -0.622047 -0.472441 
vn 0.76378 -0.00787402 -0.645669 
vn 1 -0.0314961 0.023622 
vn 0.992126 -0.0866142 -0.023622 
vn 0.748031 -0.0314961 -0.661417 
vn 0.92126 -0.0866142 0.385827 
vn 0.716535 -0.251969 0.653543 
vn 0.826772 -0.385827 0.409449 
vn 0.669291 -0.732283 0.102362 
vn 0.858268 -0.0787402 0.503937 
vn 0.858268 -0.141732 0.496063 
vn 0.889764 -0.23622 0.393701 
vn 0.913386 -0.19685 0.346457 
vn 0.850394 -0.322835 0.425197 
vn 0.968504 -0.0944882 0.23622 
vn 0.795276 -0.409449 0.440945 
vn 0.937008 -0.267717 0.212598 
vn 0.88189 -0.125984 0.456693 
vn 0.755906 -0.385827 0.527559 
vn 0.755906 -0.314961 0.574803 
vn 0.92126 -0.283465 0.275591 
vn 0.944882 -0.188976 0.259843 
vn 0.929134 -0.330709 -0.165354 
vn 0.937008 -0.212598 -0.259843 
vn 0.582677 -0.748031 0.322835 
vn 0.913386 -0.15748 -0.377953 
vn 0.92126 -0.23622 -0.299213 
vn 0.732283 -0.354331 -0.574803 
vn 0.834646 -0.259843 -0.488189 
vn 0.897638 -0.149606 -0.409449 
vn 0.708661 -0.322835 -0.629921 
vn 0.858268 -0.204724 -0.472441 
vn 0.968504 -0.110236 -0.23622 
vn 0.889764 -0.346457 -0.299213 
vn 0.874016 0.00787402 -0.480315 
vn 1 0 -0.023622 
vn 0.692913 -0.0944882 -0.716535 
vn 0.826772 -0.0472441 -0.559055 
vn 0.637795 -0.204724 -0.748031 
vn -0.818898 0.0708661 0.574803 
vn -0.826772 -0.0944882 0.559055 
vn -0.88189 0.00787402 0.472441 
vn -0.889764 -0.0708661 0.448819 
vn -0.937008 -0.0551181 0.354331 
vn -0.88189 -0.19685 0.425197 
vn -0.968504 -0.0787402 0.251969 
vn -0.614173 -0.149606 0.771654 
vn -0.929134 -0.0393701 0.370079 
vn -0.732283 0.11811 0.669291 
vn -0.76378 -0.291339 0.574803 
vn -0.76378 0.275591 0.582677 
vn -0.598425 -0.307087 0.740157 
vn -0.551181 0.322835 0.76378 
vn -0.433071 -0.220472 0.874016 
vn -0.874016 -0.00787402 0.488189 
vn -0.80315 0.0472441 0.598425 
vn -0.905512 0.023622 0.433071 
vn -0.968504 -0.0629921 0.251969 
vn -0.929134 -0.00787402 0.370079 
vn -0.96063 0.023622 0.275591 
vn -0.976378 0.0629921 0.188976 
vn -0.992126 -0.0551181 0.133858 
vn -0.88189 -0.149606 0.448819 
vn -0.023622 -0.212598 0.976378 
vn -0.566929 -0.173228 0.80315 
vn -0.889764 -0.0944882 0.456693 
vn -1 -0.023622 -0.015748 
vn -0.811024 -0.188976 -0.551181 
vn -0.787402 -0.0551181 0.622047 
vn -0.787402 -0.0472441 0.614173 
vn -0.771654 -0.0551181 0.629921 
vn -0.984252 -0.165354 0.00787402 
vn -0.795276 -0.228346 0.566929 
vn -0.771654 -0.629921 -0.0866142 
vn -0.535433 -0.700787 -0.480315 
vn -0.787402 -0.551181 0.259843 
vn -0.433071 -0.874016 0.19685 
vn -0.566929 -0.574803 0.590551 
vn -0.92126 -0.125984 0.362205 
vn -0.913386 -0.125984 0.385827 
vn -0.84252 -0.228346 0.488189 
vn -0.968504 -0.228346 0.102362 
vn -0.96063 -0.267717 -0.102362 
vn -0.818898 -0.0472441 0.566929 
vn -0.519685 -0.149606 0.84252 
vn 0.15748 -0.417323 0.897638 
vn -0.582677 -0.259843 0.76378 
vn -0.606299 -0.133858 0.779528 
vn -0.80315 -0.102362 0.590551 
vn -0.535433 -0.220472 0.811024 
vn -0.897638 -0.299213 0.322835 
vn -0.811024 -0.173228 0.559055 
vn -0.850394 -0.181102 0.488189 
vn -0.913386 -0.354331 0.204724 
vn -0.228346 -0.385827 0.889764 
vn 0.0866142 -0.125984 0.984252 
vn -0.023622 -0.0551181 1 
vn 0.314961 -0.0629921 0.944882 
vn 0.0944882 -0.11811 0.984252 
vn 0.15748 -0.267717 0.952756 
vn -0.102362 -0.267717 0.96063 
vn 0.173228 -0.527559 0.834646 
vn 0.377953 -0.291339 0.874016 
vn 0.559055 -0.338583 0.755906 
vn 0.299213 0.0314961 0.952756 
vn 0.440945 -0.015748 0.897638 
vn 0.251969 0.0551181 0.968504 
vn 0.393701 0.0787402 0.913386 
vn 0.614173 0.0472441 0.787402 
vn 0.748031 -0.023622 0.661417 
vn 0.826772 -0.291339 0.480315 
vn 0.80315 0.0472441 0.598425 
vn 0.80315 0.110236 0.582677 
vn 0.598425 0.102362 0.795276 
vn 0.779528 0.11811 0.622047 
vn 0.740157 0.00787402 0.669291 
vn 0.464567 0.425197 0.779528 
vn 0.779528 0.165354 0.606299 
vn 0.590551 0.330709 0.740157 
vn 0.795276 -0.00787402 0.606299 
vn 0.779528 0.440945 0.440945 
vn 0.80315 0.220472 0.559055 
vn 0.590551 0.519685 0.614173 
vn 0.23622 0.425197 0.874016 
vn 0.669291 0.00787402 0.740157 
vn 0.338583 0.677165 0.653543 
vn 0.228346 0.362205 0.905512 
vn 0.0866142 0.629921 0.771654 
vn 0.0393701 0.330709 0.944882 
vn -0.165354 0.417323 0.889764 
vn 0.519685 0.0944882 0.850394 
vn -0.181102 0.181102 0.968504 
vn 0.181102 0.0787402 0.984252 
vn 0.850394 -0.0787402 0.519685 
vn 0.551181 -0.212598 0.811024 
vn -0.133858 -0.023622 0.992126 
vn 0.866142 -0.275591 0.417323 
vn 0.629921 -0.141732 0.76378 
vn 0.787402 -0.409449 0.464567 
vn 0.637795 -0.307087 0.708661 
vn 0.503937 -0.511811 0.700787 
vn 0.181102 -0.181102 0.968504 
vn 0.220472 -0.519685 0.826772 
vn 0.448819 -0.307087 0.84252 
vn -0.0787402 -0.440945 0.889764 
vn 0.204724 -0.346457 0.913386 
vn 0.511811 0.0314961 0.858268 
vn 0.409449 0.0314961 0.913386 
vn -0.110236 -0.338583 0.937008 
vn 0.165354 -0.0393701 0.984252 
vn 0.472441 0.0393701 0.88189 
vn 0.338583 0.0393701 0.937008 
vn 0.559055 0.0472441 0.826772 
vn 0.748031 0.0472441 0.661417 
vn 0.692913 -0.141732 0.708661 
vn 0.480315 -0.669291 0.566929 
vn 0.598425 -0.653543 0.472441 
vn 0.472441 -0.370079 0.80315 
vn 0.338583 0.0314961 0.937008 
vn 0.314961 -0.448819 0.834646 
vn 0.188976 -0.283465 0.944882 
vn 0.149606 -0.834646 0.535433 
vn -0.228346 -0.787402 0.574803 
vn -0.299213 -0.220472 0.929134 
vn -0.267717 0.023622 0.96063 
vn -0.401575 0.0866142 0.913386 
vn -0.0393701 0.0314961 1 
vn -0.0787402 -0.0551181 0.992126 
vn -0.133858 0.015748 0.992126 
vn -0.0551181 0.0314961 1 
vn -0.307087 -0.212598 0.929134 
vn -0.480315 0.0393701 0.874016 
vn -0.322835 0.181102 0.929134 
vn -0.0314961 0.425197 0.905512 
vn 0.23622 0.488189 0.84252 
vn -0.322835 0.102362 0.937008 
vn 0.102362 0.110236 0.992126 
vn -0.0944882 -0.023622 0.992126 
vn 0.19685 -0.204724 0.96063 
vn 0.433071 -0.0629921 0.897638 
vn 0.362205 0.244094 0.897638 
vn 0.535433 0.023622 0.84252 
vn 0.409449 0.362205 0.834646 
vn 0.0551181 0.267717 0.96063 
vn -0.015748 -0.015748 1 
vn 0.141732 0.023622 0.992126 
vn -0.015748 0.0708661 1 
vn 0 0.023622 1 
vn -0.307087 0.0551181 0.952756 
vn -0.0787402 -0.023622 1 
vn -0.472441 0.0708661 0.874016 
vn -0.322835 -0.015748 0.944882 
vn -0.559055 -0.11811 0.818898 
vn -0.76378 -0.251969 0.598425 
vn -0.834646 -0.181102 0.519685 
vn -0.929134 -0.0393701 0.370079 
vn -0.629921 -0.480315 0.606299 
vn -0.748031 -0.503937 0.433071 
vn -0.409449 -0.448819 0.795276 
vn -0.472441 -0.535433 0.700787 
vn -0.929134 -0.283465 0.251969 
vn -0.732283 -0.259843 0.629921 
vn -0.96063 -0.0314961 0.275591 
vn -0.984252 0.149606 0.11811 
vn -0.732283 0.11811 0.669291 
vn -0.76378 0.275591 0.582677 
vn -0.866142 0.385827 0.314961 
vn -0.818898 0.11811 0.566929 
vn -0.606299 0.543307 0.574803 
vn -0.795276 -0.228346 0.566929 
vn -0.299213 -0.0708661 0.952756 
vn -0.771654 -0.0551181 0.629921 
vn 0.968504 0.173228 0.173228 
vn 0.322835 0.732283 0.606299 
vn 0.299213 0.291339 0.913386 
vn 0.023622 0.440945 0.897638 
vn -0.00787402 0.740157 0.669291 
vn -0.464567 0.409449 0.779528 
vn -0.362205 0.283465 0.889764 
vn -0.968504 0.244094 0.0866142 
vn -0.779528 0.149606 -0.606299 
vn 0.685039 -0.0629921 -0.724409 
vn 0.685039 -0.188976 -0.708661 
vn 0.80315 -0.149606 -0.574803 
vn 0.795276 -0.0708661 -0.606299 
vn 0.76378 0.0629921 -0.637795 
vn 0.818898 -0.15748 -0.551181 
vn 0.755906 0.0629921 -0.645669 
vn 0.598425 -0.0393701 -0.795276 
vn 0.80315 -0.23622 -0.551181 
vn 0.488189 -0.354331 -0.795276 
vn 0.677165 -0.267717 -0.685039 
vn 0.748031 -0.275591 -0.598425 
vn 0.283465 -0.291339 -0.913386 
vn 0.590551 0.0314961 -0.80315 
vn 0.661417 0.0629921 -0.748031 
vn 0.00787402 0.0708661 -1 
vn 0.582677 0.0787402 -0.811024 
vn 0.377953 -0.322835 -0.866142 
vn 0.401575 0.0551181 -0.913386 
vn 0.496063 0.133858 -0.858268 
vn 0.291339 -0.0551181 -0.952756 
vn 0.440945 -0.0629921 -0.897638 
vn 0.448819 0.0393701 -0.889764 
vn 0.110236 -0.11811 -0.984252 
vn 0.0629921 -0.188976 -0.976378 
vn 0.346457 -0.0472441 -0.937008 
vn -0.15748 -0.015748 -0.984252 
vn 0.433071 -0.244094 -0.866142 
vn -0.0944882 -0.212598 -0.968504 
vn -0.653543 -0.165354 -0.740157 
vn -0.858268 -0.023622 -0.503937 
vn -0.874016 -0.00787402 -0.488189 
vn -0.314961 -0.0472441 -0.944882 
vn 0.0472441 0 -1 
vn 0.00787402 -0.023622 -1 
vn -0.110236 -0.0866142 -0.992126 
vn -0.425197 -0.110236 -0.897638 
vn 0.165354 -0.0629921 -0.984252 
vn 0.464567 -0.0629921 -0.88189 
vn 0.11811 -0.11811 -0.984252 
vn -0.133858 -0.141732 -0.984252 
vn 0.346457 -0.102362 -0.929134 
vn 0.220472 -0.141732 -0.968504 
vn -0.267717 -0.125984 -0.952756 
vn -0.622047 -0.0866142 -0.779528 
vn -0.472441 -0.0944882 -0.874016 
vn 0.0708661 -0.141732 -0.984252 
vn -0.173228 -0.102362 -0.976378 
vn -0.125984 -0.267717 -0.952756 
vn -0.362205 -0.354331 -0.866142 
vn -0.307087 -0.299213 -0.905512 
vn -0.590551 -0.440945 -0.677165 
vn -0.023622 -0.251969 -0.968504 
vn -0.385827 0.133858 -0.913386 
vn -0.811024 0.0787402 -0.574803 
vn -0.535433 0.377953 -0.755906 
vn -0.015748 0.15748 -0.984252 
vn 0.125984 -0.267717 -0.952756 
vn 0.23622 -0.283465 -0.929134 
vn 0.377953 0.0944882 -0.92126 
vn 0.480315 -0.401575 -0.779528 
vn 0.76378 0.0393701 -0.637795 
vn 0.834646 -0.0787402 -0.551181 
vn 0.472441 0.0629921 -0.88189 
vn 0.84252 -0.023622 -0.543307 
vn 0.637795 -0.228346 -0.740157 
vn 0.141732 0.141732 -0.976378 
vn -0.0944882 0.322835 -0.944882 
vn 0.346457 -0.0787402 -0.937008 
vn 0.181102 0.181102 -0.968504 
vn 0.417323 -0.0866142 -0.905512 
vn -0.204724 0.0944882 -0.976378 
vn -0.677165 0.574803 -0.464567 
vn -0.653543 0.519685 -0.551181 
vn -0.724409 -0.015748 -0.685039 
vn -0.582677 -0.472441 -0.661417 
vn 0.102362 -0.244094 -0.968504 
vn 0.480315 -0.472441 -0.740157 
vn -0.133858 -0.708661 -0.692913 
vn 0.417323 -0.811024 -0.417323 
vn -0.551181 0.322835 0.76378 
vn -0.645669 0.023622 0.76378 
vn -0.480315 0.220472 0.850394 
vn -0.401575 -0.15748 0.905512 
vn -0.322835 0.409449 0.850394 
vn -0.188976 -0.527559 0.826772 
vn -0.141732 0.0944882 0.984252 
vn -0.110236 -0.212598 0.968504 
vn -0.181102 -0.275591 0.944882 
vn 0.11811 -0.299213 0.944882 
vn 0.15748 0.015748 0.984252 
vn -0.0708661 -0.181102 0.984252 
vn -0.0551181 -0.00787402 1 
vn 0.0866142 0.354331 0.929134 
vn -0.149606 0.0551181 0.984252 
vn -0.433071 -0.0629921 0.897638 
vn -0.165354 0.606299 0.779528 
vn -0.149606 0.330709 0.929134 
vn -0.346457 0.362205 0.866142 
vn -0.433071 -0.220472 0.874016 
vn -0.448819 -0.0944882 0.889764 
vn -0.511811 0 0.858268 
vn -0.244094 -0.125984 0.96063 
vn -0.149606 0.173228 0.976378 
vn -0.322835 0.283465 0.905512 
vn -0.708661 -0.0708661 0.700787 
vn -0.826772 -0.0629921 0.559055 
vn -0.685039 -0.149606 0.716535 
vn -0.629921 -0.15748 0.76378 
vn -0.551181 -0.15748 0.818898 
vn -0.275591 -0.0866142 0.952756 
vn 0.0393701 -0.0629921 1 
vn -0.228346 -0.149606 0.96063 
vn 0.433071 0 0.905512 
vn 0.653543 -0.102362 0.748031 
vn -0.0551181 -0.456693 -0.889764 
vn -0.00787402 -0.905512 -0.425197 
vn 0.204724 -0.858268 -0.464567 
vn 0.826772 -0.377953 -0.417323 
vn 0.314961 -0.944882 -0.110236 
vn 0.858268 -0.448819 -0.244094 
vn -0.409449 -0.811024 -0.417323 
vn 0.275591 -0.96063 -0.0551181 
vn 0.889764 -0.456693 -0.0866142 
vn 0.566929 -0.606299 -0.551181 
vn 0.228346 -0.976378 0.00787402 
vn -0.0787402 -1 -0.00787402 
vn -0.251969 -0.968504 0.0708661 
vn -0.590551 -0.440945 -0.677165 
vn -0.440945 -0.897638 -0.0629921 
vn -0.897638 -0.401575 0.165354 
vn -0.779528 -0.472441 0.409449 
vn 0.480315 -0.614173 -0.629921 
vn -0.393701 -0.535433 0.748031 
vn 0.0787402 -0.992126 0.11811 
vn 0.433071 -0.897638 -0.0472441 
vn 0.0314961 -0.952756 0.291339 
vn -0.0551181 -0.338583 0.937008 
vn 0.283465 -0.952756 0.125984 
vn 0.795276 -0.23622 0.566929 
vn 0.314961 -0.755906 0.574803 
vn 0.244094 -0.677165 0.692913 
vn 0.141732 -0.125984 0.984252 
vn 0.11811 -0.267717 0.952756 
vn 0.149606 -0.84252 0.511811 
vn 0.417323 -0.440945 0.795276 
vn 0.204724 -0.944882 0.267717 
vn 0.614173 -0.653543 0.433071 
vn 0.173228 -0.929134 0.322835 
vn 0.590551 -0.535433 0.606299 
vn 0.448819 -0.874016 0.19685 
vn 0.708661 -0.559055 0.433071 
vn 0.299213 -0.944882 0.125984 
vn 0.913386 -0.322835 0.23622 
vn 0.472441 -0.88189 0.0551181 
vn 0.937008 -0.354331 -0.023622 
vn 0.622047 -0.771654 -0.11811 
vn 0.275591 -0.96063 0.00787402 
vn 0.826772 -0.566929 0.0393701 
vn 0.716535 -0.669291 -0.181102 
vn 0.535433 -0.755906 -0.377953 
vn 0.850394 -0.346457 -0.401575 
vn 0.267717 -0.929134 -0.244094 
vn 0.401575 -0.653543 -0.637795 
vn 0.480315 -0.401575 -0.779528 
vn -0.354331 -0.204724 0.913386 
vn 0.440945 -0.133858 0.889764 
vn 0.023622 -0.19685 0.976378 
vn -0.102362 0.0393701 0.992126 
vn 0.23622 0.0866142 0.968504 
vn 0.645669 -0.173228 0.740157 
vn 0.283465 0.0629921 0.96063 
vn 0.511811 -0.11811 0.850394 
vn 0.598425 -0.173228 0.779528 
vn 0.354331 0.0787402 0.929134 
vn 0.677165 -0.0629921 0.732283 
vn 0.834646 -0.173228 0.519685 
vn 0.771654 -0.0708661 0.629921 
vn 0.598425 0.0472441 0.795276 
vn 0.511811 0.00787402 0.858268 
vn 0.291339 0.299213 0.913386 
vn 0.165354 0.0314961 0.984252 
vn 0.267717 -0.149606 0.952756 
vn 0.0314961 0.275591 0.96063 
vn 0.15748 -0.0472441 0.984252 
vn 0.0866142 0.566929 0.818898 
vn 0.275591 0.614173 0.740157 
vn 0.543307 0.590551 0.590551 
vn 0.417323 0.259843 0.874016 
vn 0.527559 -0.102362 0.84252 
vn 0.661417 0.181102 0.724409 
vn 0.771654 0.448819 0.456693 
vn 0.275591 -0.370079 0.889764 
vn 0.614173 -0.401575 0.677165 
vn 0.645669 0.448819 0.622047 
vn 0.771654 0.322835 0.551181 
vn 0.637795 -0.275591 0.724409 
vn 0.787402 -0.488189 0.377953 
vn 0.456693 -0.244094 0.858268 
vn 0.818898 -0.267717 0.503937 
vn 0.84252 0.181102 0.503937 
vn 0.811024 -0.015748 0.590551 
vn 0.511811 0.401575 0.755906 
vn 0.677165 0.307087 0.669291 
vn 0.771654 0.425197 0.472441 
vn 0.929134 -0.023622 0.362205 
vn 0.826772 -0.291339 0.480315 
vn 0.748031 -0.023622 0.661417 
vn 0.968504 0.023622 0.23622 
vn 0.874016 -0.354331 0.322835 
vn 0.700787 -0.551181 0.448819 
vn 0.559055 -0.338583 0.755906 
vn -0.732283 0.330709 -0.598425 
vn -0.944882 0.015748 -0.322835 
vn -0.88189 0.385827 0.267717 
vn -0.811024 0.543307 0.23622 
vn -0.0787402 -0.464567 -0.88189 
vn -0.0787402 -0.464567 -0.88189 
vn -0.0787402 -0.464567 -0.88189 
vn 0.228346 -0.96063 -0.173228 
vn 0.228346 -0.96063 -0.173228 
vn 0.228346 -0.96063 -0.173228 
vn 0.787402 -0.141732 -0.606299 
vn 0.535433 0.023622 -0.84252 
vn 0.110236 -0.228346 -0.968504 
vn 0.779528 -0.346457 -0.519685 
vn 0.244094 0.149606 -0.96063 
vn -0.141732 -0.212598 -0.968504 
vn 0.307087 -0.511811 -0.80315 
vn 0.629921 -0.629921 -0.448819 
vn 0.614173 -0.456693 -0.637795 
vn 0.291339 -0.346457 -0.889764 
vn 0.748031 -0.598425 -0.299213 
vn -0.629921 0.188976 -0.748031 
vn -0.771654 0.401575 -0.496063 
vn -0.645669 0.322835 -0.692913 
vn -0.818898 0.275591 -0.511811 
vn -0.952756 0.251969 0.181102 
vn -0.976378 0.204724 -0.0787402 
vn 0.125984 -0.0472441 0.992126 
vn -0.125984 -0.0944882 0.984252 
vn 0.338583 -0.0629921 0.937008 
vn 0.023622 0.527559 0.850394 
vn 0.787402 -0.0393701 0.614173 
vn 0.787402 -0.0472441 0.622047 
vn 0.787402 -0.0393701 0.614173 
vn 0.645669 -0.244094 0.724409 
vn 0.0551181 -0.0708661 0.992126 
vn 0.456693 -0.622047 0.629921 
vn 0.590551 -0.740157 0.314961 
vn 0.574803 -0.0472441 0.818898 
vn 0.456693 0.771654 0.440945 
vn 0.874016 0.291339 0.393701 
vn 0.866142 0.370079 0.330709 
vn 0.574803 -0.0866142 0.811024 
vn 0.716535 -0.251969 0.653543 
vn -0.181102 -0.220472 0.96063 
vn 0.637795 -0.141732 0.755906 
vn 0.708661 -0.125984 0.700787 
vn 0.535433 -0.322835 0.779528 
vn 0.244094 -0.818898 0.519685 
vn 0.212598 -0.944882 0.244094 
vn 0.417323 -0.488189 0.76378 
vn 0.503937 -0.354331 0.787402 
vn 0.173228 -0.291339 0.944882 
vn 0.204724 -0.417323 0.889764 
vn -0.330709 -0.503937 0.795276 
vn 0.385827 -0.322835 0.866142 
vn 0.362205 -0.149606 0.92126 
vn 0.15748 -0.346457 0.929134 
vn 0.173228 -0.165354 0.968504 
vn 0.307087 -0.125984 0.944882 
vn 0.637795 -0.244094 0.732283 
vn 0.80315 -0.346457 0.480315 
vn -0.527559 -0.84252 -0.102362 
vn -0.511811 -0.818898 -0.244094 
vn -0.220472 -0.976378 -0.0393701 
vn -0.212598 -0.976378 -0.015748 
vn -0.685039 -0.653543 -0.322835 
vn -0.503937 -0.559055 -0.653543 
vn -0.748031 -0.346457 -0.566929 
vn -0.740157 -0.669291 0.0866142 
vn -0.511811 -0.84252 0.173228 
vn -0.897638 -0.433071 -0.015748 
vn -0.251969 -0.952756 0.173228 
vn -0.850394 -0.330709 0.409449 
vn -0.692913 -0.433071 0.574803 
vn -0.362205 -0.826772 0.425197 
vn -0.0944882 -0.968504 0.244094 
vn -0.748031 -0.377953 0.543307 
vn -0.472441 -0.307087 0.826772 
vn -0.00787402 -0.787402 0.622047 
vn -0.125984 -0.905512 0.393701 
vn -0.417323 -0.401575 0.818898 
vn 0.0551181 -0.992126 0.11811 
vn 0.204724 -0.889764 0.409449 
vn -0.283465 -0.834646 0.464567 
vn 0.11811 -0.992126 0.0708661 
vn 0.748031 -0.393701 0.535433 
vn -0.937008 -0.346457 -0.0551181 
vn 0.889764 -0.370079 0.259843 
vn -0.291339 -0.929134 -0.244094 
vn 0.811024 -0.566929 0.15748 
vn -0.19685 -0.622047 -0.755906 
vn -0.464567 -0.866142 -0.188976 
vn -0.582677 -0.488189 -0.645669 
vn 0.0551181 -1 0 
vn -0.826772 -0.527559 -0.181102 
vn 0.858268 -0.511811 -0.0314961 
vn -0.314961 -0.929134 -0.212598 
vn 0.165354 -0.874016 -0.448819 
vn -0.669291 -0.330709 -0.669291 
vn 0.267717 -0.96063 -0.0393701 
vn 0.291339 -0.944882 -0.173228 
vn 0.425197 -0.755906 -0.496063 
vn 0.456693 -0.330709 -0.826772 
vn -0.755906 -0.015748 -0.653543 
vn -0.80315 -0.0551181 -0.590551 
vn -0.0551181 -0.015748 -1 
vn -0.551181 -0.0866142 -0.826772 
vn -0.023622 0.015748 -1 
vn -0.811024 -0.188976 -0.551181 
vn -0.19685 -0.0393701 -0.976378 
vn -0.456693 -0.15748 -0.874016 
vn -0.417323 -0.23622 -0.874016 
vn -0.488189 -0.165354 -0.858268 
vn -0.385827 -0.338583 -0.858268 
vn -0.370079 0.023622 -0.929134 
vn 0.267717 -0.0472441 -0.96063 
vn -0.393701 -0.228346 -0.889764 
vn -0.291339 -0.346457 -0.889764 
vn 0.283465 -0.275591 -0.92126 
vn -0.141732 -0.409449 -0.905512 
vn 0.503937 -0.322835 -0.795276 
vn 0.779528 -0.0393701 -0.629921 
vn 0.755906 -0.00787402 -0.653543 
vn 0.76378 0 -0.645669 
vn 0.748031 0.015748 -0.661417 
vn -0.0472441 0.023622 -1 
vn 0.488189 -0.503937 -0.716535 
vn 0.519685 -0.220472 -0.826772 
vn 0.251969 -0.228346 -0.937008 
vn 0.330709 -0.614173 -0.716535 
vn -0.228346 -0.181102 -0.952756 
vn -0.0708661 -0.677165 -0.732283 
vn -0.511811 -0.259843 -0.818898 
vn -0.535433 -0.700787 -0.480315 
vn -0.307087 -0.779528 -0.543307 
vn 0.401575 -0.149606 -0.905512 
vn 0.480315 -0.858268 -0.165354 
vn 0.685039 -0.637795 -0.354331 
vn 0.535433 -0.251969 -0.811024 
vn 0.338583 -0.440945 -0.834646 
vn 0.535433 -0.456693 -0.708661 
vn 0.267717 -0.708661 -0.653543 
vn 0.141732 -0.448819 -0.88189 
vn 0.23622 -0.818898 -0.527559 
vn 0.543307 -0.637795 0.551181 
vn 0.440945 -0.874016 -0.181102 
vn 0.0314961 -0.708661 -0.708661 
vn -0.141732 -0.748031 -0.653543 
vn 0.228346 -0.92126 -0.307087 
vn 0.149606 -0.724409 -0.669291 
vn -0.00787402 -0.771654 -0.637795 
vn -0.149606 -0.629921 -0.755906 
vn -0.015748 0.133858 -0.992126 
vn 0.0866142 -0.488189 -0.866142 
vn -0.00787402 -0.645669 -0.76378 
vn 0.015748 -0.637795 -0.771654 
vn 0.0314961 -0.858268 -0.511811 
vn -0.244094 -0.614173 -0.755906 
vn -0.291339 -0.653543 -0.700787 
vn -0.724409 -0.472441 -0.496063 
vn -0.393701 -0.76378 -0.503937 
vn -0.385827 -0.755906 -0.535433 
vn -0.102362 -0.740157 -0.661417 
vn -0.559055 -0.748031 0.370079 
vn 0.023622 -0.574803 -0.818898 
vn -0.346457 -0.566929 -0.740157 
vn -0.267717 -0.472441 -0.834646 
vn -0.15748 -0.629921 -0.755906 
vn -0.102362 -0.80315 -0.590551 
vn -0.629921 -0.496063 -0.598425 
vn -0.322835 -0.590551 -0.740157 
vn -0.299213 -0.409449 -0.858268 
vn -0.724409 -0.409449 -0.559055 
vn -0.740157 -0.456693 -0.503937 
vn -0.850394 -0.472441 -0.228346 
vn -0.535433 -0.755906 -0.370079 
vn -0.496063 -0.732283 -0.472441 
vn 0.19685 -0.84252 -0.503937 
vn 0.370079 -0.80315 -0.472441 
vn 0.692913 -0.669291 -0.259843 
vn 0.212598 -0.913386 -0.338583 
vn 0.787402 -0.417323 -0.456693 
vn 0.0472441 -0.992126 0.141732 
vn -0.464567 -0.88189 -0.00787402 
vn -0.0629921 -0.952756 -0.283465 
vn -0.299213 -0.866142 0.393701 
vn 0.267717 -0.80315 0.535433 
vn 0.362205 -0.551181 0.748031 
vn 0.692913 -0.377953 0.614173 
vn 0.96063 0.23622 0.133858 
vn 0.716535 -0.653543 0.23622 
vn 0.488189 -0.858268 -0.149606 
vn 0.850394 -0.440945 -0.275591 
vn 0.354331 -0.692913 -0.629921 
vn -0.283465 -0.692913 -0.661417 
vn 0.692913 -0.110236 -0.716535 
vn 0.0472441 -0.228346 -0.968504 
vn -0.181102 -0.677165 0.708661 
vn 0.0393701 -0.80315 0.590551 
vn -0.133858 -0.244094 0.96063 
vn 0.0393701 -0.267717 0.96063 
vn 0.362205 -0.212598 0.905512 
vn 0.559055 -0.692913 0.456693 
vn 0.874016 -0.181102 0.456693 
vn 0.677165 0.00787402 0.740157 
vn 0.299213 0.023622 0.952756 
vn 0.92126 -0.00787402 0.393701 
vn 0.826772 -0.00787402 0.566929 
vn 0.15748 0.0314961 0.984252 
vn 0.322835 0 0.944882 
vn 0.590551 0.015748 0.80315 
vn -0.346457 0.110236 -0.937008 
vn -0.716535 -0.204724 -0.669291 
vn -0.755906 0.0551181 -0.653543 
vn -0.480315 -0.0708661 -0.874016 
vn -0.440945 0.110236 -0.889764 
vn -0.771654 0.0629921 -0.637795 
vn -0.0787402 0.133858 -0.992126 
vn 0.259843 0.133858 -0.96063 
vn 0.566929 0.125984 -0.818898 
vn 0.519685 0.346457 -0.779528 
vn 0.0708661 0.212598 -0.976378 
vn -0.110236 0.141732 -0.984252 
vn 0.19685 0.393701 -0.897638 
vn 0.488189 0.551181 -0.677165 
vn 0.212598 0.259843 -0.944882 
vn -0.220472 0.110236 -0.968504 
vn 0.0472441 -0.228346 -0.968504 
vn -0.590551 -0.322835 -0.740157 
vn -0.283465 -0.692913 -0.661417 
vn 0.354331 -0.692913 -0.629921 
vn 0.244094 -0.606299 0.755906 
vn 0.244094 -0.606299 0.755906 
vn 0.244094 -0.606299 0.755906 
vn 0.598425 -0.283465 -0.748031 
vn 0.566929 -0.606299 -0.551181 
vn 0.669291 -0.165354 -0.724409 
vn 0.480315 -0.614173 -0.629921 
vn 0.976378 0.0944882 -0.181102 
vn 0.984252 -0.0787402 -0.133858 
vn 0.551181 -0.551181 -0.622047 
vn 0.614173 -0.700787 -0.354331 
vn 0.740157 -0.425197 -0.519685 
vn 0.795276 -0.440945 -0.409449 
vn 0.496063 -0.377953 -0.779528 
vn 0.149606 -0.283465 -0.944882 
vn 0.362205 -0.480315 -0.795276 
vn 0.275591 -0.370079 -0.889764 
vn 0.897638 -0.417323 -0.149606 
vn 0.795276 -0.440945 -0.409449 
vn 0.692913 -0.669291 -0.259843 
vn 0.84252 -0.527559 -0.0866142 
vn 0.0944882 -0.992126 -0.0944882 
vn 0.19685 -0.84252 -0.503937 
vn -0.535433 -0.755906 -0.370079 
vn 0.440945 -0.88189 0.173228 
vn -0.370079 -0.929134 -0.0551181 
vn -0.850394 -0.472441 -0.228346 
vn -0.354331 -0.913386 0.181102 
vn 0.244094 -0.905512 0.338583 
vn 0.944882 -0.314961 0.0472441 
vn 0.661417 -0.685039 0.314961 
vn -0.346457 -0.874016 0.330709 
vn 0.102362 -0.968504 0.228346 
vn 0.283465 -0.771654 0.566929 
vn -0.338583 -0.708661 0.622047 
vn -0.787402 -0.0472441 0.614173 
vn -0.771654 -0.0551181 0.629921 
vn -0.283465 -0.0629921 0.96063 
vn -0.11811 -0.0472441 0.992126 
vn -0.787402 -0.0551181 0.622047 
vn -0.023622 -0.0551181 1 
vn -0.299213 -0.0708661 0.952756 
vn 0.188976 -0.0629921 0.976378 
vn -0.0787402 -0.0551181 0.992126 
vn -0.519685 -0.149606 0.84252 
vn 0.251969 -0.0944882 0.96063 
vn 0.740157 -0.133858 0.661417 
vn 0.401575 -0.559055 0.724409 
vn 0.425197 -0.220472 0.88189 
vn 0.496063 -0.0314961 0.866142 
vn 0.740157 -0.0472441 0.669291 
vn 0.0944882 0.685039 0.724409 
vn 0.19685 0.771654 0.598425 
vn 0.188976 0.866142 0.464567 
vn 0.228346 0.330709 0.913386 
vn 0.0787402 0.818898 0.574803 
vn 0.0866142 0.220472 0.968504 
vn 0.622047 -0.385827 0.677165 
vn 0 0.314961 0.952756 
vn -0.11811 -0.181102 0.976378 
vn 0.448819 -0.661417 0.598425 
vn -0.0708661 -0.401575 0.913386 
vn 0 -0.377953 0.92126 
vn 0.023622 0.440945 0.897638 
vn -0.464567 0.409449 0.779528 
vn -0.173228 -0.370079 0.913386 
vn -0.354331 -0.354331 0.866142 
vn -0.685039 -0.417323 0.598425 
vn -0.740157 -0.0866142 0.669291 
vn -0.889764 -0.440945 0.102362 
vn 0.023622 -0.0551181 1 
vn 0.338583 0.0551181 0.937008 
vn -0.133858 0.338583 0.929134 
vn -0.102362 0.708661 0.692913 
vn -0.322835 0.771654 0.551181 
vn -0.141732 0.889764 0.433071 
vn -0.614173 -0.181102 -0.76378 
vn -0.92126 0.322835 -0.212598 
vn -0.503937 0.283465 -0.818898 
vn -0.472441 0.850394 -0.220472 
vn -0.80315 -0.519685 -0.291339 
vn -0.944882 0.19685 0.275591 
vn -0.464567 0.826772 0.314961 
vn -0.787402 -0.543307 0.299213 
vn -0.409449 0.377953 0.834646 
vn -0.708661 -0.275591 0.645669 
vn 0.771654 -0.0472441 0.629921 
vn 0.480315 -0.0472441 0.874016 
vn 0.732283 -0.0393701 0.685039 
vn 0.740157 -0.0629921 0.669291 
vn 0.0787402 0.377953 0.92126 
vn 0.362205 0.795276 0.488189 
vn 0.661417 -0.23622 0.708661 
vn -0.0944882 -0.181102 0.976378 
vn -0.503937 -0.370079 0.779528 
vn -0.795276 -0.228346 0.566929 
vn -0.566929 -0.574803 0.590551 
vn 0.291339 -0.0866142 0.952756 
vn 0.275591 -0.188976 0.944882 
vn 0.496063 -0.251969 0.826772 
vn -0.204724 -0.149606 0.968504 
vn 0.299213 -0.228346 0.929134 
vn 0.275591 -0.133858 0.952756 
vn -0.433071 -0.0944882 0.897638 
vn 0.15748 -0.417323 0.897638 
vn -0.244094 -0.0944882 0.968504 
vn -0.692913 -0.204724 0.685039 
vn -0.88189 -0.362205 0.299213 
vn 0.0866142 -0.267717 0.96063 
vn 0.700787 -0.267717 0.653543 
vn -0.0472441 -0.330709 0.944882 
vn 0.141732 -0.456693 0.88189 
vn 0.283465 -0.771654 0.566929 
vn -0.338583 -0.708661 0.622047 
vn 0.417323 -0.228346 0.88189 
vn 0.779528 -0.322835 0.527559 
vn 0.173228 -0.141732 0.976378 
vn 0.023622 -0.275591 0.96063 
vn 0.023622 -0.19685 0.984252 
vn 0.480315 -0.716535 0.496063 
vn 0 -0.377953 0.929134 
vn 0.133858 -0.330709 0.937008 
vn 0.755906 -0.598425 -0.275591 
vn 0.125984 -0.551181 0.826772 
vn 0.00787402 -0.212598 0.976378 
vn 0.15748 -0.338583 0.929134 
vn 0.0944882 -0.937008 0.330709 
vn 0.740157 -0.11811 0.661417 
vn -0.015748 -0.307087 0.952756 
vn 0.0393701 -0.23622 0.968504 
vn 0.23622 -0.377953 0.897638 
vn 0.165354 -0.102362 0.984252 
vn 0.409449 -0.283465 0.866142 
vn 0.0866142 0.173228 0.984252 
vn -0.0472441 -0.0708661 1 
vn -0.023622 0.023622 1 
vn -0.0472441 -0.307087 0.952756 
vn -0.291339 -0.590551 0.755906 
vn 0 -0.456693 0.889764 
vn -0.19685 -0.220472 0.952756 
vn -0.204724 -0.251969 0.944882 
vn -0.0944882 -0.283465 0.952756 
vn -0.622047 -0.322835 0.716535 
vn -0.299213 -0.338583 0.889764 
vn -0.614173 -0.543307 0.574803 
vn -0.19685 -0.251969 0.944882 
vn -0.251969 -0.291339 0.92126 
vn -0.314961 -0.220472 0.92126 
vn -0.685039 -0.19685 0.700787 
vn -0.0472441 -0.377953 0.92126 
vn -0.133858 -0.464567 0.874016 
vn -0.535433 -0.204724 0.818898 
vn -0.244094 -0.204724 0.944882 
vn -0.267717 -0.149606 0.952756 
vn -0.110236 -0.181102 0.976378 
vn -0.299213 -0.0944882 0.952756 
vn -0.244094 -0.102362 0.968504 
vn -0.212598 -0.133858 0.968504 
vn 0.173228 -0.165354 0.968504 
vn 0.0551181 -0.0708661 0.992126 
vn -0.724409 -0.0551181 0.692913 
vn 0.125984 -0.0472441 0.992126 
vn -0.212598 -0.0551181 0.976378 
vn -0.708661 -0.0472441 0.708661 
vn -0.125984 -0.0944882 0.984252 
vn -0.724409 -0.0551181 0.692913 
vn -0.519685 -0.259843 0.811024 
vn -0.637795 -0.629921 0.448819 
vn -0.370079 -0.307087 0.874016 
vn 0.023622 0.527559 0.850394 
vn -0.748031 -0.377953 0.543307 
vn -0.582677 0.165354 0.795276 
vn -0.472441 -0.307087 0.826772 
vn -0.874016 0 0.480315 
vn -0.173228 0.259843 0.952756 
vn -0.0551181 0.220472 0.976378 
vn 0.448819 0.181102 0.874016 
vn 0.283465 0.299213 0.913386 
vn -0.401575 0.220472 0.889764 
vn 0.220472 0.377953 0.897638 
vn -0.661417 -0.023622 0.748031 
vn -0.944882 -0.19685 0.259843 
vn -0.23622 0.0866142 0.968504 
vn 0.370079 0.244094 0.897638 
vn -0.80315 -0.322835 0.503937 
vn -0.314961 -0.165354 0.937008 
vn 0.023622 -0.330709 0.944882 
vn 0.338583 -0.0708661 0.937008 
vn 0.11811 -0.480315 0.866142 
vn -0.440945 -0.598425 0.669291 
vn -0.826772 -0.551181 0.110236 
vn -0.645669 -0.76378 -0.015748 
vn -0.259843 -0.80315 0.535433 
vn -0.88189 -0.456693 0.0866142 
vn -0.102362 -0.716535 0.692913 
vn -0.748031 -0.220472 -0.622047 
vn -0.732283 0.0393701 -0.677165 
vn -0.385827 -0.307087 -0.874016 
vn -0.393701 -0.629921 -0.669291 
vn -0.606299 -0.716535 -0.346457 
vn -0.338583 -0.748031 -0.574803 
vn -0.346457 -0.0787402 -0.937008 
vn -0.346457 0.023622 -0.937008 
vn -0.700787 -0.00787402 -0.716535 
vn 0 -0.0866142 -1 
vn 0.0472441 0.0314961 -1 
vn 0.0551181 -0.00787402 -1 
vn 0.76378 -0.00787402 -0.645669 
vn 0.700787 -0.181102 -0.685039 
vn 0.748031 -0.0314961 -0.661417 
vn -0.401575 0 -0.913386 
vn -0.787402 -0.015748 -0.614173 
vn -0.755906 -0.023622 -0.653543 
vn 0.00787402 -0.023622 -1 
vn 0.0629921 -0.0472441 -1 
vn -0.755906 -0.0551181 -0.653543 
vn 0.692913 -0.0944882 -0.716535 
vn 0.637795 -0.204724 -0.748031 
vn 0.527559 -0.110236 -0.84252 
vn 0.535433 -0.0866142 -0.84252 
vn 0.480315 -0.11811 -0.866142 
vn 0.503937 -0.133858 -0.850394 
vn 0.488189 -0.23622 -0.84252 
vn 0.346457 -0.267717 -0.897638 
vn 0.259843 -0.677165 -0.685039 
vn 0.133858 -0.188976 -0.976378 
vn -0.267717 -0.0708661 -0.96063 
vn 0.181102 -0.251969 -0.952756 
vn 0.0472441 -0.354331 -0.937008 
vn 0.433071 -0.496063 -0.755906 
vn 0.425197 -0.448819 -0.787402 
vn -0.00787402 -0.188976 -0.984252 
vn -0.724409 -0.322835 -0.606299 
vn -0.299213 -0.409449 -0.858268 
vn -0.724409 -0.409449 -0.559055 
vn -0.299213 -0.181102 -0.937008 
vn -0.15748 -0.629921 -0.755906 
vn -0.267717 -0.472441 -0.834646 
vn -0.551181 -0.385827 -0.740157 
vn -0.346457 -0.566929 -0.740157 
vn -0.88189 -0.433071 -0.19685 
vn 0.0314961 -0.291339 -0.96063 
vn -0.464567 -0.677165 -0.566929 
vn 0.771654 -0.220472 -0.598425 
vn 0.19685 -0.259843 -0.944882 
vn -0.677165 -0.267717 -0.692913 
vn -0.417323 -0.338583 -0.84252 
vn -0.677165 -0.259843 -0.692913 
vn -0.338583 -0.590551 -0.732283 
vn -0.19685 -0.251969 0.944882 
vn -0.204724 -0.251969 0.944882 
vn -0.299213 -0.338583 0.889764 
vn -0.125984 -0.417323 0.897638 
vn -0.125984 -0.905512 0.393701 
vn -0.283465 -0.834646 0.464567 
vn -0.0314961 -0.251969 0.968504 
vn -0.299213 -0.228346 0.929134 
vn -0.188976 0.0314961 0.984252 
vn -0.84252 -0.0314961 0.535433 
vn -0.440945 0.102362 0.889764 
vn -0.708661 -0.141732 0.692913 
vn -0.566929 -0.401575 0.716535 
vn -0.141732 -0.779528 0.614173 
vn -0.874016 0.110236 0.472441 
vn -0.511811 -0.181102 0.84252 
vn 0.0866142 -0.125984 0.984252 
vn -0.354331 -0.204724 0.913386 
vn 0.440945 -0.440945 -0.787402 
vn 0.377953 -0.322835 -0.866142 
vn 0.598425 -0.0393701 -0.795276 
vn 0.590551 0.0314961 -0.80315 
vn 0.582677 0.0787402 -0.811024 
vn 0.00787402 0.0708661 -1 
vn 0.559055 -0.0393701 0.826772 
vn 0.543307 0.299213 0.787402 
vn 0.685039 0.0866142 0.724409 
vn 0.724409 0.346457 0.598425 
vn 0.590551 -0.251969 0.76378 
vn 0.614173 -0.724409 0.307087 
vn 0.779528 -0.519685 0.346457 
vn 0.787402 -0.0472441 0.606299 
vn 0.795276 0.299213 0.535433 
vn 0.929134 -0.0551181 0.370079 
vn 0.905512 0.0787402 0.425197 
vn 0.96063 0.212598 0.165354 
vn 0.259843 -0.291339 -0.92126 
vn 0.259843 -0.291339 -0.92126 
vn 0.259843 -0.291339 -0.92126 
vn -0.354331 -0.204724 0.913386 
vn -0.952756 -0.0472441 0.307087 
vn -0.511811 -0.181102 0.84252 
vn -0.80315 -0.141732 0.582677 
vn -0.984252 -0.015748 -0.181102 
vn -0.92126 -0.0393701 -0.385827 
vn -0.992126 -0.023622 0.110236 
vn -0.661417 -0.0787402 0.748031 
vn 0.0866142 -0.125984 0.984252 
vn -0.023622 -0.0551181 1 
vn -0.700787 -0.023622 0.716535 
vn -0.133858 0.015748 0.992126 
vn -0.708661 -0.00787402 0.708661 
vn -0.0393701 0.0314961 1 
vn -0.401575 0.0866142 0.913386 
vn -0.937008 -0.015748 0.354331 
vn -0.496063 -0.629921 -0.598425 
vn -0.685039 0.015748 -0.724409 
vn -0.23622 -0.212598 -0.944882 
vn -0.929134 -0.212598 -0.314961 
vn 0.0472441 -0.519685 -0.850394 
vn -0.0551181 -0.850394 -0.527559 
vn -0.527559 -0.84252 -0.102362 
vn -0.582677 -0.488189 -0.645669 
vn -0.19685 -0.622047 -0.755906 
vn -0.811024 0.0944882 -0.574803 
vn 0.141732 0.023622 0.992126 
vn -0.0551181 0.015748 1 
vn 0.590551 0.015748 0.80315 
vn 0.322835 0 0.944882 
vn 0.787402 0 0.622047 
vn 0.535433 0 0.84252 
vn 0 0.023622 1 
vn -0.0787402 -0.023622 1 
vn 0.968504 -0.015748 0.251969 
vn 0.527559 -0.0787402 0.84252 
vn 0.0393701 -0.0629921 1 
vn -0.228346 -0.149606 0.96063 
vn 0.220472 -0.141732 0.968504 
vn 0.653543 -0.102362 0.748031 
vn 0.889764 -0.0314961 0.456693 
vn 0.984252 -0.149606 -0.0551181 
vn 0.874016 -0.0393701 -0.480315 
vn 0.968504 -0.015748 0.259843 
vn 0.944882 0.0314961 -0.330709 
vn 0.80315 0.0314961 0.598425 
vn 0.433071 0 0.905512 
vn 0.92126 0.0866142 0.370079 
vn 0.992126 0.0866142 -0.11811 
vn 0.866142 0.267717 0.433071 
vn 0.692913 0.244094 0.677165 
vn 0.952756 0.220472 -0.204724 
vn 0.755906 0.370079 0.543307 
vn 0.929134 0.19685 -0.314961 
vn 0.787402 0.354331 0.503937 
vn 0.889764 -0.0393701 -0.456693 
vn 0.716535 -0.543307 -0.440945 
vn 0.779528 -0.433071 -0.456693 
vn 0.598425 -0.338583 -0.732283 
vn 0.866142 -0.204724 -0.456693 
vn 0.976378 0.212598 -0.015748 
vn 0.692913 0.102362 -0.716535 
vn 0.488189 0.0629921 -0.866142 
vn 0.653543 0.503937 -0.566929 
vn 0.535433 0.440945 -0.724409 
vn 0.590551 0.748031 0.299213 
vn 0.755906 0.433071 -0.488189 
vn 0.669291 -0.125984 -0.732283 
vn 0.393701 -0.330709 -0.858268 
vn -0.944882 -0.0629921 -0.314961 
vn -0.913386 -0.0629921 0.409449 
vn -0.779528 0.535433 0.330709 
vn -0.496063 0.551181 0.669291 
vn -0.732283 -0.661417 -0.15748 
vn -0.685039 -0.724409 -0.0551181 
vn -0.755906 0.11811 0.645669 
vn -0.874016 -0.377953 0.299213 
vn -0.590551 0.330709 0.740157 
vn -0.834646 -0.165354 0.527559 
vn -0.566929 0.0393701 0.818898 
vn -0.212598 0.425197 0.88189 
vn -0.409449 0.15748 0.897638 
vn -0.535433 -0.811024 -0.244094 
vn -0.88189 0.0393701 0.472441 
vn -0.818898 0.0866142 0.574803 
vn -0.826772 -0.0629921 0.559055 
vn -0.708661 -0.0708661 0.700787 
vn -0.606299 -0.015748 0.795276 
vn -0.685039 -0.149606 0.716535 
vn -0.291339 0.110236 0.952756 
vn -0.496063 -0.0944882 0.858268 
vn -0.629921 -0.15748 0.76378 
vn -0.228346 -0.173228 0.96063 
vn -0.551181 -0.15748 0.818898 
vn 0.661417 -0.0944882 0.748031 
vn 0.826772 -0.535433 0.173228 
vn 0.748031 -0.188976 0.637795 
vn -0.19685 -0.220472 0.952756 
vn -0.700787 -0.15748 0.700787 
vn 0 -0.456693 0.889764 
vn 0.370079 0.314961 0.874016 
vn 0.551181 0.362205 0.748031 
vn 0.503937 0.574803 0.645669 
vn 0.692913 0.425197 0.582677 
vn 0.708661 0.204724 0.677165 
vn 0.543307 0.125984 0.826772 
vn 0.76378 0.0393701 0.637795 
vn 0.645669 -0.023622 0.76378 
vn 0.377953 0.015748 0.929134 
vn 0.385827 -0.0629921 0.92126 
vn 0.173228 -0.00787402 0.984252 
vn 0.653543 -0.0944882 0.748031 
vn 0.425197 -0.133858 0.897638 
vn 0.614173 -0.267717 0.740157 
vn 0.11811 -0.0944882 0.992126 
vn 0.448819 -0.228346 0.866142 
vn 0.204724 -0.228346 0.952756 
vn -0.11811 -0.165354 0.976378 
vn -0.401575 -0.141732 0.905512 
vn 0.480315 -0.440945 0.755906 
vn 0.724409 -0.409449 0.551181 
vn 0.590551 -0.645669 0.472441 
vn 0.362205 -0.755906 0.551181 
vn 0.291339 -0.488189 0.826772 
vn 0.188976 -0.748031 0.637795 
vn 0.015748 -0.314961 0.952756 
vn -0.015748 -0.519685 0.858268 
vn -0.015748 -0.700787 0.708661 
vn -0.275591 -0.590551 0.755906 
vn -0.299213 -0.330709 0.897638 
vn -0.559055 -0.472441 0.677165 
vn -0.425197 -0.685039 0.590551 
vn -0.472441 -0.23622 0.850394 
vn -0.669291 -0.283465 0.685039 
vn 0.212598 0.259843 -0.944882 
vn 0.692913 -0.110236 -0.716535 
vn 0.0472441 -0.228346 -0.968504 
vn -0.968504 0.00787402 0.259843 
vn -0.433071 0.440945 0.787402 
vn -0.480315 0.0944882 0.874016 
vn 0.204724 0.551181 0.811024 
vn 0.425197 0.732283 0.535433 
vn 0.322835 -0.19685 0.929134 
vn 0.913386 -0.275591 -0.299213 
vn 0.897638 -0.440945 0.0472441 
vn 0.0708661 -0.0787402 0.992126 
vn -0.338583 -0.944882 0.00787402 
vn -0.338583 -0.944882 0.00787402 
vn -0.338583 -0.944882 0.00787402 
vn 0.551181 -0.338583 -0.76378 
vn 0.551181 -0.338583 -0.76378 
vn 0.551181 -0.338583 -0.76378 
vn 0.905512 -0.181102 -0.385827 
vn 0.968504 0.173228 0.173228 
vn 0.755906 -0.228346 0.614173 
vn 0.456693 -0.133858 0.88189 
vn 0.409449 -0.181102 0.889764 
vn 0.322835 -0.19685 0.929134 
vn -0.0393701 0 1 
vn -0.889764 -0.133858 0.433071 
vn -0.125984 0 0.992126 
vn -0.425197 -0.0551181 0.905512 
vn -0.826772 -0.23622 0.511811 
vn -0.401575 -0.110236 0.905512 
vn -0.834646 -0.275591 0.480315 
vn 0.173228 0.0629921 -0.984252 
vn 0 -0.0708661 -1 
vn 0.377953 0.181102 -0.905512 
vn 0.464567 0.362205 -0.811024 
vn 0.637795 0.440945 -0.629921 
vn 0.669291 0.228346 -0.708661 
vn 0.535433 0.692913 -0.480315 
vn 0.716535 0.488189 -0.496063 
vn 0.653543 0.669291 -0.354331 
vn 0.417323 0.834646 -0.362205 
vn 0.551181 0.0393701 -0.834646 
vn 0.669291 -0.023622 -0.740157 
vn 0.401575 -0.0314961 -0.913386 
vn 0.566929 -0.173228 -0.811024 
vn 0.251969 -0.133858 -0.96063 
vn 0.354331 -0.251969 -0.897638 
vn 0.488189 -0.0944882 -0.866142 
vn 0.141732 -0.291339 -0.944882 
vn 0.149606 -0.322835 -0.937008 
vn 0.19685 -0.0551181 -0.976378 
vn -0.0866142 -0.314961 -0.944882 
vn -0.0866142 -0.244094 -0.968504 
vn -0.275591 -0.0944882 -0.952756 
vn -0.370079 -0.259843 -0.889764 
vn -0.496063 -0.0629921 -0.866142 
vn -0.543307 -0.244094 -0.80315 
vn -0.543307 -0.0944882 -0.834646 
vn -0.716535 -0.228346 -0.661417 
vn -0.645669 -0.291339 -0.708661 
vn -0.724409 0.0866142 -0.677165 
vn -0.275591 -0.11811 -0.952756 
vn -0.0866142 -0.23622 -0.968504 
vn -0.456693 0.267717 -0.850394 
vn 0 0.00787402 -1 
vn -0.181102 0.377953 -0.905512 
vn 0 0.606299 -0.795276 
vn -0.15748 0.929134 -0.330709 
vn -0.464567 0.740157 -0.480315 
vn 0.338583 0.283465 -0.897638 
vn 0.188976 0.944882 -0.275591 
vn 0.606299 0.188976 -0.771654 
vn 0.503937 0.716535 -0.480315 
vn -0.795276 0.299213 -0.527559 
vn -0.496063 0.84252 -0.188976 
vn -0.779528 0.464567 -0.425197 
vn -0.913386 0.267717 -0.299213 
vn -0.811024 0.511811 -0.291339 
vn -0.905512 -0.0472441 -0.417323 
vn -0.818898 -0.228346 -0.527559 
vn -0.897638 -0.291339 -0.338583 
vn 0.401575 0.645669 -0.645669 
vn 0.401575 0.645669 -0.645669 
vn 0.401575 0.645669 -0.645669 
vn -0.677165 0.283465 -0.677165 
vn -0.480315 0.614173 -0.629921 
vn -0.661417 0.629921 -0.401575 
vn -0.433071 0.275591 -0.858268 
vn -0.566929 0.433071 -0.700787 
vn -0.307087 0.551181 -0.779528 
vn -0.181102 0.251969 -0.952756 
vn -0.0629921 0.314961 -0.944882 
vn -0.23622 -0.204724 -0.952756 
vn 0.0787402 -0.629921 -0.771654 
vn 0.204724 -0.795276 -0.566929 
vn 0.456693 -0.015748 -0.889764 
vn 0.393701 -0.629921 -0.669291 
vn 0.622047 -0.622047 -0.472441 
vn 0.141732 0.322835 -0.937008 
vn 0.188976 0.433071 -0.88189 
vn 0.173228 0.0787402 -0.984252 
vn 0.448819 0.244094 -0.858268 
vn 0.519685 0.314961 -0.795276 
vn 0.661417 0.299213 -0.685039 
vn 0.645669 0.220472 -0.732283 
vn 0.535433 0.110236 -0.834646 
vn 0.275591 0.244094 -0.929134 
vn 0.0866142 0.905512 -0.417323 
vn 0.551181 -0.393701 0.740157 
vn 0.551181 -0.393701 0.740157 
vn 0.551181 -0.393701 0.740157 
vn -0.00787402 -0.377953 -0.92126 
vn 0.818898 -0.15748 -0.551181 
vn 0.488189 -0.354331 -0.795276 
vn -0.11811 -0.0787402 0.992126 
vn -0.409449 -0.102362 0.905512 
vn -0.251969 -0.125984 0.96063 
vn -0.275591 -0.0944882 0.952756 
vn -0.228346 -0.0314961 0.976378 
vn 0.023622 -0.133858 0.992126 
vn -0.188976 -0.141732 0.968504 
vn -0.448819 -0.0629921 0.889764 
vn 0.708661 -0.15748 0.685039 
vn 0.110236 -0.0393701 0.992126 
vn 0.377953 -0.0472441 0.92126 
vn 0.370079 -0.19685 0.905512 
vn 0.692913 -0.125984 0.708661 
vn 0.622047 -0.149606 0.76378 
vn 0.433071 0.015748 0.897638 
vn 0.291339 0.0629921 0.952756 
vn 0.149606 0.0551181 0.984252 
vn -0.102362 0.0708661 0.992126 
vn 0.149606 0.102362 0.984252 
vn -0.433071 -0.00787402 0.897638 
vn -0.606299 0 0.795276 
vn -0.629921 0.0629921 0.779528 
vn -0.629921 0.0708661 0.771654 
vn -0.188976 0.173228 0.968504 
vn -0.251969 0.11811 0.96063 
vn 0.858268 0.330709 0.385827 
vn -0.173228 0.110236 0.976378 
vn -0.125984 0.212598 0.968504 
vn -0.283465 0.0708661 0.96063 
vn -0.141732 0.165354 0.976378 
vn 0.559055 0.220472 0.80315 
vn 0.0629921 0.141732 0.984252 
vn 0.393701 0.133858 0.905512 
vn 0.11811 0.283465 0.952756 
vn 0.141732 0.15748 0.976378 
vn 0.464567 -0.015748 0.88189 
vn 0.425197 0.0708661 0.905512 
vn 0.11811 -0.267717 0.952756 
vn 0.141732 -0.125984 0.984252 
vn 0.685039 0.00787402 0.732283 
vn 0.322835 -0.0708661 0.944882 
vn 0.795276 -0.23622 0.566929 
vn 0.897638 -0.0787402 0.433071 
vn 0.472441 -0.409449 0.779528 
vn 0.354331 -0.212598 0.913386 
vn 0.984252 -0.0866142 0.173228 
vn 0.614173 -0.606299 0.503937 
vn 0.606299 0.188976 -0.771654 
vn 0.488189 -0.0944882 -0.866142 
vn 0.700787 -0.0866142 -0.708661 
vn 0.700787 0.551181 -0.456693 
vn 0.503937 0.716535 -0.480315 
vn 0.795276 0.212598 -0.566929 
vn 0.716535 0.685039 -0.11811 
vn 0.929134 0.19685 -0.299213 
vn 0.826772 -0.0393701 -0.559055 
vn 0.88189 0.464567 -0.0629921 
vn 0.850394 -0.307087 -0.433071 
vn 0.76378 -0.307087 -0.566929 
vn 0.92126 -0.125984 -0.362205 
vn 0.992126 0.023622 -0.11811 
vn 0.669291 0.740157 0.0472441 
vn 0.874016 0.480315 0.023622 
vn 0.968504 0.244094 0.0393701 
vn 0.96063 0.212598 0.165354 
vn 0.984252 -0.023622 0.181102 
vn 0.929134 -0.0551181 0.370079 
vn 0.92126 -0.330709 -0.204724 
vn 0.929134 -0.362205 -0.0629921 
vn 0.858268 -0.472441 0.181102 
vn 0.779528 -0.519685 0.346457 
vn 0.897638 -0.314961 -0.314961 
vn 0.913386 -0.362205 -0.173228 
vn 0.905512 -0.409449 -0.0787402 
vn 0.96063 -0.23622 -0.125984 
vn 0.913386 -0.204724 -0.362205 
vn 0.84252 -0.535433 -0.00787402 
vn 0.716535 -0.700787 -0.023622 
vn 0.866142 -0.480315 0.133858 
vn 0.740157 -0.653543 0.15748 
vn 0.937008 -0.346457 0.015748 
vn 0.968504 -0.228346 0.0629921 
vn 0.937008 -0.299213 0.181102 
vn 0.811024 -0.488189 0.330709 
vn 0.590551 -0.645669 0.472441 
vn 0.724409 -0.409449 0.551181 
vn 0.905512 -0.307087 0.291339 
vn 0.755906 -0.259843 0.598425 
vn 0.614173 -0.267717 0.740157 
vn 0.84252 -0.314961 0.433071 
vn 0.653543 -0.0944882 0.748031 
vn 0.897638 -0.188976 0.401575 
vn 0.779528 -0.149606 0.606299 
vn 0.96063 -0.165354 0.212598 
vn 0.874016 -0.102362 0.472441 
vn 0.834646 -0.0472441 0.551181 
vn 0.645669 -0.023622 0.76378 
vn 0.937008 -0.102362 0.322835 
vn 0.76378 0.0393701 0.637795 
vn 0.944882 -0.0472441 0.322835 
vn 0.92126 0.0787402 0.377953 
vn 0.984252 -0.015748 0.188976 
vn 0.834646 0.11811 0.543307 
vn 0.708661 0.204724 0.677165 
vn 0.84252 0.299213 0.448819 
vn 0.692913 0.425197 0.582677 
vn 0.771654 0.496063 0.393701 
vn 0.992126 -0.0866142 0.0787402 
vn 0.944882 0.228346 0.244094 
vn 0.858268 0.448819 0.23622 
vn 0.724409 0.645669 0.244094 
vn 0.905512 0.409449 0.11811 
vn 0.724409 0.677165 0.110236 
vn 0.992126 0.0866142 0.0787402 
vn 0.818898 0.574803 -0.023622 
vn 0.913386 0.409449 -0.0393701 
vn 0.716535 0.692913 -0.0629921 
vn 0.976378 0.228346 0.023622 
vn 1 0.023622 -0.0551181 
vn 0.96063 0.251969 -0.11811 
vn 0.866142 0.472441 -0.149606 
vn 0.748031 0.629921 -0.212598 
vn 0.992126 -0.125984 -0.0393701 
vn 0.826772 0.472441 -0.314961 
vn 0.653543 0.669291 -0.354331 
vn 0.716535 0.488189 -0.496063 
vn 0.952756 0.212598 -0.228346 
vn 0.834646 0.275591 -0.472441 
vn 0.637795 0.440945 -0.629921 
vn 0.669291 0.228346 -0.708661 
vn 0.913386 0.11811 -0.393701 
vn 0.826772 0.0314961 -0.566929 
vn 0.669291 -0.023622 -0.740157 
vn 0.96063 0 -0.291339 
vn 0.984252 -0.0472441 -0.149606 
vn 0.968504 -0.149606 -0.204724 
vn 0.850394 -0.133858 -0.503937 
vn 0.811024 -0.267717 -0.519685 
vn 0.748031 -0.141732 -0.645669 
vn 0.566929 -0.173228 -0.811024 
vn 0.669291 -0.259843 -0.700787 
vn -0.370079 -0.929134 -0.0551181 
vn -0.913386 -0.401575 0.0787402 
vn -0.354331 -0.913386 0.181102 
vn -0.850394 -0.472441 -0.228346 
vn -0.874016 -0.362205 0.314961 
vn -0.346457 -0.874016 0.330709 
vn -0.944882 -0.0551181 -0.330709 
vn -0.724409 -0.409449 -0.559055 
vn -0.755906 -0.0551181 -0.653543 
vn -1 -0.0314961 0.0393701 
vn -0.755906 -0.023622 -0.653543 
vn -0.818898 -0.330709 0.472441 
vn -0.338583 -0.708661 0.622047 
vn -0.535433 -0.204724 0.818898 
vn -0.724409 -0.0551181 0.692913 
vn -1 -0.00787402 0.0393701 
vn -0.787402 -0.015748 -0.614173 
vn -1 -0.00787402 0.0393701 
vn -0.708661 -0.0472441 0.708661 
vn -0.700787 -0.00787402 -0.716535 
vn -0.724409 -0.0551181 0.692913 
vn -0.732283 0.0393701 -0.677165 
vn -0.92126 0.015748 -0.385827 
vn -0.748031 -0.220472 -0.622047 
vn -0.984252 -0.165354 0.0787402 
vn -0.637795 -0.629921 0.448819 
vn -0.606299 -0.716535 -0.346457 
vn -0.346457 -0.929134 0.149606 
vn -0.755906 -0.653543 -0.0393701 
vn -0.889764 -0.440945 0.102362 
vn -0.173228 -0.370079 0.913386 
vn -0.929134 -0.212598 0.307087 
vn -0.976378 -0.0551181 -0.204724 
vn -0.858268 -0.110236 0.503937 
vn -0.92126 -0.259843 0.299213 
vn -0.937008 -0.322835 0.110236 
vn 0.519685 -0.220472 -0.826772 
vn 0.748031 0.015748 -0.661417 
vn 0.889764 0.00787402 -0.456693 
vn 0.779528 -0.267717 -0.566929 
vn 0.440945 -0.779528 -0.440945 
vn 0.740157 -0.629921 -0.23622 
vn 0.96063 -0.259843 0.0551181 
vn 0.622047 -0.779528 -0.0472441 
vn 0.645669 -0.685039 0.346457 
vn 1 -0.015748 0.0393701 
vn 0.76378 0 -0.645669 
vn 0.740157 -0.133858 0.661417 
vn 0.401575 -0.559055 0.724409 
vn 0.740157 -0.0472441 0.669291 
vn 0.755906 -0.00787402 -0.653543 
vn 0.771654 -0.0472441 0.629921 
vn 1 -0.023622 0.0393701 
vn 0.732283 -0.0393701 0.685039 
vn 0.779528 -0.0393701 -0.629921 
vn 0.740157 -0.0629921 0.669291 
vn 0.944882 -0.314961 0.0472441 
vn 0.661417 -0.685039 0.314961 
vn 0.811024 -0.338583 0.472441 
vn 0.496063 -0.251969 0.826772 
vn 0.283465 -0.771654 0.566929 
vn 0.84252 -0.527559 -0.0866142 
vn 0.440945 -0.88189 0.173228 
vn 0.897638 -0.417323 -0.149606 
vn 0.795276 -0.440945 -0.409449 
vn 0.488189 -0.503937 -0.716535 
vn -0.76378 0.0314961 0.645669 
vn -1 -0.015748 0.0472441 
vn -0.968504 -0.133858 -0.220472 
vn -0.866142 -0.472441 -0.173228 
vn -0.944882 -0.212598 0.23622 
vn -0.937008 -0.314961 0.173228 
vn -0.889764 -0.220472 0.401575 
vn -0.952756 0.291339 0.0944882 
vn -0.913386 0.204724 0.362205 
vn -0.929134 0.23622 0.275591 
vn -0.889764 -0.0944882 0.440945 
vn -0.401575 -0.0551181 0.913386 
vn -1 -0.0629921 0.0551181 
vn -0.96063 -0.173228 0.228346 
vn -0.708661 0.244094 0.661417 
vn -0.590551 0.314961 0.740157 
vn -0.740157 -0.204724 0.645669 
vn -0.598425 0.0393701 0.80315 
vn -0.551181 -0.346457 0.755906 
vn -0.80315 -0.551181 0.220472 
vn -0.551181 -0.811024 0.188976 
vn -0.889764 -0.456693 0.00787402 
vn -0.88189 -0.472441 -0.0393701 
vn -0.913386 -0.370079 -0.165354 
vn -0.984252 -0.0393701 -0.173228 
vn -0.897638 -0.291339 -0.338583 
vn -0.905512 -0.0472441 -0.417323 
vn -0.913386 0.267717 -0.299213 
vn -0.937008 0.346457 -0.0708661 
vn -0.755906 0.645669 0.0944882 
vn -0.779528 0.629921 0 
vn -0.811024 0.511811 -0.291339 
vn -0.244094 -0.283465 0.929134 
vn 0.102362 -0.771654 0.629921 
vn 0.173228 -0.637795 0.748031 
vn 0.0393701 -0.314961 0.944882 
vn -0.322835 0.19685 0.929134 
vn -0.464567 0.543307 0.700787 
vn -0.913386 0.283465 0.283465 
vn 0.228346 -0.00787402 0.976378 
vn -0.732283 0.314961 0.598425 
vn -0.267717 0.362205 0.889764 
vn 0.346457 0.204724 0.913386 
vn 0.669291 -0.0708661 0.740157 
vn -0.299213 0.291339 0.905512 
vn -0.622047 0.141732 0.771654 
vn 0.645669 0.110236 0.755906 
vn -0.440945 0.23622 0.866142 
vn -0.0551181 -0.338583 0.937008 
vn -0.393701 -0.535433 0.748031 
vn 0.511811 0.212598 0.834646 
vn 0.834646 0.0708661 0.543307 
vn 0.84252 0.125984 0.527559 
vn -0.724409 -0.645669 0.251969 
vn -0.732283 -0.433071 0.527559 
vn -0.559055 -0.748031 0.370079 
vn -0.496063 -0.212598 0.84252 
vn 0.88189 0.393701 0.259843 
vn 0.952756 0.204724 0.220472 
vn 0.992126 -0.110236 -0.0472441 
vn 0.96063 0.0708661 0.259843 
vn 0.929134 0.346457 0.141732 
vn 0.88189 0.433071 0.173228 
vn 0.661417 0.488189 0.566929 
vn -0.401575 -0.0551181 0.913386 
vn 0.110236 0.984252 0.125984 
vn 1 0.0393701 -0.00787402 
vn 0.913386 0.393701 0.0629921 
vn 0.850394 0.496063 0.173228 
vn -0.76378 -0.228346 -0.598425 
vn -0.905512 -0.433071 -0.0393701 
vn -0.818898 -0.267717 -0.511811 
vn 0.220472 0.11811 0.968504 
vn -0.0314961 0.23622 0.968504 
vn -0.464567 0.204724 0.866142 
vn 0.110236 0.15748 0.984252 
vn 0.125984 0.173228 0.976378 
vn -0.346457 0.204724 0.913386 
vn -0.622047 0.0314961 0.787402 
vn -0.456693 0.15748 0.874016 
vn -0.0629921 0.15748 0.984252 
vn 0.299213 0.00787402 0.952756 
vn 0.125984 0.212598 0.968504 
vn -0.874016 0.314961 0.377953 
vn 0.574803 0.0393701 0.818898 
vn 0.409449 -0.0708661 0.913386 
vn 0.787402 -0.0472441 0.614173 
vn 0.244094 -0.0866142 0.968504 
vn 0.267717 -0.125984 0.952756 
vn 0.110236 -0.19685 0.976378 
vn -0.889764 -0.0944882 0.456693 
vn -0.566929 -0.173228 0.80315 
vn -0.0314961 -0.0944882 0.992126 
vn -0.023622 -0.212598 0.976378 
vn -0.614173 -0.149606 0.771654 
vn 0.425197 -0.755906 -0.496063 
vn 0.456693 -0.330709 -0.826772 
vn 0.527559 -0.314961 -0.795276 
vn 0.259843 -0.291339 -0.92126 
vn 0.456693 -0.244094 -0.858268 
vn 0.165354 -0.874016 -0.448819 
vn 0.0629921 -0.0472441 -1 
vn 0.614173 -0.11811 -0.779528 
vn 0.755906 -0.0944882 -0.645669 
vn 0.787402 -0.0551181 -0.606299 
vn 0.811024 -0.181102 -0.551181 
vn 0.80315 -0.15748 -0.574803 
vn 0.259843 -0.125984 -0.952756 
vn 0.779528 -0.023622 -0.629921 
vn 0.92126 -0.023622 -0.385827 
vn 0.622047 -0.165354 -0.76378 
vn 0.433071 -0.11811 -0.897638 
vn 0.88189 -0.110236 -0.456693 
vn 0.818898 -0.0787402 -0.566929 
vn -0.188976 0.0314961 -0.984252 
vn 0.629921 -0.0314961 -0.779528 
vn 0.944882 -0.11811 -0.314961 
vn 0.614173 -0.110236 -0.779528 
vn 0.818898 -0.125984 -0.559055 
vn 0.92126 -0.0787402 -0.377953 
vn 0.905512 -0.0708661 -0.417323 
vn -0.015748 -0.149606 -0.992126 
vn 0.771654 -0.220472 -0.598425 
vn -0.677165 -0.267717 -0.692913 
vn 0.19685 -0.259843 -0.944882 
vn 0.716535 -0.0629921 -0.692913 
vn 0.141732 -0.102362 -0.984252 
vn 0.133858 -0.307087 -0.944882 
vn 0.787402 -0.125984 -0.598425 
vn 0.574803 -0.23622 -0.787402 
vn -0.417323 -0.338583 -0.84252 
vn -0.338583 -0.590551 -0.732283 
vn 0.023622 -0.165354 -0.984252 
vn 0.212598 0.259843 -0.944882 
vn 0.488189 0.551181 -0.677165 
vn 0.559055 0.425197 -0.716535 
vn -0.795276 -0.322835 0.511811 
vn -0.724409 -0.322835 -0.606299 
vn -0.551181 -0.385827 -0.740157 
vn -0.826772 -0.23622 0.503937 
vn -0.582677 -0.173228 0.795276 
vn -0.724409 -0.362205 0.590551 
vn -0.677165 -0.244094 0.692913 
vn -0.700787 -0.425197 0.574803 
vn -0.425197 -0.850394 0.314961 
vn -0.677165 -0.299213 0.669291 
vn -0.913386 -0.0708661 -0.393701 
vn -0.874016 -0.102362 -0.472441 
vn -0.779528 -0.0866142 -0.622047 
vn -0.244094 -0.149606 -0.96063 
vn -0.858268 -0.133858 -0.488189 
vn -0.913386 -0.0472441 -0.409449 
vn -0.653543 -0.165354 -0.740157 
vn -0.590551 0.0314961 -0.80315 
vn -0.84252 -0.0866142 -0.527559 
vn -0.669291 -0.0708661 -0.740157 
vn -0.0944882 -0.212598 -0.968504 
vn -0.314961 -0.0472441 -0.944882 
vn -0.425197 -0.110236 -0.897638 
vn -0.685039 -0.149606 -0.716535 
vn -0.874016 -0.141732 -0.464567 
vn -0.937008 -0.11811 -0.322835 
vn -0.88189 -0.220472 -0.409449 
vn -0.937008 -0.15748 -0.314961 
vn -0.771654 -0.11811 -0.629921 
vn -0.834646 -0.165354 -0.527559 
vn -0.622047 -0.0866142 -0.779528 
vn -0.700787 -0.0787402 -0.708661 
vn 0.614173 0.015748 -0.787402 
vn -0.88189 -0.110236 -0.448819 
vn -0.929134 -0.0866142 -0.354331 
vn -0.818898 -0.0629921 -0.566929 
vn -0.795276 -0.0472441 -0.606299 
vn -0.496063 -0.0708661 -0.866142 
vn -0.88189 -0.0551181 -0.472441 
vn -0.811024 -0.0866142 -0.574803 
vn -0.834646 -0.0787402 -0.551181 
vn -0.708661 -0.0708661 -0.700787 
vn -0.748031 -0.0551181 -0.661417 
vn -0.472441 -0.0944882 -0.874016 
vn -0.748031 -0.0866142 -0.653543 
vn -0.527559 -0.385827 -0.755906 
vn -0.362205 -0.354331 -0.866142 
vn -0.590551 -0.440945 -0.677165 
vn -0.409449 -0.811024 -0.417323 
vn -0.456693 -0.291339 -0.84252 
vn -0.0551181 -0.456693 -0.889764 
vn -0.00787402 -0.905512 -0.425197 
vn 0.858268 -0.188976 0.480315 
vn 0.874016 -0.354331 -0.338583 
vn 0.992126 -0.133858 -0.0393701 
vn -0.393701 -0.748031 -0.543307 
vn -0.582677 -0.456693 -0.677165 
vn -0.590551 -0.354331 -0.724409 
vn -0.952756 0.0944882 -0.283465 
vn -1 0.023622 0 
vn -0.866142 0.299213 0.393701 
vn -0.897638 0.0708661 0.433071 
vn -0.80315 -0.141732 0.582677 
vn -0.661417 -0.0629921 0.748031 
vn -0.984252 -0.015748 -0.181102 
vn -0.874016 0 -0.480315 
vn -0.88189 -0.015748 -0.480315 
vn -0.700787 0.0787402 -0.708661 
vn -0.92126 -0.0393701 -0.385827 
vn -0.771654 -0.023622 -0.637795 
vn -0.771654 -0.0314961 -0.637795 
vn -0.874016 0.125984 -0.472441 
vn -0.622047 0.0708661 -0.779528 
vn -0.669291 0.0787402 -0.740157 
vn -0.614173 -0.0393701 -0.787402 
vn -0.929134 0.346457 0.133858 
vn -0.677165 0 -0.740157 
vn -0.929134 0.267717 -0.259843 
vn -0.708661 -0.0393701 -0.708661 
vn -0.708661 -0.0629921 -0.708661 
vn -0.653543 0.401575 0.637795 
vn -0.905512 0.228346 -0.354331 
vn -0.968504 0.188976 -0.15748 
vn -0.811024 0.417323 0.409449 
vn -0.952756 0.251969 0.188976 
vn -0.700787 0.015748 -0.708661 
vn -0.96063 0.212598 -0.165354 
vn -0.606299 0.543307 0.574803 
vn -0.834646 -0.0866142 -0.551181 
vn -0.944882 0.015748 -0.322835 
vn -0.732283 0.330709 -0.598425 
vn -0.748031 -0.283465 -0.606299 
vn -0.677165 -0.275591 -0.677165 
vn -0.685039 -0.299213 -0.661417 
vn -0.716535 -0.338583 -0.614173 
vn -0.692913 -0.370079 -0.614173 
vn -0.976378 -0.0314961 -0.220472 
vn -0.968504 -0.133858 -0.220472 
vn -1 -0.015748 0.0472441 
vn -0.952756 0.0551181 -0.291339 
vn -0.944882 -0.149606 -0.291339 
vn -0.913386 -0.204724 -0.346457 
vn -0.913386 0.385827 0.11811 
vn -0.409449 0.645669 0.645669 
vn -0.669291 0.574803 0.480315 
vn -0.976378 0.228346 -0.0393701 
vn -0.992126 0.0472441 -0.102362 
vn -0.937008 0.275591 0.204724 
vn -0.173228 0.645669 0.748031 
vn -0.984252 -0.165354 -0.0787402 
vn -0.96063 -0.267717 -0.102362 
vn -0.976378 -0.212598 0 
vn -0.92126 0.0787402 0.393701 
vn -0.787402 0.409449 0.456693 
vn -0.944882 -0.0472441 0.330709 
vn -0.795276 -0.188976 0.574803 
vn -0.637795 -0.181102 0.748031 
vn -0.826772 -0.275591 0.496063 
vn -0.669291 -0.283465 0.685039 
vn -0.76378 -0.488189 0.417323 
vn -0.559055 -0.472441 0.677165 
vn -0.590551 -0.700787 0.393701 
vn -0.425197 -0.685039 0.590551 
vn -0.724409 -0.669291 0.149606 
vn -0.590551 -0.795276 0.125984 
vn -0.503937 -0.866142 -0.0472441 
vn -0.653543 -0.755906 -0.00787402 
vn -0.818898 -0.566929 0.0787402 
vn -0.88189 -0.409449 0.244094 
vn -0.929134 -0.370079 0.0787402 
vn -0.92126 -0.275591 0.267717 
vn -0.944882 -0.181102 0.275591 
vn -0.968504 -0.228346 0.125984 
vn -0.984252 -0.149606 0.0787402 
vn -0.968504 -0.23622 -0.0393701 
vn -0.984252 -0.149606 -0.0866142 
vn -0.968504 -0.125984 -0.212598 
vn -0.944882 -0.244094 -0.204724 
vn -0.929134 -0.346457 -0.110236 
vn -0.897638 -0.251969 -0.362205 
vn -0.913386 -0.141732 -0.377953 
vn -0.905512 -0.338583 -0.244094 
vn -0.826772 -0.307087 -0.480315 
vn -0.976378 0 -0.228346 
vn -0.913386 -0.00787402 -0.401575 
vn -0.952756 0.19685 -0.228346 
vn -0.897638 0.188976 -0.393701 
vn -0.834646 0.456693 -0.307087 
vn -0.80315 0.330709 -0.488189 
vn -0.708661 0.574803 -0.409449 
vn -0.653543 0.708661 -0.251969 
vn -0.622047 0.11811 0.771654 
vn -0.590551 0.314961 0.740157 
vn -0.15748 -0.0629921 0.984252 
vn -0.401575 -0.0551181 0.913386 
vn 0.96063 0.0708661 0.259843 
vn -0.0708661 -0.76378 -0.645669 
vn -0.456693 -0.661417 -0.598425 
vn -0.669291 -0.244094 -0.708661 
vn 0.535433 0.110236 -0.834646 
vn 0.76378 0.149606 -0.629921 
vn 0.795276 0.377953 -0.472441 
vn 0.645669 0.220472 -0.732283 
vn 0.952756 0.00787402 -0.307087 
vn 0.708661 0.700787 -0.0944882 
vn 0.897638 0.0708661 -0.433071 
vn 0.818898 0.314961 -0.472441 
vn 0.661417 0.299213 -0.685039 
vn 0.96063 0.181102 -0.204724 
vn 0.834646 0.259843 -0.480315 
vn 0.80315 0.023622 -0.598425 
vn 0.519685 0.314961 -0.795276 
vn 0.905512 0.220472 -0.370079 
vn 1 0.0472441 -0.0629921 
vn 0.968504 -0.251969 -0.0393701 
vn 0.984252 0.149606 0.11811 
vn 0.913386 -0.346457 0.204724 
vn 0.992126 0.141732 0 
vn 0.952756 0.299213 0.0551181 
vn 0.92126 0.393701 0 
vn 0.472441 0.88189 -0.00787402 
vn 0.740157 0.653543 0.15748 
vn 0.96063 0.291339 0 
vn 0.88189 0.464567 0.023622 
vn 0.889764 0.456693 -0.0629921 
vn 0.992126 0.110236 -0.0708661 
vn 0.944882 0.322835 0.0314961 
vn 0.92126 0.19685 0.330709 
vn 0.826772 0.440945 0.354331 
vn 0.755906 0.551181 0.346457 
vn 0.771654 0.0944882 0.629921 
vn 0.590551 0.464567 0.661417 
vn 0.622047 0.307087 0.724409 
vn 0.511811 0.622047 0.590551 
vn 0.858268 -0.0393701 -0.519685 
vn 0.992126 -0.0314961 -0.0944882 
vn 0.692913 -0.0551181 -0.716535 
vn 0.732283 -0.00787402 -0.685039 
vn 0.992126 -0.0314961 0.11811 
vn 0.929134 -0.0393701 -0.362205 
vn 0.96063 -0.015748 -0.275591 
vn 0.519685 -0.023622 -0.850394 
vn 0.826772 -0.00787402 0.566929 
vn 0.590551 0.015748 0.80315 
vn 0.92126 -0.00787402 0.393701 
vn 0.787402 0 0.622047 
vn 0.968504 -0.015748 0.251969 
vn 0.874016 -0.0393701 -0.480315 
vn 0.984252 -0.015748 0.15748 
vn 0.677165 0.00787402 0.740157 
vn 0.874016 -0.181102 0.456693 
vn 0.889764 -0.433071 -0.133858 
vn 0.559055 -0.692913 0.456693 
vn 0.700787 -0.165354 -0.700787 
vn 0.370079 -0.700787 -0.614173 
vn 0.370079 -0.0551181 -0.929134 
vn 0.952756 0.23622 0.204724 
vn 0.779528 -0.251969 -0.574803 
vn 0.740157 -0.307087 -0.598425 
vn 0.818898 -0.188976 -0.535433 
vn 0.92126 -0.0551181 -0.377953 
vn 0.913386 -0.0393701 -0.401575 
vn 0.527559 0.519685 0.677165 
vn 0.889764 -0.0393701 -0.456693 
vn 0.96063 -0.0314961 -0.275591 
vn 0.307087 0.637795 0.708661 
vn 0.637795 0.755906 -0.165354 
vn 0.913386 -0.188976 -0.370079 
vn 0.937008 -0.102362 -0.322835 
vn 1 0 0.0551181 
vn 0.984252 -0.181102 0.0393701 
vn 0.92126 0.362205 0.141732 
vn 1 0.0472441 -0.0472441 
vn 0.992126 -0.110236 -0.0472441 
vn 0.992126 -0.110236 0.0629921 
vn 0.952756 -0.0787402 0.299213 
vn 0.952756 0.204724 0.220472 
vn 0.322835 0.637795 0.700787 
vn 0.787402 0.354331 0.503937 
vn 0.645669 0.511811 0.566929 
vn 0.929134 0.19685 -0.314961 
vn 0.677165 -0.11811 -0.724409 
vn 0.826772 0.0393701 -0.566929 
vn 0.700787 0.0314961 -0.708661 
vn 0.598425 -0.149606 -0.787402 
vn 0.952756 0.220472 -0.204724 
vn 0.622047 -0.023622 -0.779528 
vn 0.818898 -0.0472441 -0.574803 
vn 0.771654 -0.0708661 -0.637795 
vn 0.771654 -0.165354 -0.614173 
vn 0.874016 0.299213 -0.393701 
vn 0.811024 0.0551181 -0.582677 
vn 0.732283 -0.15748 -0.661417 
vn 0.992126 0.0866142 -0.11811 
vn 0.692913 -0.125984 -0.708661 
vn 0.944882 0.0314961 -0.330709 
vn 0.685039 0.0472441 -0.724409 
vn 0.80315 0.0551181 -0.590551 
vn 0.677165 0.188976 -0.708661 
vn 0.755906 0.212598 -0.622047 
vn 0.629921 0.299213 0.716535 
vn 0.645669 0.220472 0.732283 
vn 0.913386 0.015748 -0.409449 
vn 0.976378 -0.0551181 -0.220472 
vn 0.984252 -0.149606 -0.0551181 
vn 0.858268 -0.023622 -0.519685 
vn 0.937008 -0.0551181 0.354331 
vn 0.874016 -0.0393701 -0.480315 
vn 0.913386 -0.275591 -0.299213 
vn 0.732283 -0.0629921 -0.677165 
vn 0.897638 -0.440945 0.0472441 
vn 0.905512 -0.181102 -0.385827 
vn 0.929134 -0.0393701 -0.362205 
vn 0.858268 -0.0393701 -0.519685 
vn 0.96063 0.0708661 0.259843 
vn 0.992126 -0.110236 -0.0472441 
vn 0.992126 -0.110236 0.0629921 
vn 0.866142 -0.440945 -0.23622 
vn 0.755906 -0.102362 -0.645669 
vn 0.96063 -0.125984 -0.251969 
vn 0.590551 -0.0314961 -0.80315 
vn 0.551181 -0.0708661 -0.826772 
vn 0.622047 -0.385827 0.677165 
vn 0.448819 -0.661417 0.598425 
vn 0.826772 -0.535433 0.173228 
vn 0.748031 -0.188976 0.637795 
vn -0.889764 -0.165354 -0.433071 
vn -0.779528 0.149606 -0.606299 
vn -0.850394 -0.0472441 -0.527559 
vn -0.968504 0.244094 0.0866142 
vn -0.76378 -0.259843 0.590551 
vn -0.362205 0.283465 0.889764 
vn -0.456693 -0.149606 0.874016 
vn -0.133858 -0.173228 0.976378 
vn -0.267717 0.023622 0.96063 
vn -0.850394 -0.0472441 -0.527559 
vn -0.834646 -0.267717 0.480315 
vn -0.299213 -0.220472 0.929134 
vn -0.228346 -0.787402 0.574803 
vn -0.716535 -0.692913 -0.023622 
vn -0.976378 -0.181102 -0.0866142 
vn -0.771654 -0.0314961 -0.637795 
vn -0.708661 -0.228346 -0.669291 
vn -0.385827 -0.598425 -0.700787 
vn -0.11811 -0.88189 -0.448819 
vn -0.322835 -0.338583 -0.88189 
vn -0.149606 -0.944882 -0.291339 
vn -0.385827 -0.440945 -0.811024 
vn -0.440945 -0.0629921 -0.889764 
vn -0.480315 -0.0551181 -0.874016 
vn -0.645669 -0.0551181 -0.76378 
vn -0.511811 -0.409449 -0.755906 
vn -0.622047 -0.496063 -0.606299 
vn -0.685039 -0.590551 -0.425197 
vn -0.637795 -0.11811 -0.76378 
vn -0.732283 -0.0787402 -0.677165 
vn -0.488189 -0.0472441 -0.874016 
vn -0.850394 -0.0944882 -0.527559 
vn -0.944882 -0.102362 -0.307087 
vn -0.834646 -0.125984 -0.535433 
vn -0.905512 -0.307087 -0.291339 
vn -0.606299 -0.755906 -0.228346 
vn -0.952756 -0.275591 -0.102362 
vn -0.606299 -0.795276 -0.015748 
vn -0.929134 -0.354331 0.0944882 
vn -0.984252 -0.149606 -0.0551181 
vn -0.976378 -0.0787402 0.19685 
vn -0.952756 -0.165354 -0.267717 
vn -0.992126 -0.11811 0.0944882 
vn -0.944882 -0.0708661 0.314961 
vn -0.929134 -0.0708661 0.370079 
vn -0.944882 -0.141732 0.291339 
vn -0.96063 -0.102362 0.251969 
vn -0.787402 -0.370079 0.488189 
vn -0.929134 -0.330709 0.173228 
vn -0.551181 -0.76378 0.338583 
vn -0.96063 -0.251969 0.141732 
vn -0.944882 -0.275591 0.181102 
vn -0.944882 -0.267717 0.181102 
vn -0.92126 -0.23622 0.307087 
vn -0.937008 -0.338583 0.102362 
vn -0.96063 -0.212598 0.181102 
vn -0.929134 -0.377953 -0.00787402 
vn -0.913386 -0.228346 0.338583 
vn -0.92126 -0.370079 0.102362 
vn -1 -0.0393701 0.023622 
vn -0.944882 -0.299213 0.133858 
vn -0.897638 -0.433071 -0.015748 
vn -0.897638 -0.385827 0.204724 
vn -0.88189 -0.433071 -0.19685 
vn -0.464567 -0.677165 -0.566929 
vn -0.944882 -0.322835 0.0314961 
vn -0.834646 -0.472441 0.283465 
vn -0.96063 -0.23622 0.141732 
vn -0.984252 -0.173228 0.0629921 
vn -0.968504 -0.244094 -0.0629921 
vn -0.976378 -0.173228 -0.125984 
vn -0.88189 -0.401575 0.251969 
vn -0.968504 -0.228346 0.11811 
vn -0.929134 -0.307087 -0.19685 
vn -0.96063 -0.204724 -0.19685 
vn -0.913386 -0.401575 -0.110236 
vn -0.905512 -0.346457 -0.251969 
vn -0.897638 -0.354331 -0.259843 
vn -0.913386 -0.330709 -0.220472 
vn -0.944882 -0.173228 -0.275591 
vn -0.905512 -0.409449 -0.141732 
vn -0.968504 -0.102362 -0.23622 
vn -0.992126 0.0314961 -0.110236 
vn -0.905512 -0.133858 -0.401575 
vn -0.811024 -0.267717 -0.527559 
vn -0.92126 -0.314961 -0.23622 
vn -0.850394 -0.188976 -0.488189 
vn -0.818898 -0.267717 -0.511811 
vn -0.661417 0.0472441 -0.748031 
vn -0.637795 -0.141732 -0.755906 
vn -0.76378 -0.228346 -0.598425 
vn -0.708661 -0.173228 -0.685039 
vn -0.748031 -0.220472 -0.622047 
vn -0.771654 -0.275591 -0.566929 
vn -0.456693 -0.0866142 -0.88189 
vn -0.866142 -0.275591 -0.417323 
vn -0.944882 -0.251969 0.204724 
vn -0.944882 -0.110236 0.307087 
vn -0.472441 -0.133858 -0.866142 
vn -0.574803 -0.0629921 -0.818898 
vn -0.677165 -0.0708661 -0.732283 
vn -0.511811 -0.149606 -0.84252 
vn -0.606299 -0.15748 -0.779528 
vn -0.740157 -0.267717 -0.614173 
vn -0.551181 -0.0629921 -0.834646 
vn -0.582677 -0.141732 -0.80315 
vn -0.732283 -0.204724 -0.653543 
vn -0.590551 -0.354331 -0.724409 
vn -0.582677 -0.456693 -0.677165 
vn -0.669291 -0.244094 -0.708661 
vn -0.456693 -0.661417 -0.598425 
vn -0.811024 -0.165354 -0.566929 
vn -0.614173 -0.11811 -0.779528 
vn -0.755906 0.251969 -0.606299 
vn -0.622047 -0.0314961 -0.787402 
vn -0.976378 -0.0551181 -0.204724 
vn -0.708661 -0.0866142 -0.700787 
vn -0.574803 -0.0787402 -0.818898 
vn -0.889764 -0.440945 0.102362 
vn -0.779528 0.149606 -0.606299 
vn 0.858268 0.480315 0.173228 
vn -0.385827 0.834646 0.401575 
vn -0.259843 0.629921 0.732283 
vn 0.629921 0.76378 -0.125984 
vn 0.228346 -0.314961 -0.92126 
vn 0.370079 -0.0551181 -0.929134 
vn 0.700787 -0.165354 -0.700787 
vn 0.299213 -0.291339 -0.905512 
vn 0.370079 -0.700787 -0.614173 
vn 0.0314961 -0.929134 0.362205 
vn -0.204724 -0.307087 0.929134 
vn 0.0314961 -0.669291 0.740157 
vn -0.133858 -0.889764 0.433071 
vn 0.110236 -0.0787402 0.992126 
vn 0.141732 -0.244094 0.96063 
vn 0.299213 -0.0708661 0.952756 
vn -0.0866142 -0.0944882 0.992126 
vn -0.362205 -0.283465 0.889764 
vn -0.204724 -0.874016 0.448819 
vn -0.228346 -0.0787402 0.968504 
vn -0.417323 -0.0787402 0.905512 
vn -0.125984 -0.275591 0.952756 
vn -0.503937 -0.299213 0.811024 
vn -0.417323 -0.76378 0.488189 
vn -0.582677 -0.0708661 0.811024 
vn -0.629921 -0.338583 0.700787 
vn -0.716535 -0.314961 0.622047 
vn -0.362205 -0.889764 0.283465 
vn -0.787402 -0.370079 0.488189 
vn -0.850394 -0.0629921 0.519685 
vn -0.944882 -0.0708661 0.314961 
vn -0.929134 -0.0708661 0.370079 
vn -0.740157 -0.0708661 0.669291 
vn -0.84252 -0.110236 0.527559 
vn -0.944882 -0.141732 0.291339 
vn -0.92126 -0.23622 0.307087 
vn -0.787402 -0.149606 0.598425 
vn -0.913386 -0.228346 0.338583 
vn -0.889764 -0.220472 0.401575 
vn -0.937008 -0.314961 0.173228 
vn -0.811024 -0.188976 0.551181 
vn -0.944882 -0.212598 0.23622 
vn -0.826772 -0.212598 0.519685 
vn -0.677165 -0.299213 0.669291 
vn -0.582677 -0.173228 0.795276 
vn -0.606299 -0.0866142 0.795276 
vn -0.322835 -0.0787402 0.944882 
vn -0.795276 -0.322835 0.511811 
vn -0.496063 -0.212598 0.84252 
vn -0.559055 -0.748031 0.370079 
vn -0.496063 -0.385827 0.779528 
vn -0.393701 -0.76378 -0.503937 
vn -0.385827 -0.755906 -0.535433 
vn -0.228346 -0.322835 0.913386 
vn -0.338583 -0.299213 0.889764 
vn -0.259843 -0.771654 0.582677 
vn -0.149606 -0.173228 0.976378 
vn -0.299213 -0.637795 0.716535 
vn -0.0708661 -0.133858 0.992126 
vn 0.11811 -0.377953 0.92126 
vn 0.125984 -0.732283 0.669291 
vn 0.149606 -0.393701 0.905512 
vn 0.307087 -0.212598 0.929134 
vn 0.283465 -0.212598 0.937008 
vn 0.448819 -0.488189 0.748031 
vn 0.472441 -0.346457 0.811024 
vn 0.425197 -0.267717 0.866142 
vn 0.440945 -0.874016 -0.181102 
vn 0.543307 -0.637795 0.551181 
vn 0.393701 -0.11811 0.913386 
vn 0.503937 -0.11811 0.850394 
vn 0.511811 -0.165354 0.84252 
vn 0.543307 -0.102362 0.834646 
vn 0.409449 -0.0551181 0.913386 
vn 0.488189 -0.165354 0.858268 
vn 0.590551 -0.141732 0.795276 
vn 0.968504 0.173228 0.173228 
vn 0.503937 0.0866142 -0.858268 
vn 0.779528 0.307087 -0.551181 
vn 0.511811 0.724409 -0.464567 
vn 0.905512 -0.181102 -0.385827 
vn 0.858268 -0.0393701 -0.519685 
vn 0.551181 -0.0708661 -0.826772 
vn 0.590551 -0.0314961 -0.80315 
vn 0.913386 -0.102362 -0.401575 
vn 0.96063 -0.0787402 -0.275591 
vn 0.976378 -0.0944882 -0.181102 
vn 0.992126 -0.0708661 -0.0551181 
vn 0.937008 -0.133858 -0.322835 
vn 0.866142 -0.11811 -0.488189 
vn 0.992126 -0.0944882 0.0472441 
vn 0.984252 -0.0787402 0.173228 
vn 0.984252 -0.125984 -0.11811 
vn 0.976378 -0.133858 0.181102 
vn 0.984252 -0.15748 0.0708661 
vn 0.976378 -0.181102 -0.102362 
vn 0.92126 -0.0866142 0.377953 
vn 0.968504 -0.228346 0.125984 
vn 0.952756 -0.125984 0.267717 
vn 0.952756 -0.259843 0.15748 
vn 0.889764 -0.181102 0.425197 
vn 0.905512 -0.393701 0.15748 
vn 0.897638 -0.417323 -0.110236 
vn 0.968504 -0.251969 -0.015748 
vn 0.92126 -0.330709 0.188976 
vn 0.952756 -0.204724 0.220472 
vn 0.968504 -0.212598 0.11811 
vn 0.96063 -0.244094 0.0944882 
vn 0.96063 -0.259843 0.0866142 
vn 0.944882 -0.220472 0.251969 
vn 0.96063 -0.173228 0.228346 
vn 0.96063 -0.181102 0.212598 
vn 0.897638 -0.299213 0.314961 
vn 0.96063 -0.228346 0.173228 
vn 0.834646 -0.464567 0.299213 
vn 0.929134 -0.307087 0.204724 
vn 0.905512 -0.322835 0.267717 
vn 0.96063 -0.204724 0.188976 
vn 0.732283 -0.299213 0.614173 
vn 0.96063 -0.275591 0.0629921 
vn 0.96063 -0.220472 -0.181102 
vn 0.952756 -0.19685 -0.23622 
vn 0.913386 -0.307087 -0.275591 
vn 0.952756 -0.23622 -0.19685 
vn 0.968504 -0.251969 -0.0629921 
vn 0.984252 -0.125984 -0.0944882 
vn 1 0 0 
vn 0.992126 -0.133858 -0.0393701 
vn 0.929134 -0.15748 -0.322835 
vn 0.874016 -0.354331 -0.338583 
vn 0.330709 -0.622047 -0.716535 
vn 0.80315 -0.322835 -0.503937 
vn 0.700787 -0.125984 -0.708661 
vn 0.905512 -0.173228 -0.393701 
vn 0.866142 -0.149606 0.480315 
vn 0.826772 -0.472441 -0.299213 
vn 0.622047 -0.125984 -0.771654 
vn 0.716535 -0.212598 -0.661417 
vn 0.708661 -0.133858 -0.692913 
vn 0.708661 -0.291339 -0.645669 
vn 0.708661 -0.251969 -0.661417 
vn 0.905512 -0.393701 0.173228 
vn 0.897638 -0.212598 0.377953 
vn 0.566929 -0.110236 -0.818898 
vn 0.614173 -0.0787402 -0.779528 
vn 0.370079 -0.456693 -0.811024 
vn 0.566929 -0.0629921 -0.818898 
vn 0.370079 -0.0551181 -0.929134 
vn 0.299213 -0.291339 -0.905512 
vn 0.456693 -0.0708661 -0.889764 
vn 0.566929 -0.0944882 -0.818898 
vn 0.385827 -0.0629921 -0.92126 
vn 0.519685 -0.023622 -0.850394 
vn 0.732283 -0.00787402 -0.685039 
vn 0.393701 -0.0472441 -0.92126 
vn 0.692913 -0.0551181 -0.716535 
vn 0.433071 -0.0866142 -0.897638 
vn 0.622047 -0.125984 -0.771654 
vn 0.700787 -0.125984 -0.708661 
vn 0.708661 -0.291339 -0.645669 
vn 0.464567 -0.0708661 -0.88189 
vn 0.551181 -0.0866142 -0.834646 
vn 0.669291 -0.149606 -0.724409 
vn 0.629921 -0.181102 -0.755906 
vn 0.661417 -0.228346 -0.716535 
vn 0.700787 -0.267717 0.653543 
vn 0.779528 -0.322835 0.527559 
vn 0.511811 -0.11811 -0.850394 
vn 0.606299 -0.19685 -0.771654 
vn 0.622047 -0.251969 -0.740157 
vn 0.84252 -0.338583 -0.425197 
vn 0.858268 -0.0393701 -0.519685 
vn 0.811024 -0.488189 -0.307087 
vn 0.480315 -0.716535 0.496063 
vn 0.755906 -0.598425 -0.275591 
vn 0.905512 -0.354331 -0.244094 
vn 0.645669 -0.0787402 -0.755906 
vn 0.598425 0.0393701 -0.80315 
vn 0.559055 0.015748 -0.826772 
vn 0.637795 0.0314961 -0.771654 
vn 0.590551 -0.0314961 -0.80315 
vn 0.748031 0.503937 -0.433071 
vn 0.629921 0.76378 -0.125984 
vn 0.251969 0.968504 -0.0393701 
vn 0.291339 -0.897638 0.330709 
vn 0.535433 -0.330709 0.779528 
vn 0.582677 -0.291339 0.755906 
vn 0.393701 -0.0866142 0.913386 
vn 0.543307 -0.0787402 0.834646 
vn 0.338583 -0.338583 0.88189 
vn 0.228346 -0.858268 0.464567 
vn 0.385827 -0.0787402 0.92126 
vn 0.244094 -0.259843 0.937008 
vn 0.188976 -0.480315 0.858268 
vn -0.795276 0.606299 0.023622 
vn -0.80315 -0.519685 -0.275591 
vn -0.88189 -0.322835 -0.338583 
vn 0.661417 -0.590551 -0.456693 
vn 0.952756 -0.102362 -0.299213 
vn 0.897638 -0.0708661 -0.433071 
vn 0.645669 -0.488189 -0.590551 
vn 0.858268 -0.0787402 -0.503937 
vn 0.614173 -0.0787402 -0.779528 
vn 0.566929 -0.110236 -0.818898 
vn 0.724409 -0.0787402 -0.692913 
vn 0.566929 -0.0629921 -0.818898 
vn 0.700787 -0.0708661 -0.708661 
vn 0.566929 -0.0944882 -0.818898 
vn 0.740157 -0.0866142 -0.669291 
vn 0.440945 -0.897638 0 
vn 0.937008 -0.338583 -0.0944882 
vn 0.653543 -0.748031 -0.102362 
vn 0.748031 -0.566929 -0.338583 
vn 0.944882 -0.314961 0.0866142 
vn 0.472441 -0.874016 0.11811 
vn 0.913386 -0.338583 0.212598 
vn 0.866142 -0.362205 0.346457 
vn 0.984252 -0.0866142 0.133858 
vn 0.937008 -0.0708661 0.330709 
vn 0.811024 -0.299213 0.503937 
vn 0.708661 -0.015748 0.700787 
vn 0.76378 -0.110236 0.637795 
vn 0.700787 -0.417323 0.582677 
vn 0.582677 -0.291339 0.755906 
vn 0.543307 -0.0787402 0.834646 
vn 0.677165 -0.133858 0.716535 
vn 0.503937 -0.11811 0.850394 
vn 0.866142 -0.212598 0.456693 
vn 0.929134 -0.275591 0.23622 
vn 0.913386 -0.19685 -0.354331 
vn 0.929134 -0.267717 0.259843 
vn 0.826772 -0.149606 0.543307 
vn 0.748031 -0.15748 0.645669 
vn 0.685039 -0.23622 0.692913 
vn 0.590551 -0.141732 0.795276 
vn 0.692913 -0.661417 0.291339 
vn -0.661417 0.732283 -0.141732 
vn -0.590551 0.80315 -0.0393701 
vn -0.952756 0.307087 -0.00787402 
vn -0.96063 0.275591 0.0551181 
vn -0.984252 0.165354 0.0787402 
vn -0.984252 0.173228 0 
vn -0.937008 0.338583 -0.0393701 
vn -0.984252 0.133858 0.110236 
vn -0.913386 0.401575 0.110236 
vn -0.96063 0.220472 -0.15748 
vn -0.850394 0.527559 0.0472441 
vn -0.692913 0.716535 0.0787402 
vn -0.724409 0.685039 0.0787402 
vn -0.834646 0.551181 -0.0944882 
vn -0.748031 0.582677 0.314961 
vn -0.543307 0.811024 0.228346 
vn -0.92126 0.307087 0.244094 
vn -0.984252 0.149606 0.0787402 
vn -0.976378 -0.228346 -0.0314961 
vn -0.952756 0.259843 -0.173228 
vn -0.874016 0.377953 -0.307087 
vn -0.905512 0.220472 -0.354331 
vn -0.732283 0.307087 -0.606299 
vn -0.716535 0.409449 -0.566929 
vn -0.850394 0.0787402 -0.519685 
vn -0.472441 0.425197 -0.771654 
vn -0.566929 0.283465 -0.771654 
vn -0.700787 0.110236 -0.708661 
vn -0.448819 0.15748 -0.88189 
vn -0.897638 0.0944882 -0.433071 
vn -0.771654 0.385827 -0.503937 
vn -0.220472 0.850394 -0.480315 
vn -0.511811 0.181102 -0.834646 
vn -0.850394 0.338583 0.393701 
vn -0.976378 0.212598 0.015748 
vn -0.755906 0.496063 0.425197 
vn -0.897638 0.433071 0.023622 
vn -0.708661 0.700787 -0.0787402 
vn -0.716535 0.669291 0.188976 
vn -0.622047 0.220472 0.748031 
vn -0.519685 0.480315 0.708661 
vn -0.566929 0.559055 0.606299 
vn -0.440945 0.834646 0.330709 
vn 0.96063 0.23622 0.133858 
vn 0.984252 0.15748 0.11811 
vn 0.700787 0.566929 -0.425197 
vn 0.519685 0.850394 -0.0944882 
vn 0.913386 0.346457 0.19685 
vn 0.677165 0.212598 -0.700787 
vn 0.590551 0.385827 -0.708661 
vn 0.488189 -0.11811 -0.866142 
vn 1 0.0708661 0 
vn 0.23622 -0.0314961 -0.968504 
vn -0.551181 -0.23622 -0.80315 
vn -0.338583 -0.590551 -0.732283 
vn 0.133858 -0.307087 -0.944882 
vn 0.700787 0.566929 -0.425197 
vn 0.519685 0.850394 -0.0944882 
vn -0.685039 0.519685 -0.503937 
vn -0.716535 0.401575 0.566929 
vn -0.141732 0.968504 0.204724 
vn -0.425197 0.559055 0.716535 
vn -0.614173 0.188976 0.76378 
vn -0.244094 0.377953 0.897638 
vn -0.0551181 0.677165 0.740157 
vn -0.346457 0.330709 0.874016 
vn -0.590551 0.503937 0.629921 
vn -0.283465 0.614173 0.732283 
vn -0.251969 0.811024 0.535433 
vn -0.0314961 0.606299 0.795276 
vn 0.188976 0.80315 0.566929 
vn -0.0472441 0.283465 0.96063 
vn 0.0787402 0.511811 0.850394 
vn 0.251969 0.527559 0.811024 
vn 0.511811 0.622047 0.590551 
vn 0.622047 0.307087 0.724409 
vn 0.307087 0.228346 0.92126 
vn 0.354331 0.574803 0.740157 
vn 0.771654 0.0944882 0.629921 
vn 0.590551 0.464567 0.661417 
vn -0.259843 -0.0314961 -0.968504 
vn -0.511811 0.181102 -0.834646 
vn -0.448819 0.15748 -0.88189 
vn -0.220472 0.299213 -0.929134 
vn -0.566929 0.283465 -0.771654 
vn -0.472441 0.425197 -0.771654 
vn -0.125984 -0.409449 -0.905512 
vn -0.133858 0.330709 -0.937008 
vn -0.220472 0.850394 -0.480315 
vn -0.0551181 0.929134 -0.370079 
vn 0.00787402 0.0551181 -1 
vn 0.125984 0.425197 -0.897638 
vn 0.0551181 0.952756 -0.299213 
vn 0.11811 0.275591 -0.952756 
vn 0.338583 0.0866142 -0.937008 
vn 0.433071 0.346457 -0.834646 
vn 0.173228 0.96063 -0.204724 
vn 0.755906 0.338583 -0.559055 
vn 0.330709 0.330709 -0.88189 
vn 0.173228 -0.543307 -0.818898 
vn 0.622047 0.102362 -0.779528 
vn 0.417323 0.291339 -0.858268 
vn 0.622047 -0.015748 -0.779528 
vn 0.850394 0.0866142 -0.519685 
vn 0.811024 0.440945 -0.385827 
vn 0.637795 0.275591 -0.716535 
vn 0.897638 0.275591 -0.346457 
vn 0.755906 0.346457 -0.559055 
vn 0.92126 0.00787402 -0.393701 
vn 0.535433 0.275591 -0.795276 
vn -0.267717 0.732283 0.629921 
vn 0.456693 0.125984 0.88189 
vn -0.464567 0.543307 0.700787 
vn -0.834646 0.535433 0.125984 
vn -0.622047 0.220472 0.748031 
vn -0.519685 0.480315 0.708661 
vn -0.267717 0.574803 0.771654 
vn -0.330709 0.401575 0.850394 
vn -0.566929 0.559055 0.606299 
vn -0.259843 0.724409 0.637795 
vn -0.102362 0.267717 0.96063 
vn 0 0.574803 0.818898 
vn -0.0472441 0.834646 0.551181 
vn -0.015748 0.488189 0.874016 
vn 0.283465 0.787402 0.543307 
vn 0.228346 0.188976 0.952756 
vn 0.165354 0.488189 0.858268 
vn 0.362205 0.771654 0.519685 
vn 0.251969 0.480315 0.84252 
vn 0.472441 0.228346 0.850394 
vn 0.740157 0.204724 0.637795 
vn 0.377953 0.889764 0.251969 
vn 0.755906 0.188976 0.622047 
vn 0.543307 0.496063 0.677165 
vn 0.834646 0.362205 0.417323 
vn 0.606299 0.700787 0.377953 
vn -0.582677 -0.795276 -0.149606 
vn -0.937008 -0.314961 -0.15748 
vn -0.582677 -0.472441 -0.661417 
vn -0.724409 -0.015748 -0.685039 
vn -0.818898 -0.527559 0.228346 
vn -0.992126 0.110236 0.0314961 
vn -0.653543 0.519685 -0.551181 
vn -0.76378 -0.244094 0.598425 
vn -0.393701 -0.834646 0.393701 
vn -0.834646 0.551181 0.0393701 
vn -0.393701 -0.716535 0.574803 
vn -0.677165 0.574803 -0.464567 
vn -0.559055 -0.291339 0.771654 
vn -0.84252 -0.433071 0.330709 
vn -0.787402 0.370079 0.496063 
vn -0.606299 0.204724 0.771654 
vn -0.456693 0.220472 0.858268 
vn -0.771654 0.212598 0.598425 
vn -0.755906 0.503937 0.409449 
vn -0.952756 0.251969 0.181102 
vn -0.826772 0.551181 -0.0944882 
vn -0.976378 0.204724 -0.0472441 
vn -0.850394 0.370079 -0.377953 
vn -0.535433 0.377953 -0.755906 
vn -0.811024 0.0787402 -0.574803 
vn -0.984252 0.0551181 -0.15748 
vn -0.976378 0.00787402 -0.220472 
vn -0.590551 -0.440945 -0.677165 
vn -0.897638 -0.401575 0.165354 
vn -0.976378 0.204724 -0.0787402 
vn -0.952756 -0.15748 0.275591 
vn -0.779528 -0.472441 0.409449 
vn -0.811024 0.574803 0.0787402 
vn -0.771654 0.401575 -0.496063 
vn -0.818898 0.511811 0.259843 
vn -0.88189 0.181102 0.433071 
vn -0.259843 0.629921 0.732283 
vn -0.984252 0.015748 0.181102 
vn -0.88189 0.393701 0.259843 
vn -0.708661 0.606299 0.370079 
vn -0.385827 0.834646 0.401575 
vn -0.417323 0.905512 0 
vn -0.897638 0.417323 0.11811 
vn -0.661417 0.566929 0.488189 
vn -0.937008 0.314961 0.141732 
vn -0.913386 -0.377953 0.141732 
vn -0.929134 -0.00787402 0.362205 
vn -0.944882 -0.228346 0.244094 
vn -0.740157 0.496063 0.464567 
vn -0.850394 0.519685 0.102362 
vn -0.724409 0.637795 0.259843 
vn -0.944882 0.0314961 0.338583 
vn -0.787402 0.614173 0 
vn -0.96063 0.220472 -0.173228 
vn -0.889764 0.448819 -0.110236 
vn -0.88189 0.464567 -0.0314961 
vn -0.944882 0.322835 -0.0551181 
vn -0.834646 0.535433 0.125984 
vn -0.976378 -0.204724 0.023622 
vn -0.96063 0.283465 -0.0314961 
vn -0.464567 0.543307 0.700787 
vn -0.913386 0.283465 0.283465 
vn -0.992126 0.0708661 -0.0944882 
vn -0.976378 -0.220472 0.023622 
vn -0.968504 0.125984 0.228346 
vn -0.732283 0.314961 0.598425 
vn -0.622047 0.141732 0.771654 
vn -0.393701 -0.535433 0.748031 
vn 0.283465 0.299213 0.913386 
vn 0.220472 0.377953 0.897638 
vn 0.76378 0.338583 0.551181 
vn 0.448819 0.181102 0.874016 
vn 0.748031 -0.393701 0.535433 
vn 0.889764 -0.370079 0.259843 
vn 0.677165 0.527559 0.511811 
vn 0.370079 0.244094 0.897638 
vn 0.204724 0.551181 0.811024 
vn 0.338583 -0.0708661 0.937008 
vn 0.425197 0.732283 0.535433 
vn 0.874016 0.480315 -0.110236 
vn 0.952756 0.307087 0.0393701 
vn 0.944882 -0.299213 0.0944882 
vn 0.692913 0.700787 0.173228 
vn 0.110236 0.976378 0.181102 
vn 0.952756 0.283465 -0.141732 
vn 0.96063 0.244094 -0.149606 
vn 0.992126 -0.0866142 -0.0708661 
vn 0.787402 0.606299 -0.110236 
vn 0.629921 0.732283 -0.251969 
vn 0.787402 0.614173 -0.023622 
vn 0.913386 0.401575 -0.023622 
vn 0.818898 0.559055 0.133858 
vn 0.724409 0.629921 0.283465 
vn 0.480315 0.724409 0.496063 
vn 0.787402 0.543307 0.275591 
vn 0.440945 0.76378 0.472441 
vn 0.606299 0.629921 0.488189 
vn 0.874016 0.456693 0.149606 
vn 0.850394 0.417323 0.322835 
vn 0.826772 0.362205 0.425197 
vn 0.968504 -0.0708661 0.228346 
vn 0.944882 -0.0314961 0.314961 
vn 0.944882 -0.330709 -0.0314961 
vn 0.944882 -0.0787402 0.314961 
vn 0.905512 0.165354 0.393701 
vn 0.952756 -0.188976 0.220472 
vn 0.952756 -0.15748 0.259843 
vn 0.984252 0.15748 0.11811 
vn 0.968504 -0.0551181 0.259843 
vn 0.811024 -0.566929 0.15748 
vn 0.858268 -0.511811 -0.0314961 
vn 0.944882 0.181102 0.259843 
vn 0.779528 -0.629921 0.0314961 
vn 0.88189 0.0629921 -0.472441 
vn 0.874016 0 -0.488189 
vn 0.566929 0.125984 -0.818898 
vn 0.456693 -0.330709 -0.826772 
vn 0.889764 0.267717 -0.362205 
vn 0.519685 0.346457 -0.779528 
vn 0.748031 0.551181 -0.370079 
vn 0.488189 0.551181 -0.677165 
vn 0.559055 0.425197 -0.716535 
vn 0.834646 0.551181 0.0629921 
vn 0.826772 0.440945 -0.346457 
vn 0.692913 -0.110236 -0.716535 
vn 0.212598 0.259843 -0.944882 
vn 0.866142 0.496063 0.0944882 
vn 0.968504 0.0472441 -0.23622 
vn 0.850394 -0.440945 -0.275591 
vn 0.976378 -0.0551181 0.204724 
vn 0.716535 -0.653543 0.23622 
vn 0.692913 -0.377953 0.614173 
vn 0.850394 0.354331 0.377953 
vn 0.740157 0.181102 0.653543 
vn 0.96063 0.23622 0.133858 
vn 0.708661 0.283465 0.645669 
vn 0.913386 0.346457 0.19685 
vn 0.818898 -0.133858 0.559055 
vn 0.88189 -0.0629921 0.472441 
vn 0.834646 -0.496063 0.228346 
vn 0.716535 0.212598 0.661417 
vn 0.858268 -0.433071 0.283465 
vn 0.724409 -0.685039 -0.0866142 
vn 0.330709 -0.874016 -0.354331 
vn 0.669291 -0.661417 -0.338583 
vn 0.370079 -0.866142 -0.338583 
vn 0.393701 -0.330709 -0.858268 
vn 0.669291 -0.125984 -0.732283 
vn 1 -0.015748 -0.0314961 
vn 0.795276 0.322835 0.511811 
vn 0.850394 0.417323 0.322835 
vn 0.606299 0.629921 0.488189 
vn 0.661417 0.559055 0.503937 
vn 0.440945 0.76378 0.472441 
vn -0.330709 0.606299 0.724409 
vn 0.905512 0.165354 0.393701 
vn 0.984252 0.15748 0.11811 
vn 0.519685 0.850394 -0.0944882 
vn 0.716535 0.629921 0.299213 
vn -0.952756 -0.102362 -0.299213 
vn -0.732283 0.0551181 -0.677165 
vn -0.834646 0.314961 -0.456693 
vn -0.677165 -0.141732 -0.716535 
vn -0.76378 -0.401575 -0.503937 
vn -0.80315 -0.519685 -0.275591 
vn -0.88189 -0.322835 -0.338583 
vn -0.937008 -0.102362 -0.346457 
vn -0.96063 0.267717 -0.023622 
vn -0.944882 0.173228 -0.291339 
vn -0.661417 -0.535433 -0.519685 
vn -0.858268 -0.0708661 -0.503937 
vn -0.866142 -0.0472441 -0.488189 
vn -0.740157 -0.307087 -0.598425 
vn -0.708661 -0.173228 -0.685039 
vn -0.582677 0.149606 -0.795276 
vn -0.496063 -0.346457 -0.795276 
vn -0.480315 -0.15748 -0.866142 
vn -0.377953 -0.228346 -0.897638 
vn -0.314961 -0.204724 -0.929134 
vn -0.259843 -0.23622 -0.937008 
vn -0.133858 -0.440945 -0.889764 
vn -0.0551181 -0.283465 -0.96063 
vn -0.023622 -0.00787402 -1 
vn 0.0314961 -0.464567 -0.88189 
vn 0.0551181 -0.0629921 -1 
vn 0.188976 -0.23622 -0.952756 
vn 0.220472 0.015748 -0.976378 
vn 0.354331 -0.110236 -0.929134 
vn 0.362205 -0.0787402 -0.929134 
vn 0.503937 -0.133858 -0.858268 
vn 0.503937 -0.188976 -0.84252 
vn 0.629921 -0.314961 -0.708661 
vn 0.606299 -0.385827 -0.692913 
vn 0.76378 -0.023622 -0.637795 
vn -0.944882 -0.0629921 -0.314961 
vn -0.527559 -0.354331 -0.771654 
vn -0.582677 -0.685039 -0.440945 
vn -0.574803 0.299213 -0.76378 
vn -0.259843 -0.653543 -0.708661 
vn -0.732283 -0.661417 -0.15748 
vn -0.527559 -0.834646 -0.141732 
vn -0.826772 0.015748 0.566929 
vn -0.685039 -0.724409 -0.0551181 
vn -0.811024 -0.551181 0.19685 
vn -0.535433 -0.811024 -0.244094 
vn -0.874016 -0.377953 0.299213 
vn 0.913386 0.417323 0.023622 
vn 0.582677 0.811024 -0.0944882 
vn 0.88189 0.472441 0.023622 
vn 0.661417 0.748031 0.0787402 
vn 0.622047 0.771654 -0.11811 
vn 0.84252 0.496063 0.212598 
vn 0.606299 0.700787 0.377953 
vn 0.834646 0.362205 0.417323 
vn 0.976378 0.212598 0.0629921 
vn 0.795276 0.582677 0.133858 
vn 0.811024 0.582677 0.0708661 
vn 0.543307 0.834646 0.0629921 
vn 0.818898 0.417323 0.393701 
vn 0.244094 0.968504 0.0551181 
vn 0.755906 0.188976 0.622047 
vn 0.377953 0.889764 0.251969 
vn 0.740157 0.204724 0.637795 
vn 0.80315 0.590551 0.0629921 
vn 0.519685 0.858268 0 
vn 0.551181 0.826772 0.102362 
vn 0.905512 0.409449 0.11811 
vn 0.795276 0.590551 0.149606 
vn 0.566929 0.755906 0.330709 
vn 0.661417 0.748031 0.0551181 
vn 0.811024 0.433071 0.401575 
vn 0.661417 -0.23622 0.708661 
vn 0.905512 -0.149606 0.409449 
vn 0.952756 0.165354 0.259843 
vn 0.858268 -0.464567 0.19685 
vn 0.937008 0.322835 0.125984 
vn 0.976378 0.11811 0.173228 
vn 0.992126 -0.149606 0.0314961 
vn 0.984252 0.173228 -0.0393701 
vn 0.96063 0.259843 -0.0551181 
vn 0.929134 0.251969 -0.267717 
vn 0.92126 0.00787402 -0.393701 
vn 0.755906 0.346457 -0.559055 
vn 0.897638 0.275591 -0.346457 
vn 0.874016 0.472441 -0.0787402 
vn 0.228346 0.968504 -0.0708661 
vn 0.811024 0.440945 -0.385827 
vn 0.850394 0.0866142 -0.519685 
vn 0.173228 0.96063 -0.204724 
vn 0.755906 0.338583 -0.559055 
vn -0.23622 0.968504 -0.0708661 
vn -0.275591 0.96063 0.0314961 
vn -0.889764 0.448819 -0.0393701 
vn -0.80315 0.559055 -0.204724 
vn -0.84252 0.527559 0.110236 
vn -0.771654 0.629921 0.110236 
vn -0.976378 0.188976 0.0787402 
vn -0.92126 0.362205 0.133858 
vn -0.952756 0.299213 -0.0866142 
vn -0.88189 0.448819 0.125984 
vn -0.543307 0.84252 0.0393701 
vn -0.913386 0.267717 0.291339 
vn -0.80315 0.590551 0.0787402 
vn -0.976378 0.188976 0.11811 
vn -0.937008 0.338583 -0.0472441 
vn -0.976378 -0.141732 0.149606 
vn -0.944882 -0.19685 0.267717 
vn -0.818898 0.393701 -0.417323 
vn -0.708661 0.598425 0.370079 
vn -0.740157 0.637795 0.220472 
vn -0.456693 0.834646 0.299213 
vn -0.519685 0.84252 0.133858 
vn -0.519685 0.850394 -0.00787402 
vn -0.889764 0.259843 -0.362205 
vn -0.661417 0.629921 -0.401575 
vn -0.677165 0.283465 -0.677165 
vn -0.566929 0.433071 -0.700787 
vn -0.740157 0.669291 -0.0866142 
vn -0.488189 0.858268 -0.141732 
vn -0.905512 0.425197 -0.015748 
vn -0.700787 0.708661 -0.0787402 
vn -0.267717 0.952756 -0.133858 
vn -0.92126 0.377953 0.0551181 
vn -0.385827 0.913386 0.133858 
vn -0.834646 0.551181 0.00787402 
vn -0.267717 0.96063 0.0551181 
vn -0.984252 0.188976 -0.00787402 
vn -0.84252 0.496063 0.204724 
vn -0.385827 0.897638 0.204724 
vn -0.795276 0.574803 0.173228 
vn -0.622047 0.700787 0.346457 
vn -0.251969 0.811024 0.535433 
vn -0.590551 0.503937 0.629921 
vn -0.850394 0.330709 0.417323 
vn -0.614173 0.188976 0.76378 
vn -0.826772 0.291339 0.480315 
vn -0.716535 0.401575 0.566929 
vn -0.141732 0.968504 0.204724 
vn -0.551181 -0.811024 0.188976 
vn -0.653543 -0.755906 -0.00787402 
vn -0.80315 -0.551181 0.220472 
vn -0.503937 -0.866142 -0.0472441 
vn -0.354331 -0.724409 0.598425 
vn -0.551181 -0.346457 0.755906 
vn -0.275591 -0.96063 0.023622 
vn -0.590551 -0.795276 0.125984 
vn -0.0551181 -0.944882 0.314961 
vn -0.125984 -0.425197 0.897638 
vn -0.370079 -0.88189 0.283465 
vn 0.15748 -0.92126 0.354331 
vn -0.590551 -0.700787 0.393701 
vn -0.00787402 -1 0.0787402 
vn -0.425197 -0.685039 0.590551 
vn -0.220472 -0.818898 0.527559 
vn -0.275591 -0.590551 0.755906 
vn -0.015748 -0.700787 0.708661 
vn 0 -0.905512 0.417323 
vn 0.188976 -0.748031 0.637795 
vn 0.322835 -0.92126 0.212598 
vn 0.362205 -0.755906 0.551181 
vn 0.590551 -0.645669 0.472441 
vn 0.582677 -0.779528 0.228346 
vn 0.740157 -0.653543 0.15748 
vn 0.574803 -0.818898 0 
vn 0.716535 -0.700787 -0.023622 
vn 0.299213 -0.952756 -0.0708661 
vn 0.19685 -0.976378 0.0629921 
vn 0.480315 -0.629921 0.606299 
vn 0.614173 -0.724409 0.307087 
vn 0.779528 -0.519685 0.346457 
vn -0.23622 0.897638 0.377953 
vn -0.748031 0.582677 0.314961 
vn -0.543307 0.811024 0.228346 
vn -0.708661 0.700787 -0.0787402 
vn -0.448819 0.889764 -0.11811 
vn -0.622047 0.771654 -0.141732 
vn -0.716535 0.669291 0.188976 
vn -0.299213 0.952756 0.0866142 
vn -0.338583 0.929134 -0.125984 
vn -0.0472441 0.992126 -0.0944882 
vn -0.0787402 0.992126 -0.110236 
vn -0.283465 0.905512 0.307087 
vn -0.251969 0.968504 0.0472441 
vn -0.102362 0.968504 0.220472 
vn 0.023622 0.527559 0.850394 
vn -0.456693 0.834646 0.299213 
vn -0.519685 0.84252 0.133858 
vn -0.519685 0.850394 -0.00787402 
vn 0.141732 0.968504 0.204724 
vn 0.456693 0.771654 0.440945 
vn 0.0551181 1 0.0393701 
vn -0.283465 0.944882 -0.141732 
vn -0.488189 0.858268 -0.141732 
vn -0.267717 0.952756 -0.133858 
vn 0.409449 0.913386 0.015748 
vn -0.023622 0.984252 -0.173228 
vn 0.244094 0.96063 -0.110236 
vn 0.19685 0.968504 -0.165354 
vn 0.708661 0.700787 0.0314961 
vn 0.629921 0.771654 0.102362 
vn 0.503937 0.850394 -0.165354 
vn 0.740157 0.669291 -0.102362 
vn 0.80315 0.582677 0.125984 
vn 0.984252 0.149606 0.11811 
vn 0.952756 0.299213 0.0551181 
vn 0.88189 0.464567 0.023622 
vn 0.889764 0.456693 -0.0629921 
vn 0.732283 0.677165 -0.125984 
vn 0.944882 0.322835 0.0314961 
vn 0.84252 0.535433 -0.0393701 
vn 0.755906 0.551181 0.346457 
vn 0.559055 0.811024 0.181102 
vn 0.511811 0.622047 0.590551 
vn 0.496063 0.858268 -0.133858 
vn 0.244094 0.913386 0.338583 
vn 0.188976 0.80315 0.566929 
vn 0.338583 0.937008 0.0551181 
vn 0.0629921 0.992126 0.0629921 
vn -0.102362 0.952756 0.275591 
vn -0.251969 0.811024 0.535433 
vn -0.385827 0.913386 0.133858 
vn -0.692913 0.716535 0.0787402 
vn -0.834646 0.551181 -0.0944882 
vn -0.503937 0.866142 0.0314961 
vn -0.708661 0.700787 -0.0787402 
vn -0.622047 0.771654 -0.141732 
vn -0.338583 0.929134 -0.125984 
vn -0.543307 0.811024 0.228346 
vn -0.724409 0.685039 0.0787402 
vn -0.212598 0.976378 0.0866142 
vn -0.23622 0.897638 0.377953 
vn 0.0472441 1 0.0551181 
vn -0.0787402 0.992126 -0.110236 
vn 0.0393701 0.968504 0.244094 
vn 0.0787402 0.377953 0.92126 
vn -0.212598 0.748031 0.629921 
vn 0.362205 0.795276 0.488189 
vn 0.307087 0.952756 0.0393701 
vn 0.661417 -0.23622 0.708661 
vn 0.566929 0.755906 0.330709 
vn 0.551181 0.826772 0.102362 
vn 0.519685 0.858268 0 
vn 0.19685 0.976378 -0.11811 
vn -0.0472441 0.992126 -0.0944882 
vn 0.370079 0.913386 -0.149606 
vn 0.622047 0.771654 -0.11811 
vn 0.582677 0.811024 -0.0944882 
vn 0.244094 0.952756 -0.188976 
vn 0.299213 0.944882 0.11811 
vn 0.661417 0.748031 0.0787402 
vn 0.606299 0.700787 0.377953 
vn 0.283465 0.787402 0.543307 
vn 0.0314961 0.968504 0.259843 
vn -0.299213 0.952756 0.0866142 
vn -0.0472441 0.834646 0.551181 
vn -0.440945 0.834646 0.330709 
vn -0.716535 0.669291 0.188976 
vn -0.259843 0.724409 0.637795 
vn -0.566929 0.559055 0.606299 
vn -0.472441 0.850394 -0.220472 
vn -0.0944882 0.80315 -0.590551 
vn -0.503937 0.283465 -0.818898 
vn -0.11811 0.992126 -0.023622 
vn -0.291339 0.96063 0.00787402 
vn -0.464567 0.826772 0.314961 
vn -0.0472441 0.992126 -0.0787402 
vn -0.220472 0.850394 -0.480315 
vn -0.0393701 1 -0.0393701 
vn -0.661417 0.732283 -0.141732 
vn -0.0551181 0.929134 -0.370079 
vn -0.590551 0.80315 -0.0393701 
vn -0.173228 0.976378 -0.0866142 
vn -0.188976 0.976378 0.110236 
vn -0.19685 0.976378 0.110236 
vn -0.755906 0.496063 0.425197 
vn -0.0314961 0.889764 0.448819 
vn -0.409449 0.377953 0.834646 
vn -0.23622 0.944882 0.220472 
vn -0.519685 0.480315 0.708661 
vn -0.0708661 0.96063 0.283465 
vn -0.267717 0.574803 0.771654 
vn -0.015748 0.488189 0.874016 
vn 0.0472441 0.952756 0.307087 
vn 0.165354 0.488189 0.858268 
vn 0.362205 0.771654 0.519685 
vn 0.00787402 0.96063 0.283465 
vn -0.00787402 0.732283 0.677165 
vn 0.377953 0.889764 0.251969 
vn 0.00787402 0.937008 0.338583 
vn 0.015748 0.535433 0.84252 
vn -0.385827 0.897638 0.204724 
vn 0.244094 0.968504 0.0551181 
vn -0.141732 0.968504 0.204724 
vn -0.267717 0.96063 0.0551181 
vn -0.0551181 0.677165 0.740157 
vn 0.0944882 0.96063 0.251969 
vn 0.0787402 0.511811 0.850394 
vn 0.354331 0.574803 0.740157 
vn 0.590551 0.464567 0.661417 
vn 0.811024 0.582677 0.0708661 
vn 0.795276 0.582677 0.133858 
vn 0.543307 0.834646 0.0629921 
vn -0.543307 0.84252 0.0393701 
vn -0.275591 0.96063 0.0314961 
vn -0.771654 0.629921 0.110236 
vn 0.661417 0.748031 0.0551181 
vn 0.228346 0.968504 -0.0708661 
vn -0.23622 0.968504 -0.0708661 
vn -0.125984 0.984252 -0.102362 
vn 0.173228 0.96063 -0.204724 
vn -0.661417 0.629921 -0.401575 
vn -0.80315 0.559055 -0.204724 
vn -0.480315 0.614173 -0.629921 
vn 0 1 -0.0551181 
vn 0.0551181 0.952756 -0.299213 
vn -0.110236 0.968504 -0.212598 
vn -0.307087 0.551181 -0.779528 
vn -0.0708661 0.937008 -0.346457 
vn -0.0629921 0.314961 -0.944882 
vn 0.0866142 0.905512 -0.417323 
vn -0.0314961 0.937008 -0.338583 
vn -0.015748 0.440945 -0.897638 
vn 0 0.779528 -0.629921 
vn 0.00787402 0.968504 -0.23622 
vn 0.015748 0.779528 -0.629921 
vn 0.0393701 1 -0.0393701 
vn 0.023622 1 -0.023622 
vn 0.0551181 1 -0.0314961 
vn 0.0472441 0.968504 -0.259843 
vn 0.015748 0.346457 -0.937008 
vn 0.0472441 0.629921 -0.779528 
vn 0.346457 0.937008 -0.00787402 
vn 0.417323 0.866142 -0.283465 
vn 0.354331 0.503937 -0.787402 
vn 0.889764 0.377953 -0.251969 
vn 0.708661 0.700787 -0.0944882 
vn 0.480315 0.866142 0.133858 
vn 0.141732 0.992126 0.00787402 
vn 0.472441 0.88189 -0.00787402 
vn 0.740157 0.653543 0.15748 
vn 0.307087 0.937008 0.141732 
vn 0.826772 0.440945 0.354331 
vn 0.204724 0.913386 0.346457 
vn 0.88189 0.401575 0.251969 
vn 0.456693 0.362205 0.811024 
vn 0.251969 0.952756 0.188976 

vt 0.67916 0.90811 
vt 0.486581 0.90811 
vt 0.549825 0.905128 
vt 0.681444 0.905159 
vt 0.682519 0.907055 
vt 0.679544 0.90511 
vt 0.681344 0.715303 
vt 0.678933 0.713247 
vt 0.48705 0.713203 
vt 0.487106 0.904806 
vt 0.484576 0.905136 
vt 0.484947 0.715436 
vt 0.48486 0.713115 
vt 0.580548 0.496549 
vt 0.579041 0.493132 
vt 0.575224 0.493243 
vt 0.572743 0.489916 
vt 0.574891 0.480492 
vt 0.565981 0.472382 
vt 0.572065 0.464212 
vt 0.566128 0.467132 
vt 0.573981 0.454986 
vt 0.572318 0.449379 
vt 0.576819 0.449518 
vt 0.580548 0.445643 
vt 0.00426576 0.656498 
vt 0.00214225 0.658372 
vt 0.00943138 0.66269 
vt 0.0129949 0.673525 
vt 0.011412 0.646698 
vt 0.0113076 0.679532 
vt 0.0151483 0.677392 
vt 0.0201371 0.681191 
vt 0.00474972 0.645111 
vt 0.00779929 0.641339 
vt 0.0146956 0.634202 
vt 0.00825359 0.6359 
vt 0.0150901 0.631156 
vt 0.0201371 0.628559 
vt 0.535847 0.944349 
vt 0.518015 0.952894 
vt 0.527595 0.954367 
vt 0.519609 0.957533 
vt 0.514567 0.959182 
vt 0.515999 0.961605 
vt 0.534113 0.953567 
vt 0.553101 0.949647 
vt 0.550535 0.955169 
vt 0.558497 0.949536 
vt 0.561799 0.95872 
vt 0.565981 0.961605 
vt 0.651495 0.242404 
vt 0.644676 0.241919 
vt 0.654242 0.24547 
vt 0.649473 0.239529 
vt 0.642235 0.238477 
vt 0.646629 0.226494 
vt 0.637961 0.215304 
vt 0.646016 0.210171 
vt 0.64226 0.203483 
vt 0.648635 0.202097 
vt 0.646921 0.196997 
vt 0.654242 0.19629 
vt 0.00899743 0.0246987 
vt 0.0231746 0.0179744 
vt 0.0170844 0.025453 
vt 0.0230233 0.0222507 
vt 0.0274033 0.022149 
vt 0.0329888 0.0206509 
vt 0.025165 0.0159621 
vt 0.0362135 0.0252558 
vt 0.0432734 0.025453 
vt 0.0429802 0.0221136 
vt 0.135262 0.945061 
vt 0.128092 0.954603 
vt 0.135736 0.957715 
vt 0.105082 0.963497 
vt 0.118041 0.961092 
vt 0.10667 0.955143 
vt 0.098271 0.957836 
vt 0.117954 0.953449 
vt 0.128747 0.939448 
vt 0.139246 0.936972 
vt 0.133871 0.932437 
vt 0.122489 0.940879 
vt 0.120962 0.930641 
vt 0.123281 0.918641 
vt 0.133749 0.917636 
vt 0.127866 0.912106 
vt 0.118125 0.91174 
vt 0.122341 0.906476 
vt 0.113009 0.915847 
vt 0.11393 0.904659 
vt 0.1169 0.924191 
vt 0.104383 0.905202 
vt 0.114997 0.934051 
vt 0.108055 0.924695 
vt 0.101021 0.916453 
vt 0.0992165 0.91183 
vt 0.091687 0.913282 
vt 0.113736 0.944257 
vt 0.108965 0.933116 
vt 0.100564 0.948728 
vt 0.0922382 0.942421 
vt 0.0940045 0.930281 
vt 0.100532 0.926203 
vt 0.0941796 0.922646 
vt 0.0877716 0.917826 
vt 0.0886727 0.925857 
vt 0.0815049 0.922695 
vt 0.0802115 0.933464 
vt 0.0780371 0.953803 
vt 0.0736481 0.946454 
vt 0.0681234 0.952215 
vt 0.0740565 0.958023 
vt 0.0691281 0.932436 
vt 0.0802472 0.963813 
vt 0.0720778 0.969848 
vt 0.074217 0.92389 
vt 0.0698674 0.917043 
vt 0.0763541 0.913505 
vt 0.0826643 0.972209 
vt 0.0791264 0.976886 
vt 0.0872552 0.981085 
vt 0.0857596 0.959839 
vt 0.0903737 0.973339 
vt 0.095303 0.975228 
vt 0.0948452 0.983479 
vt 0.10161 0.980374 
vt 0.0849038 0.952684 
vt 0.093773 0.961722 
vt 0.0989094 0.964876 
vt 0.103596 0.971836 
vt 0.109264 0.978881 
vt 0.107918 0.984626 
vt 0.117956 0.981547 
vt 0.110417 0.971158 
vt 0.119888 0.974099 
vt 0.129418 0.979063 
vt 0.125952 0.984901 
vt 0.127449 0.970462 
vt 0.137667 0.977162 
vt 0.134198 0.96611 
vt 0.139246 0.966136 
vt 0.12905 0.963486 
vt 0.974119 0.359614 
vt 0.983181 0.363898 
vt 0.976202 0.356622 
vt 0.984829 0.367573 
vt 0.969235 0.353568 
vt 0.985928 0.363079 
vt 0.989102 0.367719 
vt 0.99346 0.374892 
vt 0.988932 0.362761 
vt 0.995287 0.367183 
vt 0.993706 0.369681 
vt 0.968287 0.350416 
vt 0.963844 0.3486 
vt 0.972284 0.350593 
vt 0.967652 0.347075 
vt 0.962035 0.337436 
vt 0.978634 0.350383 
vt 0.980889 0.349697 
vt 0.980914 0.351805 
vt 0.978403 0.348554 
vt 0.975749 0.34808 
vt 0.977066 0.34558 
vt 0.971818 0.339447 
vt 0.971045 0.346414 
vt 0.969606 0.337565 
vt 0.970622 0.334173 
vt 0.967932 0.333431 
vt 0.969453 0.329953 
vt 0.96389 0.330641 
vt 0.961011 0.331309 
vt 0.9632 0.326844 
vt 0.968633 0.326259 
vt 0.971997 0.322003 
vt 0.971939 0.315269 
vt 0.969135 0.31248 
vt 0.963692 0.316208 
vt 0.974283 0.313827 
vt 0.967938 0.311018 
vt 0.968294 0.306901 
vt 0.976365 0.300505 
vt 0.975231 0.305277 
vt 0.98197 0.299827 
vt 0.988989 0.30233 
vt 0.97752 0.308863 
vt 0.978917 0.309773 
vt 0.98381 0.307241 
vt 0.988989 0.30233 
vt 0.989483 0.304241 
vt 0.993239 0.301485 
vt 0.995287 0.303632 
vt 0.880421 0.96937 
vt 0.883249 0.971959 
vt 0.876178 0.96981 
vt 0.885604 0.96981 
vt 0.592659 0.301986 
vt 0.588231 0.308272 
vt 0.583826 0.30304 
vt 0.58889 0.293386 
vt 0.594581 0.311744 
vt 0.587977 0.285733 
vt 0.594054 0.285546 
vt 0.597321 0.322309 
vt 0.582262 0.325712 
vt 0.596297 0.296589 
vt 0.6011 0.304723 
vt 0.606869 0.311763 
vt 0.609271 0.320635 
vt 0.603755 0.290018 
vt 0.609626 0.280571 
vt 0.605795 0.297831 
vt 0.612336 0.303875 
vt 0.616622 0.30998 
vt 0.625664 0.320254 
vt 0.614867 0.296295 
vt 0.613145 0.287813 
vt 0.623556 0.297969 
vt 0.627002 0.305098 
vt 0.612882 0.268503 
vt 0.607355 0.273868 
vt 0.645484 0.278084 
vt 0.625991 0.274783 
vt 0.632313 0.28002 
vt 0.632484 0.267831 
vt 0.63181 0.260166 
vt 0.639246 0.268964 
vt 0.633917 0.260535 
vt 0.632526 0.25755 
vt 0.636434 0.265549 
vt 0.638595 0.264918 
vt 0.642871 0.273248 
vt 0.643597 0.270266 
vt 0.650468 0.278538 
vt 0.647923 0.273204 
vt 0.655998 0.280684 
vt 0.654926 0.283616 
vt 0.662637 0.284495 
vt 0.65906 0.280573 
vt 0.652732 0.295843 
vt 0.666661 0.284475 
vt 0.637762 0.30881 
vt 0.639055 0.318899 
vt 0.63532 0.325712 
vt 0.649532 0.324114 
vt 0.657445 0.321117 
vt 0.663824 0.299922 
vt 0.683057 0.301152 
vt 0.668941 0.287477 
vt 0.673004 0.286837 
vt 0.677944 0.29007 
vt 0.686804 0.290067 
vt 0.680798 0.289031 
vt 0.774356 0.843607 
vt 0.774483 0.840949 
vt 0.760497 0.847714 
vt 0.780868 0.843792 
vt 0.7842 0.83923 
vt 0.786365 0.841067 
vt 0.792048 0.839085 
vt 0.793913 0.843015 
vt 0.803078 0.842129 
vt 0.812768 0.847714 
vt 0.824619 0.765406 
vt 0.811178 0.757468 
vt 0.818865 0.758521 
vt 0.826569 0.76207 
vt 0.829132 0.765813 
vt 0.814007 0.769753 
vt 0.826289 0.773306 
vt 0.830366 0.778856 
vt 0.841225 0.774411 
vt 0.839257 0.786819 
vt 0.8503 0.785683 
vt 0.850791 0.781318 
vt 0.844436 0.774269 
vt 0.856072 0.793226 
vt 0.861003 0.797695 
vt 0.863451 0.808463 
vt 0.852866 0.80193 
vt 0.863723 0.814581 
vt 0.867929 0.815838 
vt 0.867547 0.821875 
vt 0.847899 0.798136 
vt 0.844722 0.797305 
vt 0.853522 0.81007 
vt 0.852905 0.815532 
vt 0.868466 0.832317 
vt 0.858547 0.827083 
vt 0.855426 0.82423 
vt 0.859638 0.821437 
vt 0.860467 0.844351 
vt 0.858012 0.844772 
vt 0.854558 0.854373 
vt 0.854156 0.860344 
vt 0.849053 0.862647 
vt 0.863477 0.857013 
vt 0.867412 0.851538 
vt 0.861299 0.867861 
vt 0.855404 0.875784 
vt 0.848897 0.867337 
vt 0.841687 0.871005 
vt 0.844544 0.883493 
vt 0.848224 0.884409 
vt 0.839163 0.876909 
vt 0.834646 0.876642 
vt 0.8381 0.890669 
vt 0.823995 0.885598 
vt 0.823773 0.896149 
vt 0.804463 0.896324 
vt 0.803206 0.894471 
vt 0.805201 0.902071 
vt 0.802056 0.89794 
vt 0.683376 0.831276 
vt 0.687255 0.823546 
vt 0.684957 0.836692 
vt 0.684338 0.822755 
vt 0.688998 0.812083 
vt 0.689227 0.856014 
vt 0.686613 0.8504 
vt 0.694677 0.833173 
vt 0.696289 0.821938 
vt 0.694718 0.851596 
vt 0.68916 0.861743 
vt 0.695791 0.846053 
vt 0.693571 0.867597 
vt 0.698909 0.856705 
vt 0.702838 0.866841 
vt 0.703715 0.865146 
vt 0.704833 0.882069 
vt 0.709775 0.872545 
vt 0.713629 0.880308 
vt 0.715441 0.878015 
vt 0.723598 0.882478 
vt 0.716872 0.890856 
vt 0.706334 0.886052 
vt 0.728242 0.886168 
vt 0.733111 0.885233 
vt 0.723673 0.89234 
vt 0.741821 0.891058 
vt 0.744018 0.888891 
vt 0.75805 0.894596 
vt 0.718489 0.893744 
vt 0.707932 0.889829 
vt 0.727047 0.895246 
vt 0.729629 0.898936 
vt 0.741436 0.898452 
vt 0.741282 0.900329 
vt 0.755432 0.902071 
vt 0.757459 0.898113 
vt 0.758875 0.901359 
vt 0.760635 0.896891 
vt 0.698273 0.808861 
vt 0.695342 0.796062 
vt 0.706526 0.793335 
vt 0.700279 0.80845 
vt 0.702154 0.809614 
vt 0.706986 0.800775 
vt 0.703122 0.78482 
vt 0.708106 0.794579 
vt 0.711369 0.794389 
vt 0.715815 0.785629 
vt 0.722799 0.782553 
vt 0.705494 0.785367 
vt 0.710524 0.777019 
vt 0.737922 0.768368 
vt 0.726183 0.778068 
vt 0.722617 0.767791 
vt 0.740953 0.769486 
vt 0.738287 0.760086 
vt 0.742749 0.760246 
vt 0.74048 0.756978 
vt 0.769535 0.760325 
vt 0.752033 0.755688 
vt 0.769283 0.754422 
vt 0.764856 0.752984 
vt 0.771341 0.750216 
vt 0.77639 0.752314 
vt 0.796539 0.763897 
vt 0.792161 0.75351 
vt 0.80062 0.756541 
vt 0.800534 0.752386 
vt 0.808352 0.765488 
vt 0.0345055 0.377169 
vt 0.0327247 0.388697 
vt 0.0244216 0.378533 
vt 0.0384584 0.388232 
vt 0.0436122 0.376439 
vt 0.0443075 0.388279 
vt 0.0473321 0.37215 
vt 0.0575533 0.385561 
vt 0.0512825 0.388344 
vt 0.0625345 0.386655 
vt 0.0576388 0.367146 
vt 0.064072 0.38352 
vt 0.0587485 0.362064 
vt 0.0618428 0.374413 
vt 0.0780137 0.379322 
vt 0.0837261 0.380734 
vt 0.0666811 0.359593 
vt 0.0617844 0.359248 
vt 0.0597272 0.358358 
vt 0.0689112 0.354185 
vt 0.0693903 0.356845 
vt 0.0766399 0.354312 
vt 0.0866316 0.377789 
vt 0.0905848 0.380013 
vt 0.0991987 0.373114 
vt 0.106414 0.374597 
vt 0.0956924 0.374867 
vt 0.094407 0.377663 
vt 0.0993378 0.378156 
vt 0.101032 0.376844 
vt 0.105357 0.380202 
vt 0.106099 0.377241 
vt 0.116848 0.382662 
vt 0.114412 0.386816 
vt 0.118145 0.386531 
vt 0.114823 0.388697 
vt 0.121251 0.382219 
vt 0.573693 0.983723 
vt 0.577021 0.986338 
vt 0.574169 0.987928 
vt 0.586012 0.978928 
vt 0.578763 0.988178 
vt 0.58578 0.982143 
vt 0.594351 0.976641 
vt 0.583494 0.987601 
vt 0.579523 0.991803 
vt 0.581706 0.991525 
vt 0.586148 0.989654 
vt 0.588964 0.987872 
vt 0.593678 0.9799 
vt 0.594058 0.986283 
vt 0.600734 0.980101 
vt 0.595105 0.983825 
vt 0.595908 0.98613 
vt 0.59874 0.983598 
vt 0.612592 0.982079 
vt 0.619453 0.959879 
vt 0.629576 0.964232 
vt 0.631558 0.98598 
vt 0.62468 0.986822 
vt 0.640439 0.972672 
vt 0.633893 0.988964 
vt 0.644847 0.98893 
vt 0.647515 0.976466 
vt 0.644982 0.991525 
vt 0.653806 0.980958 
vt 0.652314 0.990348 
vt 0.665381 0.980088 
vt 0.664951 0.990462 
vt 0.00936864 0.169065 
vt 0.00270312 0.182375 
vt 0.00363453 0.175092 
vt 0.00899905 0.163569 
vt 0.0139855 0.160114 
vt 0.0158069 0.15352 
vt 0.0187728 0.154105 
vt 0.019361 0.145473 
vt 0.00394442 0.152615 
vt 0.000428449 0.157863 
vt 0.0153198 0.147819 
vt 0.00398359 0.147503 
vt 0.00918466 0.138112 
vt 0.0196197 0.137935 
vt 0.00888343 0.131304 
vt 0.0225349 0.137586 
vt 0.0115353 0.128015 
vt 0.020676 0.13082 
vt 0.0239731 0.125792 
vt 0.0222382 0.120522 
vt 0.0251037 0.116915 
vt 0.0224116 0.11521 
vt 0.02272 0.110175 
vt 0.0251507 0.108617 
vt 0.0230328 0.104514 
vt 0.0272321 0.100676 
vt 0.0218946 0.095156 
vt 0.0257184 0.094743 
vt 0.0281499 0.0958716 
vt 0.0300998 0.102946 
vt 0.0296617 0.0918049 
vt 0.024531 0.0909738 
vt 0.0235093 0.0872016 
vt 0.0204055 0.0828775 
vt 0.014488 0.0760677 
vt 0.0162744 0.073021 
vt 0.0131158 0.0703128 
vt 0.0224106 0.0825478 
vt 0.0162744 0.073021 
vt 0.0333148 0.0775997 
vt 0.0392365 0.0608157 
vt 0.0518094 0.0612115 
vt 0.0551205 0.0688261 
vt 0.042851 0.0911694 
vt 0.0464739 0.0564715 
vt 0.0368667 0.0537321 
vt 0.044906 0.0494413 
vt 0.0560774 0.0547679 
vt 0.0498614 0.0429272 
vt 0.0573167 0.0451812 
vt 0.063866 0.0474523 
vt 0.0602928 0.0620415 
vt 0.0643941 0.0543777 
vt 0.0708356 0.0514131 
vt 0.0733674 0.0378527 
vt 0.0782508 0.0422912 
vt 0.0830576 0.0473997 
vt 0.075859 0.0591613 
vt 0.0699444 0.0670931 
vt 0.0627956 0.0691776 
vt 0.0599396 0.0797198 
vt 0.0620203 0.0868247 
vt 0.0701886 0.0777341 
vt 0.076041 0.0708585 
vt 0.0758084 0.0808397 
vt 0.0816929 0.0741954 
vt 0.0833451 0.0810386 
vt 0.0833129 0.0638827 
vt 0.0886277 0.0689589 
vt 0.0952868 0.0744012 
vt 0.116484 0.0623116 
vt 0.0840324 0.0568578 
vt 0.100964 0.0588291 
vt 0.104742 0.0518785 
vt 0.119299 0.041144 
vt 0.124104 0.052501 
vt 0.0664463 0.17518 
vt 0.0702921 0.149071 
vt 0.0800083 0.16883 
vt 0.0865838 0.127772 
vt 0.0626064 0.167635 
vt 0.0419536 0.143353 
vt 0.101787 0.121964 
vt 0.101674 0.134972 
vt 0.11923 0.123971 
vt 0.0916486 0.116588 
vt 0.0959868 0.107056 
vt 0.0798556 0.117661 
vt 0.0535084 0.126655 
vt 0.0309714 0.140048 
vt 0.0313856 0.130459 
vt 0.0660331 0.127905 
vt 0.0717141 0.116649 
vt 0.0709885 0.107738 
vt 0.0337123 0.12405 
vt 0.0306807 0.124076 
vt 0.0440666 0.116495 
vt 0.0328029 0.117016 
vt 0.0296892 0.115606 
vt 0.0308785 0.110273 
vt 0.0275263 0.105647 
vt 0.0487155 0.0998144 
vt 0.0593711 0.102556 
vt 0.067498 0.0888315 
vt 0.0738818 0.097765 
vt 0.0788853 0.100276 
vt 0.0722317 0.0893228 
vt 0.0867735 0.108147 
vt 0.0784593 0.0916244 
vt 0.0870729 0.0942405 
vt 0.354059 0.263295 
vt 0.367305 0.261851 
vt 0.366856 0.271275 
vt 0.341621 0.274428 
vt 0.374676 0.269805 
vt 0.376777 0.261332 
vt 0.336726 0.286268 
vt 0.386798 0.270985 
vt 0.387377 0.261001 
vt 0.393658 0.266577 
vt 0.396869 0.272504 
vt 0.404016 0.26689 
vt 0.383095 0.27449 
vt 0.389843 0.276909 
vt 0.376218 0.278666 
vt 0.385288 0.279546 
vt 0.391758 0.281875 
vt 0.402699 0.276273 
vt 0.408511 0.273849 
vt 0.398933 0.283523 
vt 0.385654 0.290114 
vt 0.419392 0.270104 
vt 0.420228 0.278659 
vt 0.410773 0.282964 
vt 0.418901 0.285036 
vt 0.405308 0.284489 
vt 0.40963 0.289764 
vt 0.42138 0.292855 
vt 0.416547 0.300271 
vt 0.39825 0.291662 
vt 0.40814 0.297174 
vt 0.410945 0.303413 
vt 0.416775 0.310506 
vt 0.401127 0.298076 
vt 0.407718 0.314716 
vt 0.403868 0.303779 
vt 0.392038 0.290123 
vt 0.396041 0.296425 
vt 0.388984 0.296177 
vt 0.392166 0.301141 
vt 0.392777 0.305455 
vt 0.398499 0.309782 
vt 0.169121 0.933055 
vt 0.167332 0.935111 
vt 0.169237 0.939172 
vt 0.16731 0.932196 
vt 0.16581 0.925584 
vt 0.169237 0.907929 
vt 0.166878 0.909582 
vt 0.167082 0.907248 
vt 0.224929 0.875324 
vt 0.233897 0.880158 
vt 0.21812 0.887617 
vt 0.216648 0.892783 
vt 0.211589 0.893709 
vt 0.199983 0.918362 
vt 0.193285 0.917782 
vt 0.243176 0.894898 
vt 0.185518 0.921151 
vt 0.190553 0.921553 
vt 0.199028 0.920325 
vt 0.19145 0.924464 
vt 0.211662 0.920871 
vt 0.222203 0.916463 
vt 0.214151 0.913687 
vt 0.228973 0.916657 
vt 0.245282 0.885586 
vt 0.242856 0.881719 
vt 0.259351 0.8892 
vt 0.257235 0.904586 
vt 0.241423 0.915271 
vt 0.259148 0.918468 
vt 0.243898 0.919472 
vt 0.256327 0.915517 
vt 0.26714 0.916595 
vt 0.273864 0.895516 
vt 0.273006 0.892991 
vt 0.273199 0.905771 
vt 0.270063 0.909666 
vt 0.281807 0.91065 
vt 0.281305 0.896087 
vt 0.275726 0.918616 
vt 0.281154 0.920839 
vt 0.300794 0.903937 
vt 0.301765 0.90106 
vt 0.30439 0.913594 
vt 0.307752 0.904463 
vt 0.320185 0.911632 
vt 0.299763 0.920462 
vt 0.295135 0.922661 
vt 0.302888 0.924504 
vt 0.313796 0.92292 
vt 0.321351 0.919277 
vt 0.319283 0.924464 
vt 0.334349 0.91774 
vt 0.334393 0.915746 
vt 0.326915 0.912525 
vt 0.327744 0.909627 
vt 0.334488 0.91327 
vt 0.374893 0.910623 
vt 0.720755 0.828155 
vt 0.70897 0.827868 
vt 0.715802 0.82541 
vt 0.702228 0.825956 
vt 0.724087 0.825932 
vt 0.727212 0.828268 
vt 0.72684 0.8316 
vt 0.731314 0.82162 
vt 0.740258 0.834732 
vt 0.749072 0.831197 
vt 0.745655 0.815716 
vt 0.771461 0.831261 
vt 0.752253 0.835634 
vt 0.763814 0.819843 
vt 0.764847 0.808746 
vt 0.777671 0.828974 
vt 0.787726 0.833429 
vt 0.77311 0.808781 
vt 0.768918 0.80674 
vt 0.77649 0.804666 
vt 0.781283 0.805927 
vt 0.786766 0.829734 
vt 0.786307 0.818667 
vt 0.785514 0.807698 
vt 0.794879 0.829501 
vt 0.796271 0.832005 
vt 0.803589 0.831429 
vt 0.79129 0.807782 
vt 0.803219 0.801125 
vt 0.805947 0.815621 
vt 0.810961 0.828213 
vt 0.823857 0.832277 
vt 0.829213 0.8309 
vt 0.823322 0.813643 
vt 0.816475 0.803331 
vt 0.812326 0.798909 
vt 0.806231 0.798643 
vt 0.813505 0.796504 
vt 0.840435 0.829343 
vt 0.857327 0.835634 
vt 0.838737 0.804644 
vt 0.82004 0.795583 
vt 0.823957 0.789905 
vt 0.829673 0.790889 
vt 0.834012 0.791983 
vt 0.970355 0.14569 
vt 0.968431 0.15603 
vt 0.966197 0.152093 
vt 0.965051 0.144372 
vt 0.969639 0.141004 
vt 0.972151 0.145897 
vt 0.971096 0.139815 
vt 0.971355 0.168038 
vt 0.969385 0.169274 
vt 0.959787 0.149388 
vt 0.961293 0.15885 
vt 0.95853 0.145413 
vt 0.959464 0.172504 
vt 0.955503 0.159222 
vt 0.969411 0.183598 
vt 0.970642 0.173466 
vt 0.967727 0.189284 
vt 0.969177 0.186198 
vt 0.951864 0.173284 
vt 0.965631 0.199156 
vt 0.9526 0.149159 
vt 0.650641 0.584147 
vt 0.645714 0.581113 
vt 0.644075 0.588002 
vt 0.65313 0.587395 
vt 0.652523 0.579699 
vt 0.65726 0.583522 
vt 0.66101 0.588861 
vt 0.645631 0.574301 
vt 0.665439 0.585824 
vt 0.659528 0.578915 
vt 0.652321 0.574015 
vt 0.651369 0.569361 
vt 0.645721 0.569929 
vt 0.658229 0.572803 
vt 0.671484 0.593267 
vt 0.65015 0.564519 
vt 0.645318 0.564216 
vt 0.654754 0.564063 
vt 0.646505 0.558801 
vt 0.643959 0.559404 
vt 0.644797 0.554895 
vt 0.650043 0.559871 
vt 0.651538 0.555212 
vt 0.64634 0.550457 
vt 0.644094 0.546016 
vt 0.65309 0.558291 
vt 0.659768 0.559724 
vt 0.658645 0.555225 
vt 0.651376 0.550032 
vt 0.656225 0.550399 
vt 0.66637 0.558341 
vt 0.66611 0.563124 
vt 0.64918 0.548388 
vt 0.645105 0.546152 
vt 0.650313 0.544188 
vt 0.652706 0.546818 
vt 0.655802 0.54406 
vt 0.652929 0.540933 
vt 0.65732 0.540552 
vt 0.661114 0.543396 
vt 0.656901 0.546937 
vt 0.661969 0.547715 
vt 0.0342038 0.580242 
vt 0.226315 0.577247 
vt 0.22622 0.580242 
vt 0.0343684 0.57725 
vt 0.03235 0.578748 
vt 0.0312768 0.573183 
vt 0.225584 0.570955 
vt 0.22922 0.571187 
vt 0.0345622 0.571023 
vt 0.0314727 0.570671 
vt 0.224653 0.569025 
vt 0.518451 0.103667 
vt 0.529804 0.102834 
vt 0.520211 0.0985375 
vt 0.537472 0.106043 
vt 0.541604 0.101343 
vt 0.535431 0.100956 
vt 0.541969 0.105829 
vt 0.527736 0.106973 
vt 0.538842 0.11204 
vt 0.543628 0.114291 
vt 0.537912 0.116582 
vt 0.533006 0.11052 
vt 0.531275 0.114227 
vt 0.524626 0.121796 
vt 0.522076 0.111858 
vt 0.522817 0.115636 
vt 0.512499 0.116655 
vt 0.518893 0.107702 
vt 0.511229 0.112487 
vt 0.512364 0.108268 
vt 0.509858 0.103734 
vt 0.509306 0.117899 
vt 0.506814 0.110565 
vt 0.502679 0.10437 
vt 0.50233 0.121845 
vt 0.51507 0.124358 
vt 0.510849 0.123104 
vt 0.519973 0.127661 
vt 0.514359 0.128291 
vt 0.506026 0.126779 
vt 0.514961 0.132494 
vt 0.501581 0.125838 
vt 0.523541 0.13297 
vt 0.496941 0.124992 
vt 0.526019 0.130305 
vt 0.529784 0.134167 
vt 0.52967 0.128568 
vt 0.53236 0.132108 
vt 0.52477 0.126049 
vt 0.530702 0.122174 
vt 0.496247 0.120944 
vt 0.487265 0.110927 
vt 0.488038 0.117093 
vt 0.488733 0.123122 
vt 0.489444 0.129253 
vt 0.484954 0.12405 
vt 0.48687 0.095315 
vt 0.484716 0.10776 
vt 0.486972 0.102883 
vt 0.487265 0.110927 
vt 0.486641 0.0869341 
vt 0.484576 0.0881593 
vt 0.500797 0.0862738 
vt 0.501331 0.0829908 
vt 0.505577 0.100092 
vt 0.513746 0.0796641 
vt 0.505631 0.0914049 
vt 0.509365 0.0985812 
vt 0.515822 0.0848587 
vt 0.512781 0.09284 
vt 0.523051 0.092231 
vt 0.531466 0.0749338 
vt 0.528159 0.0720448 
vt 0.523527 0.0857807 
vt 0.527762 0.0819262 
vt 0.53264 0.0814188 
vt 0.534458 0.075972 
vt 0.531064 0.0861443 
vt 0.537771 0.0813052 
vt 0.543628 0.0769566 
vt 0.536376 0.0858859 
vt 0.540883 0.0815645 
vt 0.541816 0.0863819 
vt 0.543481 0.0922073 
vt 0.535659 0.0907848 
vt 0.540896 0.0903395 
vt 0.542156 0.0954749 
vt 0.543702 0.100004 
vt 0.536134 0.0948445 
vt 0.530554 0.0954327 
vt 0.538799 0.0988748 
vt 0.529718 0.0996684 
vt 0.677063 0.547295 
vt 0.678058 0.55026 
vt 0.687833 0.552732 
vt 0.670128 0.554512 
vt 0.675504 0.564575 
vt 0.680145 0.554124 
vt 0.681869 0.56214 
vt 0.690743 0.557306 
vt 0.699614 0.554982 
vt 0.70021 0.559196 
vt 0.690674 0.562278 
vt 0.70117 0.56817 
vt 0.702228 0.558389 
vt 0.699614 0.554982 
vt 0.700118 0.550391 
vt 0.686832 0.568261 
vt 0.686122 0.574647 
vt 0.701564 0.576505 
vt 0.681881 0.569604 
vt 0.677951 0.568684 
vt 0.678393 0.571559 
vt 0.682648 0.574353 
vt 0.686194 0.584215 
vt 0.682694 0.580104 
vt 0.669313 0.568143 
vt 0.664271 0.564845 
vt 0.657449 0.568384 
vt 0.668747 0.572043 
vt 0.670221 0.575054 
vt 0.678232 0.574736 
vt 0.676746 0.578986 
vt 0.669352 0.579014 
vt 0.67948 0.58318 
vt 0.670381 0.583509 
vt 0.681493 0.586659 
vt 0.678227 0.589264 
vt 0.683733 0.594121 
vt 0.688307 0.594746 
vt 0.682813 0.598996 
vt 0.691883 0.588991 
vt 0.693761 0.59414 
vt 0.702228 0.591585 
vt 0.673603 0.598943 
vt 0.667629 0.603495 
vt 0.669927 0.608714 
vt 0.668617 0.598199 
vt 0.662183 0.595663 
vt 0.664862 0.608249 
vt 0.662293 0.601774 
vt 0.661483 0.606848 
vt 0.295064 0.641185 
vt 0.320558 0.642627 
vt 0.320027 0.653005 
vt 0.322793 0.646171 
vt 0.324103 0.636843 
vt 0.319306 0.637873 
vt 0.321639 0.633922 
vt 0.285027 0.635737 
vt 0.281495 0.646873 
vt 0.231444 0.621569 
vt 0.258315 0.617397 
vt 0.216581 0.610287 
vt 0.222454 0.628023 
vt 0.200753 0.616699 
vt 0.191869 0.605816 
vt 0.153807 0.608962 
vt 0.152224 0.60049 
vt 0.175355 0.618127 
vt 0.193687 0.631048 
vt 0.154074 0.620023 
vt 0.128772 0.607102 
vt 0.956594 0.967645 
vt 0.944462 0.967645 
vt 0.95524 0.965448 
vt 0.943016 0.964998 
vt 0.959297 0.961185 
vt 0.956708 0.95973 
vt 0.953129 0.960953 
vt 0.946595 0.958154 
vt 0.664524 0.162003 
vt 0.655863 0.157087 
vt 0.654787 0.159003 
vt 0.648092 0.152332 
vt 0.643414 0.166297 
vt 0.641733 0.152145 
vt 0.631689 0.165129 
vt 0.64168 0.148882 
vt 0.632482 0.145316 
vt 0.616769 0.173606 
vt 0.613818 0.189714 
vt 0.615529 0.159404 
vt 0.590287 0.21001 
vt 0.622553 0.140351 
vt 0.583839 0.227272 
vt 0.617969 0.13975 
vt 0.618644 0.13602 
vt 0.60701 0.133305 
vt 0.596116 0.166722 
vt 0.585906 0.196246 
vt 0.578048 0.18611 
vt 0.563029 0.22538 
vt 0.581255 0.211493 
vt 0.547201 0.265941 
vt 0.549564 0.2889 
vt 0.530207 0.276329 
vt 0.532863 0.356786 
vt 0.543048 0.286876 
vt 0.522478 0.317961 
vt 0.51527 0.307903 
vt 0.514011 0.321853 
vt 0.504285 0.360495 
vt 0.530676 0.337351 
vt 0.521012 0.350007 
vt 0.510036 0.364906 
vt 0.527086 0.357552 
vt 0.530364 0.369087 
vt 0.515429 0.369036 
vt 0.522874 0.377734 
vt 0.516944 0.378724 
vt 0.520226 0.390479 
vt 0.508862 0.381102 
vt 0.514004 0.385739 
vt 0.804795 0.990344 
vt 0.805793 0.999569 
vt 0.792897 0.994891 
vt 0.792191 0.98896 
vt 0.785566 0.997142 
vt 0.797751 0.98329 
vt 0.804112 0.982216 
vt 0.782586 0.988768 
vt 0.773597 0.999569 
vt 0.791695 0.982326 
vt 0.77191 0.989982 
vt 0.759371 0.998927 
vt 0.784237 0.982306 
vt 0.771205 0.979498 
vt 0.758664 0.987404 
vt 0.74581 0.994608 
vt 0.793031 0.975869 
vt 0.786372 0.972179 
vt 0.751722 0.976124 
vt 0.800113 0.976842 
vt 0.807626 0.975399 
vt 0.80264 0.969523 
vt 0.796302 0.969149 
vt 0.802278 0.958987 
vt 0.791522 0.962644 
vt 0.795592 0.953536 
vt 0.785614 0.964511 
vt 0.773759 0.969468 
vt 0.783321 0.958564 
vt 0.212082 0.980505 
vt 0.212237 0.993987 
vt 0.213796 0.994392 
vt 0.213796 0.970233 
vt 0.132184 0.0419126 
vt 0.131227 0.0586218 
vt 0.123321 0.0684128 
vt 0.152849 0.0449761 
vt 0.163254 0.0339203 
vt 0.160327 0.0550018 
vt 0.188901 0.0519822 
vt 0.201175 0.0403513 
vt 0.183338 0.0431741 
vt 0.18191 0.0331646 
vt 0.215509 0.016055 
vt 0.188579 0.0363329 
vt 0.196371 0.0300713 
vt 0.211901 0.0280681 
vt 0.246995 0.0278901 
vt 0.253342 0.0130221 
vt 0.251269 0.0237933 
vt 0.25248 0.0308087 
vt 0.261416 0.0149894 
vt 0.27439 0.0019204 
vt 0.305839 0.000431418 
vt 0.281293 0.0198922 
vt 0.290694 0.0261298 
vt 0.309074 0.0181074 
vt 0.307386 0.00982159 
vt 0.310502 0.0140449 
vt 0.309191 0.00551736 
vt 0.299484 0.804445 
vt 0.297487 0.802795 
vt 0.303832 0.801984 
vt 0.296915 0.807946 
vt 0.304002 0.804863 
vt 0.308686 0.802673 
vt 0.302508 0.810266 
vt 0.29976 0.811359 
vt 0.301111 0.813201 
vt 0.307235 0.80837 
vt 0.309769 0.809336 
vt 0.305928 0.810714 
vt 0.307485 0.813201 
vt 0.13745 0.322002 
vt 0.135297 0.320155 
vt 0.135725 0.314263 
vt 0.134105 0.322261 
vt 0.263382 0.319596 
vt 0.325617 0.322261 
vt 0.183686 0.312021 
vt 0.138873 0.312151 
vt 0.327495 0.315923 
vt 0.327763 0.321398 
vt 0.277767 0.312007 
vt 0.198549 0.310181 
vt 0.273652 0.310372 
vt 0.316762 0.312002 
vt 0.32703 0.313512 
vt 0.0141388 0.199741 
vt 0.0167095 0.196365 
vt 0.0144034 0.196792 
vt 0.0141388 0.194564 
vt 0.772454 0.508467 
vt 0.782979 0.504705 
vt 0.773256 0.496221 
vt 0.782602 0.513197 
vt 0.763889 0.507348 
vt 0.769635 0.514427 
vt 0.756868 0.513193 
vt 0.76917 0.521862 
vt 0.790797 0.509206 
vt 0.760376 0.522596 
vt 0.769591 0.529918 
vt 0.776883 0.526214 
vt 0.786089 0.522502 
vt 0.781063 0.532988 
vt 0.795539 0.530642 
vt 0.752423 0.517839 
vt 0.750694 0.523927 
vt 0.74172 0.513969 
vt 0.749835 0.510327 
vt 0.742324 0.506437 
vt 0.797392 0.524274 
vt 0.755437 0.504773 
vt 0.74942 0.499198 
vt 0.743706 0.494195 
vt 0.759849 0.502038 
vt 0.754994 0.491624 
vt 0.743794 0.479976 
vt 0.762575 0.49396 
vt 0.756463 0.479365 
vt 0.129012 0.597512 
vt 0.109953 0.603178 
vt 0.125209 0.592321 
vt 0.100384 0.595977 
vt 0.112643 0.614422 
vt 0.0955984 0.607119 
vt 0.0838816 0.603263 
vt 0.0815718 0.596346 
vt 0.0840398 0.610202 
vt 0.0923863 0.61541 
vt 0.111455 0.627496 
vt 0.0895847 0.621529 
vt 0.080815 0.623602 
vt 0.0744797 0.615835 
vt 0.0719458 0.623449 
vt 0.0879862 0.628759 
vt 0.0934277 0.632454 
vt 0.0809587 0.630666 
vt 0.0751298 0.631766 
vt 0.0681489 0.631258 
vt 0.0656882 0.621992 
vt 0.0859965 0.637971 
vt 0.0775146 0.639343 
vt 0.0702637 0.638399 
vt 0.0607736 0.63543 
vt 0.051 0.631966 
vt 0.0491971 0.624855 
vt 0.0818497 0.64606 
vt 0.0516049 0.642868 
vt 0.0727597 0.64406 
vt 0.04526 0.637626 
vt 0.0660737 0.644909 
vt 0.0577797 0.645605 
vt 0.0705371 0.652004 
vt 0.0343202 0.650818 
vt 0.0261354 0.647028 
vt 0.0267751 0.650062 
vt 0.036163 0.658017 
vt 0.0336772 0.659637 
vt 0.0370949 0.662505 
vt 0.0410569 0.662712 
vt 0.047866 0.664575 
vt 0.0422684 0.664251 
vt 0.0513504 0.663501 
vt 0.0566164 0.662406 
vt 0.0603991 0.665565 
vt 0.076869 0.658687 
vt 0.0619232 0.669506 
vt 0.0637728 0.679163 
vt 0.0613912 0.671632 
vt 0.0901635 0.679523 
vt 0.0687955 0.691444 
vt 0.0871816 0.653049 
vt 0.0908728 0.689413 
vt 0.074608 0.705525 
vt 0.0919495 0.700558 
vt 0.0909267 0.705798 
vt 0.0775027 0.713115 
vt 0.0929276 0.711294 
vt 0.0943813 0.696827 
vt 0.0987912 0.700317 
vt 0.0976988 0.694226 
vt 0.0953142 0.686903 
vt 0.101991 0.692484 
vt 0.109174 0.693028 
vt 0.0980623 0.674987 
vt 0.0913656 0.664813 
vt 0.102304 0.650549 
vt 0.101566 0.662678 
vt 0.112995 0.669271 
vt 0.122322 0.668459 
vt 0.152389 0.677621 
vt 0.173775 0.674716 
vt 0.208011 0.660487 
vt 0.204291 0.666538 
vt 0.200984 0.671726 
vt 0.218859 0.670788 
vt 0.206574 0.677752 
vt 0.203057 0.681072 
vt 0.214057 0.682419 
vt 0.246388 0.68226 
vt 0.267675 0.690277 
vt 0.265897 0.68443 
vt 0.298016 0.691319 
vt 0.268291 0.680349 
vt 0.226914 0.664313 
vt 0.295565 0.696248 
vt 0.290371 0.680523 
vt 0.311735 0.694104 
vt 0.300809 0.685762 
vt 0.310335 0.706013 
vt 0.299504 0.67991 
vt 0.278075 0.668156 
vt 0.315863 0.687088 
vt 0.252547 0.661096 
vt 0.314132 0.684096 
vt 0.318235 0.683218 
vt 0.317311 0.677723 
vt 0.300952 0.672149 
vt 0.318045 0.668764 
vt 0.275683 0.663461 
vt 0.263714 0.65478 
vt 0.282656 0.653241 
vt 0.318699 0.660507 
vt 0.320843 0.665203 
vt 0.24334 0.653445 
vt 0.207403 0.65344 
vt 0.210236 0.643859 
vt 0.153622 0.639899 
vt 0.141694 0.628521 
vt 0.134508 0.640498 
vt 0.131043 0.646756 
vt 0.112632 0.655652 
vt 0.105111 0.633829 
vt 0.0974847 0.645973 
vt 0.0948297 0.641215 
vt 0.392359 0.456859 
vt 0.394081 0.44913 
vt 0.395458 0.45599 
vt 0.391225 0.454077 
vt 0.38779 0.455281 
vt 0.389076 0.449662 
vt 0.386033 0.45192 
vt 0.388284 0.445643 
vt 0.395458 0.446179 
vt 0.919023 0.246333 
vt 0.919023 0.25151 
vt 0.916452 0.250762 
vt 0.398886 0.562985 
vt 0.398886 0.567299 
vt 0.397172 0.56358 
vt 0.733933 0.744731 
vt 0.741087 0.745902 
vt 0.73513 0.743313 
vt 0.74593 0.744731 
vt 0.575919 0.413952 
vt 0.595531 0.409578 
vt 0.583065 0.410803 
vt 0.572485 0.413427 
vt 0.573256 0.407699 
vt 0.583147 0.406389 
vt 0.588672 0.404502 
vt 0.588261 0.391152 
vt 0.58027 0.388694 
vt 0.562358 0.398803 
vt 0.551602 0.40919 
vt 0.562543 0.387158 
vt 0.573123 0.382114 
vt 0.559186 0.380216 
vt 0.544103 0.382851 
vt 0.535031 0.396151 
vt 0.546459 0.406821 
vt 0.547703 0.408444 
vt 0.543579 0.409929 
vt 0.537358 0.404692 
vt 0.542842 0.414378 
vt 0.541539 0.41188 
vt 0.526429 0.423269 
vt 0.540441 0.425387 
vt 0.527788 0.435289 
vt 0.537665 0.430624 
vt 0.515834 0.41083 
vt 0.521861 0.406831 
vt 0.525259 0.399771 
vt 0.518647 0.398419 
vt 0.528551 0.390802 
vt 0.531834 0.382763 
vt 0.539363 0.372297 
vt 0.550153 0.376149 
vt 0.547713 0.362088 
vt 0.563336 0.361268 
vt 0.540234 0.358044 
vt 0.586267 0.261115 
vt 0.570908 0.346296 
vt 0.576051 0.327471 
vt 0.591241 0.263762 
vt 0.579717 0.260967 
vt 0.598316 0.25029 
vt 0.600275 0.257663 
vt 0.62648 0.21756 
vt 0.60192 0.225735 
vt 0.634781 0.18669 
vt 0.647398 0.173427 
vt 0.697087 0.8805 
vt 0.691088 0.8805 
vt 0.691129 0.877912 
vt 0.991215 0.597542 
vt 0.995287 0.696854 
vt 0.995287 0.633706 
vt 0.993912 0.745949 
vt 0.985864 0.741389 
vt 0.991662 0.789957 
vt 0.983136 0.598894 
vt 0.984707 0.597498 
vt 0.9838 0.788452 
vt 0.985265 0.792494 
vt 0.982434 0.791344 
vt 0.964439 0.112597 
vt 0.968723 0.112597 
vt 0.966925 0.110871 
vt 0.379177 0.927955 
vt 0.379177 0.933995 
vt 0.377464 0.93181 
vt 0.851182 0.383631 
vt 0.849039 0.388274 
vt 0.852185 0.387077 
vt 0.852185 0.379264 
vt 0.84857 0.379206 
vt 0.84676 0.38361 
vt 0.84369 0.380526 
vt 0.840528 0.384516 
vt 0.844784 0.386961 
vt 0.845635 0.391286 
vt 0.839332 0.390539 
vt 0.730919 0.498274 
vt 0.730694 0.50209 
vt 0.724807 0.502397 
vt 0.734189 0.50004 
vt 0.734761 0.507228 
vt 0.726557 0.518291 
vt 0.722793 0.511975 
vt 0.723714 0.518982 
vt 0.734066 0.517215 
vt 0.737184 0.510171 
vt 0.737361 0.516783 
vt 0.736024 0.518982 
vt 0.737361 0.516783 
vt 0.950728 0.829594 
vt 0.953299 0.829594 
vt 0.953058 0.827006 
vt 0.988086 0.891972 
vt 0.895292 0.907279 
vt 0.936921 0.893372 
vt 0.891477 0.894116 
vt 0.891783 0.902533 
vt 0.987335 0.877711 
vt 0.989699 0.879611 
vt 0.990362 0.865585 
vt 0.988366 0.859689 
vt 0.991859 0.854616 
vt 0.889692 0.886378 
vt 0.889167 0.890642 
vt 0.886137 0.889951 
vt 0.882822 0.8902 
vt 0.864182 0.762864 
vt 0.865004 0.755235 
vt 0.870251 0.757693 
vt 0.869143 0.749289 
vt 0.871537 0.763085 
vt 0.865617 0.76759 
vt 0.874426 0.753328 
vt 0.877063 0.746764 
vt 0.8759 0.75835 
vt 0.87264 0.767724 
vt 0.867859 0.771541 
vt 0.879482 0.753017 
vt 0.883753 0.748041 
vt 0.87875 0.763128 
vt 0.879986 0.75849 
vt 0.883923 0.755317 
vt 0.887697 0.750425 
vt 0.889889 0.759336 
vt 0.884855 0.762949 
vt 0.888687 0.765913 
vt 0.882464 0.768254 
vt 0.886583 0.772022 
vt 0.880804 0.775237 
vt 0.877642 0.768894 
vt 0.874717 0.775237 
vt 0.227506 0.805436 
vt 0.227506 0.80975 
vt 0.225793 0.807167 
vt 0.685025 0.0839853 
vt 0.686063 0.0819661 
vt 0.699657 0.083324 
vt 0.690891 0.0960147 
vt 0.675488 0.0820754 
vt 0.673432 0.079877 
vt 0.66634 0.0798391 
vt 0.660064 0.101034 
vt 0.657676 0.0808591 
vt 0.652259 0.0784159 
vt 0.65065 0.0795259 
vt 0.653189 0.0950655 
vt 0.644123 0.0894789 
vt 0.65065 0.0795259 
vt 0.63878 0.0796285 
vt 0.642799 0.0985928 
vt 0.618195 0.0808295 
vt 0.642527 0.105446 
vt 0.620328 0.0994836 
vt 0.236075 0.510354 
vt 0.220651 0.504244 
vt 0.236075 0.500863 
vt 0.220676 0.510246 
vt 0.989472 0.916951 
vt 0.953121 0.927517 
vt 0.989298 0.908428 
vt 0.991159 0.922328 
vt 0.990183 0.936967 
vt 0.990411 0.946358 
vt 0.896173 0.914735 
vt 0.895036 0.929734 
vt 0.990857 0.896834 
vt 0.905658 0.940306 
vt 0.990508 0.95384 
vt 0.90339 0.95384 
vt 0.893436 0.932581 
vt 0.869845 0.950609 
vt 0.891657 0.93645 
vt 0.889871 0.934651 
vt 0.886861 0.935536 
vt 0.884314 0.936263 
vt 0.866968 0.945051 
vt 0.882264 0.933385 
vt 0.856535 0.941734 
vt 0.832476 0.953154 
vt 0.842021 0.9412 
vt 0.861204 0.940442 
vt 0.864418 0.938681 
vt 0.866473 0.93245 
vt 0.40329 0.55105 
vt 0.398105 0.557589 
vt 0.399888 0.549575 
vt 0.405805 0.540032 
vt 0.387979 0.544833 
vt 0.41027 0.538269 
vt 0.41298 0.528653 
vt 0.421165 0.527278 
vt 0.395142 0.531222 
vt 0.379972 0.529669 
vt 0.371833 0.530067 
vt 0.353001 0.548174 
vt 0.350791 0.5429 
vt 0.309899 0.539767 
vt 0.364343 0.530549 
vt 0.363008 0.528256 
vt 0.35986 0.528746 
vt 0.35062 0.533242 
vt 0.343827 0.525734 
vt 0.331664 0.525965 
vt 0.333501 0.524068 
vt 0.32538 0.523809 
vt 0.308852 0.527747 
vt 0.286358 0.518015 
vt 0.299551 0.519035 
vt 0.271984 0.517456 
vt 0.278728 0.516885 
vt 0.275477 0.520327 
vt 0.293301 0.527973 
vt 0.270383 0.519118 
vt 0.268421 0.520985 
vt 0.267149 0.520048 
vt 0.249885 0.522075 
vt 0.251062 0.529485 
vt 0.249125 0.539149 
vt 0.245222 0.523619 
vt 0.23841 0.530481 
vt 0.236333 0.523574 
vt 0.238388 0.537695 
vt 0.216113 0.527576 
vt 0.228491 0.538088 
vt 0.235374 0.548485 
vt 0.203032 0.546434 
vt 0.20848 0.5375 
vt 0.165107 0.544599 
vt 0.207993 0.53094 
vt 0.210297 0.528275 
vt 0.192566 0.532602 
vt 0.195024 0.534614 
vt 0.17956 0.53345 
vt 0.167726 0.532779 
vt 0.149087 0.52822 
vt 0.16627 0.527036 
vt 0.150834 0.523222 
vt 0.167037 0.520277 
vt 0.168094 0.522831 
vt 0.170342 0.521057 
vt 0.187611 0.518032 
vt 0.187399 0.515864 
vt 0.187397 0.510242 
vt 0.151374 0.518859 
vt 0.14848 0.518472 
vt 0.15075 0.513279 
vt 0.153147 0.51368 
vt 0.150638 0.509295 
vt 0.148936 0.509256 
vt 0.151083 0.506463 
vt 0.151083 0.506463 
vt 0.154587 0.500936 
vt 0.152849 0.499765 
vt 0.152961 0.496136 
vt 0.167514 0.494903 
vt 0.18761 0.497187 
vt 0.187617 0.491016 
vt 0.160591 0.483791 
vt 0.157992 0.492982 
vt 0.152961 0.496136 
vt 0.161827 0.489553 
vt 0.160556 0.487612 
vt 0.159695 0.488744 
vt 0.616322 0.0791349 
vt 0.619125 0.07946 
vt 0.610207 0.0802181 
vt 0.610977 0.0780846 
vt 0.609125 0.0934669 
vt 0.599897 0.105659 
vt 0.593606 0.0944556 
vt 0.601002 0.0812917 
vt 0.592671 0.0819124 
vt 0.572799 0.0874815 
vt 0.56877 0.11094 
vt 0.56084 0.104163 
vt 0.56535 0.0909857 
vt 0.608624 0.113681 
vt 0.589932 0.114504 
vt 0.593038 0.122951 
vt 0.615912 0.122951 
vt 0.639309 0.121671 
vt 0.646419 0.116299 
vt 0.646068 0.109602 
vt 0.661152 0.111444 
vt 0.881678 0.929815 
vt 0.86472 0.926887 
vt 0.862959 0.928664 
vt 0.845414 0.926378 
vt 0.87997 0.917829 
vt 0.884013 0.92646 
vt 0.883284 0.92081 
vt 0.882784 0.914854 
vt 0.884616 0.917071 
vt 0.876064 0.907544 
vt 0.878849 0.907076 
vt 0.878474 0.903495 
vt 0.874484 0.901076 
vt 0.844743 0.905799 
vt 0.844143 0.924313 
vt 0.870465 0.897689 
vt 0.872736 0.89642 
vt 0.85811 0.888761 
vt 0.843949 0.899294 
vt 0.872178 0.895221 
vt 0.872736 0.89642 
vt 0.401457 0.712252 
vt 0.401457 0.71484 
vt 0.398886 0.714103 
vt 0.00425211 0.399589 
vt 0.102981 0.399234 
vt 0.0879521 0.405946 
vt 0.00459496 0.417307 
vt 0.115787 0.395045 
vt 0.110158 0.395818 
vt 0.116376 0.403989 
vt 0.121137 0.392765 
vt 0.109232 0.417599 
vt 0.134789 0.401034 
vt 0.0048236 0.43225 
vt 0.00214225 0.422896 
vt 0.00263444 0.438396 
vt 0.00514672 0.449696 
vt 0.00272585 0.456185 
vt 0.00478047 0.459448 
vt 0.14865 0.432602 
vt 0.148895 0.41878 
vt 0.150975 0.411472 
vt 0.185941 0.41787 
vt 0.162372 0.402796 
vt 0.151392 0.40081 
vt 0.149748 0.398551 
vt 0.149921 0.391741 
vt 0.169765 0.401472 
vt 0.153763 0.39969 
vt 0.151353 0.397369 
vt 0.17725 0.40171 
vt 0.185424 0.401733 
vt 0.19649 0.413062 
vt 0.18884 0.402427 
vt 0.200606 0.402029 
vt 0.204534 0.40282 
vt 0.218085 0.404013 
vt 0.221557 0.402649 
vt 0.229506 0.403562 
vt 0.229506 0.403562 
vt 0.21306 0.422785 
vt 0.247423 0.450965 
vt 0.248174 0.439567 
vt 0.233559 0.424034 
vt 0.270047 0.431059 
vt 0.248031 0.431313 
vt 0.24808 0.424751 
vt 0.249229 0.418182 
vt 0.260828 0.425199 
vt 0.246731 0.411326 
vt 0.279208 0.434353 
vt 0.264572 0.446875 
vt 0.281177 0.447483 
vt 0.318504 0.430049 
vt 0.311683 0.421728 
vt 0.321392 0.415846 
vt 0.280054 0.427962 
vt 0.298555 0.413791 
vt 0.280556 0.418842 
vt 0.282081 0.408961 
vt 0.266483 0.409678 
vt 0.269576 0.407702 
vt 0.247211 0.40625 
vt 0.243995 0.404758 
vt 0.071551 0.029767 
vt 0.071551 0.0332183 
vt 0.0698372 0.0308243 
vt 0.718834 0.101952 
vt 0.716359 0.104655 
vt 0.722066 0.1082 
vt 0.70569 0.115933 
vt 0.712884 0.10044 
vt 0.714579 0.099293 
vt 0.710777 0.100834 
vt 0.707288 0.103032 
vt 0.707847 0.0995541 
vt 0.706041 0.0980773 
vt 0.702663 0.0970352 
vt 0.700514 0.0916076 
vt 0.301461 0.558841 
vt 0.29942 0.549525 
vt 0.310473 0.551136 
vt 0.296168 0.543131 
vt 0.322919 0.562301 
vt 0.343401 0.557916 
vt 0.377409 0.558159 
vt 0.269913 0.543763 
vt 0.382494 0.554143 
vt 0.380674 0.561363 
vt 0.385309 0.559673 
vt 0.387051 0.552737 
vt 0.38593 0.564098 
vt 0.381934 0.565792 
vt 0.385973 0.568162 
vt 0.390852 0.566275 
vt 0.390873 0.560477 
vt 0.394465 0.562686 
vt 0.393534 0.554173 
vt 0.226947 0.366602 
vt 0.269922 0.38237 
vt 0.254 0.380286 
vt 0.162242 0.361625 
vt 0.164633 0.352459 
vt 0.268074 0.37156 
vt 0.220008 0.371456 
vt 0.163107 0.370474 
vt 0.220099 0.380437 
vt 0.160201 0.368196 
vt 0.28065 0.379849 
vt 0.292346 0.376167 
vt 0.162569 0.379697 
vt 0.221641 0.390098 
vt 0.159445 0.374328 
vt 0.158466 0.379851 
vt 0.317004 0.38966 
vt 0.330883 0.383929 
vt 0.286745 0.386502 
vt 0.34533 0.39656 
vt 0.353157 0.389552 
vt 0.355999 0.395154 
vt 0.320847 0.394946 
vt 0.371948 0.407931 
vt 0.382446 0.408685 
vt 0.380302 0.395694 
vt 0.390531 0.406694 
vt 0.392376 0.418731 
vt 0.397701 0.416009 
vt 0.404884 0.43051 
vt 0.384541 0.428269 
vt 0.394359 0.433531 
vt 0.403322 0.441293 
vt 0.370336 0.432653 
vt 0.349628 0.429094 
vt 0.357609 0.445465 
vt 0.293275 0.457908 
vt 0.268856 0.459448 
vt 0.359725 0.414127 
vt 0.357971 0.411264 
vt 0.342347 0.416324 
vt 0.32218 0.414895 
vt 0.344813 0.413337 
vt 0.313923 0.399144 
vt 0.28946 0.393992 
vt 0.27087 0.397799 
vt 0.263204 0.401721 
vt 0.271525 0.392637 
vt 0.257517 0.39188 
vt 0.261571 0.38511 
vt 0.25843 0.38775 
vt 0.0262065 0.910977 
vt 0.030296 0.916955 
vt 0.0282329 0.909998 
vt 0.0331342 0.917548 
vt 0.028784 0.902095 
vt 0.0390871 0.907626 
vt 0.0342192 0.923934 
vt 0.0362594 0.923522 
vt 0.0424436 0.90608 
vt 0.0427395 0.904112 
vt 0.0396767 0.912388 
vt 0.0379889 0.915902 
vt 0.0406649 0.916199 
vt 0.0408598 0.924488 
vt 0.0371312 0.926781 
vt 0.0479074 0.922914 
vt 0.04839 0.921615 
vt 0.0511251 0.924316 
vt 0.047211 0.927366 
vt 0.0450787 0.928739 
vt 0.0497293 0.932758 
vt 0.0525925 0.930534 
vt 0.0542709 0.926673 
vt 0.0574898 0.932652 
vt 0.0621251 0.934858 
vt 0.62505 0.361147 
vt 0.627765 0.355756 
vt 0.623904 0.357396 
vt 0.622339 0.362965 
vt 0.629067 0.360199 
vt 0.631667 0.356484 
vt 0.632689 0.360987 
vt 0.624711 0.365688 
vt 0.620043 0.364585 
vt 0.622529 0.366857 
vt 0.620333 0.369646 
vt 0.627355 0.364137 
vt 0.625692 0.368322 
vt 0.623471 0.370847 
vt 0.627852 0.378024 
vt 0.626933 0.372857 
vt 0.628116 0.371348 
vt 0.630673 0.364556 
vt 0.637492 0.363547 
vt 0.633681 0.368697 
vt 0.664524 0.363758 
vt 0.861611 0.749136 
vt 0.861611 0.764021 
vt 0.859194 0.75285 
vt 0.857852 0.758981 
vt 0.854585 0.756285 
vt 0.853921 0.758452 
vt 0.853899 0.751482 
vt 0.854968 0.748295 
vt 0.856337 0.745304 
vt 0.859563 0.743313 
vt 0.993899 0.413075 
vt 0.994917 0.401519 
vt 0.991984 0.405539 
vt 0.992303 0.401482 
vt 0.991859 0.409302 
vt 0.995063 0.393259 
vt 0.992457 0.395131 
vt 0.995287 0.385246 
vt 0.992054 0.415164 
vt 0.992801 0.417466 
vt 0.995287 0.419041 
vt 0.993598 0.421484 
vt 0.335006 0.888266 
vt 0.334253 0.889829 
vt 0.328328 0.890438 
vt 0.337189 0.893443 
vt 0.325704 0.889232 
vt 0.323479 0.893443 
vt 0.223859 0.176739 
vt 0.202026 0.16745 
vt 0.222072 0.161121 
vt 0.206685 0.18043 
vt 0.189986 0.179838 
vt 0.209272 0.150263 
vt 0.22487 0.144807 
vt 0.178002 0.170959 
vt 0.220001 0.136628 
vt 0.159716 0.152182 
vt 0.300595 0.146866 
vt 0.277814 0.133177 
vt 0.317051 0.131025 
vt 0.473227 0.144494 
vt 0.372803 0.118022 
vt 0.473386 0.130431 
vt 0.297887 0.126605 
vt 0.473733 0.110643 
vt 0.47562 0.118458 
vt 0.473487 0.101868 
vt 0.244247 0.12452 
vt 0.312761 0.108605 
vt 0.372078 0.0996053 
vt 0.457458 0.084713 
vt 0.394415 0.082263 
vt 0.362971 0.0801929 
vt 0.332836 0.0924926 
vt 0.473385 0.0941904 
vt 0.475698 0.0976263 
vt 0.473031 0.0798056 
vt 0.475402 0.0821489 
vt 0.281413 0.0982485 
vt 0.293935 0.0870337 
vt 0.235319 0.110362 
vt 0.235973 0.104362 
vt 0.222519 0.0957592 
vt 0.211423 0.102627 
vt 0.224198 0.122421 
vt 0.208009 0.112909 
vt 0.187698 0.0998686 
vt 0.20726 0.124656 
vt 0.187069 0.110171 
vt 0.158615 0.092864 
vt 0.14251 0.0903095 
vt 0.15309 0.0853124 
vt 0.127495 0.0963722 
vt 0.208071 0.137729 
vt 0.158531 0.135439 
vt 0.138658 0.120228 
vt 0.118393 0.13533 
vt 0.136612 0.162943 
vt 0.156455 0.165925 
vt 0.11523 0.187159 
vt 0.117234 0.178534 
vt 0.101565 0.172694 
vt 0.0929275 0.184796 
vt 0.102513 0.199977 
vt 0.0880981 0.204055 
vt 0.0855245 0.187684 
vt 0.0784065 0.198073 
vt 0.0865318 0.168979 
vt 0.0787303 0.187225 
vt 0.0702623 0.188996 
vt 0.775653 0.25941 
vt 0.773971 0.257446 
vt 0.773309 0.26246 
vt 0.775921 0.255824 
vt 0.775417 0.27022 
vt 0.772513 0.269323 
vt 0.772494 0.274654 
vt 0.775597 0.276281 
vt 0.775921 0.294651 
vt 0.732727 0.113127 
vt 0.742 0.110443 
vt 0.732509 0.108592 
vt 0.728445 0.108348 
vt 0.736114 0.102261 
vt 0.728033 0.110944 
vt 0.738997 0.101919 
vt 0.726501 0.107907 
vt 0.734542 0.130311 
vt 0.713663 0.220687 
vt 0.724525 0.104722 
vt 0.967165 0.196974 
vt 0.966649 0.201494 
vt 0.964496 0.204257 
vt 0.944108 0.20374 
vt 0.960439 0.21411 
vt 0.951902 0.145226 
vt 0.95331 0.133808 
vt 0.946864 0.13478 
vt 0.942459 0.149705 
vt 0.942242 0.145022 
vt 0.943282 0.136233 
vt 0.941079 0.161254 
vt 0.938903 0.13592 
vt 0.940052 0.134035 
vt 0.933291 0.132826 
vt 0.937503 0.144481 
vt 0.937402 0.148931 
vt 0.933629 0.152309 
vt 0.929844 0.14769 
vt 0.935103 0.165303 
vt 0.930397 0.174934 
vt 0.930054 0.158761 
vt 0.926588 0.153014 
vt 0.920444 0.17336 
vt 0.923924 0.190318 
vt 0.914546 0.157852 
vt 0.918026 0.153606 
vt 0.91253 0.166781 
vt 0.911447 0.168912 
vt 0.914099 0.188793 
vt 0.910554 0.143926 
vt 0.913292 0.193861 
vt 0.915395 0.198322 
vt 0.917015 0.202819 
vt 0.915025 0.201849 
vt 0.928246 0.206624 
vt 0.918144 0.208696 
vt 0.921776 0.219599 
vt 0.948427 0.221446 
vt 0.958845 0.219853 
vt 0.922773 0.227763 
vt 0.956126 0.237998 
vt 0.939532 0.234554 
vt 0.954247 0.240824 
vt 0.95677 0.240972 
vt 0.955539 0.246159 
vt 0.952857 0.250373 
vt 0.923139 0.235784 
vt 0.951008 0.251858 
vt 0.953418 0.25304 
vt 0.95038 0.27122 
vt 0.928532 0.25094 
vt 0.926138 0.250431 
vt 0.928516 0.262632 
vt 0.947393 0.278502 
vt 0.949173 0.298379 
vt 0.947773 0.295818 
vt 0.931963 0.275608 
vt 0.930276 0.280348 
vt 0.931248 0.296176 
vt 0.947773 0.295818 
vt 0.949239 0.304914 
vt 0.929119 0.314824 
vt 0.948682 0.317413 
vt 0.925645 0.324947 
vt 0.925892 0.330829 
vt 0.951967 0.331781 
vt 0.939332 0.346059 
vt 0.923487 0.339583 
vt 0.924088 0.346057 
vt 0.953863 0.337278 
vt 0.953094 0.346419 
vt 0.955971 0.346057 
vt 0.219185 0.469147 
vt 0.29015 0.465009 
vt 0.256593 0.481931 
vt 0.259742 0.483439 
vt 0.255372 0.483751 
vt 0.244641 0.482753 
vt 0.240282 0.483477 
vt 0.228371 0.482477 
vt 0.222853 0.482567 
vt 0.21054 0.481793 
vt 0.20256 0.481962 
vt 0.189884 0.481569 
vt 0.189008 0.472728 
vt 0.181583 0.460395 
vt 0.188331 0.483881 
vt 0.151035 0.469271 
vt 0.152689 0.484185 
vt 0.145338 0.482618 
vt 0.127519 0.468964 
vt 0.1415 0.483462 
vt 0.12086 0.46438 
vt 0.14019 0.486706 
vt 0.044474 0.469768 
vt 0.0603734 0.456859 
vt 0.0449794 0.460354 
vt 0.0437211 0.489085 
vt 0.138258 0.500015 
vt 0.140134 0.493635 
vt 0.0433657 0.508443 
vt 0.0416483 0.49994 
vt 0.115367 0.518997 
vt 0.137812 0.504205 
vt 0.135952 0.514312 
vt 0.137801 0.509806 
vt 0.137906 0.518303 
vt 0.138359 0.526936 
vt 0.0433316 0.522314 
vt 0.0414437 0.514233 
vt 0.0407027 0.524963 
vt 0.0432882 0.532101 
vt 0.041294 0.54466 
vt 0.0434317 0.542988 
vt 0.146593 0.529961 
vt 0.0437318 0.557217 
vt 0.0418344 0.562436 
vt 0.044021 0.568162 
vt 0.109415 0.564309 
vt 0.137421 0.552164 
vt 0.232168 0.558754 
vt 0.22475 0.566497 
vt 0.244759 0.56248 
vt 0.247772 0.556203 
vt 0.258495 0.561278 
vt 0.272954 0.552621 
vt 0.282509 0.558486 
vt 0.247155 0.550113 
vt 0.254891 0.547601 
vt 0.314146 0.774374 
vt 0.308912 0.775736 
vt 0.312193 0.7761 
vt 0.315432 0.776013 
vt 0.320511 0.776008 
vt 0.326687 0.775736 
vt 0.335476 0.77441 
vt 0.470624 0.20245 
vt 0.322666 0.204055 
vt 0.355946 0.194088 
vt 0.388319 0.181771 
vt 0.471309 0.192608 
vt 0.287151 0.180932 
vt 0.313911 0.173279 
vt 0.281735 0.170145 
vt 0.471769 0.177785 
vt 0.474349 0.180948 
vt 0.474604 0.16735 
vt 0.472739 0.160311 
vt 0.416711 0.162229 
vt 0.359242 0.160142 
vt 0.475281 0.155247 
vt 0.476007 0.138841 
vt 0.284511 0.161151 
vt 0.628564 0.544626 
vt 0.63072 0.555664 
vt 0.628695 0.556304 
vt 0.632619 0.566462 
vt 0.630685 0.570463 
vt 0.628792 0.573887 
vt 0.632819 0.58242 
vt 0.598647 0.566964 
vt 0.597278 0.573842 
vt 0.570084 0.561032 
vt 0.630534 0.585558 
vt 0.50953 0.5599 
vt 0.539788 0.546627 
vt 0.539397 0.570592 
vt 0.562493 0.585934 
vt 0.507612 0.554663 
vt 0.505575 0.544003 
vt 0.46775 0.546317 
vt 0.470327 0.568603 
vt 0.436559 0.559841 
vt 0.436329 0.549283 
vt 0.443808 0.570073 
vt 0.421771 0.563285 
vt 0.463819 0.581777 
vt 0.520088 0.587886 
vt 0.608015 0.59072 
vt 0.629928 0.598478 
vt 0.473135 0.590811 
vt 0.575108 0.607711 
vt 0.6297 0.6178 
vt 0.631799 0.610704 
vt 0.629884 0.626462 
vt 0.538601 0.627696 
vt 0.491768 0.611 
vt 0.496342 0.626644 
vt 0.464941 0.627572 
vt 0.464074 0.625018 
vt 0.443037 0.59214 
vt 0.441241 0.597923 
vt 0.436769 0.603278 
vt 0.436378 0.595291 
vt 0.442279 0.586613 
vt 0.439896 0.581564 
vt 0.436481 0.588179 
vt 0.435762 0.591952 
vt 0.436599 0.584638 
vt 0.43438 0.577802 
vt 0.428119 0.577106 
vt 0.431673 0.581508 
vt 0.433455 0.586385 
vt 0.431882 0.58935 
vt 0.429322 0.585527 
vt 0.427234 0.582083 
vt 0.415955 0.575639 
vt 0.414636 0.568369 
vt 0.391391 0.569646 
vt 0.422572 0.578669 
vt 0.373178 0.573998 
vt 0.368757 0.569234 
vt 0.418588 0.582037 
vt 0.423298 0.583145 
vt 0.423986 0.586998 
vt 0.420011 0.5874 
vt 0.410461 0.581589 
vt 0.416661 0.585673 
vt 0.415982 0.590916 
vt 0.423366 0.592391 
vt 0.420085 0.592895 
vt 0.292333 0.875269 
vt 0.209631 0.873288 
vt 0.203093 0.849551 
vt 0.369883 0.874803 
vt 0.193965 0.850802 
vt 0.161238 0.871205 
vt 0.160886 0.874152 
vt 0.158041 0.870897 
vt 0.181147 0.848835 
vt 0.15997 0.852085 
vt 0.157857 0.852042 
vt 0.160048 0.849141 
vt 0.157855 0.846578 
vt 0.15943 0.82657 
vt 0.159625 0.837859 
vt 0.157241 0.827842 
vt 0.343111 0.823875 
vt 0.382928 0.851749 
vt 0.454482 0.847211 
vt 0.420613 0.821458 
vt 0.473759 0.871518 
vt 0.481273 0.875324 
vt 0.482265 0.873092 
vt 0.482862 0.875269 
vt 0.478054 0.871761 
vt 0.478089 0.869275 
vt 0.473919 0.866693 
vt 0.468638 0.860309 
vt 0.474616 0.864381 
vt 0.47271 0.861706 
vt 0.471934 0.859573 
vt 0.471379 0.856599 
vt 0.467688 0.855402 
vt 0.463419 0.854121 
vt 0.466854 0.853315 
vt 0.465553 0.851209 
vt 0.458082 0.84819 
vt 0.459459 0.844924 
vt 0.457155 0.842571 
vt 0.458972 0.842394 
vt 0.458435 0.837432 
vt 0.459497 0.841873 
vt 0.461559 0.838224 
vt 0.462503 0.836006 
vt 0.46157 0.832304 
vt 0.46445 0.833401 
vt 0.466226 0.831074 
vt 0.464894 0.827381 
vt 0.467598 0.829224 
vt 0.468567 0.823923 
vt 0.467808 0.825758 
vt 0.467853 0.819241 
vt 0.470164 0.821837 
vt 0.472255 0.819521 
vt 0.444302 0.523296 
vt 0.42242 0.522124 
vt 0.435834 0.514481 
vt 0.408939 0.504838 
vt 0.420942 0.49933 
vt 0.414693 0.496902 
vt 0.394116 0.513325 
vt 0.381949 0.522133 
vt 0.375606 0.483915 
vt 0.383715 0.48412 
vt 0.410737 0.490174 
vt 0.38744 0.47971 
vt 0.410664 0.483888 
vt 0.390549 0.474978 
vt 0.412025 0.480086 
vt 0.35957 0.49473 
vt 0.33392 0.484053 
vt 0.335716 0.492944 
vt 0.374324 0.505275 
vt 0.356867 0.49774 
vt 0.355997 0.501493 
vt 0.324336 0.499942 
vt 0.362195 0.509961 
vt 0.375126 0.52095 
vt 0.371528 0.523296 
vt 0.367997 0.522642 
vt 0.354621 0.521688 
vt 0.744147 0.278367 
vt 0.727008 0.41123 
vt 0.760902 0.121077 
vt 0.768393 0.292685 
vt 0.770916 0.363866 
vt 0.749883 0.409151 
vt 0.770807 0.407005 
vt 0.749311 0.411274 
vt 0.726613 0.413719 
vt 0.762779 0.410022 
vt 0.767358 0.411457 
vt 0.772494 0.409737 
vt 0.747314 0.097089 
vt 0.743626 0.097175 
vt 0.741009 0.0962735 
vt 0.745144 0.0922376 
vt 0.747533 0.0930115 
vt 0.759282 0.0966288 
vt 0.770562 0.0730957 
vt 0.772494 0.066868 
vt 0.768664 0.0687853 
vt 0.761996 0.0737126 
vt 0.757436 0.0831791 
vt 0.758255 0.0772655 
vt 0.753075 0.0902598 
vt 0.75501 0.0820225 
vt 0.749367 0.0916241 
vt 0.75024 0.0884187 
vt 0.747533 0.0930115 
vt 0.903036 0.0518994 
vt 0.903349 0.0686308 
vt 0.897077 0.0560064 
vt 0.875593 0.0311306 
vt 0.870021 0.0365796 
vt 0.868862 0.0289042 
vt 0.864273 0.0332735 
vt 0.86382 0.0399728 
vt 0.85832 0.0393782 
vt 0.878231 0.0775607 
vt 0.863734 0.060375 
vt 0.879243 0.0930299 
vt 0.865692 0.0853083 
vt 0.852897 0.0694138 
vt 0.847049 0.0459661 
vt 0.852203 0.0348912 
vt 0.84456 0.0677955 
vt 0.843367 0.0870594 
vt 0.851698 0.112694 
vt 0.844416 0.111742 
vt 0.844973 0.125504 
vt 0.864331 0.116117 
vt 0.856374 0.123733 
vt 0.859616 0.118783 
vt 0.85451 0.129911 
vt 0.861337 0.123185 
vt 0.861811 0.126432 
vt 0.864548 0.121923 
vt 0.870361 0.115197 
vt 0.849119 0.145225 
vt 0.867031 0.119719 
vt 0.869141 0.12326 
vt 0.870709 0.119613 
vt 0.875393 0.116338 
vt 0.874833 0.121884 
vt 0.86596 0.128463 
vt 0.881494 0.121587 
vt 0.869695 0.128634 
vt 0.861205 0.130539 
vt 0.865542 0.132507 
vt 0.875378 0.130188 
vt 0.857905 0.135852 
vt 0.856924 0.139162 
vt 0.861775 0.13544 
vt 0.86161 0.140946 
vt 0.865938 0.136657 
vt 0.870239 0.132018 
vt 0.869739 0.137092 
vt 0.8659 0.142996 
vt 0.874226 0.136312 
vt 0.871954 0.142538 
vt 0.858758 0.169733 
vt 0.866264 0.166816 
vt 0.877925 0.13963 
vt 0.878117 0.142515 
vt 0.863015 0.242974 
vt 0.87273 0.238474 
vt 0.85793 0.295534 
vt 0.844454 0.262111 
vt 0.846678 0.328502 
vt 0.851127 0.330632 
vt 0.841045 0.330889 
vt 0.862463 0.329455 
vt 0.876273 0.308418 
vt 0.874619 0.329594 
vt 0.893299 0.328283 
vt 0.890458 0.330889 
vt 0.91062 0.330479 
vt 0.911311 0.327894 
vt 0.910198 0.307513 
vt 0.90702 0.172769 
vt 0.90483 0.164086 
vt 0.884073 0.133973 
vt 0.904701 0.0992174 
vt 0.883534 0.122386 
vt 0.878174 0.132872 
vt 0.881038 0.128198 
vt 0.877921 0.125386 
vt 0.416686 0.595907 
vt 0.421297 0.5971 
vt 0.427646 0.589343 
vt 0.427574 0.596078 
vt 0.430415 0.592723 
vt 0.433275 0.596781 
vt 0.430195 0.60039 
vt 0.425207 0.599481 
vt 0.428827 0.60366 
vt 0.422071 0.603114 
vt 0.418281 0.600303 
vt 0.433093 0.605291 
vt 0.41987 0.626169 
vt 0.423483 0.605098 
vt 0.401262 0.62529 
vt 0.382085 0.598053 
vt 0.380474 0.625969 
vt 0.378549 0.581667 
vt 0.361272 0.601488 
vt 0.342037 0.582912 
vt 0.33802 0.57712 
vt 0.33444 0.574175 
vt 0.328307 0.572374 
vt 0.339935 0.582077 
vt 0.334346 0.580784 
vt 0.340201 0.587063 
vt 0.334992 0.585185 
vt 0.331197 0.577819 
vt 0.331092 0.581907 
vt 0.328385 0.577681 
vt 0.32506 0.57483 
vt 0.320693 0.573243 
vt 0.31769 0.577664 
vt 0.322648 0.578799 
vt 0.326681 0.580827 
vt 0.320568 0.582648 
vt 0.250643 0.569025 
vt 0.232648 0.597208 
vt 0.250643 0.612166 
vt 0.408312 0.787498 
vt 0.40953 0.785122 
vt 0.410708 0.789042 
vt 0.412092 0.783563 
vt 0.423917 0.788802 
vt 0.437289 0.78369 
vt 0.438561 0.789042 
vt 0.440874 0.787092 
vt 0.439393 0.783003 
vt 0.301591 0.458323 
vt 0.326356 0.459499 
vt 0.317537 0.467344 
vt 0.308066 0.479486 
vt 0.294188 0.479606 
vt 0.32236 0.478495 
vt 0.288767 0.480842 
vt 0.280075 0.480261 
vt 0.33505 0.470023 
vt 0.335824 0.474603 
vt 0.356998 0.462824 
vt 0.345939 0.473408 
vt 0.363668 0.469682 
vt 0.267736 0.481116 
vt 0.263828 0.482705 
vt 0.270323 0.482774 
vt 0.273109 0.481858 
vt 0.281144 0.482067 
vt 0.0944312 0.092851 
vt 0.0911101 0.085983 
vt 0.106286 0.102258 
vt 0.106178 0.0884852 
vt 0.100317 0.0781083 
vt 0.120453 0.0803066 
vt 0.136271 0.0826485 
vt 0.109756 0.0800607 
vt 0.143038 0.0736612 
vt 0.142667 0.0846533 
vt 0.14582 0.0836202 
vt 0.157565 0.083216 
vt 0.170781 0.0856254 
vt 0.180742 0.0858357 
vt 0.189652 0.0651799 
vt 0.155531 0.0664629 
vt 0.189499 0.0584045 
vt 0.207454 0.0563291 
vt 0.215361 0.0630937 
vt 0.202118 0.0529118 
vt 0.204125 0.042886 
vt 0.220058 0.0487612 
vt 0.224362 0.0526906 
vt 0.221771 0.0429233 
vt 0.23702 0.0418035 
vt 0.25772 0.0456914 
vt 0.277248 0.0484124 
vt 0.287573 0.0428037 
vt 0.239517 0.045047 
vt 0.281533 0.0379385 
vt 0.311058 0.0277795 
vt 0.312191 0.0326201 
vt 0.315245 0.0281088 
vt 0.316518 0.0319279 
vt 0.314518 0.0246246 
vt 0.322628 0.0261747 
vt 0.323262 0.031282 
vt 0.332592 0.0264858 
vt 0.322156 0.0228236 
vt 0.310082 0.0224122 
vt 0.313792 0.021023 
vt 0.320523 0.0190208 
vt 0.313104 0.0173481 
vt 0.32023 0.0141627 
vt 0.312035 0.0133758 
vt 0.3267 0.0172416 
vt 0.324979 0.0126228 
vt 0.330479 0.0153656 
vt 0.328424 0.0207384 
vt 0.335435 0.0242945 
vt 0.333456 0.0197656 
vt 0.338364 0.0230417 
vt 0.342425 0.0223262 
vt 0.344762 0.0277483 
vt 0.336392 0.0292271 
vt 0.34266 0.0314331 
vt 0.346566 0.0307752 
vt 0.34904 0.0295602 
vt 0.345843 0.0255694 
vt 0.346643 0.0221525 
vt 0.349888 0.0265399 
vt 0.34963 0.0221945 
vt 0.31526 0.582283 
vt 0.327784 0.58352 
vt 0.324624 0.585841 
vt 0.329648 0.586327 
vt 0.322058 0.58732 
vt 0.33535 0.588422 
vt 0.325961 0.589967 
vt 0.330757 0.590352 
vt 0.33894 0.593426 
vt 0.332274 0.594147 
vt 0.32668 0.595128 
vt 0.335419 0.597975 
vt 0.328502 0.601252 
vt 0.321884 0.593649 
vt 0.321379 0.600659 
vt 0.330246 0.611061 
vt 0.319172 0.589261 
vt 0.316932 0.594155 
vt 0.314834 0.589367 
vt 0.29435 0.577521 
vt 0.311231 0.601703 
vt 0.286034 0.595331 
vt 0.286866 0.580789 
vt 0.280988 0.580817 
vt 0.275352 0.580284 
vt 0.276423 0.597217 
vt 0.261782 0.587257 
vt 0.293027 0.607747 
vt 0.317052 0.614248 
vt 0.34451 0.619892 
vt 0.363413 0.623822 
vt 0.365665 0.626203 
vt 0.349578 0.624515 
vt 0.308084 0.627371 
vt 0.336306 0.627696 
vt 0.823051 0.0502529 
vt 0.820406 0.0521514 
vt 0.822463 0.0528719 
vt 0.820643 0.0594912 
vt 0.817862 0.0634013 
vt 0.819616 0.0652636 
vt 0.814452 0.0478861 
vt 0.81797 0.0733669 
vt 0.820536 0.0776917 
vt 0.821301 0.0850356 
vt 0.821663 0.082975 
vt 0.815097 0.0870239 
vt 0.815353 0.0709636 
vt 0.809375 0.0479324 
vt 0.811534 0.0508592 
vt 0.81316 0.0586445 
vt 0.812938 0.0861728 
vt 0.817243 0.0880015 
vt 0.812001 0.0885327 
vt 0.814038 0.0897869 
vt 0.816911 0.0905535 
vt 0.808761 0.0920979 
vt 0.809184 0.0898263 
vt 0.817588 0.0981647 
vt 0.820849 0.0987017 
vt 0.802936 0.090108 
vt 0.820114 0.100381 
vt 0.823051 0.101642 
vt 0.8165 0.103969 
vt 0.813636 0.101696 
vt 0.807288 0.103219 
vt 0.801995 0.0918945 
vt 0.798879 0.0883109 
vt 0.807557 0.100443 
vt 0.799428 0.0998816 
vt 0.791812 0.0918928 
vt 0.79386 0.0962399 
vt 0.795048 0.0867054 
vt 0.787016 0.0900966 
vt 0.787693 0.085093 
vt 0.782585 0.0805911 
vt 0.783492 0.0752465 
vt 0.789339 0.0772184 
vt 0.791695 0.0771548 
vt 0.78951 0.0688689 
vt 0.783499 0.0588915 
vt 0.780206 0.0643046 
vt 0.789398 0.0534046 
vt 0.787137 0.0507904 
vt 0.791352 0.049345 
vt 0.652628 0.384202 
vt 0.642435 0.393634 
vt 0.646258 0.392349 
vt 0.642402 0.397406 
vt 0.635877 0.398218 
vt 0.616346 0.396264 
vt 0.623794 0.400447 
vt 0.638065 0.384075 
vt 0.616856 0.399824 
vt 0.608158 0.404248 
vt 0.604586 0.404833 
vt 0.601579 0.401322 
vt 0.598501 0.406739 
vt 0.60251 0.398526 
vt 0.6082 0.39367 
vt 0.594653 0.390635 
vt 0.599608 0.385905 
vt 0.602764 0.382073 
vt 0.594999 0.386403 
vt 0.597236 0.382684 
vt 0.590706 0.390174 
vt 0.590237 0.386535 
vt 0.587718 0.3842 
vt 0.592272 0.383422 
vt 0.594653 0.379177 
vt 0.590876 0.380659 
vt 0.586666 0.381075 
vt 0.599315 0.378954 
vt 0.595925 0.375989 
vt 0.583131 0.386129 
vt 0.581092 0.382131 
vt 0.600918 0.372841 
vt 0.594818 0.372866 
vt 0.603058 0.376611 
vt 0.595716 0.369618 
vt 0.615797 0.358343 
vt 0.613994 0.350689 
vt 0.617319 0.366289 
vt 0.615845 0.363179 
vt 0.619688 0.361184 
vt 0.618502 0.353421 
vt 0.624284 0.350603 
vt 0.626404 0.342099 
vt 0.620427 0.355437 
vt 0.624123 0.353625 
vt 0.626299 0.353269 
vt 0.629594 0.350765 
vt 0.110968 0.254231 
vt 0.113933 0.253236 
vt 0.114448 0.254961 
vt 0.119537 0.254231 
vt 0.731362 0.429249 
vt 0.731362 0.432701 
vt 0.729649 0.429615 
vt 0.164953 0.814642 
vt 0.163239 0.819241 
vt 0.163239 0.813201 
vt 0.79555 0.855751 
vt 0.798316 0.858765 
vt 0.796176 0.86004 
vt 0.791966 0.855479 
vt 0.802237 0.865551 
vt 0.798313 0.867493 
vt 0.793066 0.86148 
vt 0.788775 0.863723 
vt 0.789608 0.871548 
vt 0.796169 0.872735 
vt 0.794081 0.881363 
vt 0.801361 0.869479 
vt 0.80597 0.872626 
vt 0.808483 0.87182 
vt 0.802453 0.872679 
vt 0.803937 0.879662 
vt 0.807106 0.881363 
vt 0.815748 0.363751 
vt 0.817823 0.49541 
vt 0.82095 0.481956 
vt 0.819147 0.501827 
vt 0.837319 0.450469 
vt 0.836356 0.367179 
vt 0.837378 0.289112 
vt 0.836042 0.499553 
vt 0.811911 0.190041 
vt 0.834485 0.501916 
vt 0.838437 0.503061 
vt 0.828282 0.501852 
vt 0.825632 0.503513 
vt 0.831863 0.504314 
vt 0.831914 0.502722 
vt 0.829433 0.182269 
vt 0.838437 0.176727 
vt 0.839332 0.17547 
vt 0.837138 0.17018 
vt 0.834989 0.169689 
vt 0.831962 0.169131 
vt 0.834042 0.16848 
vt 0.834989 0.169689 
vt 0.830352 0.164977 
vt 0.828185 0.166379 
vt 0.821094 0.160546 
vt 0.824814 0.162559 
vt 0.822519 0.159624 
vt 0.820267 0.155281 
vt 0.817823 0.157691 
vt 0.818426 0.154569 
vt 0.812047 0.14737 
vt 0.815051 0.150282 
vt 0.8147 0.142796 
vt 0.812393 0.143743 
vt 0.791246 0.883794 
vt 0.800378 0.884316 
vt 0.794284 0.888278 
vt 0.797822 0.890352 
vt 0.803852 0.890893 
vt 0.810917 0.888338 
vt 0.803433 0.882226 
vt 0.783092 0.893569 
vt 0.774014 0.889868 
vt 0.784066 0.883163 
vt 0.776091 0.895913 
vt 0.769648 0.89032 
vt 0.764222 0.897486 
vt 0.763453 0.902947 
vt 0.771606 0.905309 
vt 0.776532 0.898245 
vt 0.774601 0.903665 
vt 0.774457 0.908151 
vt 0.762365 0.911227 
vt 0.760497 0.906276 
vt 0.774121 0.914063 
vt 0.775596 0.911052 
vt 0.763785 0.919276 
vt 0.77731 0.914968 
vt 0.778587 0.912642 
vt 0.773264 0.918029 
vt 0.782442 0.913213 
vt 0.776029 0.917706 
vt 0.805887 0.913104 
vt 0.777905 0.919117 
vt 0.781026 0.920953 
vt 0.778781 0.921915 
vt 0.803318 0.915928 
vt 0.799887 0.919512 
vt 0.811566 0.911934 
vt 0.806547 0.919705 
vt 0.813805 0.919855 
vt 0.813066 0.921915 
vt 0.814374 0.912759 
vt 0.815728 0.909543 
vt 0.817156 0.91564 
vt 0.817909 0.905939 
vt 0.459614 0.339286 
vt 0.443873 0.443493 
vt 0.474764 0.382375 
vt 0.442588 0.468439 
vt 0.489823 0.261006 
vt 0.484123 0.148575 
vt 0.46921 0.435682 
vt 0.454477 0.480506 
vt 0.444473 0.472019 
vt 0.44552 0.476365 
vt 0.448689 0.480642 
vt 0.45256 0.48216 
vt 0.470903 0.437555 
vt 0.460851 0.484674 
vt 0.454397 0.484205 
vt 0.452877 0.482833 
vt 0.459516 0.487915 
vt 0.462564 0.489954 
vt 0.498143 0.426978 
vt 0.50205 0.368573 
vt 0.51203 0.2719 
vt 0.515304 0.235317 
vt 0.496982 0.199038 
vt 0.491697 0.49564 
vt 0.523136 0.153167 
vt 0.504645 0.150678 
vt 0.513582 0.14973 
vt 0.502017 0.150896 
vt 0.502784 0.148498 
vt 0.48708 0.148484 
vt 0.4854 0.146463 
vt 0.493824 0.143658 
vt 0.475499 0.49421 
vt 0.459516 0.487915 
vt 0.461461 0.49014 
vt 0.461874 0.495072 
vt 0.470695 0.50451 
vt 0.465991 0.506502 
vt 0.467441 0.510426 
vt 0.478139 0.502934 
vt 0.470949 0.513115 
vt 0.469323 0.513749 
vt 0.472534 0.516314 
vt 0.482031 0.507242 
vt 0.476365 0.520138 
vt 0.472997 0.518009 
vt 0.48873 0.505618 
vt 0.490508 0.511627 
vt 0.477502 0.522023 
vt 0.478987 0.523934 
vt 0.485436 0.52674 
vt 0.504787 0.52305 
vt 0.496624 0.531613 
vt 0.493005 0.532058 
vt 0.505674 0.532775 
vt 0.504953 0.534513 
vt 0.5084 0.533534 
vt 0.513294 0.532011 
vt 0.511799 0.533647 
vt 0.517303 0.530513 
vt 0.517289 0.53235 
vt 0.5193 0.531412 
vt 0.523136 0.529666 
vt 0.521475 0.523045 
vt 0.509906 0.515071 
vt 0.505756 0.515429 
vt 0.508293 0.511007 
vt 0.51184 0.51065 
vt 0.515688 0.511917 
vt 0.51383 0.505062 
vt 0.510611 0.506125 
vt 0.512491 0.499139 
vt 0.507855 0.497635 
vt 0.506021 0.501741 
vt 0.5044 0.4958 
vt 0.502377 0.497938 
vt 0.502885 0.494321 
vt 0.493846 0.505307 
vt 0.496675 0.501673 
vt 0.458128 0.637568 
vt 0.453728 0.637302 
vt 0.456477 0.640996 
vt 0.457114 0.631654 
vt 0.460368 0.634419 
vt 0.461218 0.632336 
vt 0.46401 0.634478 
vt 0.463059 0.629422 
vt 0.46309 0.637812 
vt 0.460344 0.640905 
vt 0.463391 0.643186 
vt 0.458883 0.644358 
vt 0.454484 0.643871 
vt 0.463059 0.647074 
vt 0.458337 0.649267 
vt 0.346615 0.934858 
vt 0.352652 0.920628 
vt 0.351805 0.929362 
vt 0.35518 0.921138 
vt 0.355908 0.919504 
vt 0.353811 0.917251 
vt 0.355978 0.916739 
vt 0.378962 0.920038 
vt 0.444147 0.928144 
vt 0.418246 0.922898 
vt 0.499322 0.931109 
vt 0.485275 0.932817 
vt 0.516099 0.934788 
vt 0.529991 0.934858 
vt 0.146104 0.369656 
vt 0.144281 0.36523 
vt 0.148514 0.364377 
vt 0.136714 0.372003 
vt 0.152719 0.368245 
vt 0.152927 0.364335 
vt 0.152661 0.372035 
vt 0.152011 0.375434 
vt 0.151513 0.378825 
vt 0.143257 0.378005 
vt 0.144372 0.373011 
vt 0.139661 0.373725 
vt 0.13873 0.376698 
vt 0.138713 0.379332 
vt 0.129897 0.380985 
vt 0.131564 0.377301 
vt 0.126099 0.379777 
vt 0.128543 0.373146 
vt 0.123337 0.376354 
vt 0.121711 0.380002 
vt 0.205227 0.0754352 
vt 0.203513 0.0780846 
vt 0.203513 0.0746333 
vt 0.932388 0.983175 
vt 0.949871 0.985634 
vt 0.93354 0.990244 
vt 0.948686 0.990839 
vt 0.948014 0.993529 
vt 0.932318 0.993529 
vt 0.930638 0.989561 
vt 0.929306 0.983177 
vt 0.494274 0.49893 
vt 0.494922 0.494615 
vt 0.491407 0.503422 
vt 0.485176 0.502103 
vt 0.49006 0.499992 
vt 0.48042 0.49743 
vt 0.430576 0.816248 
vt 0.421165 0.818378 
vt 0.427789 0.812112 
vt 0.443564 0.813037 
vt 0.431967 0.810191 
vt 0.427569 0.810054 
vt 0.427331 0.806126 
vt 0.45106 0.810713 
vt 0.433686 0.807056 
vt 0.427038 0.800899 
vt 0.450572 0.808325 
vt 0.458545 0.811335 
vt 0.449984 0.812509 
vt 0.470463 0.815973 
vt 0.474826 0.803144 
vt 0.468054 0.81229 
vt 0.481153 0.818378 
vt 0.482005 0.800259 
vt 0.335425 0.218363 
vt 0.406082 0.208698 
vt 0.372406 0.232821 
vt 0.321332 0.241848 
vt 0.165099 0.240459 
vt 0.416588 0.227862 
vt 0.42423 0.223908 
vt 0.377796 0.2343 
vt 0.181276 0.262804 
vt 0.119027 0.257827 
vt 0.443118 0.226193 
vt 0.455458 0.244132 
vt 0.457206 0.241153 
vt 0.456279 0.23116 
vt 0.354019 0.258647 
vt 0.341102 0.263021 
vt 0.0429782 0.259495 
vt 0.0398458 0.258754 
vt 0.0417537 0.255921 
vt 0.0399318 0.261345 
vt 0.0442553 0.256584 
vt 0.0431532 0.261488 
vt 0.0429362 0.274558 
vt 0.0574723 0.260005 
vt 0.0531279 0.271411 
vt 0.0449594 0.277189 
vt 0.0544733 0.272975 
vt 0.0569391 0.275301 
vt 0.047379 0.280846 
vt 0.0726618 0.279473 
vt 0.0738697 0.272191 
vt 0.0730445 0.276086 
vt 0.0748179 0.276414 
vt 0.0741672 0.280846 
vt 0.0757341 0.273465 
vt 0.0750158 0.262936 
vt 0.0755718 0.269791 
vt 0.0760555 0.259025 
vt 0.0739224 0.257372 
vt 0.0766924 0.256483 
vt 0.0749004 0.254098 
vt 0.230812 0.938615 
vt 0.23318 0.945086 
vt 0.230077 0.944728 
vt 0.232939 0.946937 
vt 0.232672 0.936955 
vt 0.425356 0.943062 
vt 0.426108 0.946937 
vt 0.425762 0.936583 
vt 0.428394 0.944972 
vt 0.428877 0.938244 
vt 0.267485 0.275974 
vt 0.238533 0.277877 
vt 0.187845 0.287943 
vt 0.131447 0.298377 
vt 0.455035 0.2242 
vt 0.457297 0.2266 
vt 0.458012 0.235183 
vt 0.447224 0.22328 
vt 0.455121 0.214682 
vt 0.453399 0.204055 
vt 0.455727 0.206334 
vt 0.0991233 0.277023 
vt 0.102986 0.297216 
vt 0.106008 0.302023 
vt 0.102096 0.272097 
vt 0.0998375 0.271732 
vt 0.0866773 0.27806 
vt 0.103528 0.268507 
vt 0.112789 0.259886 
vt 0.104873 0.265462 
vt 0.0983594 0.269793 
vt 0.0998375 0.271732 
vt 0.0843932 0.294895 
vt 0.0830112 0.281452 
vt 0.0953518 0.297729 
vt 0.102895 0.301715 
vt 0.106414 0.304821 
vt 0.107632 0.321905 
vt 0.0770988 0.285222 
vt 0.0783516 0.28231 
vt 0.0694226 0.286587 
vt 0.0754236 0.296028 
vt 0.0668553 0.28889 
vt 0.0621536 0.292663 
vt 0.0957736 0.315029 
vt 0.060958 0.296018 
vt 0.060708 0.293978 
vt 0.0572454 0.296115 
vt 0.0562839 0.324727 
vt 0.0572084 0.297931 
vt 0.0561047 0.296477 
vt 0.0561047 0.296477 
vt 0.047991 0.298813 
vt 0.0472506 0.302451 
vt 0.0457651 0.300339 
vt 0.0417687 0.302054 
vt 0.0398458 0.302176 
vt 0.0400873 0.304637 
vt 0.044436 0.333423 
vt 0.0424294 0.334943 
vt 0.051586 0.3339 
vt 0.0502956 0.335684 
vt 0.0517657 0.336687 
vt 0.0596436 0.336205 
vt 0.066075 0.338753 
vt 0.0599767 0.33807 
vt 0.0673731 0.340767 
vt 0.0742578 0.341628 
vt 0.0738909 0.343816 
vt 0.0677343 0.340091 
vt 0.0774624 0.345248 
vt 0.0856472 0.345446 
vt 0.0860622 0.347709 
vt 0.0985736 0.327621 
vt 0.10548 0.32426 
vt 0.110148 0.324242 
vt 0.0974992 0.339101 
vt 0.0940717 0.34574 
vt 0.087028 0.348518 
vt 0.0983861 0.352082 
vt 0.10844 0.350245 
vt 0.104663 0.354185 
vt 0.108163 0.353226 
vt 0.149772 0.351246 
vt 0.155492 0.326123 
vt 0.319108 0.353871 
vt 0.335062 0.352445 
vt 0.386143 0.332605 
vt 0.447453 0.353253 
vt 0.423448 0.332827 
vt 0.452801 0.33579 
vt 0.454809 0.333062 
vt 0.455138 0.346791 
vt 0.453762 0.354185 
vt 0.158098 0.198426 
vt 0.173314 0.200621 
vt 0.160108 0.20433 
vt 0.173535 0.196692 
vt 0.170754 0.206613 
vt 0.160916 0.209242 
vt 0.1611 0.212683 
vt 0.177149 0.208762 
vt 0.190927 0.204904 
vt 0.192978 0.20947 
vt 0.198307 0.20323 
vt 0.18637 0.19629 
vt 0.199644 0.206409 
vt 0.202276 0.212319 
vt 0.202217 0.201319 
vt 0.203208 0.206086 
vt 0.205635 0.208468 
vt 0.205829 0.212683 
vt 0.208823 0.211301 
vt 0.206121 0.20485 
vt 0.206339 0.199693 
vt 0.209584 0.200383 
vt 0.210061 0.205776 
vt 0.21551 0.207784 
vt 0.212682 0.209674 
vt 0.688327 0.0722552 
vt 0.646789 0.070793 
vt 0.688957 0.0613844 
vt 0.690712 0.0658788 
vt 0.690911 0.0729077 
vt 0.69346 0.0643301 
vt 0.693653 0.0580237 
vt 0.619474 0.0496793 
vt 0.528219 0.0685143 
vt 0.688167 0.049004 
vt 0.618126 0.047424 
vt 0.496775 0.0437388 
vt 0.50625 0.0242413 
vt 0.689088 0.0310894 
vt 0.428898 0.020289 
vt 0.502103 0.0602999 
vt 0.490306 0.0702534 
vt 0.451337 0.0693222 
vt 0.440587 0.0447464 
vt 0.408735 0.0425303 
vt 0.394784 0.0702874 
vt 0.381696 0.0172145 
vt 0.377476 0.0159621 
vt 0.373875 0.0181133 
vt 0.371936 0.0343892 
vt 0.37049 0.0207886 
vt 0.36588 0.022256 
vt 0.36222 0.0235124 
vt 0.358613 0.0372497 
vt 0.359926 0.0272367 
vt 0.357563 0.0398792 
vt 0.358841 0.0424424 
vt 0.355201 0.0367543 
vt 0.355966 0.0356973 
vt 0.3574 0.0342413 
vt 0.359082 0.0291231 
vt 0.352576 0.0380985 
vt 0.347509 0.0406647 
vt 0.347239 0.06538 
vt 0.349346 0.0729077 
vt 0.346687 0.0562813 
vt 0.340147 0.0666776 
vt 0.339399 0.0516436 
vt 0.339069 0.042751 
vt 0.335476 0.0454978 
vt 0.117823 0.212683 
vt 0.120394 0.212683 
vt 0.118261 0.210095 
vt 0.332048 0.0736423 
vt 0.322663 0.0737705 
vt 0.323012 0.0720378 
vt 0.310804 0.0725724 
vt 0.308463 0.0660052 
vt 0.299486 0.0736423 
vt 0.838644 0.0737705 
vt 0.841045 0.0763589 
vt 0.83162 0.0763589 
vt 0.313841 0.695002 
vt 0.317177 0.692406 
vt 0.31563 0.700623 
vt 0.312975 0.702747 
vt 0.315612 0.703529 
vt 0.321368 0.707803 
vt 0.324767 0.71143 
vt 0.322381 0.705176 
vt 0.329942 0.712089 
vt 0.333049 0.706194 
vt 0.333762 0.713115 
vt 0.32609 0.703645 
vt 0.828192 0.929099 
vt 0.829906 0.934858 
vt 0.829906 0.904659 
vt 0.833333 0.835634 
vt 0.835047 0.838275 
vt 0.833333 0.839948 
vt 0.768209 0.696721 
vt 0.774207 0.696721 
vt 0.771138 0.694996 
vt 0.926999 0.143194 
vt 0.922651 0.1488 
vt 0.921345 0.143794 
vt 0.909597 0.138785 
vt 0.929096 0.131602 
vt 0.931039 0.130257 
vt 0.926963 0.127479 
vt 0.91866 0.140212 
vt 0.911305 0.137911 
vt 0.919658 0.125539 
vt 0.912336 0.131308 
vt 0.910494 0.127992 
vt 0.737361 0.482744 
vt 0.737361 0.488783 
vt 0.735647 0.488156 
vt 0.711654 0.224657 
vt 0.702457 0.263169 
vt 0.707385 0.249381 
vt 0.711525 0.21786 
vt 0.699913 0.259351 
vt 0.698095 0.292572 
vt 0.701283 0.322345 
vt 0.704731 0.264601 
vt 0.707776 0.254495 
vt 0.705806 0.270925 
vt 0.703217 0.29298 
vt 0.705227 0.301574 
vt 0.705973 0.377681 
vt 0.70889 0.36668 
vt 0.707345 0.375446 
vt 0.704588 0.398172 
vt 0.0159296 0.273046 
vt 0.0159497 0.284631 
vt 0.0175279 0.276873 
vt 0.0132819 0.275126 
vt 0.0215497 0.273467 
vt 0.0202615 0.271692 
vt 0.0218509 0.267903 
vt 0.0218509 0.291939 
vt 0.0188942 0.292062 
vt 0.0164576 0.29173 
vt 0.378068 0.795539 
vt 0.42216 0.796203 
vt 0.40902 0.799193 
vt 0.422879 0.798807 
vt 0.379071 0.799197 
vt 0.360446 0.797489 
vt 0.359456 0.793907 
vt 0.338554 0.792822 
vt 0.327824 0.797916 
vt 0.320749 0.79309 
vt 0.323606 0.791549 
vt 0.307802 0.786942 
vt 0.305241 0.788615 
vt 0.293962 0.786855 
vt 0.319334 0.794904 
vt 0.328899 0.800152 
vt 0.332932 0.802847 
vt 0.283377 0.791898 
vt 0.263258 0.79482 
vt 0.266632 0.77982 
vt 0.2667 0.777826 
vt 0.252238 0.787635 
vt 0.242533 0.792888 
vt 0.236208 0.790346 
vt 0.246629 0.786824 
vt 0.232258 0.793675 
vt 0.228293 0.790505 
vt 0.214262 0.796192 
vt 0.214474 0.793169 
vt 0.197515 0.802847 
vt 0.26521 0.990698 
vt 0.260708 0.992461 
vt 0.254539 0.988514 
vt 0.255955 0.99362 
vt 0.263627 0.996117 
vt 0.25068 0.993485 
vt 0.24874 0.987489 
vt 0.244168 0.995039 
vt 0.237757 0.991059 
vt 0.235422 0.989372 
vt 0.232786 0.996117 
vt 0.231791 0.994297 
vt 0.233366 0.990146 
vt 0.979006 0.669865 
vt 0.973884 0.666134 
vt 0.974514 0.669974 
vt 0.967352 0.662728 
vt 0.978663 0.666683 
vt 0.973027 0.659249 
vt 0.964342 0.654217 
vt 0.960466 0.63979 
vt 0.956029 0.638363 
vt 0.952538 0.624117 
vt 0.950562 0.625338 
vt 0.948158 0.624282 
vt 0.948952 0.616812 
vt 0.973863 0.655292 
vt 0.967436 0.643743 
vt 0.960711 0.630168 
vt 0.957616 0.622732 
vt 0.956347 0.604647 
vt 0.949764 0.59561 
vt 0.957076 0.584294 
vt 0.948546 0.588781 
vt 0.951116 0.568114 
vt 0.966838 0.56018 
vt 0.95175 0.560567 
vt 0.979006 0.53365 
vt 0.787918 0.222174 
vt 0.793059 0.222174 
vt 0.789488 0.219586 
vt 0.302039 0.992666 
vt 0.300343 0.995255 
vt 0.309769 0.995255 
vt 0.789143 0.95554 
vt 0.791351 0.947697 
vt 0.797946 0.947148 
vt 0.793374 0.940035 
vt 0.785582 0.942033 
vt 0.782119 0.94979 
vt 0.775512 0.940178 
vt 0.767258 0.946476 
vt 0.768339 0.958836 
vt 0.758124 0.959543 
vt 0.766269 0.96516 
vt 0.755498 0.948299 
vt 0.746333 0.960212 
vt 0.729915 0.957232 
vt 0.74964 0.970937 
vt 0.732972 0.9618 
vt 0.734007 0.969712 
vt 0.741202 0.976764 
vt 0.747584 0.986297 
vt 0.723936 0.962989 
vt 0.72381 0.954104 
vt 0.716622 0.95966 
vt 0.715938 0.9652 
vt 0.723167 0.967168 
vt 0.716831 0.970429 
vt 0.730101 0.975373 
vt 0.723595 0.977113 
vt 0.718634 0.976952 
vt 0.722018 0.982839 
vt 0.729066 0.982436 
vt 0.725014 0.990106 
vt 0.719303 0.987621 
vt 0.734685 0.987419 
vt 0.733734 0.994408 
vt 0.697087 0.896894 
vt 0.703085 0.896894 
vt 0.699507 0.893443 
vt 0.581405 0.141696 
vt 0.589016 0.140207 
vt 0.586455 0.142796 
vt 0.589739 0.14275 
vt 0.592545 0.141696 
vt 0.433969 0.775237 
vt 0.433051 0.777826 
vt 0.431448 0.776325 
vt 0.446015 0.777826 
vt 0.324336 0.323123 
vt 0.324336 0.326575 
vt 0.322622 0.324861 
vt 0.781063 0.785591 
vt 0.782776 0.786599 
vt 0.781063 0.793356 
vt 0.0104242 0.300378 
vt 0.011946 0.310181 
vt 0.0122973 0.301502 
vt 0.012425 0.29591 
vt 0.00985433 0.289787 
vt 0.011946 0.281708 
vt 0.00999881 0.283884 
vt 0.540153 0.135128 
vt 0.520566 0.135166 
vt 0.535922 0.137619 
vt 0.556586 0.13503 
vt 0.554183 0.137619 
vt 0.564267 0.135167 
vt 0.387591 0.307838 
vt 0.379854 0.302867 
vt 0.392753 0.312735 
vt 0.400392 0.315323 
vt 0.407118 0.322218 
vt 0.398545 0.323713 
vt 0.417578 0.318513 
vt 0.411931 0.326575 
vt 0.421578 0.325635 
vt 0.423736 0.315267 
vt 0.389785 0.319769 
vt 0.386315 0.326575 
vt 0.385571 0.314588 
vt 0.377756 0.323821 
vt 0.379352 0.310531 
vt 0.373217 0.314858 
vt 0.340838 0.319853 
vt 0.370784 0.308276 
vt 0.359623 0.310155 
vt 0.340565 0.313264 
vt 0.356304 0.303636 
vt 0.373187 0.301673 
vt 0.378306 0.294699 
vt 0.370037 0.291572 
vt 0.378692 0.287122 
vt 0.369402 0.285197 
vt 0.336829 0.293099 
vt 0.367427 0.277251 
vt 0.359407 0.282002 
vt 0.33211 0.289027 
vt 0.3395 0.299269 
vt 0.342385 0.303514 
vt 0.333685 0.296646 
vt 0.339063 0.306223 
vt 0.333948 0.303048 
vt 0.332783 0.308462 
vt 0.330037 0.301159 
vt 0.329557 0.29723 
vt 0.335501 0.316067 
vt 0.332075 0.316602 
vt 0.336943 0.322874 
vt 0.332143 0.322527 
vt 0.327981 0.288068 
vt 0.325951 0.293365 
vt 0.321533 0.286551 
vt 0.323994 0.280549 
vt 0.318338 0.284836 
vt 0.32834 0.279863 
vt 0.334436 0.279336 
vt 0.332566 0.2737 
vt 0.358613 0.0372497 
vt 0.359082 0.0291231 
vt 0.359926 0.0272367 
vt 0.701749 0.066606 
vt 0.712683 0.0666671 
vt 0.711834 0.072265 
vt 0.702437 0.0620515 
vt 0.69346 0.0643301 
vt 0.712939 0.0633485 
vt 0.702214 0.0531363 
vt 0.71301 0.0531143 
vt 0.693813 0.0523945 
vt 0.690398 0.0486957 
vt 0.69399 0.047323 
vt 0.688931 0.0471106 
vt 0.693499 0.0396342 
vt 0.691622 0.0303429 
vt 0.700589 0.0484095 
vt 0.69399 0.047323 
vt 0.706738 0.0476707 
vt 0.70159 0.0415283 
vt 0.693499 0.0396342 
vt 0.694864 0.0362759 
vt 0.701517 0.035894 
vt 0.714631 0.038853 
vt 0.713327 0.0456859 
vt 0.715081 0.0473612 
vt 0.158098 0.449957 
vt 0.164096 0.449957 
vt 0.158139 0.447368 
vt 0.332048 0.986626 
vt 0.369752 0.986626 
vt 0.355848 0.984038 
vt 0.710434 0.0121813 
vt 0.736777 0.00981236 
vt 0.723444 0.0153616 
vt 0.702438 0.0141448 
vt 0.742226 0.0183203 
vt 0.686362 0.0209864 
vt 0.691934 0.0149521 
vt 0.749844 0.00756538 
vt 0.675713 0.0176626 
vt 0.732817 0.0218903 
vt 0.673771 0.0248209 
vt 0.6729 0.0193402 
vt 0.663776 0.0199368 
vt 0.655955 0.0226294 
vt 0.733419 0.0340811 
vt 0.742218 0.0291212 
vt 0.748265 0.024891 
vt 0.766446 0.0221936 
vt 0.786225 0.0271094 
vt 0.752787 0.0143548 
vt 0.757575 0.007617 
vt 0.76584 0.00922811 
vt 0.764388 0.00733393 
vt 0.768556 0.0113242 
vt 0.786512 0.0122036 
vt 0.767981 0.00979298 
vt 0.797494 0.0225858 
vt 0.791386 0.0122265 
vt 0.800168 0.0132508 
vt 0.817847 0.0218842 
vt 0.820666 0.0143151 
vt 0.816342 0.0260252 
vt 0.830668 0.0330133 
vt 0.82631 0.0158463 
vt 0.83028 0.0274599 
vt 0.845351 0.0340811 
vt 0.844509 0.015467 
vt 0.846803 0.0248069 
vt 0.847856 0.0177715 
vt 0.857509 0.0147973 
vt 0.86377 0.0193581 
vt 0.850499 0.0207934 
vt 0.865319 0.0226061 
vt 0.866365 0.0208877 
vt 0.864882 0.0148218 
vt 0.869323 0.0134631 
vt 0.86879 0.0148298 
vt 0.985461 0.0227713 
vt 0.981507 0.0198753 
vt 0.981612 0.0259185 
vt 0.99109 0.0264552 
vt 0.989924 0.0213512 
vt 0.9872 0.0282951 
vt 0.993834 0.0319086 
vt 0.988664 0.0362856 
vt 0.983106 0.031265 
vt 0.995247 0.0373284 
vt 0.977565 0.0367287 
vt 0.96578 0.0303451 
vt 0.983793 0.0366285 
vt 0.988636 0.0441576 
vt 0.996549 0.0347019 
vt 0.997876 0.0385843 
vt 0.996203 0.0470037 
vt 0.999572 0.0485303 
vt 0.991855 0.0542177 
vt 0.994948 0.0582149 
vt 0.982248 0.046955 
vt 0.985843 0.0530791 
vt 0.993339 0.0621503 
vt 0.99786 0.0662522 
vt 0.970295 0.0447676 
vt 0.974114 0.0535745 
vt 0.978167 0.0625529 
vt 0.961218 0.0557657 
vt 0.949922 0.0391437 
vt 0.984593 0.0709854 
vt 0.995465 0.0798169 
vt 0.98578 0.0828645 
vt 0.996178 0.087561 
vt 0.976031 0.0719315 
vt 0.965882 0.0742716 
vt 0.9751 0.0811569 
vt 0.990586 0.0914831 
vt 0.999572 0.0980109 
vt 0.990685 0.0985594 
vt 0.977842 0.0871211 
vt 0.983176 0.0986667 
vt 0.987277 0.104412 
vt 0.981402 0.0931019 
vt 0.960256 0.105676 
vt 0.967188 0.0914369 
vt 0.965328 0.0980378 
vt 0.95975 0.0813892 
vt 0.956065 0.0933545 
vt 0.94854 0.0969689 
vt 0.948342 0.106557 
vt 0.951898 0.0866459 
vt 0.939325 0.101286 
vt 0.94274 0.0854611 
vt 0.934775 0.0878631 
vt 0.940021 0.0796355 
vt 0.932857 0.0970318 
vt 0.929143 0.103404 
vt 0.924666 0.0921812 
vt 0.921688 0.100473 
vt 0.917526 0.0903201 
vt 0.944219 0.0716305 
vt 0.926639 0.0815334 
vt 0.919651 0.0814165 
vt 0.911574 0.0837184 
vt 0.919802 0.0717206 
vt 0.90904 0.0713507 
vt 0.932283 0.0701107 
vt 0.912715 0.0631026 
vt 0.91885 0.0606667 
vt 0.907883 0.0577698 
vt 0.92427 0.0655178 
vt 0.935058 0.0606912 
vt 0.923036 0.0532716 
vt 0.916304 0.0500717 
vt 0.911478 0.0430797 
vt 0.945898 0.0623047 
vt 0.915172 0.0403001 
vt 0.9084 0.0354945 
vt 0.915545 0.0295715 
vt 0.925974 0.0449503 
vt 0.922799 0.0328973 
vt 0.916654 0.023343 
vt 0.924394 0.0205702 
vt 0.928796 0.0385171 
vt 0.933684 0.0278865 
vt 0.936283 0.0200204 
vt 0.934372 0.0423245 
vt 0.938932 0.0486075 
vt 0.946253 0.0470585 
vt 0.942926 0.0304118 
vt 0.954073 0.0308366 
vt 0.942093 0.0241634 
vt 0.944608 0.0168248 
vt 0.951973 0.0228184 
vt 0.122894 0.718885 
vt 0.125078 0.735514 
vt 0.122811 0.735695 
vt 0.127246 0.710808 
vt 0.120822 0.749323 
vt 0.115391 0.758877 
vt 0.136811 0.707262 
vt 0.127959 0.704487 
vt 0.17336 0.706822 
vt 0.182476 0.738643 
vt 0.229805 0.710804 
vt 0.116153 0.764894 
vt 0.113539 0.7662 
vt 0.116818 0.767472 
vt 0.162943 0.767008 
vt 0.300655 0.742721 
vt 0.268741 0.714191 
vt 0.396082 0.743199 
vt 0.398322 0.767472 
vt 0.306967 0.713994 
vt 0.436277 0.766331 
vt 0.426056 0.71823 
vt 0.433465 0.720618 
vt 0.467769 0.720061 
vt 0.466371 0.742409 
vt 0.468011 0.764642 
vt 0.470009 0.72161 
vt 0.469611 0.759445 
vt 0.468829 0.741348 
vt 0.703859 0.166091 
vt 0.701371 0.166638 
vt 0.701554 0.169186 
vt 0.703942 0.174497 
vt 0.7016 0.176073 
vt 0.703859 0.181622 
vt 0.701564 0.180086 
vt 0.35082 0.659634 
vt 0.432096 0.659009 
vt 0.371807 0.663668 
vt 0.35075 0.662392 
vt 0.348329 0.661817 
vt 0.349182 0.669863 
vt 0.351702 0.683995 
vt 0.349206 0.682646 
vt 0.350575 0.706272 
vt 0.457442 0.686099 
vt 0.468371 0.658692 
vt 0.353312 0.708172 
vt 0.350806 0.710526 
vt 0.467917 0.708489 
vt 0.564201 0.654569 
vt 0.541873 0.708273 
vt 0.609867 0.683048 
vt 0.621531 0.709203 
vt 0.622198 0.65172 
vt 0.678261 0.709025 
vt 0.69351 0.678259 
vt 0.700935 0.697682 
vt 0.70246 0.707188 
vt 0.70357 0.710526 
vt 0.704799 0.707747 
vt 0.693604 0.671119 
vt 0.695412 0.678849 
vt 0.691099 0.657743 
vt 0.690497 0.647949 
vt 0.690495 0.64409 
vt 0.00899743 0.940897 
vt 0.0115681 0.940897 
vt 0.00952095 0.938309 
vt 0.00932513 0.531227 
vt 0.00385604 0.531924 
vt 0.00919261 0.530198 
vt 0.0141388 0.531924 
vt 0.800455 0.442114 
vt 0.7958 0.438159 
vt 0.794399 0.44086 
vt 0.785584 0.443089 
vt 0.795462 0.432125 
vt 0.794182 0.449636 
vt 0.789051 0.447628 
vt 0.789734 0.424073 
vt 0.795919 0.425878 
vt 0.781662 0.440131 
vt 0.782112 0.424617 
vt 0.774802 0.437335 
vt 0.781092 0.444357 
vt 0.773784 0.44043 
vt 0.787653 0.450976 
vt 0.777906 0.459216 
vt 0.797833 0.459012 
vt 0.804055 0.452707 
vt 0.805023 0.460682 
vt 0.809371 0.454682 
vt 0.809463 0.450429 
vt 0.805612 0.446019 
vt 0.810254 0.443195 
vt 0.810752 0.445352 
vt 0.813625 0.445144 
vt 0.397633 0.897758 
vt 0.392031 0.896802 
vt 0.395597 0.892815 
vt 0.399442 0.89301 
vt 0.40266 0.896007 
vt 0.402757 0.899208 
vt 0.418866 0.902934 
vt 0.403168 0.891277 
vt 0.42193 0.899293 
vt 0.417766 0.895334 
vt 0.416722 0.890799 
vt 0.406265 0.888183 
vt 0.42729 0.896852 
vt 0.436539 0.902217 
vt 0.422567 0.888168 
vt 0.43517 0.899358 
vt 0.442158 0.899646 
vt 0.441783 0.902934 
vt 0.44421 0.893477 
vt 0.434421 0.88654 
vt 0.446015 0.88925 
vt 0.652421 0.598361 
vt 0.647815 0.598504 
vt 0.645673 0.600086 
vt 0.656812 0.600086 
vt 0.407455 0.394868 
vt 0.411006 0.415444 
vt 0.414728 0.410953 
vt 0.414115 0.39616 
vt 0.413801 0.389474 
vt 0.409029 0.387361 
vt 0.415609 0.394032 
vt 0.418595 0.399262 
vt 0.415931 0.387734 
vt 0.417244 0.385678 
vt 0.416026 0.377481 
vt 0.418595 0.381665 
vt 0.382605 0.898619 
vt 0.388603 0.898619 
vt 0.386719 0.896894 
vt 0.070969 0.235769 
vt 0.05256 0.231336 
vt 0.0594751 0.22979 
vt 0.0735989 0.229716 
vt 0.0426534 0.237705 
vt 0.0397739 0.231655 
vt 0.0261354 0.231792 
vt 0.0868859 0.227637 
vt 0.0750357 0.228352 
vt 0.125173 0.232191 
vt 0.107017 0.226118 
vt 0.107312 0.224474 
vt 0.109196 0.224279 
vt 0.132926 0.224294 
vt 0.114248 0.222174 
vt 0.136583 0.23201 
vt 0.153463 0.226964 
vt 0.157218 0.228934 
vt 0.161619 0.227624 
vt 0.174559 0.231141 
vt 0.166657 0.237705 
vt 0.17766 0.233006 
vt 0.188089 0.234401 
vt 0.761337 0.932032 
vt 0.763925 0.941462 
vt 0.759226 0.93382 
vt 0.759984 0.942994 
vt 0.758518 0.926341 
vt 0.762145 0.926623 
vt 0.742419 0.92574 
vt 0.701392 0.936121 
vt 0.726967 0.931456 
vt 0.7351 0.924328 
vt 0.726981 0.924374 
vt 0.723676 0.923353 
vt 0.698758 0.945211 
vt 0.699884 0.930858 
vt 0.711984 0.922538 
vt 0.666517 0.937818 
vt 0.654998 0.94475 
vt 0.696003 0.927649 
vt 0.705915 0.92392 
vt 0.70811 0.921646 
vt 0.691305 0.921522 
vt 0.683525 0.920104 
vt 0.669026 0.919838 
vt 0.659627 0.932878 
vt 0.647651 0.928151 
vt 0.630697 0.92127 
vt 0.643173 0.919327 
vt 0.623298 0.925622 
vt 0.614354 0.927325 
vt 0.614332 0.927911 
vt 0.642641 0.936724 
vt 0.571123 0.945211 
vt 0.592423 0.9367 
vt 0.600919 0.93527 
vt 0.607182 0.931556 
vt 0.603135 0.931152 
vt 0.592839 0.935371 
vt 0.592423 0.9367 
vt 0.268638 0.517256 
vt 0.267241 0.507765 
vt 0.26521 0.517256 
vt 0.985917 0.278505 
vt 0.987475 0.278461 
vt 0.989289 0.269629 
vt 0.985394 0.284042 
vt 0.981577 0.288471 
vt 0.985687 0.287284 
vt 0.985384 0.288846 
vt 0.986231 0.291039 
vt 0.988978 0.295995 
vt 0.989289 0.298102 
vt 0.672387 0.225502 
vt 0.683524 0.2163 
vt 0.673897 0.215683 
vt 0.672237 0.211607 
vt 0.673328 0.206156 
vt 0.673217 0.239776 
vt 0.686022 0.275086 
vt 0.673702 0.197433 
vt 0.675549 0.201182 
vt 0.691527 0.223086 
vt 0.688136 0.286885 
vt 0.700514 0.2405 
vt 0.697372 0.214679 
vt 0.691575 0.209568 
vt 0.683582 0.193289 
vt 0.67448 0.198554 
vt 0.674586 0.190562 
vt 0.675832 0.187692 
vt 0.691158 0.169412 
vt 0.675669 0.181245 
vt 0.693657 0.149726 
vt 0.677485 0.177158 
vt 0.676005 0.174031 
vt 0.684278 0.169821 
vt 0.676925 0.172863 
vt 0.686074 0.152755 
vt 0.679612 0.163656 
vt 0.678088 0.162279 
vt 0.679462 0.158167 
vt 0.680912 0.146417 
vt 0.682658 0.141255 
vt 0.689083 0.130616 
vt 0.683567 0.129076 
vt 0.696513 0.138084 
vt 0.685218 0.121373 
vt 0.695599 0.110999 
vt 0.700514 0.111168 
vt 0.699581 0.106557 
vt 0.694837 0.10877 
vt 0.686771 0.110756 
vt 0.68499 0.109141 
vt 0.687602 0.107632 
vt 0.0312768 0.295513 
vt 0.0398458 0.295513 
vt 0.033032 0.293788 
vt 0.200086 0.787317 
vt 0.200086 0.783865 
vt 0.198372 0.784668 
vt 0.00845088 0.796028 
vt 0.00771543 0.786527 
vt 0.0053329 0.796867 
vt 0.00452754 0.782619 
vt 0.00988605 0.765587 
vt 0.00385604 0.775609 
vt 0.035337 0.730081 
vt 0.032444 0.762425 
vt 0.0385961 0.743739 
vt 0.0280906 0.779612 
vt 0.0477792 0.698507 
vt 0.0460571 0.729042 
vt 0.050483 0.722604 
vt 0.00982784 0.803918 
vt 0.0253539 0.791761 
vt 0.0255761 0.80678 
vt 0.0237719 0.816813 
vt 0.00718253 0.809199 
vt 0.0238719 0.823163 
vt 0.00963935 0.823454 
vt 0.0235798 0.827203 
vt 0.0247357 0.830742 
vt 0.00604546 0.829052 
vt 0.0250032 0.836548 
vt 0.00988737 0.834361 
vt 0.0092914 0.845029 
vt 0.0261093 0.838613 
vt 0.0245225 0.842288 
vt 0.012311 0.849025 
vt 0.00930699 0.853481 
vt 0.0136543 0.842429 
vt 0.0262374 0.844809 
vt 0.026892 0.841798 
vt 0.0237598 0.855661 
vt 0.028297 0.849838 
vt 0.0278563 0.853089 
vt 0.0291147 0.855925 
vt 0.0298212 0.860633 
vt 0.030797 0.86635 
vt 0.0324103 0.87691 
vt 0.0334011 0.874276 
vt 0.0225354 0.877425 
vt 0.0293266 0.883594 
vt 0.034157 0.878067 
vt 0.0183032 0.873035 
vt 0.0110384 0.860433 
vt 0.0187227 0.878659 
vt 0.0214993 0.879858 
vt 0.0259655 0.889364 
vt 0.0236679 0.890176 
vt 0.0188765 0.883961 
vt 0.0331125 0.896537 
vt 0.0394429 0.892147 
vt 0.0417175 0.897926 
vt 0.041202 0.900478 
vt 0.0232002 0.895578 
vt 0.0427395 0.904112 
vt 0.748832 0.469414 
vt 0.741645 0.465833 
vt 0.751671 0.459966 
vt 0.744674 0.454219 
vt 0.752145 0.448975 
vt 0.744285 0.444631 
vt 0.750793 0.439479 
vt 0.745328 0.438624 
vt 0.758855 0.443682 
vt 0.756665 0.438541 
vt 0.76435 0.437055 
vt 0.766361 0.442616 
vt 0.765495 0.451654 
vt 0.761506 0.457139 
vt 0.770049 0.463281 
vt 0.763294 0.467259 
vt 0.762725 0.476819 
vt 0.769682 0.475218 
vt 0.774203 0.48498 
vt 0.781488 0.478027 
vt 0.789064 0.489291 
vt 0.800654 0.495537 
vt 0.797658 0.481519 
vt 0.787306 0.469374 
vt 0.804806 0.484521 
vt 0.807797 0.497194 
vt 0.797239 0.469902 
vt 0.809518 0.468738 
vt 0.801146 0.506866 
vt 0.809065 0.506128 
vt 0.801019 0.51446 
vt 0.809142 0.516234 
vt 0.805836 0.526236 
vt 0.813625 0.522609 
vt 0.810667 0.531641 
vt 0.803897 0.536238 
vt 0.401161 0.264322 
vt 0.4006 0.261864 
vt 0.40471 0.264452 
vt 0.407104 0.262548 
vt 0.412596 0.264452 
vt 0.7982 0.405091 
vt 0.7982 0.407679 
vt 0.79563 0.40763 
vt 0.973238 0.267041 
vt 0.974686 0.260099 
vt 0.973008 0.258665 
vt 0.98539 0.262628 
vt 0.974664 0.253524 
vt 0.973227 0.248296 
vt 0.982291 0.255127 
vt 0.986864 0.255976 
vt 0.991581 0.261199 
vt 0.985363 0.249803 
vt 0.991271 0.254514 
vt 0.993095 0.258484 
vt 0.993573 0.263947 
vt 0.992809 0.252154 
vt 0.991373 0.243219 
vt 0.993149 0.242743 
vt 0.991572 0.236288 
vt 0.993573 0.226177 
vt 0.985271 0.242523 
vt 0.984287 0.217924 
vt 0.976164 0.204843 
vt 0.973851 0.204453 
vt 0.975448 0.159864 
vt 0.982075 0.189211 
vt 0.985323 0.190707 
vt 0.985773 0.175082 
vt 0.979013 0.166159 
vt 0.985976 0.160103 
vt 0.982509 0.154482 
vt 0.975632 0.152579 
vt 0.990173 0.154766 
vt 0.980188 0.149964 
vt 0.976081 0.14711 
vt 0.985811 0.147889 
vt 0.991634 0.149824 
vt 0.209026 0.21482 
vt 0.168308 0.216975 
vt 0.190427 0.213365 
vt 0.083625 0.214577 
vt 0.213667 0.218482 
vt 0.244165 0.215791 
vt 0.0633789 0.215809 
vt 0.0767501 0.212254 
vt 0.154007 0.221224 
vt 0.184877 0.222174 
vt 0.0725216 0.220862 
vt 0.214826 0.220388 
vt 0.266067 0.219594 
vt 0.260945 0.21474 
vt 0.0309387 0.219669 
vt 0.033153 0.222174 
vt 0.00990601 0.221107 
vt 0.00884849 0.216451 
vt 0.00775107 0.221133 
vt 0.00991917 0.214173 
vt 0.00728363 0.213356 
vt 0.0401393 0.182485 
vt 0.79127 0.141203 
vt 0.784072 0.150076 
vt 0.788762 0.151044 
vt 0.788456 0.153602 
vt 0.780518 0.140935 
vt 0.786743 0.155598 
vt 0.787738 0.156907 
vt 0.773423 0.162106 
vt 0.791064 0.136954 
vt 0.793069 0.137624 
vt 0.792731 0.135632 
vt 0.792731 0.135632 
vt 0.785341 0.127648 
vt 0.795875 0.122985 
vt 0.800689 0.114424 
vt 0.77464 0.144641 
vt 0.783743 0.122268 
vt 0.790308 0.112552 
vt 0.800237 0.105695 
vt 0.802485 0.108063 
vt 0.785204 0.114613 
vt 0.777132 0.12996 
vt 0.766906 0.18007 
vt 0.768133 0.15821 
vt 0.768614 0.179398 
vt 0.78265 0.174765 
vt 0.782962 0.169811 
vt 0.771216 0.185876 
vt 0.780443 0.181174 
vt 0.766495 0.197591 
vt 0.779837 0.186403 
vt 0.784369 0.164042 
vt 0.784755 0.168578 
vt 0.786148 0.162236 
vt 0.784944 0.166633 
vt 0.768589 0.204806 
vt 0.780957 0.206429 
vt 0.766621 0.208052 
vt 0.780693 0.209485 
vt 0.772146 0.22861 
vt 0.780233 0.222043 
vt 0.782781 0.24031 
vt 0.779467 0.216123 
vt 0.781485 0.214698 
vt 0.781541 0.219584 
vt 0.780233 0.222043 
vt 0.784632 0.268467 
vt 0.78828 0.266599 
vt 0.787445 0.294751 
vt 0.791388 0.272368 
vt 0.788836 0.263733 
vt 0.791077 0.2982 
vt 0.794943 0.284753 
vt 0.799023 0.290792 
vt 0.796991 0.285196 
vt 0.80231 0.300982 
vt 0.793625 0.315407 
vt 0.802485 0.350733 
vt 0.619966 0.258412 
vt 0.619966 0.243745 
vt 0.613111 0.254523 
vt 0.652584 0.346102 
vt 0.651706 0.330381 
vt 0.649957 0.332236 
vt 0.655079 0.329163 
vt 0.655099 0.348158 
vt 0.650669 0.345531 
vt 0.653047 0.348181 
vt 0.655099 0.348158 
vt 0.655079 0.352459 
vt 0.0558975 0.709805 
vt 0.0567457 0.701707 
vt 0.0580189 0.668248 
vt 0.0595727 0.704603 
vt 0.0573983 0.710121 
vt 0.0621251 0.706034 
vt 0.0541777 0.718268 
vt 0.050483 0.722604 
vt 0.709893 0.509395 
vt 0.698093 0.323763 
vt 0.709413 0.530503 
vt 0.711654 0.530354 
vt 0.710935 0.533472 
vt 0.704933 0.532476 
vt 0.705317 0.529664 
vt 0.701107 0.45851 
vt 0.703039 0.529545 
vt 0.701464 0.53162 
vt 0.67862 0.53301 
vt 0.6731 0.530339 
vt 0.660912 0.53365 
vt 0.664531 0.531053 
vt 0.666222 0.428632 
vt 0.660942 0.468855 
vt 0.651744 0.496556 
vt 0.655326 0.531263 
vt 0.643936 0.531406 
vt 0.633868 0.532127 
vt 0.654094 0.420654 
vt 0.646379 0.451074 
vt 0.697623 0.391469 
vt 0.640888 0.452283 
vt 0.628493 0.458732 
vt 0.643423 0.41511 
vt 0.623865 0.529855 
vt 0.623679 0.531928 
vt 0.61157 0.529437 
vt 0.606077 0.531479 
vt 0.602905 0.528944 
vt 0.612051 0.443789 
vt 0.594945 0.474008 
vt 0.630097 0.424303 
vt 0.605695 0.450641 
vt 0.586829 0.502027 
vt 0.585072 0.470535 
vt 0.589034 0.442991 
vt 0.589799 0.518595 
vt 0.573693 0.526819 
vt 0.593834 0.528121 
vt 0.575857 0.528952 
vt 0.60472 0.436041 
vt 0.594379 0.429838 
vt 0.587228 0.422842 
vt 0.581623 0.420793 
vt 0.585924 0.419707 
vt 0.584131 0.418844 
vt 0.582587 0.416701 
vt 0.580162 0.414708 
vt 0.590999 0.422035 
vt 0.589129 0.420604 
vt 0.592605 0.424627 
vt 0.595372 0.426365 
vt 0.596975 0.428195 
vt 0.601295 0.431812 
vt 0.601007 0.429784 
vt 0.603605 0.430974 
vt 0.606767 0.432391 
vt 0.61083 0.431905 
vt 0.610953 0.425367 
vt 0.61609 0.425778 
vt 0.613266 0.424724 
vt 0.614609 0.423121 
vt 0.616524 0.419525 
vt 0.619729 0.419624 
vt 0.623393 0.422451 
vt 0.62169 0.418192 
vt 0.624787 0.416876 
vt 0.627315 0.417117 
vt 0.630792 0.413383 
vt 0.634396 0.41696 
vt 0.633327 0.413158 
vt 0.637736 0.409685 
vt 0.635543 0.409381 
vt 0.641074 0.409452 
vt 0.639467 0.404174 
vt 0.641562 0.403561 
vt 0.643335 0.403444 
vt 0.65128 0.399691 
vt 0.647263 0.399436 
vt 0.658333 0.400902 
vt 0.653673 0.395949 
vt 0.65715 0.394147 
vt 0.660416 0.389364 
vt 0.658554 0.389668 
vt 0.673074 0.381046 
vt 0.662047 0.384527 
vt 0.661141 0.383804 
vt 0.662706 0.376073 
vt 0.668325 0.377482 
vt 0.664919 0.377463 
vt 0.662706 0.376073 
vt 0.666802 0.37065 
vt 0.672116 0.358611 
vt 0.669914 0.35908 
vt 0.686866 0.341366 
vt 0.676562 0.347143 
vt 0.673909 0.349895 
vt 0.679657 0.340388 
vt 0.678493 0.340219 
vt 0.68324 0.334188 
vt 0.681957 0.332859 
vt 0.684529 0.324984 
vt 0.686456 0.324191 
vt 0.688516 0.317954 
vt 0.687611 0.315611 
vt 0.686324 0.307226 
vt 0.685298 0.314001 
vt 0.689488 0.29686 
vt 0.687186 0.299191 
vt 0.689993 0.292119 
vt 0.204902 0.993529 
vt 0.211225 0.994859 
vt 0.205207 0.995255 
vt 0.200086 0.994859 
vt 0.307251 0.497292 
vt 0.275493 0.509491 
vt 0.319555 0.509491 
vt 0.298577 0.488783 
vt 0.320051 0.506654 
vt 0.940363 0.532787 
vt 0.919082 0.526876 
vt 0.937253 0.530356 
vt 0.914193 0.528988 
vt 0.953242 0.421765 
vt 0.947669 0.528941 
vt 0.971273 0.403273 
vt 0.938187 0.464898 
vt 0.902788 0.525479 
vt 0.896373 0.527004 
vt 0.922208 0.445298 
vt 0.904205 0.461261 
vt 0.941063 0.367889 
vt 0.890014 0.524005 
vt 0.878157 0.524938 
vt 0.887416 0.471047 
vt 0.875295 0.522119 
vt 0.870001 0.521496 
vt 0.866685 0.523309 
vt 0.855638 0.519655 
vt 0.867275 0.475914 
vt 0.848758 0.492692 
vt 0.85768 0.462777 
vt 0.878655 0.449262 
vt 0.876279 0.432613 
vt 0.860738 0.435387 
vt 0.874099 0.416263 
vt 0.883643 0.415129 
vt 0.876942 0.410665 
vt 0.879795 0.407505 
vt 0.883669 0.404921 
vt 0.88764 0.402409 
vt 0.885377 0.400234 
vt 0.887711 0.397051 
vt 0.891912 0.395855 
vt 0.903743 0.395832 
vt 0.89078 0.433136 
vt 0.92437 0.377822 
vt 0.907708 0.386084 
vt 0.911704 0.377812 
vt 0.920491 0.371436 
vt 0.92378 0.371249 
vt 0.923866 0.368955 
vt 0.926032 0.368532 
vt 0.930477 0.368702 
vt 0.926032 0.368532 
vt 0.932075 0.366259 
vt 0.932719 0.365743 
vt 0.941765 0.365404 
vt 0.945399 0.365401 
vt 0.953836 0.36862 
vt 0.954766 0.366697 
vt 0.961762 0.368244 
vt 0.963693 0.369779 
vt 0.965296 0.372648 
vt 0.966007 0.369871 
vt 0.969719 0.371519 
vt 0.970768 0.37416 
vt 0.971418 0.371937 
vt 0.974666 0.374734 
vt 0.975243 0.388601 
vt 0.986693 0.400294 
vt 0.980971 0.3792 
vt 0.978388 0.375931 
vt 0.985686 0.390591 
vt 0.986724 0.395854 
vt 0.989646 0.397709 
vt 0.40486 0.994955 
vt 0.402473 0.998548 
vt 0.402611 0.995957 
vt 0.400205 0.997637 
vt 0.413453 0.999569 
vt 0.365467 0.999569 
vt 0.397812 0.996934 
vt 0.379773 0.991803 
vt 0.127897 0.839377 
vt 0.120903 0.821533 
vt 0.113362 0.837338 
vt 0.109206 0.83084 
vt 0.122971 0.856528 
vt 0.135074 0.886104 
vt 0.104028 0.84306 
vt 0.0948759 0.824793 
vt 0.11023 0.853479 
vt 0.0952118 0.85396 
vt 0.104069 0.857027 
vt 0.110305 0.867572 
vt 0.0798055 0.849647 
vt 0.100011 0.866474 
vt 0.0832416 0.854695 
vt 0.0937443 0.869986 
vt 0.0699678 0.880872 
vt 0.0970095 0.871566 
vt 0.0955195 0.873113 
vt 0.0933631 0.876289 
vt 0.101412 0.871354 
vt 0.0897664 0.873285 
vt 0.105939 0.870226 
vt 0.106147 0.877277 
vt 0.110499 0.877045 
vt 0.078241 0.877857 
vt 0.0850815 0.87748 
vt 0.0879194 0.879417 
vt 0.0820197 0.881465 
vt 0.0837529 0.882593 
vt 0.0799835 0.882004 
vt 0.0768117 0.88288 
vt 0.0755692 0.885049 
vt 0.0705619 0.887295 
vt 0.108334 0.877913 
vt 0.111677 0.883102 
vt 0.114743 0.881554 
vt 0.122194 0.882781 
vt 0.118789 0.885494 
vt 0.116525 0.886901 
vt 0.12011 0.887462 
vt 0.12381 0.889418 
vt 0.121488 0.890533 
vt 0.12578 0.889557 
vt 0.129996 0.893049 
vt 0.126324 0.896341 
vt 0.128728 0.895817 
vt 0.136581 0.904592 
vt 0.142056 0.887701 
vt 0.130646 0.901347 
vt 0.128728 0.895817 
vt 0.134239 0.905134 
vt 0.147205 0.906859 
vt 0.141115 0.90998 
vt 0.144973 0.911945 
vt 0.1507 0.922245 
vt 0.148121 0.921212 
vt 0.150276 0.923781 
vt 0.153813 0.928818 
vt 0.959603 0.813201 
vt 0.961868 0.79884 
vt 0.950153 0.81281 
vt 0.957839 0.788363 
vt 0.943241 0.781331 
vt 0.94012 0.811527 
vt 0.949417 0.742623 
vt 0.95719 0.7204 
vt 0.9399 0.727663 
vt 0.914278 0.744141 
vt 0.912168 0.737168 
vt 0.918573 0.698428 
vt 0.914416 0.629789 
vt 0.940638 0.700155 
vt 0.954922 0.680785 
vt 0.961868 0.699202 
vt 0.950135 0.666043 
vt 0.936344 0.663137 
vt 0.946764 0.661049 
vt 0.948861 0.659061 
vt 0.943323 0.646955 
vt 0.94117 0.645858 
vt 0.941885 0.642353 
vt 0.939432 0.638299 
vt 0.939432 0.638299 
vt 0.934598 0.628093 
vt 0.937372 0.628707 
vt 0.935944 0.625477 
vt 0.913017 0.611121 
vt 0.933649 0.623416 
vt 0.9323 0.62066 
vt 0.930192 0.619927 
vt 0.929123 0.615765 
vt 0.927563 0.615363 
vt 0.926468 0.606607 
vt 0.924437 0.604596 
vt 0.923384 0.600214 
vt 0.922884 0.598361 
vt 0.21551 0.927955 
vt 0.217224 0.927955 
vt 0.216395 0.925367 
vt 0.998715 0.532787 
vt 0.986142 0.53237 
vt 0.991609 0.530312 
vt 0.973689 0.509692 
vt 0.991499 0.448084 
vt 0.96906 0.529767 
vt 0.969502 0.532189 
vt 0.972799 0.454405 
vt 0.96196 0.52935 
vt 0.953834 0.531698 
vt 0.0287061 0.261864 
vt 0.0287061 0.265315 
vt 0.0261354 0.26379 
vt 0.136154 0.773237 
vt 0.122694 0.785595 
vt 0.128695 0.781991 
vt 0.145804 0.77383 
vt 0.132928 0.816538 
vt 0.150372 0.788074 
vt 0.153813 0.773867 
vt 0.143835 0.798492 
vt 0.153621 0.798912 
vt 0.145901 0.815474 
vt 0.148801 0.866997 
vt 0.14269 0.857343 
vt 0.102643 0.771786 
vt 0.113165 0.774145 
vt 0.115356 0.772294 
vt 0.126406 0.772704 
vt 0.0986468 0.774608 
vt 0.0915254 0.772304 
vt 0.0916427 0.774564 
vt 0.0782033 0.774825 
vt 0.097131 0.797344 
vt 0.0807419 0.815306 
vt 0.0681667 0.775431 
vt 0.0566807 0.778166 
vt 0.0648485 0.879064 
vt 0.0604268 0.775895 
vt 0.0441302 0.777053 
vt 0.0493384 0.859551 
vt 0.0588394 0.892231 
vt 0.0477766 0.907807 
vt 0.0667567 0.8953 
vt 0.0705416 0.892234 
vt 0.0727159 0.886754 
vt 0.0682467 0.895632 
vt 0.0666306 0.899873 
vt 0.0628272 0.903698 
vt 0.0579549 0.905509 
vt 0.0509427 0.910187 
vt 0.0571255 0.907518 
vt 0.262796 0.970123 
vt 0.220173 0.970218 
vt 0.226256 0.968306 
vt 0.215556 0.962407 
vt 0.212864 0.968301 
vt 0.24952 0.958847 
vt 0.193092 0.96185 
vt 0.171921 0.970233 
vt 0.239699 0.956113 
vt 0.258885 0.958077 
vt 0.210813 0.958579 
vt 0.212764 0.953714 
vt 0.22814 0.952273 
vt 0.186922 0.95891 
vt 0.223487 0.9478 
vt 0.220587 0.949049 
vt 0.23617 0.949481 
vt 0.249712 0.952059 
vt 0.252144 0.950349 
vt 0.256821 0.952038 
vt 0.263473 0.950558 
vt 0.265305 0.958418 
vt 0.269248 0.956935 
vt 0.267912 0.950194 
vt 0.268253 0.963893 
vt 0.274041 0.949011 
vt 0.274436 0.957219 
vt 0.272902 0.968061 
vt 0.278035 0.95983 
vt 0.266883 0.968542 
vt 0.269704 0.970233 
vt 0.27892 0.968961 
vt 0.277509 0.967332 
vt 0.165214 0.959311 
vt 0.173852 0.962589 
vt 0.162898 0.969662 
vt 0.172785 0.957998 
vt 0.17419 0.953218 
vt 0.169038 0.953722 
vt 0.15848 0.961162 
vt 0.156384 0.968625 
vt 0.160777 0.954951 
vt 0.164913 0.949356 
vt 0.989018 0.555257 
vt 0.977292 0.553527 
vt 0.986654 0.551224 
vt 0.986063 0.549269 
vt 0.978412 0.556946 
vt 0.992271 0.551926 
vt 0.986951 0.54918 
vt 0.993618 0.555578 
vt 0.991707 0.556946 
vt 0.997858 0.553391 
vt 0.00471294 0.208369 
vt 0.00299914 0.193166 
vt 0.00471292 0.191976 
vt 0.792202 0.102243 
vt 0.792202 0.104832 
vt 0.790488 0.103847 
vt 0.467438 0.267392 
vt 0.463678 0.270978 
vt 0.46262 0.269053 
vt 0.462562 0.263681 
vt 0.458513 0.270344 
vt 0.454329 0.270592 
vt 0.457029 0.260316 
vt 0.460921 0.254883 
vt 0.454764 0.254058 
vt 0.454186 0.248922 
vt 0.450712 0.255241 
vt 0.446613 0.250533 
vt 0.451472 0.262343 
vt 0.44917 0.271298 
vt 0.445663 0.257203 
vt 0.440287 0.254837 
vt 0.439218 0.261253 
vt 0.445248 0.263825 
vt 0.443624 0.271355 
vt 0.435733 0.266356 
vt 0.438032 0.270978 
vt 0.442068 0.639124 
vt 0.447729 0.637853 
vt 0.445207 0.644996 
vt 0.439214 0.648115 
vt 0.447643 0.648881 
vt 0.443926 0.656169 
vt 0.437297 0.654887 
vt 0.439909 0.636429 
vt 0.44706 0.635774 
vt 0.439769 0.634309 
vt 0.437094 0.641354 
vt 0.434266 0.635906 
vt 0.433069 0.633736 
vt 0.435655 0.647129 
vt 0.431046 0.64167 
vt 0.426475 0.636059 
vt 0.419519 0.634381 
vt 0.417324 0.637029 
vt 0.431052 0.652923 
vt 0.432882 0.65471 
vt 0.423527 0.65498 
vt 0.427904 0.64723 
vt 0.42062 0.639548 
vt 0.415961 0.641957 
vt 0.412596 0.637285 
vt 0.421569 0.646653 
vt 0.413089 0.647801 
vt 0.419242 0.65361 
vt 0.415667 0.656169 
vt 0.424239 0.653228 
vt 0.0156238 0.950809 
vt 0.0149957 0.95384 
vt 0.0175664 0.950253 
vt 0.0149957 0.945211 
vt 0.0441302 0.602429 
vt 0.0444221 0.594449 
vt 0.0500919 0.594047 
vt 0.0500174 0.605512 
vt 0.0447489 0.609207 
vt 0.0503182 0.612286 
vt 0.0539537 0.602717 
vt 0.0552672 0.608236 
vt 0.0542768 0.614754 
vt 0.0562093 0.594116 
vt 0.0602981 0.614549 
vt 0.0604119 0.600785 
vt 0.0603955 0.59467 
vt 0.0689309 0.595947 
vt 0.0602095 0.607143 
vt 0.0644453 0.602759 
vt 0.0701862 0.598258 
vt 0.0766924 0.597887 
vt 0.0697315 0.603636 
vt 0.0651194 0.608827 
vt 0.0706871 0.60973 
vt 0.0670318 0.614754 
vt 0.0548013 0.725995 
vt 0.0551005 0.728873 
vt 0.0518423 0.72835 
vt 0.0518715 0.731092 
vt 0.0576607 0.727035 
vt 0.0562772 0.730727 
vt 0.0533903 0.734563 
vt 0.0604185 0.728775 
vt 0.0599292 0.725287 
vt 0.0568601 0.734145 
vt 0.0635321 0.726077 
vt 0.0563263 0.740131 
vt 0.0642812 0.728295 
vt 0.0648688 0.725032 
vt 0.0600998 0.73211 
vt 0.0618236 0.730913 
vt 0.0648886 0.731296 
vt 0.0642197 0.738112 
vt 0.0613046 0.737355 
vt 0.0670481 0.737304 
vt 0.0584702 0.739602 
vt 0.061028 0.743837 
vt 0.0587558 0.743782 
vt 0.0555493 0.744723 
vt 0.061218 0.754117 
vt 0.0642735 0.752551 
vt 0.06406 0.761202 
vt 0.0602603 0.761432 
vt 0.0724652 0.761238 
vt 0.0696286 0.739913 
vt 0.0783021 0.741667 
vt 0.1017 0.761061 
vt 0.0719686 0.73944 
vt 0.068343 0.731525 
vt 0.0708843 0.731016 
vt 0.0747092 0.73872 
vt 0.0754218 0.728978 
vt 0.0809267 0.737848 
vt 0.0805357 0.732191 
vt 0.0797629 0.726277 
vt 0.0790748 0.72432 
vt 0.0829963 0.725332 
vt 0.0836886 0.728575 
vt 0.089658 0.722074 
vt 0.0845812 0.73774 
vt 0.0813159 0.739662 
vt 0.0873414 0.738433 
vt 0.0882245 0.741493 
vt 0.08931 0.726377 
vt 0.0939068 0.725847 
vt 0.0932847 0.721508 
vt 0.092321 0.737789 
vt 0.097843 0.722519 
vt 0.098043 0.73314 
vt 0.0977128 0.726674 
vt 0.103481 0.720017 
vt 0.10219 0.727252 
vt 0.10871 0.722208 
vt 0.0937725 0.738385 
vt 0.106459 0.728485 
vt 0.114396 0.72208 
vt 0.105289 0.737283 
vt 0.100092 0.739268 
vt 0.0966667 0.741446 
vt 0.102123 0.744361 
vt 0.108245 0.740999 
vt 0.104587 0.755944 
vt 0.104419 0.761432 
vt 0.534657 0.492718 
vt 0.549072 0.499305 
vt 0.540995 0.490075 
vt 0.519709 0.485538 
vt 0.520733 0.482052 
vt 0.520994 0.478034 
vt 0.556925 0.496105 
vt 0.559028 0.500863 
vt 0.559902 0.498967 
vt 0.562554 0.500812 
vt 0.559542 0.49618 
vt 0.558973 0.492628 
vt 0.550754 0.491193 
vt 0.540228 0.477964 
vt 0.541392 0.487303 
vt 0.540228 0.477964 
vt 0.555188 0.487103 
vt 0.550183 0.481553 
vt 0.542702 0.482722 
vt 0.559862 0.48794 
vt 0.561576 0.489174 
vt 0.56115 0.483307 
vt 0.556784 0.482874 
vt 0.559185 0.478973 
vt 0.562054 0.479345 
vt 0.562554 0.476428 
vt 0.558964 0.468386 
vt 0.560333 0.464865 
vt 0.557964 0.464117 
vt 0.553222 0.468418 
vt 0.550744 0.463941 
vt 0.552704 0.471965 
vt 0.545278 0.475678 
vt 0.545135 0.470388 
vt 0.543743 0.477137 
vt 0.546138 0.463524 
vt 0.545172 0.457976 
vt 0.54171 0.469713 
vt 0.542273 0.461299 
vt 0.54461 0.45426 
vt 0.533503 0.462673 
vt 0.523294 0.454345 
vt 0.524002 0.448535 
vt 0.543914 0.447143 
vt 0.545632 0.451152 
vt 0.53194 0.444467 
vt 0.524426 0.443778 
vt 0.531953 0.440186 
vt 0.524809 0.439695 
vt 0.540773 0.4429 
vt 0.540033 0.438928 
vt 0.544423 0.441402 
vt 0.544118 0.438652 
vt 0.552165 0.436883 
vt 0.545581 0.444046 
vt 0.552793 0.439271 
vt 0.556567 0.436953 
vt 0.55234 0.433563 
vt 0.552214 0.442073 
vt 0.555665 0.43984 
vt 0.558585 0.43977 
vt 0.556027 0.443145 
vt 0.559627 0.444217 
vt 0.557786 0.446616 
vt 0.553557 0.444158 
vt 0.554286 0.445946 
vt 0.555161 0.449962 
vt 0.547384 0.448444 
vt 0.545632 0.451152 
vt 0.790339 0.369056 
vt 0.797015 0.369715 
vt 0.791091 0.363443 
vt 0.788183 0.361682 
vt 0.789114 0.349269 
vt 0.795596 0.360284 
vt 0.797344 0.34651 
vt 0.792432 0.340483 
vt 0.795876 0.342436 
vt 0.797015 0.337842 
vt 0.792758 0.336928 
vt 0.789307 0.339477 
vt 0.786204 0.344041 
vt 0.981854 0.979012 
vt 0.988719 0.981938 
vt 0.988972 0.974971 
vt 0.990938 0.983175 
vt 0.991003 0.978239 
vt 0.981577 0.970955 
vt 0.982883 0.967645 
vt 0.990938 0.973004 
vt 0.991003 0.978239 
vt 0.374322 0.966801 
vt 0.372759 0.958154 
vt 0.369752 0.9613 
vt 0.376338 0.959342 
vt 0.378209 0.963432 
vt 0.385576 0.972545 
vt 0.385619 0.97518 
vt 0.392007 0.984291 
vt 0.381595 0.976504 
vt 0.388988 0.975333 
vt 0.393112 0.980702 
vt 0.399873 0.984491 
vt 0.399399 0.989977 
vt 0.404764 0.986801 
vt 0.409736 0.993963 
vt 0.416077 0.987411 
vt 0.418814 0.989032 
vt 0.424264 0.995255 
vt 0.427521 0.98813 
vt 0.434054 0.994017 
vt 0.434312 0.986818 
vt 0.440805 0.99089 
vt 0.44221 0.984652 
vt 0.449106 0.990796 
vt 0.450128 0.987432 
vt 0.447921 0.98244 
vt 0.456154 0.986537 
vt 0.456645 0.978255 
vt 0.466343 0.981174 
vt 0.462231 0.975285 
vt 0.46908 0.970342 
vt 0.473117 0.975333 
vt 0.478578 0.968128 
vt 0.476373 0.96321 
vt 0.478578 0.958702 
vt 0.561391 0.158326 
vt 0.562583 0.164703 
vt 0.560116 0.164559 
vt 0.565124 0.161468 
vt 0.564615 0.166091 
vt 0.558424 0.159493 
vt 0.556482 0.163254 
vt 0.556167 0.165244 
vt 0.549043 0.160519 
vt 0.55407 0.165012 
vt 0.546301 0.166091 
vt 0.525707 0.165174 
vt 0.890792 0.985531 
vt 0.910891 0.974333 
vt 0.911522 0.983005 
vt 0.914125 0.976239 
vt 0.900137 0.977313 
vt 0.916281 0.981144 
vt 0.919508 0.977372 
vt 0.920393 0.98347 
vt 0.911246 0.987525 
vt 0.914453 0.993868 
vt 0.890491 0.992445 
vt 0.884313 0.993703 
vt 0.919819 0.993501 
vt 0.913842 0.996117 
vt 0.924284 0.987886 
vt 0.921061 0.995281 
vt 0.925878 0.992724 
vt 0.885589 0.981187 
vt 0.889709 0.976327 
vt 0.87458 0.97681 
vt 0.866242 0.985423 
vt 0.864976 0.980048 
vt 0.86413 0.974476 
vt 0.836994 0.993879 
vt 0.860242 0.97477 
vt 0.861394 0.972821 
vt 0.858291 0.973383 
vt 0.853817 0.975698 
vt 0.845437 0.974057 
vt 0.832882 0.982327 
vt 0.836447 0.976616 
vt 0.829572 0.975119 
vt 0.828567 0.976929 
vt 0.827171 0.983889 
vt 0.822887 0.976633 
vt 0.821501 0.974928 
vt 0.817464 0.976085 
vt 0.820826 0.983748 
vt 0.825464 0.993673 
vt 0.82295 0.996117 
vt 0.819257 0.993359 
vt 0.816664 0.988472 
vt 0.811911 0.993082 
vt 0.815026 0.992199 
vt 0.913529 0.873193 
vt 0.913882 0.855708 
vt 0.911646 0.866355 
vt 0.911122 0.871707 
vt 0.911486 0.857003 
vt 0.911212 0.843913 
vt 0.905343 0.861906 
vt 0.898664 0.858958 
vt 0.899878 0.866589 
vt 0.901145 0.827683 
vt 0.911806 0.805184 
vt 0.893412 0.839925 
vt 0.898509 0.81176 
vt 0.894369 0.859761 
vt 0.892941 0.86562 
vt 0.89268 0.859004 
vt 0.891651 0.842438 
vt 0.89239 0.874271 
vt 0.890472 0.83085 
vt 0.89465 0.829719 
vt 0.888175 0.826427 
vt 0.893003 0.819064 
vt 0.894785 0.797109 
vt 0.901003 0.873935 
vt 0.910402 0.879103 
vt 0.899556 0.881363 
vt 0.891416 0.879622 
vt 0.897706 0.790832 
vt 0.893714 0.790488 
vt 0.903942 0.794166 
vt 0.896449 0.781896 
vt 0.888438 0.781115 
vt 0.903342 0.779677 
vt 0.890002 0.775855 
vt 0.910854 0.792539 
vt 0.913882 0.778773 
vt 0.907819 0.782978 
vt 0.912049 0.776732 
vt 0.913397 0.772922 
vt 0.898982 0.776654 
vt 0.895889 0.773524 
vt 0.890162 0.769606 
vt 0.898675 0.768497 
vt 0.903312 0.772825 
vt 0.906253 0.76488 
vt 0.910865 0.771083 
vt 0.911532 0.767396 
vt 0.91186 0.762295 
vt 0.867483 0.367599 
vt 0.876505 0.374029 
vt 0.861611 0.374029 
vt 0.878694 0.368607 
vt 0.869704 0.359112 
vt 0.865137 0.365174 
vt 0.885114 0.362799 
vt 0.886302 0.369976 
vt 0.872194 0.355077 
vt 0.870005 0.354409 
vt 0.89044 0.364992 
vt 0.872785 0.350271 
vt 0.892298 0.369764 
vt 0.887759 0.3559 
vt 0.897242 0.366891 
vt 0.895431 0.361197 
vt 0.901885 0.364034 
vt 0.900521 0.357584 
vt 0.894195 0.356601 
vt 0.899259 0.351157 
vt 0.890898 0.34645 
vt 0.897989 0.346158 
vt 0.897053 0.340777 
vt 0.891618 0.34081 
vt 0.888561 0.333911 
vt 0.885218 0.337586 
vt 0.881202 0.331751 
vt 0.883565 0.34579 
vt 0.873362 0.344477 
vt 0.870329 0.342069 
vt 0.870099 0.337863 
vt 0.867614 0.332456 
vt 0.381748 0.885677 
vt 0.374036 0.885677 
vt 0.376103 0.883089 
vt 0.921567 0.821762 
vt 0.926528 0.821705 
vt 0.924819 0.810851 
vt 0.920737 0.827006 
vt 0.929472 0.826512 
vt 0.92961 0.811261 
vt 0.934447 0.824332 
vt 0.934447 0.80975 
vt 0.500709 0.969291 
vt 0.51852 0.969302 
vt 0.503201 0.972119 
vt 0.500503 0.973375 
vt 0.497865 0.966298 
vt 0.5061 0.96333 
vt 0.528081 0.964322 
vt 0.502337 0.975904 
vt 0.498398 0.97959 
vt 0.517456 0.976126 
vt 0.534085 0.96994 
vt 0.534488 0.965667 
vt 0.543898 0.970444 
vt 0.518552 0.981472 
vt 0.53565 0.974833 
vt 0.533643 0.979736 
vt 0.54316 0.979231 
vt 0.515694 0.988385 
vt 0.493893 0.98409 
vt 0.535037 0.984235 
vt 0.532557 0.988709 
vt 0.488551 0.987346 
vt 0.470009 0.988341 
vt 0.489238 0.994392 
vt 0.516714 0.992311 
vt 0.532263 0.992628 
vt 0.543279 0.98759 
vt 0.546629 0.994392 
vt 0.546379 0.990439 
vt 0.551609 0.989847 
vt 0.548575 0.985285 
vt 0.555698 0.986773 
vt 0.543427 0.98397 
vt 0.550972 0.979341 
vt 0.555208 0.97952 
vt 0.547248 0.98093 
vt 0.548187 0.97689 
vt 0.550857 0.973784 
vt 0.554974 0.971996 
vt 0.549253 0.969544 
vt 0.968474 0.860142 
vt 0.94128 0.859206 
vt 0.962305 0.854935 
vt 0.930521 0.851943 
vt 0.940647 0.853496 
vt 0.941845 0.849238 
vt 0.977763 0.857559 
vt 0.984147 0.863244 
vt 0.968847 0.851503 
vt 0.975968 0.851298 
vt 0.961623 0.845885 
vt 0.945479 0.847577 
vt 0.974063 0.84603 
vt 0.9772 0.846442 
vt 0.979342 0.856117 
vt 0.976718 0.843028 
vt 0.956416 0.83989 
vt 0.982737 0.836748 
vt 0.979407 0.835944 
vt 0.968453 0.834771 
vt 0.953026 0.83633 
vt 0.945232 0.842804 
vt 0.931061 0.848879 
vt 0.941729 0.83987 
vt 0.942371 0.83529 
vt 0.931257 0.837546 
vt 0.932618 0.842782 
vt 0.92785 0.842933 
vt 0.92801 0.835725 
vt 0.92256 0.83557 
vt 0.919717 0.841664 
vt 0.925237 0.847053 
vt 0.928435 0.854084 
vt 0.919097 0.848654 
vt 0.923579 0.857373 
vt 0.926134 0.863244 
vt 0.917379 0.853524 
vt 0.916452 0.860652 
vt 0.899951 0.544108 
vt 0.896571 0.542004 
vt 0.900171 0.540712 
vt 0.891212 0.565101 
vt 0.897854 0.686064 
vt 0.899278 0.737163 
vt 0.872352 0.551315 
vt 0.846131 0.600444 
vt 0.852831 0.606605 
vt 0.855122 0.612974 
vt 0.839258 0.597872 
vt 0.856746 0.655578 
vt 0.854937 0.662929 
vt 0.856714 0.703875 
vt 0.85851 0.707532 
vt 0.854038 0.712501 
vt 0.863022 0.737579 
vt 0.899288 0.739862 
vt 0.852829 0.717107 
vt 0.849802 0.717339 
vt 0.844641 0.722601 
vt 0.845035 0.719814 
vt 0.839339 0.720779 
vt 0.833621 0.722021 
vt 0.835471 0.720351 
vt 0.827826 0.717648 
vt 0.813041 0.737049 
vt 0.799928 0.738965 
vt 0.823278 0.712648 
vt 0.78464 0.737445 
vt 0.750941 0.739526 
vt 0.784191 0.71028 
vt 0.820125 0.706056 
vt 0.778293 0.719185 
vt 0.785925 0.704612 
vt 0.76941 0.720358 
vt 0.759361 0.722189 
vt 0.764424 0.720423 
vt 0.759379 0.71899 
vt 0.755063 0.71591 
vt 0.822482 0.68203 
vt 0.822419 0.70612 
vt 0.820568 0.67594 
vt 0.785819 0.678155 
vt 0.792414 0.629017 
vt 0.788272 0.640199 
vt 0.816114 0.62867 
vt 0.814247 0.614332 
vt 0.792356 0.611944 
vt 0.789792 0.603523 
vt 0.820627 0.604169 
vt 0.787326 0.606858 
vt 0.790019 0.613569 
vt 0.78396 0.602952 
vt 0.805347 0.567734 
vt 0.83238 0.597918 
vt 0.78418 0.599985 
vt 0.781363 0.601498 
vt 0.775346 0.597874 
vt 0.772238 0.599563 
vt 0.766832 0.598068 
vt 0.848472 0.543913 
vt 0.851498 0.540568 
vt 0.836508 0.542089 
vt 0.766852 0.543926 
vt 0.76105 0.542058 
vt 0.750576 0.586583 
vt 0.759692 0.601323 
vt 0.75366 0.60702 
vt 0.71961 0.544003 
vt 0.756877 0.540552 
vt 0.717686 0.541855 
vt 0.708264 0.569331 
vt 0.707151 0.544056 
vt 0.707007 0.5416 
vt 0.704799 0.544097 
vt 0.750951 0.616897 
vt 0.706476 0.735137 
vt 0.714819 0.685517 
vt 0.749628 0.660504 
vt 0.75012 0.704798 
vt 0.749023 0.708031 
vt 0.751989 0.71171 
vt 0.7086 0.736905 
vt 0.704823 0.736719 
vt 0.706917 0.739862 
vt 0.751544 0.715044 

usemtl Bodygeom1Mtl

f 1/1/1 2/2/2 3/3/3 
f 4/4/4 5/5/5 1/1/1 
f 4/4/4 1/1/1 6/6/6 
f 6/6/6 1/1/1 3/3/3 
f 7/7/7 4/4/4 6/6/6 
f 6/6/6 8/8/8 7/7/7 
f 8/8/8 6/6/6 3/3/3 
f 9/9/9 8/8/8 3/3/3 
f 3/3/3 2/2/2 10/10/10 
f 10/10/10 9/9/9 3/3/3 
f 2/2/2 11/11/11 10/10/10 
f 11/11/11 12/12/12 10/10/10 
f 9/9/9 10/10/10 12/12/12 
f 9/9/9 12/12/12 13/13/13 
f 14/14/14 15/15/15 16/16/16 
f 16/16/16 15/15/15 17/17/17 
f 17/17/17 15/15/15 18/18/18 
f 19/19/19 17/17/17 18/18/18 
f 18/18/18 20/20/20 19/19/19 
f 20/20/20 21/21/21 19/19/19 
f 21/21/21 20/20/20 22/22/22 
f 23/23/23 21/21/21 22/22/22 
f 22/22/22 24/24/24 23/23/23 
f 25/25/25 23/23/23 24/24/24 
f 26/26/26 27/27/27 28/28/28 
f 29/29/29 28/28/28 27/27/27 
f 28/28/28 30/30/30 26/26/26 
f 27/27/27 31/31/31 29/29/29 
f 31/31/31 32/32/32 29/29/29 
f 31/31/31 33/33/33 32/32/32 
f 34/34/34 27/27/27 26/26/26 
f 26/26/26 35/35/35 34/34/34 
f 35/35/35 26/26/26 30/30/30 
f 30/30/30 36/36/36 35/35/35 
f 35/35/35 36/36/36 37/37/37 
f 36/36/36 38/38/38 37/37/37 
f 36/36/36 39/39/39 38/38/38 
f 40/40/40 41/41/41 42/42/42 
f 41/41/41 43/43/43 42/42/42 
f 41/41/41 44/44/44 43/43/43 
f 44/44/44 45/45/45 43/43/43 
f 42/42/42 46/46/46 40/40/40 
f 46/46/46 47/47/47 40/40/40 
f 47/47/47 46/46/46 48/48/48 
f 47/47/47 48/48/48 49/49/49 
f 48/48/48 50/50/50 49/49/49 
f 51/51/51 49/49/49 50/50/50 
f 52/52/52 53/53/53 54/54/54 
f 52/52/52 55/55/55 53/53/53 
f 56/56/56 53/53/53 55/55/55 
f 55/55/55 57/57/57 56/56/56 
f 58/58/58 56/56/56 57/57/57 
f 57/57/57 59/59/59 58/58/58 
f 60/60/60 58/58/58 59/59/59 
f 59/59/59 61/61/61 60/60/60 
f 62/62/62 60/60/60 61/61/61 
f 61/61/61 63/63/63 62/62/62 
f 64/64/64 65/65/65 66/66/66 
f 66/66/66 65/65/65 67/67/67 
f 65/65/65 68/68/68 67/67/67 
f 65/65/65 69/69/69 68/68/68 
f 69/69/69 65/65/65 70/70/70 
f 71/71/71 68/68/68 69/69/69 
f 69/69/69 72/72/72 71/71/71 
f 72/72/72 69/69/69 73/73/73 
f 74/74/74 75/75/75 76/76/76 
f 77/77/77 78/78/78 79/79/79 
f 77/77/77 79/79/79 80/80/80 
f 81/81/81 78/78/78 75/75/75 
f 81/81/81 79/79/79 78/78/78 
f 82/82/82 75/75/75 74/74/74 
f 83/83/83 82/82/82 74/74/74 
f 82/82/82 83/83/83 84/84/84 
f 82/82/82 85/85/85 75/75/75 
f 85/85/85 81/81/81 75/75/75 
f 86/86/86 82/82/82 84/84/84 
f 85/85/85 82/82/82 86/86/86 
f 87/87/87 86/86/86 84/84/84 
f 88/88/88 87/87/87 84/84/84 
f 87/87/87 88/88/88 89/89/89 
f 89/89/89 90/90/90 87/87/87 
f 90/90/90 89/89/89 91/91/91 
f 92/92/92 87/87/87 90/90/90 
f 93/93/93 92/92/92 90/90/90 
f 87/87/87 94/94/94 86/86/86 
f 87/87/87 92/92/92 94/94/94 
f 92/92/92 93/93/93 95/95/95 
f 94/94/94 96/96/96 86/86/86 
f 86/86/86 96/96/96 85/85/85 
f 94/94/94 92/92/92 97/97/97 
f 97/97/97 96/96/96 94/94/94 
f 92/92/92 95/95/95 98/98/98 
f 92/92/92 98/98/98 97/97/97 
f 99/99/99 98/98/98 95/95/95 
f 99/99/99 100/100/100 98/98/98 
f 101/101/101 85/85/85 96/96/96 
f 85/85/85 101/101/101 81/81/81 
f 101/101/101 79/79/79 81/81/81 
f 102/102/102 101/101/101 96/96/96 
f 97/97/97 102/102/102 96/96/96 
f 79/79/79 101/101/101 103/103/103 
f 101/101/101 102/102/102 103/103/103 
f 80/80/80 79/79/79 103/103/103 
f 80/80/80 103/103/103 104/104/104 
f 105/105/105 103/103/103 102/102/102 
f 103/103/103 105/105/105 104/104/104 
f 106/106/106 102/102/102 97/97/97 
f 105/105/105 102/102/102 106/106/106 
f 106/106/106 97/97/97 98/98/98 
f 107/107/107 106/106/106 98/98/98 
f 106/106/106 107/107/107 105/105/105 
f 107/107/107 98/98/98 100/100/100 
f 108/108/108 107/107/107 100/100/100 
f 109/109/109 105/105/105 107/107/107 
f 109/109/109 107/107/107 108/108/108 
f 109/109/109 104/104/104 105/105/105 
f 109/109/109 108/108/108 110/110/110 
f 104/104/104 109/109/109 111/111/111 
f 109/109/109 110/110/110 111/111/111 
f 112/112/112 113/113/113 114/114/114 
f 112/112/112 114/114/114 115/115/115 
f 112/112/112 111/111/111 113/113/113 
f 113/113/113 111/111/111 116/116/116 
f 117/117/117 112/112/112 115/115/115 
f 115/115/115 118/118/118 117/117/117 
f 116/116/116 111/111/111 119/119/119 
f 120/120/120 119/119/119 121/121/121 
f 119/119/119 110/110/110 121/121/121 
f 110/110/110 119/119/119 111/111/111 
f 118/118/118 122/122/122 117/117/117 
f 122/122/122 118/118/118 123/123/123 
f 123/123/123 124/124/124 122/122/122 
f 117/117/117 122/122/122 125/125/125 
f 117/117/117 125/125/125 112/112/112 
f 124/124/124 126/126/126 122/122/122 
f 126/126/126 125/125/125 122/122/122 
f 126/126/126 124/124/124 127/127/127 
f 124/124/124 128/128/128 127/127/127 
f 128/128/128 129/129/129 127/127/127 
f 112/112/112 125/125/125 130/130/130 
f 111/111/111 112/112/112 130/130/130 
f 126/126/126 131/131/131 125/125/125 
f 131/131/131 130/130/130 125/125/125 
f 130/130/130 104/104/104 111/111/111 
f 131/131/131 104/104/104 130/130/130 
f 132/132/132 126/126/126 127/127/127 
f 126/126/126 132/132/132 131/131/131 
f 127/127/127 133/133/133 132/132/132 
f 129/129/129 133/133/133 127/127/127 
f 132/132/132 80/80/80 131/131/131 
f 104/104/104 131/131/131 80/80/80 
f 77/77/77 132/132/132 133/133/133 
f 132/132/132 77/77/77 80/80/80 
f 133/133/133 129/129/129 134/134/134 
f 129/129/129 135/135/135 134/134/134 
f 134/134/134 135/135/135 136/136/136 
f 133/133/133 134/134/134 137/137/137 
f 77/77/77 133/133/133 137/137/137 
f 134/134/134 136/136/136 138/138/138 
f 137/137/137 134/134/134 138/138/138 
f 136/136/136 139/139/139 138/138/138 
f 139/139/139 136/136/136 140/140/140 
f 78/78/78 137/137/137 138/138/138 
f 77/77/77 137/137/137 78/78/78 
f 139/139/139 141/141/141 138/138/138 
f 138/138/138 141/141/141 78/78/78 
f 141/141/141 139/139/139 142/142/142 
f 143/143/143 141/141/141 142/142/142 
f 143/143/143 142/142/142 144/144/144 
f 76/76/76 143/143/143 144/144/144 
f 145/145/145 141/141/141 143/143/143 
f 145/145/145 143/143/143 76/76/76 
f 78/78/78 141/141/141 145/145/145 
f 75/75/75 145/145/145 76/76/76 
f 75/75/75 78/78/78 145/145/145 
f 146/146/146 147/147/147 148/148/148 
f 146/146/146 149/149/149 147/147/147 
f 146/146/146 148/148/148 150/150/150 
f 149/149/149 151/151/151 147/147/147 
f 151/151/151 148/148/148 147/147/147 
f 151/151/151 149/149/149 152/152/152 
f 153/153/153 152/152/152 149/149/149 
f 152/152/152 154/154/154 151/151/151 
f 152/152/152 155/155/155 154/154/154 
f 155/155/155 152/152/152 156/156/156 
f 148/148/148 157/157/157 150/150/150 
f 158/158/158 150/150/150 157/157/157 
f 157/157/157 148/148/148 159/159/159 
f 158/158/158 157/157/157 160/160/160 
f 159/159/159 160/160/160 157/157/157 
f 161/161/161 158/158/158 160/160/160 
f 148/148/148 162/162/162 159/159/159 
f 163/163/163 162/162/162 164/164/164 
f 163/163/163 165/165/165 162/162/162 
f 166/166/166 162/162/162 165/165/165 
f 162/162/162 166/166/166 159/159/159 
f 167/167/167 166/166/166 165/165/165 
f 167/167/167 168/168/168 166/166/166 
f 159/159/159 166/166/166 169/169/169 
f 160/160/160 159/159/159 169/169/169 
f 170/170/170 166/166/166 168/168/168 
f 166/166/166 170/170/170 169/169/169 
f 169/169/169 170/170/170 160/160/160 
f 168/168/168 171/171/171 170/170/170 
f 170/170/170 171/171/171 172/172/172 
f 172/172/172 171/171/171 173/173/173 
f 174/174/174 160/160/160 170/170/170 
f 174/174/174 170/170/170 172/172/172 
f 173/173/173 174/174/174 172/172/172 
f 160/160/160 174/174/174 161/161/161 
f 161/161/161 174/174/174 175/175/175 
f 175/175/175 174/174/174 176/176/176 
f 174/174/174 173/173/173 177/177/177 
f 177/177/177 176/176/176 174/174/174 
f 173/173/173 178/178/178 177/177/177 
f 179/179/179 177/177/177 178/178/178 
f 180/180/180 176/176/176 177/177/177 
f 177/177/177 179/179/179 180/180/180 
f 176/176/176 180/180/180 181/181/181 
f 178/178/178 182/182/182 179/179/179 
f 182/182/182 180/180/180 179/179/179 
f 181/181/181 180/180/180 183/183/183 
f 180/180/180 184/184/184 183/183/183 
f 180/180/180 185/185/185 184/184/184 
f 185/185/185 180/180/180 186/186/186 
f 180/180/180 182/182/182 186/186/186 
f 186/186/186 187/187/187 185/185/185 
f 186/186/186 188/188/188 187/187/187 
f 188/188/188 186/186/186 189/189/189 
f 186/186/186 182/182/182 189/189/189 
f 189/189/189 182/182/182 190/190/190 
f 191/191/191 189/189/189 190/190/190 
f 192/192/192 189/189/189 191/191/191 
f 191/191/191 193/193/193 192/192/192 
f 193/193/193 194/194/194 192/192/192 
f 193/193/193 195/195/195 194/194/194 
f 196/196/196 197/197/197 198/198/198 
f 199/199/199 197/197/197 196/196/196 
f 200/200/200 201/201/201 202/202/202 
f 203/203/203 200/200/200 202/202/202 
f 204/204/204 201/201/201 200/200/200 
f 203/203/203 205/205/205 206/206/206 
f 207/207/207 208/208/208 204/204/204 
f 203/203/203 209/209/209 200/200/200 
f 203/203/203 206/206/206 209/209/209 
f 200/200/200 210/210/210 204/204/204 
f 200/200/200 209/209/209 210/210/210 
f 211/211/211 207/207/207 204/204/204 
f 204/204/204 210/210/210 211/211/211 
f 212/212/212 207/207/207 211/211/211 
f 213/213/213 209/209/209 206/206/206 
f 214/214/214 213/213/213 206/206/206 
f 209/209/209 215/215/215 210/210/210 
f 209/209/209 213/213/213 215/215/215 
f 210/210/210 216/216/216 211/211/211 
f 216/216/216 210/210/210 215/215/215 
f 217/217/217 212/212/212 211/211/211 
f 216/216/216 217/217/217 211/211/211 
f 218/218/218 212/212/212 217/217/217 
f 216/216/216 215/215/215 219/219/219 
f 213/213/213 220/220/220 215/215/215 
f 220/220/220 219/219/219 215/215/215 
f 213/213/213 214/214/214 220/220/220 
f 219/219/219 221/221/221 216/216/216 
f 221/221/221 217/217/217 216/216/216 
f 221/221/221 219/219/219 220/220/220 
f 217/217/217 222/222/222 218/218/218 
f 217/217/217 221/221/221 222/222/222 
f 223/223/223 214/214/214 224/224/224 
f 220/220/220 225/225/225 221/221/221 
f 221/221/221 225/225/225 222/222/222 
f 226/226/226 220/220/220 214/214/214 
f 226/226/226 214/214/214 223/223/223 
f 227/227/227 220/220/220 226/226/226 
f 225/225/225 220/220/220 227/227/227 
f 223/223/223 228/228/228 226/226/226 
f 223/223/223 229/229/229 228/228/228 
f 226/226/226 230/230/230 227/227/227 
f 230/230/230 226/226/226 228/228/228 
f 229/229/229 231/231/231 228/228/228 
f 229/229/229 232/232/232 231/231/231 
f 233/233/233 228/228/228 231/231/231 
f 230/230/230 228/228/228 233/233/233 
f 233/233/233 231/231/231 234/234/234 
f 230/230/230 233/233/233 234/234/234 
f 227/227/227 230/230/230 235/235/235 
f 227/227/227 235/235/235 225/225/225 
f 234/234/234 236/236/236 230/230/230 
f 230/230/230 236/236/236 235/235/235 
f 235/235/235 236/236/236 225/225/225 
f 236/236/236 237/237/237 225/225/225 
f 237/237/237 236/236/236 238/238/238 
f 238/238/238 239/239/239 237/237/237 
f 225/225/225 237/237/237 240/240/240 
f 237/237/237 239/239/239 240/240/240 
f 240/240/240 222/222/222 225/225/225 
f 239/239/239 241/241/241 240/240/240 
f 241/241/241 239/239/239 242/242/242 
f 222/222/222 240/240/240 243/243/243 
f 240/240/240 241/241/241 243/243/243 
f 242/242/242 244/244/244 241/241/241 
f 243/243/243 245/245/245 222/222/222 
f 245/245/245 218/218/218 222/222/222 
f 245/245/245 246/246/246 218/218/218 
f 245/245/245 243/243/243 246/246/246 
f 218/218/218 246/246/246 247/247/247 
f 247/247/247 246/246/246 248/248/248 
f 249/249/249 248/248/248 246/246/246 
f 250/250/250 246/246/246 243/243/243 
f 246/246/246 250/250/250 249/249/249 
f 241/241/241 250/250/250 243/243/243 
f 250/250/250 251/251/251 249/249/249 
f 244/244/244 252/252/252 241/241/241 
f 252/252/252 250/250/250 241/241/241 
f 252/252/252 244/244/244 253/253/253 
f 254/254/254 251/251/251 250/250/250 
f 252/252/252 254/254/254 250/250/250 
f 254/254/254 252/252/252 253/253/253 
f 254/254/254 255/255/255 251/251/251 
f 253/253/253 256/256/256 254/254/254 
f 255/255/255 254/254/254 256/256/256 
f 257/257/257 258/258/258 259/259/259 
f 257/257/257 260/260/260 258/258/258 
f 258/258/258 260/260/260 261/261/261 
f 261/261/261 260/260/260 262/262/262 
f 262/262/262 263/263/263 261/261/261 
f 264/264/264 263/263/263 262/262/262 
f 264/264/264 265/265/265 263/263/263 
f 264/264/264 266/266/266 265/265/265 
f 267/267/267 268/268/268 269/269/269 
f 270/270/270 267/267/267 269/269/269 
f 267/267/267 270/270/270 271/271/271 
f 272/272/272 267/267/267 273/273/273 
f 271/271/271 273/273/273 267/267/267 
f 274/274/274 272/272/272 273/273/273 
f 271/271/271 275/275/275 273/273/273 
f 273/273/273 276/276/276 274/274/274 
f 277/277/277 273/273/273 275/275/275 
f 273/273/273 277/277/277 276/276/276 
f 277/277/277 275/275/275 278/278/278 
f 279/279/279 278/278/278 275/275/275 
f 280/280/280 277/277/277 278/278/278 
f 278/278/278 281/281/281 280/280/280 
f 282/282/282 280/280/280 281/281/281 
f 280/280/280 283/283/283 277/277/277 
f 283/283/283 276/276/276 277/277/277 
f 284/284/284 280/280/280 282/282/282 
f 280/280/280 284/284/284 283/283/283 
f 285/285/285 284/284/284 282/282/282 
f 284/284/284 285/285/285 286/286/286 
f 276/276/276 283/283/283 287/287/287 
f 288/288/288 276/276/276 287/287/287 
f 283/283/283 289/289/289 287/287/287 
f 284/284/284 289/289/289 283/283/283 
f 290/290/290 287/287/287 289/289/289 
f 291/291/291 284/284/284 286/286/286 
f 289/289/289 292/292/292 290/290/290 
f 292/292/292 293/293/293 290/290/290 
f 289/289/289 284/284/284 294/294/294 
f 292/292/292 289/289/289 294/294/294 
f 284/284/284 291/291/291 294/294/294 
f 294/294/294 295/295/295 292/292/292 
f 295/295/295 294/294/294 291/291/291 
f 296/296/296 292/292/292 295/295/295 
f 295/295/295 297/297/297 296/296/296 
f 295/295/295 298/298/298 297/297/297 
f 299/299/299 297/297/297 298/298/298 
f 291/291/291 300/300/300 295/295/295 
f 298/298/298 295/295/295 300/300/300 
f 300/300/300 291/291/291 301/301/301 
f 301/301/301 302/302/302 300/300/300 
f 303/303/303 300/300/300 302/302/302 
f 298/298/298 304/304/304 299/299/299 
f 300/300/300 304/304/304 298/298/298 
f 299/299/299 304/304/304 305/305/305 
f 306/306/306 300/300/300 303/303/303 
f 300/300/300 306/306/306 304/304/304 
f 303/303/303 307/307/307 306/306/306 
f 304/304/304 308/308/308 305/305/305 
f 305/305/305 308/308/308 309/309/309 
f 308/308/308 304/304/304 306/306/306 
f 307/307/307 310/310/310 306/306/306 
f 311/311/311 308/308/308 306/306/306 
f 310/310/310 312/312/312 306/306/306 
f 306/306/306 313/313/313 311/311/311 
f 313/313/313 306/306/306 312/312/312 
f 314/314/314 311/311/311 313/313/313 
f 312/312/312 315/315/315 313/313/313 
f 314/314/314 313/313/313 316/316/316 
f 315/315/315 316/316/316 313/313/313 
f 317/317/317 318/318/318 319/319/319 
f 318/318/318 317/317/317 320/320/320 
f 320/320/320 321/321/321 318/318/318 
f 319/319/319 322/322/322 323/323/323 
f 318/318/318 322/322/322 319/319/319 
f 322/322/322 318/318/318 324/324/324 
f 325/325/325 324/324/324 318/318/318 
f 324/324/324 326/326/326 322/322/322 
f 326/326/326 327/327/327 322/322/322 
f 326/326/326 324/324/324 328/328/328 
f 327/327/327 326/326/326 329/329/329 
f 328/328/328 330/330/330 326/326/326 
f 326/326/326 331/331/331 329/329/329 
f 331/331/331 326/326/326 330/330/330 
f 331/331/331 330/330/330 332/332/332 
f 333/333/333 329/329/329 331/331/331 
f 331/331/331 332/332/332 334/334/334 
f 335/335/335 331/331/331 334/334/334 
f 331/331/331 335/335/335 333/333/333 
f 336/336/336 335/335/335 334/334/334 
f 337/337/337 335/335/335 336/336/336 
f 338/338/338 333/333/333 335/335/335 
f 333/333/333 338/338/338 339/339/339 
f 340/340/340 335/335/335 337/337/337 
f 337/337/337 341/341/341 340/340/340 
f 335/335/335 342/342/342 338/338/338 
f 335/335/335 340/340/340 342/342/342 
f 343/343/343 340/340/340 341/341/341 
f 340/340/340 343/343/343 342/342/342 
f 341/341/341 344/344/344 343/343/343 
f 345/345/345 343/343/343 344/344/344 
f 338/338/338 342/342/342 346/346/346 
f 347/347/347 338/338/338 346/346/346 
f 348/348/348 346/346/346 342/342/342 
f 349/349/349 346/346/346 348/348/348 
f 342/342/342 350/350/350 348/348/348 
f 348/348/348 350/350/350 349/349/349 
f 350/350/350 342/342/342 343/343/343 
f 350/350/350 351/351/351 349/349/349 
f 352/352/352 351/351/351 350/350/350 
f 350/350/350 343/343/343 353/353/353 
f 352/352/352 350/350/350 353/353/353 
f 343/343/343 345/345/345 353/353/353 
f 354/354/354 352/352/352 353/353/353 
f 355/355/355 353/353/353 345/345/345 
f 354/354/354 353/353/353 355/355/355 
f 356/356/356 318/318/318 321/321/321 
f 318/318/318 356/356/356 325/325/325 
f 321/321/321 357/357/357 356/356/356 
f 358/358/358 356/356/356 357/357/357 
f 359/359/359 325/325/325 356/356/356 
f 356/356/356 358/358/358 359/359/359 
f 325/325/325 359/359/359 360/360/360 
f 360/360/360 359/359/359 361/361/361 
f 357/357/357 362/362/362 358/358/358 
f 359/359/359 363/363/363 361/361/361 
f 363/363/363 359/359/359 358/358/358 
f 363/363/363 364/364/364 361/361/361 
f 363/363/363 365/365/365 364/364/364 
f 365/365/365 363/363/363 358/358/358 
f 366/366/366 364/364/364 365/365/365 
f 358/358/358 362/362/362 367/367/367 
f 367/367/367 365/365/365 358/358/358 
f 362/362/362 368/368/368 367/367/367 
f 369/369/369 365/365/365 367/367/367 
f 369/369/369 367/367/367 368/368/368 
f 365/365/365 369/369/369 370/370/370 
f 368/368/368 371/371/371 369/369/369 
f 372/372/372 370/370/370 369/369/369 
f 371/371/371 373/373/373 369/369/369 
f 374/374/374 372/372/372 369/369/369 
f 369/369/369 373/373/373 374/374/374 
f 375/375/375 374/374/374 373/373/373 
f 376/376/376 372/372/372 374/374/374 
f 374/374/374 375/375/375 377/377/377 
f 376/376/376 374/374/374 377/377/377 
f 377/377/377 378/378/378 376/376/376 
f 378/378/378 377/377/377 379/379/379 
f 380/380/380 378/378/378 379/379/379 
f 380/380/380 381/381/381 378/378/378 
f 382/382/382 376/376/376 378/378/378 
f 381/381/381 383/383/383 378/378/378 
f 384/384/384 378/378/378 383/383/383 
f 378/378/378 384/384/384 382/382/382 
f 385/385/385 384/384/384 383/383/383 
f 384/384/384 385/385/385 268/268/268 
f 382/382/382 384/384/384 386/386/386 
f 268/268/268 386/386/386 384/384/384 
f 272/272/272 382/382/382 386/386/386 
f 268/268/268 267/267/267 386/386/386 
f 386/386/386 267/267/267 272/272/272 
f 387/387/387 388/388/388 389/389/389 
f 387/387/387 390/390/390 388/388/388 
f 391/391/391 390/390/390 387/387/387 
f 390/390/390 391/391/391 392/392/392 
f 387/387/387 393/393/393 391/391/391 
f 394/394/394 392/392/392 391/391/391 
f 393/393/393 394/394/394 391/391/391 
f 392/392/392 394/394/394 395/395/395 
f 396/396/396 395/395/395 394/394/394 
f 397/397/397 394/394/394 393/393/393 
f 394/394/394 398/398/398 396/396/396 
f 393/393/393 399/399/399 397/397/397 
f 394/394/394 400/400/400 398/398/398 
f 394/394/394 397/397/397 400/400/400 
f 398/398/398 401/401/401 396/396/396 
f 398/398/398 400/400/400 401/401/401 
f 397/397/397 401/401/401 400/400/400 
f 402/402/402 396/396/396 401/401/401 
f 399/399/399 403/403/403 397/397/397 
f 401/401/401 397/397/397 403/403/403 
f 403/403/403 399/399/399 404/404/404 
f 405/405/405 404/404/404 399/399/399 
f 404/404/404 406/406/406 403/403/403 
f 403/403/403 406/406/406 407/407/407 
f 403/403/403 407/407/407 401/401/401 
f 407/407/407 406/406/406 408/408/408 
f 401/401/401 409/409/409 402/402/402 
f 409/409/409 401/401/401 407/407/407 
f 410/410/410 402/402/402 409/409/409 
f 411/411/411 407/407/407 408/408/408 
f 408/408/408 412/412/412 411/411/411 
f 413/413/413 409/409/409 407/407/407 
f 407/407/407 411/411/411 413/413/413 
f 409/409/409 413/413/413 414/414/414 
f 413/413/413 415/415/415 414/414/414 
f 413/413/413 416/416/416 415/415/415 
f 416/416/416 413/413/413 411/411/411 
f 415/415/415 416/416/416 417/417/417 
f 418/418/418 411/411/411 412/412/412 
f 411/411/411 418/418/418 416/416/416 
f 416/416/416 418/418/418 417/417/417 
f 418/418/418 412/412/412 419/419/419 
f 419/419/419 417/417/417 418/418/418 
f 420/420/420 417/417/417 419/419/419 
f 419/419/419 421/421/421 420/420/420 
f 420/420/420 421/421/421 422/422/422 
f 423/423/423 421/421/421 419/419/419 
f 424/424/424 425/425/425 426/426/426 
f 427/427/427 425/425/425 424/424/424 
f 426/426/426 425/425/425 428/428/428 
f 425/425/425 427/427/427 429/429/429 
f 429/429/429 428/428/428 425/425/425 
f 430/430/430 429/429/429 427/427/427 
f 428/428/428 429/429/429 431/431/431 
f 431/431/431 432/432/432 428/428/428 
f 432/432/432 431/431/431 433/433/433 
f 434/434/434 433/433/433 431/431/431 
f 431/431/431 435/435/435 434/434/434 
f 436/436/436 431/431/431 429/429/429 
f 431/431/431 436/436/436 435/435/435 
f 429/429/429 430/430/430 436/436/436 
f 435/435/435 436/436/436 437/437/437 
f 438/438/438 436/436/436 430/430/430 
f 437/437/437 436/436/436 439/439/439 
f 440/440/440 437/437/437 439/439/439 
f 440/440/440 439/439/439 441/441/441 
f 430/430/430 442/442/442 438/438/438 
f 430/430/430 443/443/443 442/442/442 
f 444/444/444 442/442/442 443/443/443 
f 445/445/445 442/442/442 444/444/444 
f 442/442/442 445/445/445 446/446/446 
f 444/444/444 447/447/447 445/445/445 
f 448/448/448 446/446/446 445/445/445 
f 445/445/445 447/447/447 449/449/449 
f 445/445/445 449/449/449 448/448/448 
f 447/447/447 450/450/450 449/449/449 
f 451/451/451 448/448/448 449/449/449 
f 450/450/450 452/452/452 449/449/449 
f 449/449/449 453/453/453 451/451/451 
f 449/449/449 452/452/452 453/453/453 
f 454/454/454 453/453/453 452/452/452 
f 453/453/453 454/454/454 455/455/455 
f 456/456/456 457/457/457 458/458/458 
f 458/458/458 459/459/459 456/456/456 
f 460/460/460 456/456/456 459/459/459 
f 459/459/459 461/461/461 460/460/460 
f 460/460/460 461/461/461 462/462/462 
f 461/461/461 463/463/463 462/462/462 
f 461/461/461 459/459/459 464/464/464 
f 464/464/464 459/459/459 465/465/465 
f 461/461/461 464/464/464 466/466/466 
f 463/463/463 461/461/461 466/466/466 
f 466/466/466 464/464/464 467/467/467 
f 468/468/468 466/466/466 467/467/467 
f 469/469/469 463/463/463 466/466/466 
f 466/466/466 468/468/468 469/469/469 
f 470/470/470 469/469/469 468/468/468 
f 471/471/471 463/463/463 469/469/469 
f 469/469/469 470/470/470 472/472/472 
f 473/473/473 471/471/471 469/469/469 
f 469/469/469 472/472/472 473/473/473 
f 474/474/474 471/471/471 473/473/473 
f 475/475/475 473/473/473 472/472/472 
f 474/474/474 473/473/473 475/475/475 
f 475/475/475 476/476/476 474/474/474 
f 476/476/476 475/475/475 477/477/477 
f 477/477/477 478/478/478 476/476/476 
f 479/479/479 476/476/476 478/478/478 
f 478/478/478 480/480/480 479/479/479 
f 481/481/481 479/479/479 480/480/480 
f 480/480/480 482/482/482 481/481/481 
f 481/481/481 482/482/482 483/483/483 
f 484/484/484 481/481/481 483/483/483 
f 481/481/481 484/484/484 485/485/485 
f 484/484/484 486/486/486 485/485/485 
f 487/487/487 484/484/484 483/483/483 
f 482/482/482 487/487/487 483/483/483 
f 484/484/484 487/487/487 486/486/486 
f 488/488/488 487/487/487 482/482/482 
f 487/487/487 488/488/488 486/486/486 
f 489/489/489 488/488/488 482/482/482 
f 482/482/482 490/490/490 489/489/489 
f 489/489/489 490/490/490 491/491/491 
f 490/490/490 492/492/492 491/491/491 
f 488/488/488 489/489/489 493/493/493 
f 489/489/489 494/494/494 493/493/493 
f 488/488/488 493/493/493 495/495/495 
f 494/494/494 495/495/495 493/493/493 
f 488/488/488 495/495/495 486/486/486 
f 494/494/494 496/496/496 495/495/495 
f 497/497/497 486/486/486 495/495/495 
f 496/496/496 497/497/497 495/495/495 
f 486/486/486 497/497/497 498/498/498 
f 486/486/486 498/498/498 499/499/499 
f 497/497/497 496/496/496 500/500/500 
f 501/501/501 500/500/500 496/496/496 
f 500/500/500 501/501/501 502/502/502 
f 500/500/500 502/502/502 503/503/503 
f 503/503/503 497/497/497 500/500/500 
f 503/503/503 502/502/502 504/504/504 
f 504/504/504 505/505/505 503/503/503 
f 506/506/506 503/503/503 505/505/505 
f 497/497/497 503/503/503 507/507/507 
f 507/507/507 498/498/498 497/497/497 
f 508/508/508 503/503/503 506/506/506 
f 507/507/507 503/503/503 508/508/508 
f 506/506/506 509/509/509 508/508/508 
f 506/506/506 510/510/510 509/509/509 
f 509/509/509 510/510/510 511/511/511 
f 509/509/509 511/511/511 512/512/512 
f 513/513/513 508/508/508 509/509/509 
f 512/512/512 513/513/513 509/509/509 
f 507/507/507 508/508/508 514/514/514 
f 514/514/514 508/508/508 513/513/513 
f 515/515/515 507/507/507 514/514/514 
f 507/507/507 515/515/515 498/498/498 
f 516/516/516 498/498/498 515/515/515 
f 499/499/499 498/498/498 516/516/516 
f 517/517/517 499/499/499 516/516/516 
f 517/517/517 516/516/516 518/518/518 
f 518/518/518 516/516/516 515/515/515 
f 515/515/515 514/514/514 518/518/518 
f 518/518/518 514/514/514 519/519/519 
f 514/514/514 513/513/513 519/519/519 
f 520/520/520 518/518/518 519/519/519 
f 520/520/520 519/519/519 521/521/521 
f 521/521/521 522/522/522 520/520/520 
f 523/523/523 519/519/519 513/513/513 
f 519/519/519 523/523/523 521/521/521 
f 524/524/524 522/522/522 521/521/521 
f 523/523/523 524/524/524 521/521/521 
f 525/525/525 522/522/522 524/524/524 
f 524/524/524 526/526/526 525/525/525 
f 527/527/527 523/523/523 513/513/513 
f 513/513/513 512/512/512 527/527/527 
f 523/523/523 528/528/528 524/524/524 
f 526/526/526 524/524/524 528/528/528 
f 528/528/528 523/523/523 527/527/527 
f 529/529/529 527/527/527 512/512/512 
f 527/527/527 529/529/529 528/528/528 
f 512/512/512 530/530/530 529/529/529 
f 531/531/531 528/528/528 529/529/529 
f 530/530/530 531/531/531 529/529/529 
f 528/528/528 531/531/531 526/526/526 
f 532/532/532 533/533/533 534/534/534 
f 535/535/535 534/534/534 533/533/533 
f 533/533/533 532/532/532 536/536/536 
f 537/537/537 533/533/533 536/536/536 
f 535/535/535 538/538/538 539/539/539 
f 540/540/540 539/539/539 538/538/538 
f 541/541/541 538/538/538 535/535/535 
f 542/542/542 540/540/540 538/538/538 
f 538/538/538 541/541/541 542/542/542 
f 533/533/533 543/543/543 535/535/535 
f 543/543/543 541/541/541 535/535/535 
f 544/544/544 533/533/533 537/537/537 
f 537/537/537 545/545/545 546/546/546 
f 546/546/546 544/544/544 537/537/537 
f 547/547/547 533/533/533 544/544/544 
f 543/543/543 533/533/533 547/547/547 
f 544/544/544 548/548/548 547/547/547 
f 543/543/543 547/547/547 548/548/548 
f 548/548/548 544/544/544 549/549/549 
f 549/549/549 543/543/543 548/548/548 
f 550/550/550 544/544/544 546/546/546 
f 551/551/551 550/550/550 546/546/546 
f 544/544/544 550/550/550 552/552/552 
f 552/552/552 549/549/549 544/544/544 
f 553/553/553 550/550/550 551/551/551 
f 550/550/550 553/553/553 552/552/552 
f 554/554/554 553/553/553 551/551/551 
f 553/553/553 554/554/554 555/555/555 
f 552/552/552 553/553/553 555/555/555 
f 554/554/554 556/556/556 555/555/555 
f 481/481/481 555/555/555 556/556/556 
f 555/555/555 557/557/557 552/552/552 
f 549/549/549 552/552/552 558/558/558 
f 558/558/558 552/552/552 557/557/557 
f 485/485/485 557/557/557 555/555/555 
f 555/555/555 481/481/481 485/485/485 
f 517/517/517 558/558/558 557/557/557 
f 557/557/557 485/485/485 499/499/499 
f 499/499/499 517/517/517 557/557/557 
f 499/499/499 485/485/485 486/486/486 
f 517/517/517 559/559/559 558/558/558 
f 560/560/560 549/549/549 558/558/558 
f 559/559/559 560/560/560 558/558/558 
f 560/560/560 561/561/561 549/549/549 
f 561/561/561 543/543/543 549/549/549 
f 560/560/560 559/559/559 562/562/562 
f 543/543/543 561/561/561 563/563/563 
f 541/541/541 543/543/543 563/563/563 
f 560/560/560 564/564/564 561/561/561 
f 564/564/564 560/560/560 562/562/562 
f 541/541/541 563/563/563 542/542/542 
f 563/563/563 561/561/561 565/565/565 
f 565/565/565 561/561/561 564/564/564 
f 563/563/563 565/565/565 542/542/542 
f 559/559/559 518/518/518 562/562/562 
f 559/559/559 517/517/517 518/518/518 
f 564/564/564 562/562/562 520/520/520 
f 518/518/518 520/520/520 562/562/562 
f 564/564/564 522/522/522 565/565/565 
f 522/522/522 564/564/564 520/520/520 
f 566/566/566 567/567/567 568/568/568 
f 566/566/566 568/568/568 569/569/569 
f 567/567/567 570/570/570 568/568/568 
f 567/567/567 571/571/571 570/570/570 
f 568/568/568 572/572/572 569/569/569 
f 571/571/571 573/573/573 570/570/570 
f 573/573/573 571/571/571 574/574/574 
f 574/574/574 575/575/575 573/573/573 
f 575/575/575 576/576/576 573/573/573 
f 577/577/577 576/576/576 575/575/575 
f 573/573/573 578/578/578 570/570/570 
f 573/573/573 579/579/579 578/578/578 
f 579/579/579 573/573/573 576/576/576 
f 570/570/570 578/578/578 580/580/580 
f 578/578/578 579/579/579 581/581/581 
f 578/578/578 581/581/581 580/580/580 
f 576/576/576 582/582/582 579/579/579 
f 581/581/581 579/579/579 582/582/582 
f 577/577/577 583/583/583 576/576/576 
f 583/583/583 577/577/577 584/584/584 
f 576/576/576 585/585/585 582/582/582 
f 576/576/576 583/583/583 585/585/585 
f 586/586/586 581/581/581 582/582/582 
f 587/587/587 588/588/588 584/584/584 
f 588/588/588 589/589/589 584/584/584 
f 589/589/589 583/583/583 584/584/584 
f 589/589/589 588/588/588 590/590/590 
f 583/583/583 589/589/589 591/591/591 
f 591/591/591 585/585/585 583/583/583 
f 590/590/590 592/592/592 589/589/589 
f 589/589/589 592/592/592 591/591/591 
f 590/590/590 593/593/593 592/592/592 
f 594/594/594 592/592/592 593/593/593 
f 591/591/591 592/592/592 595/595/595 
f 585/585/585 591/591/591 595/595/595 
f 594/594/594 596/596/596 592/592/592 
f 595/595/595 592/592/592 596/596/596 
f 597/597/597 596/596/596 594/594/594 
f 598/598/598 597/597/597 594/594/594 
f 596/596/596 599/599/599 595/595/595 
f 597/597/597 598/598/598 600/600/600 
f 601/601/601 596/596/596 597/597/597 
f 596/596/596 601/601/601 599/599/599 
f 601/601/601 597/597/597 600/600/600 
f 585/585/585 595/595/595 602/602/602 
f 585/585/585 602/602/602 582/582/582 
f 603/603/603 595/595/595 599/599/599 
f 595/595/595 603/603/603 602/602/602 
f 602/602/602 586/586/586 582/582/582 
f 603/603/603 604/604/604 602/602/602 
f 602/602/602 604/604/604 586/586/586 
f 599/599/599 605/605/605 603/603/603 
f 603/603/603 605/605/605 604/604/604 
f 601/601/601 606/606/606 599/599/599 
f 605/605/605 599/599/599 606/606/606 
f 606/606/606 601/601/601 607/607/607 
f 600/600/600 607/607/607 601/601/601 
f 608/608/608 609/609/609 610/610/610 
f 611/611/611 609/609/609 608/608/608 
f 612/612/612 611/611/611 608/608/608 
f 608/608/608 613/613/613 612/612/612 
f 614/614/614 612/612/612 613/613/613 
f 615/615/615 614/614/614 613/613/613 
f 616/616/616 617/617/617 618/618/618 
f 617/617/617 619/619/619 618/618/618 
f 618/618/618 619/619/619 620/620/620 
f 619/619/619 621/621/621 620/620/620 
f 622/622/622 620/620/620 621/621/621 
f 619/619/619 617/617/617 623/623/623 
f 624/624/624 622/622/622 625/625/625 
f 626/626/626 625/625/625 622/622/622 
f 626/626/626 622/622/622 621/621/621 
f 625/625/625 626/626/626 627/627/627 
f 628/628/628 627/627/627 626/626/626 
f 626/626/626 629/629/629 628/628/628 
f 621/621/621 619/619/619 630/630/630 
f 630/630/630 626/626/626 621/621/621 
f 629/629/629 626/626/626 630/630/630 
f 623/623/623 630/630/630 619/619/619 
f 631/631/631 628/628/628 629/629/629 
f 630/630/630 631/631/631 629/629/629 
f 630/630/630 623/623/623 631/631/631 
f 623/623/623 617/617/617 632/632/632 
f 633/633/633 632/632/632 617/617/617 
f 633/633/633 634/634/634 632/632/632 
f 634/634/634 623/623/623 632/632/632 
f 623/623/623 634/634/634 635/635/635 
f 631/631/631 623/623/623 636/636/636 
f 635/635/635 636/636/636 623/623/623 
f 637/637/637 631/631/631 636/636/636 
f 631/631/631 637/637/637 638/638/638 
f 637/637/637 636/636/636 639/639/639 
f 639/639/639 636/636/636 635/635/635 
f 640/640/640 637/637/637 639/639/639 
f 641/641/641 635/635/635 634/634/634 
f 641/641/641 634/634/634 642/642/642 
f 643/643/643 635/635/635 641/641/641 
f 635/635/635 644/644/644 639/639/639 
f 635/635/635 643/643/643 644/644/644 
f 639/639/639 644/644/644 640/640/640 
f 641/641/641 645/645/645 643/643/643 
f 644/644/644 643/643/643 645/645/645 
f 645/645/645 641/641/641 646/646/646 
f 644/644/644 647/647/647 640/640/640 
f 644/644/644 645/645/645 647/647/647 
f 647/647/647 637/637/637 640/640/640 
f 637/637/637 647/647/647 648/648/648 
f 649/649/649 645/645/645 646/646/646 
f 646/646/646 650/650/650 649/649/649 
f 651/651/651 647/647/647 645/645/645 
f 647/647/647 651/651/651 648/648/648 
f 651/651/651 645/645/645 649/649/649 
f 650/650/650 652/652/652 649/649/649 
f 652/652/652 651/651/651 649/649/649 
f 653/653/653 651/651/651 652/652/652 
f 654/654/654 648/648/648 651/651/651 
f 648/648/648 654/654/654 655/655/655 
f 656/656/656 655/655/655 654/654/654 
f 654/654/654 657/657/657 656/656/656 
f 657/657/657 654/654/654 651/651/651 
f 651/651/651 658/658/658 657/657/657 
f 658/658/658 651/651/651 653/653/653 
f 659/659/659 657/657/657 658/658/658 
f 659/659/659 658/658/658 660/660/660 
f 658/658/658 661/661/661 660/660/660 
f 658/658/658 653/653/653 662/662/662 
f 661/661/661 658/658/658 662/662/662 
f 652/652/652 662/662/662 653/653/653 
f 662/662/662 652/652/652 663/663/663 
f 664/664/664 662/662/662 663/663/663 
f 662/662/662 664/664/664 661/661/661 
f 664/664/664 665/665/665 661/661/661 
f 666/666/666 667/667/667 668/668/668 
f 668/668/668 667/667/667 669/669/669 
f 668/668/668 670/670/670 666/666/666 
f 671/671/671 666/666/666 670/670/670 
f 671/671/671 672/672/672 666/666/666 
f 671/671/671 670/670/670 673/673/673 
f 674/674/674 672/672/672 671/671/671 
f 675/675/675 671/671/671 673/673/673 
f 671/671/671 675/675/675 674/674/674 
f 673/673/673 676/676/676 675/675/675 
f 677/677/677 674/674/674 675/675/675 
f 674/674/674 677/677/677 678/678/678 
f 679/679/679 675/675/675 676/676/676 
f 676/676/676 680/680/680 679/679/679 
f 675/675/675 681/681/681 677/677/677 
f 681/681/681 675/675/675 679/679/679 
f 682/682/682 677/677/677 681/681/681 
f 683/683/683 679/679/679 680/680/680 
f 680/680/680 684/684/684 683/683/683 
f 685/685/685 683/683/683 684/684/684 
f 685/685/685 686/686/686 683/683/683 
f 682/682/682 681/681/681 687/687/687 
f 679/679/679 688/688/688 681/681/681 
f 688/688/688 679/679/679 683/683/683 
f 687/687/687 681/681/681 688/688/688 
f 689/689/689 683/683/683 686/686/686 
f 683/683/683 689/689/689 688/688/688 
f 690/690/690 682/682/682 687/687/687 
f 688/688/688 690/690/690 687/687/687 
f 691/691/691 682/682/682 690/690/690 
f 692/692/692 691/691/691 690/690/690 
f 686/686/686 693/693/693 689/689/689 
f 693/693/693 688/688/688 689/689/689 
f 686/686/686 694/694/694 693/693/693 
f 688/688/688 693/693/693 695/695/695 
f 688/688/688 695/695/695 690/690/690 
f 693/693/693 694/694/694 695/695/695 
f 690/690/690 696/696/696 692/692/692 
f 696/696/696 690/690/690 695/695/695 
f 697/697/697 692/692/692 696/696/696 
f 696/696/696 698/698/698 697/697/697 
f 696/696/696 695/695/695 699/699/699 
f 698/698/698 696/696/696 699/699/699 
f 700/700/700 695/695/695 694/694/694 
f 695/695/695 700/700/700 699/699/699 
f 700/700/700 694/694/694 701/701/701 
f 702/702/702 701/701/701 694/694/694 
f 702/702/702 703/703/703 701/701/701 
f 703/703/703 700/700/700 701/701/701 
f 704/704/704 698/698/698 699/699/699 
f 705/705/705 698/698/698 704/704/704 
f 706/706/706 705/705/705 704/704/704 
f 706/706/706 704/704/704 699/699/699 
f 700/700/700 707/707/707 699/699/699 
f 700/700/700 703/703/703 707/707/707 
f 699/699/699 707/707/707 706/706/706 
f 708/708/708 707/707/707 703/703/703 
f 709/709/709 707/707/707 708/708/708 
f 707/707/707 709/709/709 706/706/706 
f 709/709/709 710/710/710 706/706/706 
f 711/711/711 712/712/712 713/713/713 
f 711/711/711 713/713/713 714/714/714 
f 711/711/711 714/714/714 715/715/715 
f 715/715/715 716/716/716 711/711/711 
f 716/716/716 715/715/715 717/717/717 
f 712/712/712 711/711/711 716/716/716 
f 716/716/716 718/718/718 712/712/712 
f 712/712/712 718/718/718 719/719/719 
f 713/713/713 720/720/720 714/714/714 
f 713/713/713 712/712/712 721/721/721 
f 719/719/719 721/721/721 712/712/712 
f 721/721/721 720/720/720 713/713/713 
f 720/720/720 722/722/722 714/714/714 
f 719/719/719 723/723/723 721/721/721 
f 724/724/724 720/720/720 721/721/721 
f 723/723/723 724/724/724 721/721/721 
f 719/719/719 725/725/725 723/723/723 
f 725/725/725 719/719/719 726/726/726 
f 725/725/725 727/727/727 723/723/723 
f 728/728/728 727/727/727 725/725/725 
f 727/727/727 729/729/729 723/723/723 
f 729/729/729 724/724/724 723/723/723 
f 730/730/730 729/729/729 727/727/727 
f 720/720/720 724/724/724 731/731/731 
f 720/720/720 731/731/731 722/722/722 
f 732/732/732 733/733/733 734/734/734 
f 734/734/734 735/735/735 732/732/732 
f 736/736/736 733/733/733 732/732/732 
f 737/737/737 732/732/732 735/735/735 
f 736/736/736 732/732/732 737/737/737 
f 738/738/738 737/737/737 735/735/735 
f 733/733/733 736/736/736 739/739/739 
f 737/737/737 738/738/738 740/740/740 
f 741/741/741 736/736/736 737/737/737 
f 740/740/740 741/741/741 737/737/737 
f 736/736/736 742/742/742 739/739/739 
f 742/742/742 736/736/736 741/741/741 
f 743/743/743 739/739/739 742/742/742 
f 743/743/743 744/744/744 739/739/739 
f 741/741/741 745/745/745 742/742/742 
f 743/743/743 742/742/742 745/745/745 
f 746/746/746 740/740/740 738/738/738 
f 747/747/747 744/744/744 743/743/743 
f 747/747/747 748/748/748 744/744/744 
f 749/749/749 747/747/747 743/743/743 
f 750/750/750 748/748/748 747/747/747 
f 748/748/748 750/750/750 751/751/751 
f 752/752/752 751/751/751 750/750/750 
f 753/753/753 750/750/750 747/747/747 
f 749/749/749 753/753/753 747/747/747 
f 752/752/752 750/750/750 754/754/754 
f 753/753/753 754/754/754 750/750/750 
f 752/752/752 755/755/755 756/756/756 
f 752/752/752 754/754/754 755/755/755 
f 754/754/754 753/753/753 757/757/757 
f 753/753/753 758/758/758 757/757/757 
f 758/758/758 753/753/753 749/749/749 
f 759/759/759 754/754/754 757/757/757 
f 757/757/757 758/758/758 759/759/759 
f 760/760/760 755/755/755 754/754/754 
f 754/754/754 759/759/759 761/761/761 
f 761/761/761 760/760/760 754/754/754 
f 762/762/762 759/759/759 758/758/758 
f 762/762/762 761/761/761 759/759/759 
f 749/749/749 763/763/763 758/758/758 
f 763/763/763 762/762/762 758/758/758 
f 764/764/764 755/755/755 760/760/760 
f 755/755/755 764/764/764 765/765/765 
f 766/766/766 765/765/765 764/764/764 
f 767/767/767 764/764/764 760/760/760 
f 767/767/767 766/766/766 764/764/764 
f 761/761/761 767/767/767 760/760/760 
f 766/766/766 767/767/767 768/768/768 
f 766/766/766 768/768/768 769/769/769 
f 768/768/768 770/770/770 769/769/769 
f 768/768/768 771/771/771 770/770/770 
f 768/768/768 767/767/767 772/772/772 
f 768/768/768 772/772/772 771/771/771 
f 767/767/767 761/761/761 772/772/772 
f 773/773/773 771/771/771 772/772/772 
f 761/761/761 773/773/773 772/772/772 
f 761/761/761 762/762/762 773/773/773 
f 774/774/774 775/775/775 776/776/776 
f 777/777/777 775/775/775 774/774/774 
f 774/774/774 778/778/778 777/777/777 
f 778/778/778 779/779/779 777/777/777 
f 775/775/775 777/777/777 780/780/780 
f 780/780/780 781/781/781 775/775/775 
f 782/782/782 777/777/777 779/779/779 
f 782/782/782 780/780/780 777/777/777 
f 783/783/783 782/782/782 779/779/779 
f 780/780/780 782/782/782 784/784/784 
f 785/785/785 786/786/786 787/787/787 
f 788/788/788 789/789/789 790/790/790 
f 790/790/790 786/786/786 788/788/788 
f 789/789/789 788/788/788 791/791/791 
f 786/786/786 785/785/785 792/792/792 
f 792/792/792 788/788/788 786/786/786 
f 791/791/791 788/788/788 793/793/793 
f 791/791/791 793/793/793 794/794/794 
f 793/793/793 795/795/795 794/794/794 
f 796/796/796 793/793/793 788/788/788 
f 796/796/796 795/795/795 793/793/793 
f 788/788/788 792/792/792 796/796/796 
f 795/795/795 796/796/796 797/797/797 
f 798/798/798 795/795/795 797/797/797 
f 799/799/799 796/796/796 792/792/792 
f 796/796/796 799/799/799 797/797/797 
f 800/800/800 798/798/798 797/797/797 
f 799/799/799 800/800/800 797/797/797 
f 799/799/799 801/801/801 800/800/800 
f 801/801/801 798/798/798 800/800/800 
f 792/792/792 802/802/802 799/799/799 
f 785/785/785 802/802/802 792/792/792 
f 801/801/801 799/799/799 803/803/803 
f 803/803/803 799/799/799 802/802/802 
f 804/804/804 802/802/802 785/785/785 
f 804/804/804 803/803/803 802/802/802 
f 804/804/804 785/785/785 805/805/805 
f 806/806/806 801/801/801 803/803/803 
f 806/806/806 798/798/798 801/801/801 
f 804/804/804 807/807/807 803/803/803 
f 805/805/805 807/807/807 804/804/804 
f 806/806/806 803/803/803 807/807/807 
f 805/805/805 808/808/808 807/807/807 
f 806/806/806 807/807/807 809/809/809 
f 808/808/808 809/809/809 807/807/807 
f 798/798/798 806/806/806 810/810/810 
f 810/810/810 806/806/806 811/811/811 
f 809/809/809 811/811/811 806/806/806 
f 812/812/812 798/798/798 810/810/810 
f 811/811/811 813/813/813 810/810/810 
f 813/813/813 812/812/812 810/810/810 
f 814/814/814 813/813/813 811/811/811 
f 811/811/811 809/809/809 814/814/814 
f 814/814/814 815/815/815 813/813/813 
f 816/816/816 814/814/814 809/809/809 
f 817/817/817 813/813/813 815/815/815 
f 813/813/813 817/817/817 812/812/812 
f 809/809/809 818/818/818 816/816/816 
f 817/817/817 819/819/819 812/812/812 
f 819/819/819 817/817/817 820/820/820 
f 819/819/819 820/820/820 821/821/821 
f 822/822/822 821/821/821 820/820/820 
f 819/819/819 823/823/823 812/812/812 
f 823/823/823 819/819/819 821/821/821 
f 798/798/798 812/812/812 823/823/823 
f 823/823/823 821/821/821 824/824/824 
f 823/823/823 824/824/824 798/798/798 
f 825/825/825 818/818/818 809/809/809 
f 809/809/809 808/808/808 825/825/825 
f 826/826/826 825/825/825 808/808/808 
f 825/825/825 826/826/826 827/827/827 
f 825/825/825 828/828/828 818/818/818 
f 825/825/825 827/827/827 828/828/828 
f 828/828/828 829/829/829 818/818/818 
f 827/827/827 830/830/830 828/828/828 
f 830/830/830 829/829/829 828/828/828 
f 831/831/831 832/832/832 833/833/833 
f 834/834/834 833/833/833 832/832/832 
f 831/831/831 835/835/835 836/836/836 
f 837/837/837 835/835/835 831/831/831 
f 838/838/838 835/835/835 837/837/837 
f 833/833/833 839/839/839 831/831/831 
f 839/839/839 837/837/837 831/831/831 
f 837/837/837 840/840/840 838/838/838 
f 839/839/839 833/833/833 808/808/808 
f 833/833/833 826/826/826 808/808/808 
f 837/837/837 839/839/839 841/841/841 
f 840/840/840 837/837/837 841/841/841 
f 842/842/842 841/841/841 839/839/839 
f 840/840/840 841/841/841 843/843/843 
f 841/841/841 842/842/842 844/844/844 
f 844/844/844 843/843/843 841/841/841 
f 842/842/842 839/839/839 805/805/805 
f 808/808/808 805/805/805 839/839/839 
f 844/844/844 842/842/842 787/787/787 
f 785/785/785 842/842/842 805/805/805 
f 842/842/842 785/785/785 787/787/787 
f 845/845/845 844/844/844 787/787/787 
f 845/845/845 843/843/843 844/844/844 
f 846/846/846 840/840/840 843/843/843 
f 840/840/840 846/846/846 847/847/847 
f 843/843/843 845/845/845 848/848/848 
f 846/846/846 843/843/843 849/849/849 
f 849/849/849 843/843/843 848/848/848 
f 849/849/849 850/850/850 846/846/846 
f 846/846/846 850/850/850 851/851/851 
f 849/849/849 848/848/848 852/852/852 
f 852/852/852 848/848/848 845/845/845 
f 850/850/850 849/849/849 852/852/852 
f 850/850/850 853/853/853 851/851/851 
f 854/854/854 851/851/851 853/853/853 
f 850/850/850 852/852/852 855/855/855 
f 853/853/853 850/850/850 855/855/855 
f 854/854/854 853/853/853 856/856/856 
f 853/853/853 857/857/857 856/856/856 
f 856/856/856 857/857/857 854/854/854 
f 857/857/857 853/853/853 855/855/855 
f 858/858/858 854/854/854 857/857/857 
f 852/852/852 859/859/859 855/855/855 
f 845/845/845 859/859/859 852/852/852 
f 857/857/857 855/855/855 860/860/860 
f 858/858/858 857/857/857 860/860/860 
f 855/855/855 859/859/859 860/860/860 
f 858/858/858 860/860/860 861/861/861 
f 858/858/858 861/861/861 862/862/862 
f 860/860/860 859/859/859 863/863/863 
f 860/860/860 863/863/863 861/861/861 
f 859/859/859 845/845/845 864/864/864 
f 859/859/859 864/864/864 863/863/863 
f 787/787/787 864/864/864 845/845/845 
f 861/861/861 863/863/863 865/865/865 
f 864/864/864 787/787/787 866/866/866 
f 861/861/861 789/789/789 862/862/862 
f 789/789/789 861/861/861 865/865/865 
f 789/789/789 791/791/791 862/862/862 
f 790/790/790 865/865/865 863/863/863 
f 864/864/864 790/790/790 863/863/863 
f 865/865/865 790/790/790 789/789/789 
f 790/790/790 864/864/864 866/866/866 
f 786/786/786 866/866/866 787/787/787 
f 790/790/790 866/866/866 786/786/786 
f 867/867/867 771/771/771 773/773/773 
f 773/773/773 868/868/868 867/867/867 
f 868/868/868 869/869/869 867/867/867 
f 773/773/773 762/762/762 870/870/870 
f 868/868/868 773/773/773 870/870/870 
f 762/762/762 871/871/871 870/870/870 
f 763/763/763 871/871/871 762/762/762 
f 870/870/870 872/872/872 868/868/868 
f 869/869/869 868/868/868 872/872/872 
f 870/870/870 873/873/873 872/872/872 
f 873/873/873 870/870/870 871/871/871 
f 874/874/874 869/869/869 872/872/872 
f 875/875/875 869/869/869 874/874/874 
f 875/875/875 874/874/874 876/876/876 
f 872/872/872 877/877/877 874/874/874 
f 877/877/877 876/876/876 874/874/874 
f 877/877/877 872/872/872 873/873/873 
f 876/876/876 877/877/877 878/878/878 
f 879/879/879 876/876/876 878/878/878 
f 879/879/879 880/880/880 876/876/876 
f 879/879/879 881/881/881 880/880/880 
f 882/882/882 878/878/878 877/877/877 
f 882/882/882 877/877/877 873/873/873 
f 882/882/882 883/883/883 878/878/878 
f 884/884/884 878/878/878 883/883/883 
f 882/882/882 873/873/873 885/885/885 
f 882/882/882 885/885/885 883/883/883 
f 886/886/886 885/885/885 873/873/873 
f 873/873/873 871/871/871 886/886/886 
f 887/887/887 885/885/885 886/886/886 
f 883/883/883 885/885/885 888/888/888 
f 888/888/888 885/885/885 887/887/887 
f 889/889/889 884/884/884 883/883/883 
f 890/890/890 883/883/883 888/888/888 
f 890/890/890 889/889/889 883/883/883 
f 886/886/886 871/871/871 891/891/891 
f 887/887/887 886/886/886 891/891/891 
f 871/871/871 892/892/892 891/891/891 
f 892/892/892 871/871/871 763/763/763 
f 763/763/763 749/749/749 892/892/892 
f 749/749/749 893/893/893 892/892/892 
f 893/893/893 891/891/891 892/892/892 
f 749/749/749 743/743/743 893/893/893 
f 743/743/743 745/745/745 893/893/893 
f 891/891/891 893/893/893 894/894/894 
f 745/745/745 894/894/894 893/893/893 
f 887/887/887 891/891/891 894/894/894 
f 745/745/745 895/895/895 894/894/894 
f 895/895/895 887/887/887 894/894/894 
f 895/895/895 745/745/745 741/741/741 
f 896/896/896 887/887/887 895/895/895 
f 896/896/896 888/888/888 887/887/887 
f 896/896/896 890/890/890 888/888/888 
f 897/897/897 896/896/896 895/895/895 
f 896/896/896 897/897/897 890/890/890 
f 895/895/895 741/741/741 898/898/898 
f 897/897/897 895/895/895 898/898/898 
f 741/741/741 740/740/740 898/898/898 
f 890/890/890 897/897/897 899/899/899 
f 900/900/900 897/897/897 898/898/898 
f 898/898/898 740/740/740 900/900/900 
f 899/899/899 897/897/897 900/900/900 
f 901/901/901 890/890/890 899/899/899 
f 900/900/900 901/901/901 899/899/899 
f 889/889/889 890/890/890 901/901/901 
f 740/740/740 902/902/902 900/900/900 
f 901/901/901 900/900/900 902/902/902 
f 902/902/902 740/740/740 746/746/746 
f 903/903/903 889/889/889 901/901/901 
f 903/903/903 901/901/901 902/902/902 
f 889/889/889 903/903/903 904/904/904 
f 904/904/904 903/903/903 905/905/905 
f 889/889/889 904/904/904 906/906/906 
f 907/907/907 906/906/906 904/904/904 
f 884/884/884 889/889/889 906/906/906 
f 907/907/907 908/908/908 906/906/906 
f 884/884/884 906/906/906 908/908/908 
f 909/909/909 903/903/903 902/902/902 
f 903/903/903 909/909/909 905/905/905 
f 746/746/746 909/909/909 902/902/902 
f 910/910/910 905/905/905 909/909/909 
f 905/905/905 910/910/910 911/911/911 
f 746/746/746 912/912/912 909/909/909 
f 909/909/909 912/912/912 910/910/910 
f 746/746/746 913/913/913 912/912/912 
f 911/911/911 910/910/910 914/914/914 
f 912/912/912 913/913/913 915/915/915 
f 915/915/915 910/910/910 912/912/912 
f 915/915/915 916/916/916 910/910/910 
f 916/916/916 914/914/914 910/910/910 
f 917/917/917 918/918/918 919/919/919 
f 920/920/920 919/919/919 918/918/918 
f 921/921/921 920/920/920 918/918/918 
f 922/922/922 921/921/921 918/918/918 
f 917/917/917 922/922/922 918/918/918 
f 921/921/921 922/922/922 923/923/923 
f 924/924/924 922/922/922 917/917/917 
f 922/922/922 924/924/924 923/923/923 
f 919/919/919 925/925/925 917/917/917 
f 925/925/925 924/924/924 917/917/917 
f 926/926/926 923/923/923 924/924/924 
f 923/923/923 926/926/926 927/927/927 
f 928/928/928 927/927/927 926/926/926 
f 924/924/924 929/929/929 926/926/926 
f 929/929/929 924/924/924 925/925/925 
f 926/926/926 930/930/930 928/928/928 
f 930/930/930 926/926/926 929/929/929 
f 931/931/931 928/928/928 930/930/930 
f 930/930/930 932/932/932 931/931/931 
f 933/933/933 931/931/931 932/932/932 
f 929/929/929 934/934/934 930/930/930 
f 932/932/932 930/930/930 934/934/934 
f 925/925/925 935/935/935 929/929/929 
f 934/934/934 929/929/929 935/935/935 
f 932/932/932 934/934/934 936/936/936 
f 935/935/935 936/936/936 934/934/934 
f 932/932/932 937/937/937 933/933/933 
f 937/937/937 932/932/932 936/936/936 
f 938/938/938 939/939/939 940/940/940 
f 941/941/941 940/940/940 939/939/939 
f 942/942/942 938/938/938 940/940/940 
f 940/940/940 943/943/943 942/942/942 
f 943/943/943 940/940/940 944/944/944 
f 945/945/945 943/943/943 944/944/944 
f 946/946/946 947/947/947 948/948/948 
f 949/949/949 948/948/948 947/947/947 
f 950/950/950 948/948/948 949/949/949 
f 951/951/951 950/950/950 949/949/949 
f 952/952/952 950/950/950 951/951/951 
f 949/949/949 953/953/953 951/951/951 
f 953/953/953 954/954/954 951/951/951 
f 952/952/952 951/951/951 954/954/954 
f 954/954/954 955/955/955 952/952/952 
f 956/956/956 952/952/952 955/955/955 
f 955/955/955 954/954/954 957/957/957 
f 955/955/955 958/958/958 956/956/956 
f 957/957/957 958/958/958 955/955/955 
f 957/957/957 954/954/954 959/959/959 
f 958/958/958 960/960/960 956/956/956 
f 961/961/961 957/957/957 959/959/959 
f 962/962/962 961/961/961 959/959/959 
f 961/961/961 962/962/962 963/963/963 
f 963/963/963 964/964/964 961/961/961 
f 961/961/961 965/965/965 957/957/957 
f 965/965/965 961/961/961 964/964/964 
f 958/958/958 957/957/957 965/965/965 
f 965/965/965 964/964/964 966/966/966 
f 967/967/967 965/965/965 966/966/966 
f 965/965/965 968/968/968 958/958/958 
f 965/965/965 967/967/967 968/968/968 
f 960/960/960 958/958/958 968/968/968 
f 969/969/969 968/968/968 967/967/967 
f 968/968/968 970/970/970 960/960/960 
f 970/970/970 968/968/968 969/969/969 
f 967/967/967 971/971/971 969/969/969 
f 972/972/972 960/960/960 970/970/970 
f 970/970/970 969/969/969 973/973/973 
f 974/974/974 969/969/969 971/971/971 
f 969/969/969 974/974/974 973/973/973 
f 971/971/971 975/975/975 974/974/974 
f 975/975/975 976/976/976 974/974/974 
f 977/977/977 974/974/974 976/976/976 
f 973/973/973 978/978/978 970/970/970 
f 978/978/978 973/973/973 974/974/974 
f 972/972/972 970/970/970 978/978/978 
f 974/974/974 977/977/977 979/979/979 
f 979/979/979 978/978/978 974/974/974 
f 978/978/978 979/979/979 972/972/972 
f 979/979/979 977/977/977 980/980/980 
f 972/972/972 979/979/979 981/981/981 
f 980/980/980 981/981/981 979/979/979 
f 981/981/981 982/982/982 972/972/972 
f 981/981/981 980/980/980 983/983/983 
f 981/981/981 984/984/984 982/982/982 
f 984/984/984 981/981/981 983/983/983 
f 985/985/985 984/984/984 983/983/983 
f 984/984/984 985/985/985 986/986/986 
f 987/987/987 985/985/985 983/983/983 
f 985/985/985 988/988/988 986/986/986 
f 987/987/987 988/988/988 985/985/985 
f 989/989/989 990/990/990 991/991/991 
f 992/992/992 989/989/989 991/991/991 
f 993/993/993 992/992/992 991/991/991 
f 989/989/989 992/992/992 994/994/994 
f 989/989/989 994/994/994 995/995/995 
f 992/992/992 993/993/993 996/996/996 
f 996/996/996 993/993/993 997/997/997 
f 992/992/992 998/998/998 994/994/994 
f 999/999/999 996/996/996 997/997/997 
f 999/999/999 997/997/997 1000/1000/1000 
f 992/992/992 996/996/996 1001/1001/1001 
f 998/998/998 992/992/992 1001/1001/1001 
f 1002/1002/1002 996/996/996 999/999/999 
f 1001/1001/1001 996/996/996 1002/1002/1002 
f 999/999/999 1000/1000/1000 1003/1003/1003 
f 1003/1003/1003 1002/1002/1002 999/999/999 
f 1000/1000/1000 1004/1004/1004 1003/1003/1003 
f 1005/1005/1005 994/994/994 998/998/998 
f 1001/1001/1001 1005/1005/1005 998/998/998 
f 1002/1002/1002 1006/1006/1006 1001/1001/1001 
f 1005/1005/1005 1001/1001/1001 1006/1006/1006 
f 1002/1002/1002 1003/1003/1003 1007/1007/1007 
f 994/994/994 1005/1005/1005 1008/1008/1008 
f 995/995/995 994/994/994 1008/1008/1008 
f 995/995/995 1008/1008/1008 1009/1009/1009 
f 1009/1009/1009 1008/1008/1008 1010/1010/1010 
f 1008/1008/1008 1005/1005/1005 1011/1011/1011 
f 1008/1008/1008 1011/1011/1011 1010/1010/1010 
f 1005/1005/1005 1006/1006/1006 1011/1011/1011 
f 1011/1011/1011 1012/1012/1012 1010/1010/1010 
f 1012/1012/1012 1011/1011/1011 1013/1013/1013 
f 1011/1011/1011 1006/1006/1006 1013/1013/1013 
f 1012/1012/1012 1013/1013/1013 1014/1014/1014 
f 1006/1006/1006 1015/1015/1015 1013/1013/1013 
f 1006/1006/1006 1002/1002/1002 1016/1016/1016 
f 1015/1015/1015 1006/1006/1006 1016/1016/1016 
f 1007/1007/1007 1016/1016/1016 1002/1002/1002 
f 1017/1017/1017 1013/1013/1013 1015/1015/1015 
f 1015/1015/1015 1016/1016/1016 1017/1017/1017 
f 1018/1018/1018 1019/1019/1019 1020/1020/1020 
f 1020/1020/1020 1021/1021/1021 1018/1018/1018 
f 530/530/530 1022/1022/1022 531/531/531 
f 531/531/531 1023/1023/1023 526/526/526 
f 1023/1023/1023 1024/1024/1024 526/526/526 
f 1025/1025/1025 531/531/531 1022/1022/1022 
f 531/531/531 1025/1025/1025 1023/1023/1023 
f 1022/1022/1022 1026/1026/1026 1025/1025/1025 
f 1027/1027/1027 1024/1024/1024 1023/1023/1023 
f 1028/1028/1028 1024/1024/1024 1027/1027/1027 
f 1027/1027/1027 1029/1029/1029 1028/1028/1028 
f 1023/1023/1023 1030/1030/1030 1027/1027/1027 
f 1030/1030/1030 1023/1023/1023 1025/1025/1025 
f 1029/1029/1029 1027/1027/1027 1030/1030/1030 
f 1031/1031/1031 1025/1025/1025 1026/1026/1026 
f 1025/1025/1025 1031/1031/1031 1030/1030/1030 
f 1026/1026/1026 1032/1032/1032 1031/1031/1031 
f 1029/1029/1029 1030/1030/1030 1033/1033/1033 
f 1030/1030/1030 1031/1031/1031 1033/1033/1033 
f 1034/1034/1034 1033/1033/1033 1031/1031/1031 
f 1033/1033/1033 1034/1034/1034 1029/1029/1029 
f 1034/1034/1034 1031/1031/1031 1032/1032/1032 
f 1029/1029/1029 1034/1034/1034 1035/1035/1035 
f 1035/1035/1035 1034/1034/1034 1032/1032/1032 
f 1036/1036/1036 1029/1029/1029 1035/1035/1035 
f 1037/1037/1037 1035/1035/1035 1032/1032/1032 
f 1035/1035/1035 1038/1038/1038 1036/1036/1036 
f 1035/1035/1035 1037/1037/1037 1038/1038/1038 
f 1038/1038/1038 1039/1039/1039 1036/1036/1036 
f 1040/1040/1040 1038/1038/1038 1037/1037/1037 
f 1037/1037/1037 1041/1041/1041 1040/1040/1040 
f 1042/1042/1042 1040/1040/1040 1041/1041/1041 
f 1038/1038/1038 1043/1043/1043 1039/1039/1039 
f 1043/1043/1043 1038/1038/1038 1040/1040/1040 
f 1044/1044/1044 1039/1039/1039 1043/1043/1043 
f 1043/1043/1043 1045/1045/1045 1044/1044/1044 
f 1040/1040/1040 1046/1046/1046 1043/1043/1043 
f 1043/1043/1043 1046/1046/1046 1045/1045/1045 
f 1040/1040/1040 1042/1042/1042 1046/1046/1046 
f 1045/1045/1045 1046/1046/1046 1047/1047/1047 
f 1048/1048/1048 1046/1046/1046 1042/1042/1042 
f 1048/1048/1048 1047/1047/1047 1046/1046/1046 
f 1049/1049/1049 1050/1050/1050 1051/1051/1051 
f 1050/1050/1050 1049/1049/1049 1052/1052/1052 
f 1051/1051/1051 1053/1053/1053 1049/1049/1049 
f 1053/1053/1053 1051/1051/1051 1054/1054/1054 
f 1055/1055/1055 1049/1049/1049 1053/1053/1053 
f 1055/1055/1055 1056/1056/1056 1049/1049/1049 
f 1057/1057/1057 1056/1056/1056 1055/1055/1055 
f 1053/1053/1053 1054/1054/1054 1058/1058/1058 
f 1055/1055/1055 1053/1053/1053 1058/1058/1058 
f 1059/1059/1059 1058/1058/1058 1054/1054/1054 
f 1057/1057/1057 1055/1055/1055 1060/1060/1060 
f 1058/1058/1058 1060/1060/1060 1055/1055/1055 
f 1058/1058/1058 1059/1059/1059 1060/1060/1060 
f 1061/1061/1061 1057/1057/1057 1060/1060/1060 
f 1061/1061/1061 1060/1060/1060 1059/1059/1059 
f 1062/1062/1062 1063/1063/1063 1064/1064/1064 
f 1063/1063/1063 1062/1062/1062 1065/1065/1065 
f 1064/1064/1064 1066/1066/1066 1062/1062/1062 
f 1067/1067/1067 1062/1062/1062 1066/1066/1066 
f 1066/1066/1066 1064/1064/1064 1068/1068/1068 
f 1069/1069/1069 1068/1068/1068 1064/1064/1064 
f 1066/1066/1066 1070/1070/1070 1067/1067/1067 
f 1071/1071/1071 1067/1067/1067 1070/1070/1070 
f 1068/1068/1068 1072/1072/1072 1066/1066/1066 
f 1070/1070/1070 1066/1066/1066 1072/1072/1072 
f 1072/1072/1072 1068/1068/1068 1073/1073/1073 
f 1074/1074/1074 1072/1072/1072 1073/1073/1073 
f 1070/1070/1070 1072/1072/1072 1075/1075/1075 
f 1075/1075/1075 1076/1076/1076 1070/1070/1070 
f 1077/1077/1077 1078/1078/1078 1079/1079/1079 
f 1079/1079/1079 1078/1078/1078 1080/1080/1080 
f 1081/1081/1081 1082/1082/1082 1083/1083/1083 
f 1081/1081/1081 1084/1084/1084 1082/1082/1082 
f 1083/1083/1083 1085/1085/1085 1081/1081/1081 
f 1086/1086/1086 1084/1084/1084 1081/1081/1081 
f 1085/1085/1085 1086/1086/1086 1081/1081/1081 
f 1085/1085/1085 1087/1087/1087 1086/1086/1086 
f 1088/1088/1088 1084/1084/1084 1086/1086/1086 
f 1084/1084/1084 1089/1089/1089 1082/1082/1082 
f 1088/1088/1088 1086/1086/1086 1090/1090/1090 
f 1087/1087/1087 1090/1090/1090 1086/1086/1086 
f 1091/1091/1091 1088/1088/1088 1090/1090/1090 
f 1091/1091/1091 1092/1092/1092 1088/1088/1088 
f 1093/1093/1093 1088/1088/1088 1092/1092/1092 
f 1088/1088/1088 1093/1093/1093 1084/1084/1084 
f 1094/1094/1094 1093/1093/1093 1092/1092/1092 
f 1093/1093/1093 1094/1094/1094 1095/1095/1095 
f 1090/1090/1090 1087/1087/1087 1096/1096/1096 
f 1096/1096/1096 1097/1097/1097 1090/1090/1090 
f 1096/1096/1096 1098/1098/1098 1097/1097/1097 
f 1096/1096/1096 1099/1099/1099 1098/1098/1098 
f 1096/1096/1096 1087/1087/1087 1099/1099/1099 
f 1098/1098/1098 1099/1099/1099 1100/1100/1100 
f 1101/1101/1101 1093/1093/1093 1095/1095/1095 
f 1102/1102/1102 1099/1099/1099 1087/1087/1087 
f 1087/1087/1087 1085/1085/1085 1102/1102/1102 
f 1103/1103/1103 1100/1100/1100 1099/1099/1099 
f 1099/1099/1099 1102/1102/1102 1103/1103/1103 
f 1103/1103/1103 1104/1104/1104 1100/1100/1100 
f 1102/1102/1102 1085/1085/1085 1105/1105/1105 
f 1105/1105/1105 1103/1103/1103 1102/1102/1102 
f 1083/1083/1083 1105/1105/1105 1085/1085/1085 
f 1106/1106/1106 1104/1104/1104 1103/1103/1103 
f 1103/1103/1103 1105/1105/1105 1106/1106/1106 
f 1104/1104/1104 1106/1106/1106 1107/1107/1107 
f 1105/1105/1105 1083/1083/1083 1108/1108/1108 
f 1106/1106/1106 1105/1105/1105 1108/1108/1108 
f 1109/1109/1109 1106/1106/1106 1108/1108/1108 
f 1109/1109/1109 1107/1107/1107 1106/1106/1106 
f 933/933/933 937/937/937 1110/1110/1110 
f 1110/1110/1110 937/937/937 1111/1111/1111 
f 1111/1111/1111 1112/1112/1112 1110/1110/1110 
f 1113/1113/1113 1112/1112/1112 1111/1111/1111 
f 1111/1111/1111 937/937/937 1114/1114/1114 
f 936/936/936 1114/1114/1114 937/937/937 
f 1111/1111/1111 1115/1115/1115 1113/1113/1113 
f 1111/1111/1111 1114/1114/1114 1115/1115/1115 
f 1115/1115/1115 1116/1116/1116 1113/1113/1113 
f 1113/1113/1113 1116/1116/1116 1117/1117/1117 
f 1118/1118/1118 1116/1116/1116 1115/1115/1115 
f 1119/1119/1119 1115/1115/1115 1114/1114/1114 
f 1115/1115/1115 1119/1119/1119 1118/1118/1118 
f 1114/1114/1114 936/936/936 1120/1120/1120 
f 1120/1120/1120 1119/1119/1119 1114/1114/1114 
f 1121/1121/1121 1118/1118/1118 1119/1119/1119 
f 1119/1119/1119 1120/1120/1120 1121/1121/1121 
f 1118/1118/1118 1121/1121/1121 1122/1122/1122 
f 1123/1123/1123 1118/1118/1118 1122/1122/1122 
f 1124/1124/1124 1123/1123/1123 1122/1122/1122 
f 1121/1121/1121 1125/1125/1125 1122/1122/1122 
f 1121/1121/1121 1126/1126/1126 1125/1125/1125 
f 1120/1120/1120 1126/1126/1126 1121/1121/1121 
f 1127/1127/1127 1122/1122/1122 1125/1125/1125 
f 1128/1128/1128 1124/1124/1124 1122/1122/1122 
f 1128/1128/1128 1122/1122/1122 1127/1127/1127 
f 1124/1124/1124 1128/1128/1128 1129/1129/1129 
f 1129/1129/1129 1130/1130/1130 1124/1124/1124 
f 1131/1131/1131 1125/1125/1125 1126/1126/1126 
f 1127/1127/1127 1125/1125/1125 1131/1131/1131 
f 1127/1127/1127 1132/1132/1132 1128/1128/1128 
f 1132/1132/1132 1127/1127/1127 1131/1131/1131 
f 1129/1129/1129 1128/1128/1128 1133/1133/1133 
f 1128/1128/1128 1132/1132/1132 1133/1133/1133 
f 1129/1129/1129 1134/1134/1134 1130/1130/1130 
f 1133/1133/1133 1134/1134/1134 1129/1129/1129 
f 1135/1135/1135 1136/1136/1136 1130/1130/1130 
f 1135/1135/1135 1130/1130/1130 1134/1134/1134 
f 1132/1132/1132 1131/1131/1131 1137/1137/1137 
f 1138/1138/1138 1135/1135/1135 1134/1134/1134 
f 1139/1139/1139 1133/1133/1133 1132/1132/1132 
f 1132/1132/1132 1137/1137/1137 1139/1139/1139 
f 1135/1135/1135 1138/1138/1138 1140/1140/1140 
f 1133/1133/1133 1141/1141/1141 1134/1134/1134 
f 1139/1139/1139 1141/1141/1141 1133/1133/1133 
f 1142/1142/1142 1138/1138/1138 1134/1134/1134 
f 1142/1142/1142 1134/1134/1134 1141/1141/1141 
f 1139/1139/1139 1143/1143/1143 1141/1141/1141 
f 1143/1143/1143 1142/1142/1142 1141/1141/1141 
f 1143/1143/1143 1139/1139/1139 1137/1137/1137 
f 1144/1144/1144 1140/1140/1140 1138/1138/1138 
f 1145/1145/1145 1140/1140/1140 1144/1144/1144 
f 1145/1145/1145 1144/1144/1144 1146/1146/1146 
f 1138/1138/1138 1147/1147/1147 1144/1144/1144 
f 1147/1147/1147 1146/1146/1146 1144/1144/1144 
f 1142/1142/1142 1147/1147/1147 1138/1138/1138 
f 1146/1146/1146 1147/1147/1147 1148/1148/1148 
f 1147/1147/1147 1149/1149/1149 1148/1148/1148 
f 1147/1147/1147 1150/1150/1150 1149/1149/1149 
f 1147/1147/1147 1142/1142/1142 1150/1150/1150 
f 1150/1150/1150 1151/1151/1151 1152/1152/1152 
f 1150/1150/1150 1153/1153/1153 1151/1151/1151 
f 1153/1153/1153 1150/1150/1150 1142/1142/1142 
f 1154/1154/1154 1153/1153/1153 1142/1142/1142 
f 1143/1143/1143 1154/1154/1154 1142/1142/1142 
f 1154/1154/1154 1143/1143/1143 1155/1155/1155 
f 1155/1155/1155 1143/1143/1143 1156/1156/1156 
f 1156/1156/1156 1157/1157/1157 1155/1155/1155 
f 1137/1137/1137 1156/1156/1156 1143/1143/1143 
f 1156/1156/1156 1158/1158/1158 1157/1157/1157 
f 1157/1157/1157 1158/1158/1158 1159/1159/1159 
f 1158/1158/1158 1156/1156/1156 1160/1160/1160 
f 1161/1161/1161 1158/1158/1158 1160/1160/1160 
f 1162/1162/1162 1156/1156/1156 1137/1137/1137 
f 1162/1162/1162 1160/1160/1160 1156/1156/1156 
f 1161/1161/1161 1160/1160/1160 1163/1163/1163 
f 1164/1164/1164 1161/1161/1161 1163/1163/1163 
f 1164/1164/1164 1163/1163/1163 1165/1165/1165 
f 1164/1164/1164 1165/1165/1165 1166/1166/1166 
f 1166/1166/1166 1167/1167/1167 1164/1164/1164 
f 1166/1166/1166 1168/1168/1168 1167/1167/1167 
f 1165/1165/1165 1163/1163/1163 1169/1169/1169 
f 1170/1170/1170 1165/1165/1165 1169/1169/1169 
f 1171/1171/1171 1169/1169/1169 1163/1163/1163 
f 1172/1172/1172 1171/1171/1171 1163/1163/1163 
f 1160/1160/1160 1172/1172/1172 1163/1163/1163 
f 1172/1172/1172 1173/1173/1173 1171/1171/1171 
f 1172/1172/1172 1174/1174/1174 1173/1173/1173 
f 1174/1174/1174 1172/1172/1172 1175/1175/1175 
f 1172/1172/1172 1176/1176/1176 1175/1175/1175 
f 1176/1176/1176 1172/1172/1172 1160/1160/1160 
f 1160/1160/1160 1162/1162/1162 1176/1176/1176 
f 1177/1177/1177 1176/1176/1176 1162/1162/1162 
f 1176/1176/1176 1177/1177/1177 1178/1178/1178 
f 1179/1179/1179 1176/1176/1176 1178/1178/1178 
f 1178/1178/1178 1180/1180/1180 1179/1179/1179 
f 1181/1181/1181 1179/1179/1179 1180/1180/1180 
f 1182/1182/1182 1181/1181/1181 1180/1180/1180 
f 1178/1178/1178 1183/1183/1183 1180/1180/1180 
f 1180/1180/1180 1184/1184/1184 1182/1182/1182 
f 1184/1184/1184 1180/1180/1180 1183/1183/1183 
f 1182/1182/1182 1184/1184/1184 1185/1185/1185 
f 1186/1186/1186 1185/1185/1185 1184/1184/1184 
f 1183/1183/1183 1186/1186/1186 1184/1184/1184 
f 1187/1187/1187 1182/1182/1182 1185/1185/1185 
f 1185/1185/1185 1186/1186/1186 1187/1187/1187 
f 1182/1182/1182 1187/1187/1187 1188/1188/1188 
f 1189/1189/1189 1188/1188/1188 1187/1187/1187 
f 1187/1187/1187 1190/1190/1190 1189/1189/1189 
f 1190/1190/1190 1187/1187/1187 1186/1186/1186 
f 1191/1191/1191 1189/1189/1189 1190/1190/1190 
f 1191/1191/1191 1190/1190/1190 1192/1192/1192 
f 1192/1192/1192 1193/1193/1193 1191/1191/1191 
f 1192/1192/1192 1190/1190/1190 1194/1194/1194 
f 1186/1186/1186 1194/1194/1194 1190/1190/1190 
f 1193/1193/1193 1192/1192/1192 1194/1194/1194 
f 1194/1194/1194 1186/1186/1186 1195/1195/1195 
f 1186/1186/1186 1183/1183/1183 1195/1195/1195 
f 1196/1196/1196 1191/1191/1191 1193/1193/1193 
f 1193/1193/1193 1194/1194/1194 1197/1197/1197 
f 1195/1195/1195 1197/1197/1197 1194/1194/1194 
f 1198/1198/1198 1196/1196/1196 1193/1193/1193 
f 1193/1193/1193 1197/1197/1197 1199/1199/1199 
f 1199/1199/1199 1198/1198/1198 1193/1193/1193 
f 1200/1200/1200 1196/1196/1196 1198/1198/1198 
f 1201/1201/1201 1199/1199/1199 1197/1197/1197 
f 1197/1197/1197 1195/1195/1195 1202/1202/1202 
f 1202/1202/1202 1201/1201/1201 1197/1197/1197 
f 1199/1199/1199 1203/1203/1203 1198/1198/1198 
f 1202/1202/1202 1195/1195/1195 1204/1204/1204 
f 1199/1199/1199 1201/1201/1201 1205/1205/1205 
f 1203/1203/1203 1199/1199/1199 1205/1205/1205 
f 1205/1205/1205 1206/1206/1206 1203/1203/1203 
f 1206/1206/1206 1205/1205/1205 1207/1207/1207 
f 1207/1207/1207 1205/1205/1205 1201/1201/1201 
f 1201/1201/1201 1208/1208/1208 1207/1207/1207 
f 1201/1201/1201 1202/1202/1202 1208/1208/1208 
f 1208/1208/1208 1209/1209/1209 1207/1207/1207 
f 1210/1210/1210 1208/1208/1208 1202/1202/1202 
f 1208/1208/1208 1210/1210/1210 1209/1209/1209 
f 1204/1204/1204 1210/1210/1210 1202/1202/1202 
f 1211/1211/1211 1209/1209/1209 1210/1210/1210 
f 1210/1210/1210 1204/1204/1204 1211/1211/1211 
f 1209/1209/1209 1211/1211/1211 1212/1212/1212 
f 1213/1213/1213 1209/1209/1209 1212/1212/1212 
f 1213/1213/1213 1214/1214/1214 1209/1209/1209 
f 919/919/919 1214/1214/1214 1213/1213/1213 
f 1213/1213/1213 1212/1212/1212 919/919/919 
f 925/925/925 919/919/919 1212/1212/1212 
f 935/935/935 925/925/925 1212/1212/1212 
f 935/935/935 1212/1212/1212 1211/1211/1211 
f 1215/1215/1215 1211/1211/1211 1204/1204/1204 
f 1211/1211/1211 1215/1215/1215 935/935/935 
f 1204/1204/1204 1216/1216/1216 1215/1215/1215 
f 1216/1216/1216 1204/1204/1204 1195/1195/1195 
f 1215/1215/1215 1217/1217/1217 935/935/935 
f 1217/1217/1217 1215/1215/1215 1216/1216/1216 
f 1195/1195/1195 1183/1183/1183 1216/1216/1216 
f 1217/1217/1217 1218/1218/1218 935/935/935 
f 1218/1218/1218 1217/1217/1217 1216/1216/1216 
f 1219/1219/1219 935/935/935 1218/1218/1218 
f 935/935/935 1219/1219/1219 936/936/936 
f 1120/1120/1120 936/936/936 1219/1219/1219 
f 1219/1219/1219 1218/1218/1218 1220/1220/1220 
f 1120/1120/1120 1219/1219/1219 1220/1220/1220 
f 1216/1216/1216 1221/1221/1221 1218/1218/1218 
f 1218/1218/1218 1221/1221/1221 1220/1220/1220 
f 1222/1222/1222 1216/1216/1216 1183/1183/1183 
f 1216/1216/1216 1222/1222/1222 1221/1221/1221 
f 1183/1183/1183 1178/1178/1178 1222/1222/1222 
f 1178/1178/1178 1177/1177/1177 1222/1222/1222 
f 1177/1177/1177 1221/1221/1221 1222/1222/1222 
f 1221/1221/1221 1177/1177/1177 1220/1220/1220 
f 1220/1220/1220 1223/1223/1223 1120/1120/1120 
f 1126/1126/1126 1120/1120/1120 1223/1223/1223 
f 1224/1224/1224 1220/1220/1220 1177/1177/1177 
f 1220/1220/1220 1224/1224/1224 1223/1223/1223 
f 1162/1162/1162 1224/1224/1224 1177/1177/1177 
f 1225/1225/1225 1126/1126/1126 1223/1223/1223 
f 1223/1223/1223 1224/1224/1224 1225/1225/1225 
f 1162/1162/1162 1225/1225/1225 1224/1224/1224 
f 1131/1131/1131 1126/1126/1126 1225/1225/1225 
f 1225/1225/1225 1162/1162/1162 1137/1137/1137 
f 1131/1131/1131 1225/1225/1225 1137/1137/1137 
f 1226/1226/1226 1227/1227/1227 1228/1228/1228 
f 1227/1227/1227 1226/1226/1226 1229/1229/1229 
f 1226/1226/1226 1230/1230/1230 1229/1229/1229 
f 1230/1230/1230 1231/1231/1231 1229/1229/1229 
f 1231/1231/1231 1227/1227/1227 1229/1229/1229 
f 1232/1232/1232 1231/1231/1231 1230/1230/1230 
f 1231/1231/1231 1232/1232/1232 1233/1233/1233 
f 1233/1233/1233 1227/1227/1227 1231/1231/1231 
f 1227/1227/1227 1233/1233/1233 1234/1234/1234 
f 1235/1235/1235 1236/1236/1236 1237/1237/1237 
f 1238/1238/1238 1239/1239/1239 1240/1240/1240 
f 1241/1241/1241 1242/1242/1242 1243/1243/1243 
f 1243/1243/1243 1242/1242/1242 1244/1244/1244 
f 1245/1245/1245 1246/1246/1246 1247/1247/1247 
f 1247/1247/1247 1248/1248/1248 1245/1245/1245 
f 1248/1248/1248 1247/1247/1247 1249/1249/1249 
f 1246/1246/1246 1250/1250/1250 1247/1247/1247 
f 1249/1249/1249 1247/1247/1247 1250/1250/1250 
f 1250/1250/1250 1246/1246/1246 1251/1251/1251 
f 1251/1251/1251 1252/1252/1252 1250/1250/1250 
f 1253/1253/1253 1250/1250/1250 1252/1252/1252 
f 1253/1253/1253 1249/1249/1249 1250/1250/1250 
f 1253/1253/1253 1254/1254/1254 1249/1249/1249 
f 1255/1255/1255 1249/1249/1249 1254/1254/1254 
f 1254/1254/1254 1253/1253/1253 1256/1256/1256 
f 1256/1256/1256 1253/1253/1253 1257/1257/1257 
f 1257/1257/1257 1258/1258/1258 1256/1256/1256 
f 1259/1259/1259 1256/1256/1256 1258/1258/1258 
f 1256/1256/1256 1260/1260/1260 1254/1254/1254 
f 1260/1260/1260 1256/1256/1256 1259/1259/1259 
f 1254/1254/1254 1261/1261/1261 1255/1255/1255 
f 1254/1254/1254 1260/1260/1260 1261/1261/1261 
f 1262/1262/1262 1255/1255/1255 1261/1261/1261 
f 1263/1263/1263 1262/1262/1262 1261/1261/1261 
f 1264/1264/1264 1263/1263/1263 1261/1261/1261 
f 1264/1264/1264 1261/1261/1261 1260/1260/1260 
f 1265/1265/1265 1263/1263/1263 1266/1266/1266 
f 1266/1266/1266 1263/1263/1263 1264/1264/1264 
f 1267/1267/1267 1266/1266/1266 1264/1264/1264 
f 1267/1267/1267 1268/1268/1268 1266/1266/1266 
f 1269/1269/1269 1268/1268/1268 1267/1267/1267 
f 1268/1268/1268 1269/1269/1269 1270/1270/1270 
f 1271/1271/1271 1269/1269/1269 1267/1267/1267 
f 1271/1271/1271 1267/1267/1267 1272/1272/1272 
f 1272/1272/1272 1267/1267/1267 1264/1264/1264 
f 1272/1272/1272 1264/1264/1264 1273/1273/1273 
f 1260/1260/1260 1273/1273/1273 1264/1264/1264 
f 1274/1274/1274 1272/1272/1272 1273/1273/1273 
f 1260/1260/1260 1275/1275/1275 1273/1273/1273 
f 986/986/986 1274/1274/1274 1273/1273/1273 
f 1275/1275/1275 986/986/986 1273/1273/1273 
f 1276/1276/1276 1275/1275/1275 1260/1260/1260 
f 1275/1275/1275 1276/1276/1276 986/986/986 
f 1260/1260/1260 1259/1259/1259 1276/1276/1276 
f 1259/1259/1259 1277/1277/1277 1276/1276/1276 
f 1259/1259/1259 1278/1278/1278 1277/1277/1277 
f 986/986/986 1276/1276/1276 984/984/984 
f 1279/1279/1279 1277/1277/1277 1278/1278/1278 
f 1280/1280/1280 1279/1279/1279 1278/1278/1278 
f 982/982/982 1276/1276/1276 1277/1277/1277 
f 982/982/982 984/984/984 1276/1276/1276 
f 1277/1277/1277 1279/1279/1279 1281/1281/1281 
f 982/982/982 1277/1277/1277 1281/1281/1281 
f 1282/1282/1282 1279/1279/1279 1280/1280/1280 
f 1282/1282/1282 1280/1280/1280 1283/1283/1283 
f 1282/1282/1282 1283/1283/1283 1284/1284/1284 
f 1284/1284/1284 1285/1285/1285 1282/1282/1282 
f 1286/1286/1286 1281/1281/1281 1279/1279/1279 
f 1279/1279/1279 1282/1282/1282 1286/1286/1286 
f 982/982/982 1281/1281/1281 972/972/972 
f 960/960/960 1281/1281/1281 1286/1286/1286 
f 960/960/960 972/972/972 1281/1281/1281 
f 956/956/956 1286/1286/1286 1282/1282/1282 
f 1286/1286/1286 956/956/956 960/960/960 
f 1285/1285/1285 1287/1287/1287 1282/1282/1282 
f 1288/1288/1288 1287/1287/1287 1285/1285/1285 
f 1288/1288/1288 1289/1289/1289 1287/1287/1287 
f 1290/1290/1290 1282/1282/1282 1287/1287/1287 
f 956/956/956 1282/1282/1282 1290/1290/1290 
f 1291/1291/1291 1287/1287/1287 1289/1289/1289 
f 1287/1287/1287 1291/1291/1291 1290/1290/1290 
f 1289/1289/1289 1292/1292/1292 1291/1291/1291 
f 950/950/950 1291/1291/1291 1292/1292/1292 
f 950/950/950 1290/1290/1290 1291/1291/1291 
f 950/950/950 1292/1292/1292 948/948/948 
f 1290/1290/1290 952/952/952 956/956/956 
f 952/952/952 1290/1290/1290 950/950/950 
f 1293/1293/1293 1294/1294/1294 1295/1295/1295 
f 1296/1296/1296 1297/1297/1297 1298/1298/1298 
f 1296/1296/1296 1299/1299/1299 1297/1297/1297 
f 1299/1299/1299 1296/1296/1296 1300/1300/1300 
f 1300/1300/1300 1301/1301/1301 1299/1299/1299 
f 1302/1302/1302 1300/1300/1300 1296/1296/1296 
f 1296/1296/1296 1303/1303/1303 1302/1302/1302 
f 1302/1302/1302 1304/1304/1304 1300/1300/1300 
f 1301/1301/1301 1300/1300/1300 1304/1304/1304 
f 1301/1301/1301 1304/1304/1304 1305/1305/1305 
f 1305/1305/1305 1304/1304/1304 1306/1306/1306 
f 1307/1307/1307 1308/1308/1308 1309/1309/1309 
f 1310/1310/1310 1311/1311/1311 1312/1312/1312 
f 1313/1313/1313 1314/1314/1314 1315/1315/1315 
f 1316/1316/1316 1317/1317/1317 1313/1313/1313 
f 1318/1318/1318 1313/1313/1313 1317/1317/1317 
f 1313/1313/1313 1318/1318/1318 1314/1314/1314 
f 1318/1318/1318 1317/1317/1317 1319/1319/1319 
f 1320/1320/1320 1318/1318/1318 1319/1319/1319 
f 1314/1314/1314 1318/1318/1318 1321/1321/1321 
f 1320/1320/1320 1321/1321/1321 1318/1318/1318 
f 1322/1322/1322 1314/1314/1314 1321/1321/1321 
f 1323/1323/1323 1321/1321/1321 1320/1320/1320 
f 1322/1322/1322 1321/1321/1321 1323/1323/1323 
f 1324/1324/1324 1325/1325/1325 1326/1326/1326 
f 1324/1324/1324 1327/1327/1327 1325/1325/1325 
f 1328/1328/1328 1325/1325/1325 1327/1327/1327 
f 1328/1328/1328 1326/1326/1326 1325/1325/1325 
f 1329/1329/1329 1326/1326/1326 1328/1328/1328 
f 1326/1326/1326 1329/1329/1329 1330/1330/1330 
f 1330/1330/1330 1329/1329/1329 1331/1331/1331 
f 1329/1329/1329 1328/1328/1328 1332/1332/1332 
f 1333/1333/1333 1332/1332/1332 1328/1328/1328 
f 1332/1332/1332 1333/1333/1333 1334/1334/1334 
f 1335/1335/1335 1329/1329/1329 1332/1332/1332 
f 1335/1335/1335 1332/1332/1332 1336/1336/1336 
f 1337/1337/1337 1338/1338/1338 1339/1339/1339 
f 1340/1340/1340 1341/1341/1341 1342/1342/1342 
f 1343/1343/1343 1342/1342/1342 1341/1341/1341 
f 1344/1344/1344 1343/1343/1343 1341/1341/1341 
f 1342/1342/1342 1345/1345/1345 1340/1340/1340 
f 1346/1346/1346 1340/1340/1340 1345/1345/1345 
f 1347/1347/1347 1346/1346/1346 1345/1345/1345 
f 1345/1345/1345 1348/1348/1348 1347/1347/1347 
f 1349/1349/1349 1347/1347/1347 1348/1348/1348 
f 1350/1350/1350 1345/1345/1345 1342/1342/1342 
f 1350/1350/1350 1342/1342/1342 1343/1343/1343 
f 1350/1350/1350 1343/1343/1343 1351/1351/1351 
f 1352/1352/1352 1350/1350/1350 1351/1351/1351 
f 1353/1353/1353 1350/1350/1350 1352/1352/1352 
f 1354/1354/1354 1355/1355/1355 1356/1356/1356 
f 1355/1355/1355 1357/1357/1357 1356/1356/1356 
f 1358/1358/1358 1354/1354/1354 1356/1356/1356 
f 1359/1359/1359 1354/1354/1354 1358/1358/1358 
f 1360/1360/1360 1356/1356/1356 1357/1357/1357 
f 1360/1360/1360 1357/1357/1357 1361/1361/1361 
f 1356/1356/1356 1362/1362/1362 1358/1358/1358 
f 1360/1360/1360 1362/1362/1362 1356/1356/1356 
f 1363/1363/1363 1359/1359/1359 1358/1358/1358 
f 1359/1359/1359 1363/1363/1363 1364/1364/1364 
f 1361/1361/1361 1365/1365/1365 1360/1360/1360 
f 1362/1362/1362 1360/1360/1360 1365/1365/1365 
f 1365/1365/1365 1361/1361/1361 1366/1366/1366 
f 1367/1367/1367 1358/1358/1358 1362/1362/1362 
f 1367/1367/1367 1363/1363/1363 1358/1358/1358 
f 1368/1368/1368 1362/1362/1362 1365/1365/1365 
f 1362/1362/1362 1368/1368/1368 1367/1367/1367 
f 1366/1366/1366 1369/1369/1369 1365/1365/1365 
f 1365/1365/1365 1369/1369/1369 1368/1368/1368 
f 1369/1369/1369 1366/1366/1366 1370/1370/1370 
f 1371/1371/1371 1369/1369/1369 1370/1370/1370 
f 1372/1372/1372 1368/1368/1368 1369/1369/1369 
f 1369/1369/1369 1371/1371/1371 1372/1372/1372 
f 1367/1367/1367 1368/1368/1368 1372/1372/1372 
f 1371/1371/1371 1373/1373/1373 1372/1372/1372 
f 1374/1374/1374 1372/1372/1372 1373/1373/1373 
f 1367/1367/1367 1372/1372/1372 1374/1374/1374 
f 1375/1375/1375 1374/1374/1374 1373/1373/1373 
f 1376/1376/1376 1374/1374/1374 1375/1375/1375 
f 1377/1377/1377 1367/1367/1367 1374/1374/1374 
f 1376/1376/1376 1377/1377/1377 1374/1374/1374 
f 1367/1367/1367 1377/1377/1377 1363/1363/1363 
f 1376/1376/1376 1378/1378/1378 1377/1377/1377 
f 1378/1378/1378 1363/1363/1363 1377/1377/1377 
f 1379/1379/1379 1380/1380/1380 1381/1381/1381 
f 1382/1382/1382 1383/1383/1383 1384/1384/1384 
f 1382/1382/1382 1384/1384/1384 1385/1385/1385 
f 1382/1382/1382 1386/1386/1386 1383/1383/1383 
f 1385/1385/1385 1386/1386/1386 1382/1382/1382 
f 1387/1387/1387 1383/1383/1383 1386/1386/1386 
f 1388/1388/1388 1387/1387/1387 1386/1386/1386 
f 1385/1385/1385 1389/1389/1389 1386/1386/1386 
f 1389/1389/1389 1388/1388/1388 1386/1386/1386 
f 1388/1388/1388 1389/1389/1389 1390/1390/1390 
f 1391/1391/1391 1388/1388/1388 1390/1390/1390 
f 1392/1392/1392 1391/1391/1391 1390/1390/1390 
f 1393/1393/1393 1390/1390/1390 1389/1389/1389 
f 1394/1394/1394 1390/1390/1390 1393/1393/1393 
f 1390/1390/1390 1394/1394/1394 1395/1395/1395 
f 1394/1394/1394 1396/1396/1396 1395/1395/1395 
f 1397/1397/1397 1394/1394/1394 1393/1393/1393 
f 1394/1394/1394 1398/1398/1398 1396/1396/1396 
f 1397/1397/1397 1393/1393/1393 1399/1399/1399 
f 1389/1389/1389 1399/1399/1399 1393/1393/1393 
f 1400/1400/1400 1394/1394/1394 1397/1397/1397 
f 1398/1398/1398 1394/1394/1394 1400/1400/1400 
f 1400/1400/1400 1397/1397/1397 1399/1399/1399 
f 1401/1401/1401 1402/1402/1402 1403/1403/1403 
f 1401/1401/1401 1404/1404/1404 1402/1402/1402 
f 1405/1405/1405 1406/1406/1406 1407/1407/1407 
f 1406/1406/1406 1405/1405/1405 1408/1408/1408 
f 1409/1409/1409 1406/1406/1406 1408/1408/1408 
f 1406/1406/1406 1409/1409/1409 1410/1410/1410 
f 1411/1411/1411 1407/1407/1407 1406/1406/1406 
f 1406/1406/1406 1412/1412/1412 1411/1411/1411 
f 1407/1407/1407 1411/1411/1411 1340/1340/1340 
f 1407/1407/1407 1340/1340/1340 1413/1413/1413 
f 1341/1341/1341 1340/1340/1340 1411/1411/1411 
f 1346/1346/1346 1413/1413/1413 1340/1340/1340 
f 1412/1412/1412 1406/1406/1406 1414/1414/1414 
f 1410/1410/1410 1414/1414/1414 1406/1406/1406 
f 1414/1414/1414 1410/1410/1410 1415/1415/1415 
f 1414/1414/1414 1415/1415/1415 1416/1416/1416 
f 1414/1414/1414 1417/1417/1417 1412/1412/1412 
f 1418/1418/1418 1414/1414/1414 1416/1416/1416 
f 1417/1417/1417 1414/1414/1414 1419/1419/1419 
f 1414/1414/1414 1418/1418/1418 1419/1419/1419 
f 1419/1419/1419 1420/1420/1420 1417/1417/1417 
f 1420/1420/1420 1419/1419/1419 1421/1421/1421 
f 1422/1422/1422 1419/1419/1419 1418/1418/1418 
f 1422/1422/1422 1418/1418/1418 1423/1423/1423 
f 1422/1422/1422 1423/1423/1423 1424/1424/1424 
f 1425/1425/1425 1423/1423/1423 1418/1418/1418 
f 1418/1418/1418 1426/1426/1426 1425/1425/1425 
f 1425/1425/1425 1426/1426/1426 1427/1427/1427 
f 1425/1425/1425 1428/1428/1428 1423/1423/1423 
f 1423/1423/1423 1428/1428/1428 1429/1429/1429 
f 1430/1430/1430 1423/1423/1423 1429/1429/1429 
f 1430/1430/1430 1424/1424/1424 1423/1423/1423 
f 1431/1431/1431 1432/1432/1432 1433/1433/1433 
f 1434/1434/1434 1431/1431/1431 1433/1433/1433 
f 1435/1435/1435 1434/1434/1434 1433/1433/1433 
f 1436/1436/1436 1431/1431/1431 1434/1434/1434 
f 1436/1436/1436 1434/1434/1434 1437/1437/1437 
f 1436/1436/1436 1437/1437/1437 1438/1438/1438 
f 1434/1434/1434 1439/1439/1439 1437/1437/1437 
f 1434/1434/1434 1435/1435/1435 1439/1439/1439 
f 1435/1435/1435 1440/1440/1440 1439/1439/1439 
f 1440/1440/1440 1435/1435/1435 1441/1441/1441 
f 1435/1435/1435 1442/1442/1442 1441/1441/1441 
f 1443/1443/1443 1441/1441/1441 1442/1442/1442 
f 1444/1444/1444 1443/1443/1443 1442/1442/1442 
f 1441/1441/1441 1443/1443/1443 1445/1445/1445 
f 1446/1446/1446 1441/1441/1441 1445/1445/1445 
f 1446/1446/1446 1445/1445/1445 1447/1447/1447 
f 1445/1445/1445 1443/1443/1443 1448/1448/1448 
f 1448/1448/1448 1447/1447/1447 1445/1445/1445 
f 1444/1444/1444 1448/1448/1448 1443/1443/1443 
f 1449/1449/1449 1447/1447/1447 1448/1448/1448 
f 1448/1448/1448 1450/1450/1450 1449/1449/1449 
f 1448/1448/1448 1444/1444/1444 1450/1450/1450 
f 1450/1450/1450 1451/1451/1451 1449/1449/1449 
f 1451/1451/1451 1450/1450/1450 1452/1452/1452 
f 1450/1450/1450 1444/1444/1444 1452/1452/1452 
f 1453/1453/1453 1452/1452/1452 1444/1444/1444 
f 1454/1454/1454 1452/1452/1452 1453/1453/1453 
f 1452/1452/1452 1454/1454/1454 1455/1455/1455 
f 1454/1454/1454 1456/1456/1456 1457/1457/1457 
f 1456/1456/1456 1454/1454/1454 1458/1458/1458 
f 1459/1459/1459 1458/1458/1458 1454/1454/1454 
f 1460/1460/1460 1456/1456/1456 1458/1458/1458 
f 1459/1459/1459 1461/1461/1461 1458/1458/1458 
f 1460/1460/1460 1458/1458/1458 1461/1461/1461 
f 1462/1462/1462 1460/1460/1460 1461/1461/1461 
f 1463/1463/1463 1461/1461/1461 1464/1464/1464 
f 1461/1461/1461 1465/1465/1465 1464/1464/1464 
f 1463/1463/1463 1464/1464/1464 1466/1466/1466 
f 1465/1465/1465 1467/1467/1467 1464/1464/1464 
f 1466/1466/1466 1464/1464/1464 1467/1467/1467 
f 1467/1467/1467 1468/1468/1468 1466/1466/1466 
f 1467/1467/1467 1465/1465/1465 1469/1469/1469 
f 1467/1467/1467 1470/1470/1470 1468/1468/1468 
f 1469/1469/1469 1471/1471/1471 1467/1467/1467 
f 1470/1470/1470 1467/1467/1467 1471/1471/1471 
f 1471/1471/1471 1469/1469/1469 1472/1472/1472 
f 1472/1472/1472 1473/1473/1473 1471/1471/1471 
f 1471/1471/1471 1473/1473/1473 1474/1474/1474 
f 1474/1474/1474 1470/1470/1470 1471/1471/1471 
f 1475/1475/1475 1474/1474/1474 1473/1473/1473 
f 1470/1470/1470 1474/1474/1474 1476/1476/1476 
f 1470/1470/1470 1476/1476/1476 1477/1477/1477 
f 1477/1477/1477 1476/1476/1476 1478/1478/1478 
f 1479/1479/1479 1476/1476/1476 1474/1474/1474 
f 1478/1478/1478 1476/1476/1476 1479/1479/1479 
f 1474/1474/1474 1475/1475/1475 1479/1479/1479 
f 1478/1478/1478 1479/1479/1479 1480/1480/1480 
f 1480/1480/1480 1479/1479/1479 1475/1475/1475 
f 1481/1481/1481 1480/1480/1480 1475/1475/1475 
f 1482/1482/1482 1481/1481/1481 1475/1475/1475 
f 1482/1482/1482 1483/1483/1483 1481/1481/1481 
f 1484/1484/1484 1483/1483/1483 1482/1482/1482 
f 1483/1483/1483 1484/1484/1484 1485/1485/1485 
f 1486/1486/1486 1483/1483/1483 1485/1485/1485 
f 1487/1487/1487 1486/1486/1486 1485/1485/1485 
f 1488/1488/1488 1487/1487/1487 1489/1489/1489 
f 1485/1485/1485 1489/1489/1489 1487/1487/1487 
f 1489/1489/1489 1485/1485/1485 1490/1490/1490 
f 1485/1485/1485 1484/1484/1484 1491/1491/1491 
f 1491/1491/1491 1484/1484/1484 1492/1492/1492 
f 1493/1493/1493 1491/1491/1491 1492/1492/1492 
f 1491/1491/1491 1494/1494/1494 1485/1485/1485 
f 1491/1491/1491 1493/1493/1493 1494/1494/1494 
f 1494/1494/1494 1493/1493/1493 1495/1495/1495 
f 1495/1495/1495 1493/1493/1493 1496/1496/1496 
f 1495/1495/1495 1496/1496/1496 1497/1497/1497 
f 1498/1498/1498 1494/1494/1494 1495/1495/1495 
f 1494/1494/1494 1499/1499/1499 1485/1485/1485 
f 1494/1494/1494 1498/1498/1498 1499/1499/1499 
f 1499/1499/1499 1490/1490/1490 1485/1485/1485 
f 1498/1498/1498 1500/1500/1500 1499/1499/1499 
f 1500/1500/1500 1501/1501/1501 1499/1499/1499 
f 1490/1490/1490 1499/1499/1499 1502/1502/1502 
f 1490/1490/1490 1502/1502/1502 1503/1503/1503 
f 1502/1502/1502 1504/1504/1504 1503/1503/1503 
f 1505/1505/1505 1504/1504/1504 1502/1502/1502 
f 1506/1506/1506 1502/1502/1502 1499/1499/1499 
f 1507/1507/1507 1506/1506/1506 1499/1499/1499 
f 1502/1502/1502 1508/1508/1508 1505/1505/1505 
f 1508/1508/1508 1502/1502/1502 1506/1506/1506 
f 1505/1505/1505 1508/1508/1508 1509/1509/1509 
f 1508/1508/1508 1506/1506/1506 1510/1510/1510 
f 1510/1510/1510 1509/1509/1509 1508/1508/1508 
f 1511/1511/1511 1512/1512/1512 1398/1398/1398 
f 1398/1398/1398 1513/1513/1513 1511/1511/1511 
f 1513/1513/1513 1514/1514/1514 1511/1511/1511 
f 1398/1398/1398 1400/1400/1400 1515/1515/1515 
f 1513/1513/1513 1398/1398/1398 1515/1515/1515 
f 1399/1399/1399 1516/1516/1516 1400/1400/1400 
f 1400/1400/1400 1516/1516/1516 1515/1515/1515 
f 1517/1517/1517 1513/1513/1513 1515/1515/1515 
f 1517/1517/1517 1515/1515/1515 1516/1516/1516 
f 1513/1513/1513 1518/1518/1518 1514/1514/1514 
f 1513/1513/1513 1517/1517/1517 1518/1518/1518 
f 1519/1519/1519 1514/1514/1514 1518/1518/1518 
f 1518/1518/1518 1520/1520/1520 1519/1519/1519 
f 1520/1520/1520 1518/1518/1518 1517/1517/1517 
f 1516/1516/1516 1521/1521/1521 1517/1517/1517 
f 1522/1522/1522 1517/1517/1517 1521/1521/1521 
f 1517/1517/1517 1522/1522/1522 1520/1520/1520 
f 1520/1520/1520 1522/1522/1522 1523/1523/1523 
f 1516/1516/1516 1399/1399/1399 1524/1524/1524 
f 1525/1525/1525 1516/1516/1516 1524/1524/1524 
f 1525/1525/1525 1524/1524/1524 1526/1526/1526 
f 1527/1527/1527 1526/1526/1526 1524/1524/1524 
f 1524/1524/1524 1528/1528/1528 1527/1527/1527 
f 1524/1524/1524 1529/1529/1529 1528/1528/1528 
f 1530/1530/1530 1524/1524/1524 1399/1399/1399 
f 1524/1524/1524 1530/1530/1530 1529/1529/1529 
f 1399/1399/1399 1389/1389/1389 1530/1530/1530 
f 1531/1531/1531 1529/1529/1529 1530/1530/1530 
f 1531/1531/1531 1530/1530/1530 1389/1389/1389 
f 1424/1424/1424 1430/1430/1430 1532/1532/1532 
f 1430/1430/1430 1533/1533/1533 1532/1532/1532 
f 1430/1430/1430 1534/1534/1534 1533/1533/1533 
f 1535/1535/1535 1533/1533/1533 1534/1534/1534 
f 1536/1536/1536 1532/1532/1532 1533/1533/1533 
f 1536/1536/1536 1537/1537/1537 1532/1532/1532 
f 1537/1537/1537 1536/1536/1536 1538/1538/1538 
f 1539/1539/1539 1538/1538/1538 1536/1536/1536 
f 1538/1538/1538 1539/1539/1539 1540/1540/1540 
f 1536/1536/1536 1541/1541/1541 1539/1539/1539 
f 1536/1536/1536 1533/1533/1533 1541/1541/1541 
f 1542/1542/1542 1539/1539/1539 1541/1541/1541 
f 1542/1542/1542 1541/1541/1541 1543/1543/1543 
f 1544/1544/1544 1543/1543/1543 1541/1541/1541 
f 1535/1535/1535 1545/1545/1545 1533/1533/1533 
f 1545/1545/1545 1541/1541/1541 1533/1533/1533 
f 1545/1545/1545 1535/1535/1535 1546/1546/1546 
f 1547/1547/1547 1544/1544/1544 1541/1541/1541 
f 1545/1545/1545 1547/1547/1547 1541/1541/1541 
f 1548/1548/1548 1544/1544/1544 1547/1547/1547 
f 1545/1545/1545 1549/1549/1549 1547/1547/1547 
f 1549/1549/1549 1545/1545/1545 1550/1550/1550 
f 1547/1547/1547 1549/1549/1549 1551/1551/1551 
f 1551/1551/1551 1552/1552/1552 1547/1547/1547 
f 1553/1553/1553 1554/1554/1554 1555/1555/1555 
f 1556/1556/1556 1557/1557/1557 1558/1558/1558 
f 1558/1558/1558 1559/1559/1559 1556/1556/1556 
f 1560/1560/1560 1557/1557/1557 1561/1561/1561 
f 1557/1557/1557 1560/1560/1560 1562/1562/1562 
f 1562/1562/1562 1558/1558/1558 1557/1557/1557 
f 1563/1563/1563 1562/1562/1562 1560/1560/1560 
f 1564/1564/1564 1559/1559/1559 1558/1558/1558 
f 1558/1558/1558 1562/1562/1562 1564/1564/1564 
f 1563/1563/1563 1565/1565/1565 1562/1562/1562 
f 1564/1564/1564 1566/1566/1566 1559/1559/1559 
f 1559/1559/1559 1566/1566/1566 1567/1567/1567 
f 1568/1568/1568 1567/1567/1567 1566/1566/1566 
f 1568/1568/1568 1566/1566/1566 1569/1569/1569 
f 1570/1570/1570 1568/1568/1568 1569/1569/1569 
f 1571/1571/1571 1570/1570/1570 1569/1569/1569 
f 1572/1572/1572 1569/1569/1569 1566/1566/1566 
f 1572/1572/1572 1566/1566/1566 1564/1564/1564 
f 1564/1564/1564 1573/1573/1573 1572/1572/1572 
f 1573/1573/1573 1564/1564/1564 1562/1562/1562 
f 1562/1562/1562 1574/1574/1574 1573/1573/1573 
f 1574/1574/1574 1562/1562/1562 1565/1565/1565 
f 1573/1573/1573 1575/1575/1575 1572/1572/1572 
f 1576/1576/1576 1573/1573/1573 1574/1574/1574 
f 1575/1575/1575 1573/1573/1573 1576/1576/1576 
f 1574/1574/1574 1565/1565/1565 1577/1577/1577 
f 1576/1576/1576 1574/1574/1574 1577/1577/1577 
f 1577/1577/1577 1565/1565/1565 1578/1578/1578 
f 1578/1578/1578 1565/1565/1565 1579/1579/1579 
f 1577/1577/1577 1580/1580/1580 1576/1576/1576 
f 1580/1580/1580 1575/1575/1575 1576/1576/1576 
f 1578/1578/1578 1581/1581/1581 1577/1577/1577 
f 1580/1580/1580 1577/1577/1577 1581/1581/1581 
f 1581/1581/1581 1578/1578/1578 1582/1582/1582 
f 1575/1575/1575 1580/1580/1580 1583/1583/1583 
f 1575/1575/1575 1583/1583/1583 1584/1584/1584 
f 1584/1584/1584 1585/1585/1585 1575/1575/1575 
f 1585/1585/1585 1584/1584/1584 1586/1586/1586 
f 1587/1587/1587 1585/1585/1585 1586/1586/1586 
f 1585/1585/1585 1587/1587/1587 1588/1588/1588 
f 1588/1588/1588 1589/1589/1589 1585/1585/1585 
f 1588/1588/1588 1590/1590/1590 1589/1589/1589 
f 1589/1589/1589 1590/1590/1590 1591/1591/1591 
f 1592/1592/1592 1585/1585/1585 1589/1589/1589 
f 1593/1593/1593 1575/1575/1575 1585/1585/1585 
f 1585/1585/1585 1592/1592/1592 1593/1593/1593 
f 1593/1593/1593 1572/1572/1572 1575/1575/1575 
f 1594/1594/1594 1572/1572/1572 1593/1593/1593 
f 1593/1593/1593 1595/1595/1595 1594/1594/1594 
f 1595/1595/1595 1593/1593/1593 1596/1596/1596 
f 1592/1592/1592 1596/1596/1596 1593/1593/1593 
f 1595/1595/1595 1597/1597/1597 1594/1594/1594 
f 1595/1595/1595 1596/1596/1596 1598/1598/1598 
f 1598/1598/1598 1597/1597/1597 1595/1595/1595 
f 1599/1599/1599 1598/1598/1598 1596/1596/1596 
f 1592/1592/1592 1600/1600/1600 1596/1596/1596 
f 1596/1596/1596 1600/1600/1600 1599/1599/1599 
f 1599/1599/1599 1601/1601/1601 1598/1598/1598 
f 1600/1600/1600 1601/1601/1601 1599/1599/1599 
f 1597/1597/1597 1598/1598/1598 1601/1601/1601 
f 1600/1600/1600 1592/1592/1592 1602/1602/1602 
f 1603/1603/1603 1594/1594/1594 1597/1597/1597 
f 1594/1594/1594 1603/1603/1603 1604/1604/1604 
f 1604/1604/1604 1603/1603/1603 1605/1605/1605 
f 1603/1603/1603 1606/1606/1606 1605/1605/1605 
f 1606/1606/1606 1603/1603/1603 1607/1607/1607 
f 1606/1606/1606 1607/1607/1607 1608/1608/1608 
f 1607/1607/1607 1603/1603/1603 1609/1609/1609 
f 1609/1609/1609 1603/1603/1603 1597/1597/1597 
f 1607/1607/1607 1609/1609/1609 1610/1610/1610 
f 1597/1597/1597 1611/1611/1611 1609/1609/1609 
f 1610/1610/1610 1609/1609/1609 1611/1611/1611 
f 1611/1611/1611 1597/1597/1597 1601/1601/1601 
f 1612/1612/1612 1610/1610/1610 1611/1611/1611 
f 1613/1613/1613 1611/1611/1611 1601/1601/1601 
f 1613/1613/1613 1612/1612/1612 1611/1611/1611 
f 1601/1601/1601 1600/1600/1600 1613/1613/1613 
f 1612/1612/1612 1613/1613/1613 1614/1614/1614 
f 1602/1602/1602 1613/1613/1613 1600/1600/1600 
f 1615/1615/1615 1614/1614/1614 1613/1613/1613 
f 1613/1613/1613 1602/1602/1602 1615/1615/1615 
f 1614/1614/1614 1615/1615/1615 1616/1616/1616 
f 1592/1592/1592 1615/1615/1615 1602/1602/1602 
f 1615/1615/1615 1592/1592/1592 1616/1616/1616 
f 1617/1617/1617 1618/1618/1618 1619/1619/1619 
f 1620/1620/1620 1621/1621/1621 1622/1622/1622 
f 1621/1621/1621 1623/1623/1623 1622/1622/1622 
f 1624/1624/1624 1621/1621/1621 1625/1625/1625 
f 1626/1626/1626 1621/1621/1621 1624/1624/1624 
f 1621/1621/1621 1626/1626/1626 1627/1627/1627 
f 1623/1623/1623 1621/1621/1621 1627/1627/1627 
f 1626/1626/1626 1628/1628/1628 1627/1627/1627 
f 1627/1627/1627 1628/1628/1628 1629/1629/1629 
f 1629/1629/1629 1630/1630/1630 1627/1627/1627 
f 1630/1630/1630 1623/1623/1623 1627/1627/1627 
f 1623/1623/1623 1630/1630/1630 1631/1631/1631 
f 1632/1632/1632 1633/1633/1633 1634/1634/1634 
f 1635/1635/1635 1634/1634/1634 1633/1633/1633 
f 1636/1636/1636 1632/1632/1632 1634/1634/1634 
f 1637/1637/1637 1636/1636/1636 1634/1634/1634 
f 1637/1637/1637 1634/1634/1634 1442/1442/1442 
f 1635/1635/1635 1442/1442/1442 1634/1634/1634 
f 1638/1638/1638 1637/1637/1637 1442/1442/1442 
f 1639/1639/1639 1459/1459/1459 1635/1635/1635 
f 1465/1465/1465 1461/1461/1461 1639/1639/1639 
f 1461/1461/1461 1459/1459/1459 1639/1639/1639 
f 1453/1453/1453 1635/1635/1635 1459/1459/1459 
f 1453/1453/1453 1444/1444/1444 1635/1635/1635 
f 1442/1442/1442 1635/1635/1635 1444/1444/1444 
f 1453/1453/1453 1459/1459/1459 1454/1454/1454 
f 1638/1638/1638 1442/1442/1442 1640/1640/1640 
f 1638/1638/1638 1640/1640/1640 1641/1641/1641 
f 1442/1442/1442 1435/1435/1435 1640/1640/1640 
f 1641/1641/1641 1640/1640/1640 1642/1642/1642 
f 1643/1643/1643 1642/1642/1642 1640/1640/1640 
f 1640/1640/1640 1435/1435/1435 1643/1643/1643 
f 1642/1642/1642 1644/1644/1644 1641/1641/1641 
f 1645/1645/1645 1641/1641/1641 1644/1644/1644 
f 1646/1646/1646 1645/1645/1645 1644/1644/1644 
f 1644/1644/1644 1647/1647/1647 1646/1646/1646 
f 1648/1648/1648 1644/1644/1644 1642/1642/1642 
f 1647/1647/1647 1644/1644/1644 1648/1648/1648 
f 1643/1643/1643 1648/1648/1648 1642/1642/1642 
f 1648/1648/1648 1649/1649/1649 1647/1647/1647 
f 1432/1432/1432 1649/1649/1649 1648/1648/1648 
f 1650/1650/1650 1648/1648/1648 1643/1643/1643 
f 1650/1650/1650 1432/1432/1432 1648/1648/1648 
f 1435/1435/1435 1650/1650/1650 1643/1643/1643 
f 1432/1432/1432 1650/1650/1650 1433/1433/1433 
f 1433/1433/1433 1650/1650/1650 1435/1435/1435 
f 1651/1651/1651 1652/1652/1652 1653/1653/1653 
f 1651/1651/1651 1654/1654/1654 1655/1655/1655 
f 1651/1651/1651 1656/1656/1656 1652/1652/1652 
f 1654/1654/1654 1651/1651/1651 1657/1657/1657 
f 1653/1653/1653 1657/1657/1657 1651/1651/1651 
f 1657/1657/1657 1658/1658/1658 1654/1654/1654 
f 1657/1657/1657 1653/1653/1653 1659/1659/1659 
f 1658/1658/1658 1657/1657/1657 1659/1659/1659 
f 1658/1658/1658 1660/1660/1660 1654/1654/1654 
f 1652/1652/1652 1656/1656/1656 1661/1661/1661 
f 1656/1656/1656 1662/1662/1662 1661/1661/1661 
f 1658/1658/1658 1659/1659/1659 1663/1663/1663 
f 1664/1664/1664 1663/1663/1663 1659/1659/1659 
f 1663/1663/1663 1665/1665/1665 1658/1658/1658 
f 1660/1660/1660 1658/1658/1658 1665/1665/1665 
f 1663/1663/1663 1666/1666/1666 1665/1665/1665 
f 1667/1667/1667 1661/1661/1661 1662/1662/1662 
f 1662/1662/1662 1668/1668/1668 1667/1667/1667 
f 1661/1661/1661 1667/1667/1667 1669/1669/1669 
f 1661/1661/1661 1669/1669/1669 1652/1652/1652 
f 1670/1670/1670 1667/1667/1667 1668/1668/1668 
f 1668/1668/1668 1671/1671/1671 1670/1670/1670 
f 1670/1670/1670 1671/1671/1671 1672/1672/1672 
f 1667/1667/1667 1670/1670/1670 1673/1673/1673 
f 1673/1673/1673 1669/1669/1669 1667/1667/1667 
f 1674/1674/1674 1670/1670/1670 1672/1672/1672 
f 1674/1674/1674 1673/1673/1673 1670/1670/1670 
f 1672/1672/1672 1675/1675/1675 1674/1674/1674 
f 1675/1675/1675 1672/1672/1672 1676/1676/1676 
f 1676/1676/1676 1677/1677/1677 1675/1675/1675 
f 1675/1675/1675 1677/1677/1677 1678/1678/1678 
f 1679/1679/1679 1678/1678/1678 1677/1677/1677 
f 1679/1679/1679 1680/1680/1680 1678/1678/1678 
f 1681/1681/1681 1675/1675/1675 1678/1678/1678 
f 1675/1675/1675 1681/1681/1681 1674/1674/1674 
f 1680/1680/1680 1682/1682/1682 1678/1678/1678 
f 1678/1678/1678 1682/1682/1682 1681/1681/1681 
f 1683/1683/1683 1682/1682/1682 1680/1680/1680 
f 1684/1684/1684 1674/1674/1674 1681/1681/1681 
f 1685/1685/1685 1674/1674/1674 1684/1684/1684 
f 1684/1684/1684 1686/1686/1686 1685/1685/1685 
f 1686/1686/1686 1687/1687/1687 1685/1685/1685 
f 1605/1605/1605 1685/1685/1685 1687/1687/1687 
f 1688/1688/1688 1605/1605/1605 1687/1687/1687 
f 1685/1685/1685 1605/1605/1605 1606/1606/1606 
f 1674/1674/1674 1685/1685/1685 1689/1689/1689 
f 1606/1606/1606 1689/1689/1689 1685/1685/1685 
f 1690/1690/1690 1674/1674/1674 1689/1689/1689 
f 1673/1673/1673 1674/1674/1674 1690/1690/1690 
f 1689/1689/1689 1606/1606/1606 1691/1691/1691 
f 1692/1692/1692 1691/1691/1691 1606/1606/1606 
f 1693/1693/1693 1691/1691/1691 1692/1692/1692 
f 1691/1691/1691 1693/1693/1693 1689/1689/1689 
f 1689/1689/1689 1693/1693/1693 1690/1690/1690 
f 1690/1690/1690 1694/1694/1694 1673/1673/1673 
f 1694/1694/1694 1690/1690/1690 1693/1693/1693 
f 1669/1669/1669 1673/1673/1673 1694/1694/1694 
f 1669/1669/1669 1694/1694/1694 1695/1695/1695 
f 1693/1693/1693 1696/1696/1696 1694/1694/1694 
f 1695/1695/1695 1694/1694/1694 1696/1696/1696 
f 1693/1693/1693 1697/1697/1697 1696/1696/1696 
f 1695/1695/1695 1698/1698/1698 1669/1669/1669 
f 1698/1698/1698 1695/1695/1695 1696/1696/1696 
f 1697/1697/1697 1699/1699/1699 1696/1696/1696 
f 1696/1696/1696 1699/1699/1699 1698/1698/1698 
f 1697/1697/1697 1664/1664/1664 1699/1699/1699 
f 1700/1700/1700 1669/1669/1669 1698/1698/1698 
f 1699/1699/1699 1700/1700/1700 1698/1698/1698 
f 1669/1669/1669 1700/1700/1700 1652/1652/1652 
f 1700/1700/1700 1653/1653/1653 1652/1652/1652 
f 1701/1701/1701 1700/1700/1700 1699/1699/1699 
f 1700/1700/1700 1701/1701/1701 1653/1653/1653 
f 1701/1701/1701 1699/1699/1699 1664/1664/1664 
f 1701/1701/1701 1659/1659/1659 1653/1653/1653 
f 1659/1659/1659 1701/1701/1701 1664/1664/1664 
f 1702/1702/1702 1703/1703/1703 1704/1704/1704 
f 1705/1705/1705 1706/1706/1706 1704/1704/1704 
f 1703/1703/1703 1705/1705/1705 1704/1704/1704 
f 1706/1706/1706 1705/1705/1705 1707/1707/1707 
f 1703/1703/1703 1708/1708/1708 1705/1705/1705 
f 1705/1705/1705 1708/1708/1708 1709/1709/1709 
f 1707/1707/1707 1710/1710/1710 1711/1711/1711 
f 1710/1710/1710 1707/1707/1707 1712/1712/1712 
f 1707/1707/1707 1713/1713/1713 1712/1712/1712 
f 1713/1713/1713 1707/1707/1707 1705/1705/1705 
f 1713/1713/1713 1714/1714/1714 1712/1712/1712 
f 1715/1715/1715 1705/1705/1705 1709/1709/1709 
f 1705/1705/1705 1715/1715/1715 1713/1713/1713 
f 1715/1715/1715 1714/1714/1714 1713/1713/1713 
f 1716/1716/1716 1715/1715/1715 1709/1709/1709 
f 1717/1717/1717 1714/1714/1714 1715/1715/1715 
f 1714/1714/1714 1717/1717/1717 1718/1718/1718 
f 1717/1717/1717 1719/1719/1719 1718/1718/1718 
f 1717/1717/1717 1715/1715/1715 1720/1720/1720 
f 1720/1720/1720 1719/1719/1719 1717/1717/1717 
f 1715/1715/1715 1716/1716/1716 1721/1721/1721 
f 1715/1715/1715 1721/1721/1721 1720/1720/1720 
f 1716/1716/1716 1722/1722/1722 1721/1721/1721 
f 1719/1719/1719 1720/1720/1720 1723/1723/1723 
f 1721/1721/1721 1723/1723/1723 1720/1720/1720 
f 1723/1723/1723 1721/1721/1721 1722/1722/1722 
f 1723/1723/1723 1724/1724/1724 1719/1719/1719 
f 1724/1724/1724 1723/1723/1723 1725/1725/1725 
f 1722/1722/1722 1725/1725/1725 1723/1723/1723 
f 1722/1722/1722 1726/1726/1726 1725/1725/1725 
f 1727/1727/1727 1728/1728/1728 1729/1729/1729 
f 1730/1730/1730 1727/1727/1727 1729/1729/1729 
f 1728/1728/1728 1731/1731/1731 1732/1732/1732 
f 1727/1727/1727 1731/1731/1731 1728/1728/1728 
f 1731/1731/1731 1733/1733/1733 1732/1732/1732 
f 1730/1730/1730 1734/1734/1734 1727/1727/1727 
f 1735/1735/1735 1736/1736/1736 1730/1730/1730 
f 1736/1736/1736 1734/1734/1734 1730/1730/1730 
f 1737/1737/1737 1736/1736/1736 1735/1735/1735 
f 1734/1734/1734 1738/1738/1738 1727/1727/1727 
f 1738/1738/1738 1731/1731/1731 1727/1727/1727 
f 1736/1736/1736 1739/1739/1739 1734/1734/1734 
f 1739/1739/1739 1738/1738/1738 1734/1734/1734 
f 1736/1736/1736 1737/1737/1737 1740/1740/1740 
f 1736/1736/1736 1740/1740/1740 1739/1739/1739 
f 1737/1737/1737 1741/1741/1741 1740/1740/1740 
f 1742/1742/1742 1740/1740/1740 1741/1741/1741 
f 1741/1741/1741 1743/1743/1743 1742/1742/1742 
f 1742/1742/1742 1743/1743/1743 1740/1740/1740 
f 1740/1740/1740 1743/1743/1743 1739/1739/1739 
f 1731/1731/1731 1738/1738/1738 1744/1744/1744 
f 1744/1744/1744 1733/1733/1733 1731/1731/1731 
f 1744/1744/1744 1738/1738/1738 1739/1739/1739 
f 1744/1744/1744 1745/1745/1745 1733/1733/1733 
f 1746/1746/1746 1739/1739/1739 1743/1743/1743 
f 1739/1739/1739 1746/1746/1746 1744/1744/1744 
f 1746/1746/1746 1745/1745/1745 1744/1744/1744 
f 1743/1743/1743 1747/1747/1747 1746/1746/1746 
f 1746/1746/1746 1747/1747/1747 1745/1745/1745 
f 1748/1748/1748 1749/1749/1749 1750/1750/1750 
f 1749/1749/1749 1751/1751/1751 1750/1750/1750 
f 1750/1750/1750 1751/1751/1751 1752/1752/1752 
f 1751/1751/1751 1753/1753/1753 1752/1752/1752 
f 1754/1754/1754 1750/1750/1750 1752/1752/1752 
f 1750/1750/1750 1754/1754/1754 1755/1755/1755 
f 1748/1748/1748 1750/1750/1750 1755/1755/1755 
f 1748/1748/1748 1755/1755/1755 1756/1756/1756 
f 1748/1748/1748 1756/1756/1756 1757/1757/1757 
f 1758/1758/1758 1759/1759/1759 1760/1760/1760 
f 1760/1760/1760 1759/1759/1759 1761/1761/1761 
f 1760/1760/1760 1762/1762/1762 1758/1758/1758 
f 1763/1763/1763 1761/1761/1761 1759/1759/1759 
f 1761/1761/1761 1763/1763/1763 1764/1764/1764 
f 1765/1765/1765 1764/1764/1764 1763/1763/1763 
f 1766/1766/1766 1758/1758/1758 1762/1762/1762 
f 1766/1766/1766 1767/1767/1767 1758/1758/1758 
f 1767/1767/1767 1768/1768/1768 1758/1758/1758 
f 1767/1767/1767 1769/1769/1769 1768/1768/1768 
f 1770/1770/1770 1771/1771/1771 1772/1772/1772 
f 1771/1771/1771 1770/1770/1770 1773/1773/1773 
f 1774/1774/1774 1770/1770/1770 1772/1772/1772 
f 1775/1775/1775 1774/1774/1774 1772/1772/1772 
f 1776/1776/1776 1777/1777/1777 1778/1778/1778 
f 1777/1777/1777 1776/1776/1776 1779/1779/1779 
f 1779/1779/1779 1780/1780/1780 1777/1777/1777 
f 1778/1778/1778 1777/1777/1777 1781/1781/1781 
f 1781/1781/1781 1782/1782/1782 1778/1778/1778 
f 1783/1783/1783 1781/1781/1781 1777/1777/1777 
f 1782/1782/1782 1781/1781/1781 1784/1784/1784 
f 1785/1785/1785 1781/1781/1781 1783/1783/1783 
f 1786/1786/1786 1782/1782/1782 1787/1787/1787 
f 1784/1784/1784 1787/1787/1787 1782/1782/1782 
f 1787/1787/1787 1788/1788/1788 1786/1786/1786 
f 1788/1788/1788 1789/1789/1789 1786/1786/1786 
f 1789/1789/1789 1788/1788/1788 1790/1790/1790 
f 1790/1790/1790 1791/1791/1791 1789/1789/1789 
f 1788/1788/1788 1787/1787/1787 1792/1792/1792 
f 1792/1792/1792 1790/1790/1790 1788/1788/1788 
f 1791/1791/1791 1793/1793/1793 1794/1794/1794 
f 1793/1793/1793 1791/1791/1791 1790/1790/1790 
f 1793/1793/1793 1790/1790/1790 1795/1795/1795 
f 1796/1796/1796 1792/1792/1792 1787/1787/1787 
f 1787/1787/1787 1784/1784/1784 1796/1796/1796 
f 1790/1790/1790 1792/1792/1792 1797/1797/1797 
f 1792/1792/1792 1796/1796/1796 1797/1797/1797 
f 1798/1798/1798 1795/1795/1795 1790/1790/1790 
f 1797/1797/1797 1798/1798/1798 1790/1790/1790 
f 1795/1795/1795 1798/1798/1798 1799/1799/1799 
f 1799/1799/1799 1798/1798/1798 1800/1800/1800 
f 1801/1801/1801 1800/1800/1800 1798/1798/1798 
f 1798/1798/1798 1802/1802/1802 1801/1801/1801 
f 1798/1798/1798 1797/1797/1797 1802/1802/1802 
f 1799/1799/1799 1803/1803/1803 1795/1795/1795 
f 1795/1795/1795 1803/1803/1803 1804/1804/1804 
f 1799/1799/1799 1805/1805/1805 1803/1803/1803 
f 1806/1806/1806 1804/1804/1804 1803/1803/1803 
f 1805/1805/1805 1806/1806/1806 1803/1803/1803 
f 1807/1807/1807 1802/1802/1802 1797/1797/1797 
f 1802/1802/1802 1807/1807/1807 1808/1808/1808 
f 1797/1797/1797 1809/1809/1809 1807/1807/1807 
f 1797/1797/1797 1796/1796/1796 1809/1809/1809 
f 1810/1810/1810 1808/1808/1808 1807/1807/1807 
f 1810/1810/1810 1807/1807/1807 1809/1809/1809 
f 1808/1808/1808 1810/1810/1810 1811/1811/1811 
f 1810/1810/1810 1812/1812/1812 1811/1811/1811 
f 1812/1812/1812 1810/1810/1810 1809/1809/1809 
f 1796/1796/1796 1813/1813/1813 1809/1809/1809 
f 1796/1796/1796 1784/1784/1784 1813/1813/1813 
f 1809/1809/1809 1814/1814/1814 1812/1812/1812 
f 1814/1814/1814 1809/1809/1809 1813/1813/1813 
f 1815/1815/1815 1812/1812/1812 1814/1814/1814 
f 1813/1813/1813 1784/1784/1784 1816/1816/1816 
f 1814/1814/1814 1813/1813/1813 1816/1816/1816 
f 1815/1815/1815 1814/1814/1814 1817/1817/1817 
f 1817/1817/1817 1814/1814/1814 1816/1816/1816 
f 1818/1818/1818 1815/1815/1815 1817/1817/1817 
f 1817/1817/1817 1819/1819/1819 1818/1818/1818 
f 1820/1820/1820 1818/1818/1818 1819/1819/1819 
f 1816/1816/1816 1821/1821/1821 1817/1817/1817 
f 1819/1819/1819 1817/1817/1817 1821/1821/1821 
f 1816/1816/1816 1784/1784/1784 1822/1822/1822 
f 1784/1784/1784 1781/1781/1781 1822/1822/1822 
f 1785/1785/1785 1822/1822/1822 1781/1781/1781 
f 1823/1823/1823 1816/1816/1816 1822/1822/1822 
f 1785/1785/1785 1823/1823/1823 1822/1822/1822 
f 1823/1823/1823 1824/1824/1824 1816/1816/1816 
f 1821/1821/1821 1816/1816/1816 1824/1824/1824 
f 1785/1785/1785 1825/1825/1825 1823/1823/1823 
f 1823/1823/1823 540/540/540 1824/1824/1824 
f 540/540/540 1823/1823/1823 1825/1825/1825 
f 1825/1825/1825 1785/1785/1785 1826/1826/1826 
f 1827/1827/1827 1826/1826/1826 1785/1785/1785 
f 1783/1783/1783 1827/1827/1827 1785/1785/1785 
f 1783/1783/1783 1828/1828/1828 1827/1827/1827 
f 1827/1827/1827 1829/1829/1829 1826/1826/1826 
f 1829/1829/1829 1827/1827/1827 1828/1828/1828 
f 1826/1826/1826 1830/1830/1830 1825/1825/1825 
f 1830/1830/1830 1826/1826/1826 1829/1829/1829 
f 1831/1831/1831 1829/1829/1829 1828/1828/1828 
f 1829/1829/1829 1831/1831/1831 1830/1830/1830 
f 1832/1832/1832 1831/1831/1831 1828/1828/1828 
f 1832/1832/1832 1833/1833/1833 1831/1831/1831 
f 1831/1831/1831 1833/1833/1833 1834/1834/1834 
f 1833/1833/1833 1835/1835/1835 1834/1834/1834 
f 1831/1831/1831 1836/1836/1836 1830/1830/1830 
f 1834/1834/1834 1836/1836/1836 1831/1831/1831 
f 1830/1830/1830 539/539/539 1825/1825/1825 
f 1836/1836/1836 539/539/539 1830/1830/1830 
f 539/539/539 540/540/540 1825/1825/1825 
f 1834/1834/1834 1835/1835/1835 1837/1837/1837 
f 1836/1836/1836 1834/1834/1834 1837/1837/1837 
f 1835/1835/1835 1838/1838/1838 1837/1837/1837 
f 1838/1838/1838 532/532/532 1837/1837/1837 
f 1837/1837/1837 534/534/534 1836/1836/1836 
f 532/532/532 534/534/534 1837/1837/1837 
f 1836/1836/1836 535/535/535 539/539/539 
f 534/534/534 535/535/535 1836/1836/1836 
f 1839/1839/1839 1840/1840/1840 1841/1841/1841 
f 1842/1842/1842 1840/1840/1840 1839/1839/1839 
f 1839/1839/1839 1841/1841/1841 1843/1843/1843 
f 1844/1844/1844 1843/1843/1843 1841/1841/1841 
f 1844/1844/1844 1845/1845/1845 1843/1843/1843 
f 1845/1845/1845 1846/1846/1846 1843/1843/1843 
f 1845/1845/1845 1847/1847/1847 1846/1846/1846 
f 1848/1848/1848 1849/1849/1849 1850/1850/1850 
f 1851/1851/1851 1848/1848/1848 1850/1850/1850 
f 1850/1850/1850 1849/1849/1849 1852/1852/1852 
f 1848/1848/1848 1851/1851/1851 1853/1853/1853 
f 1852/1852/1852 1849/1849/1849 1854/1854/1854 
f 1853/1853/1853 1851/1851/1851 1855/1855/1855 
f 1849/1849/1849 1848/1848/1848 1856/1856/1856 
f 1856/1856/1856 1848/1848/1848 1853/1853/1853 
f 1853/1853/1853 1857/1857/1857 1856/1856/1856 
f 1855/1855/1855 1622/1622/1622 1853/1853/1853 
f 1858/1858/1858 1622/1622/1622 1855/1855/1855 
f 1623/1623/1623 1857/1857/1857 1853/1853/1853 
f 1622/1622/1622 1623/1623/1623 1853/1853/1853 
f 1859/1859/1859 1860/1860/1860 730/730/730 
f 730/730/730 1860/1860/1860 1861/1861/1861 
f 1861/1861/1861 1862/1862/1862 730/730/730 
f 729/729/729 730/730/730 1862/1862/1862 
f 1862/1862/1862 1861/1861/1861 1863/1863/1863 
f 722/722/722 731/731/731 1864/1864/1864 
f 722/722/722 1864/1864/1864 1865/1865/1865 
f 1865/1865/1865 1864/1864/1864 1866/1866/1866 
f 1864/1864/1864 731/731/731 1867/1867/1867 
f 1867/1867/1867 731/731/731 724/724/724 
f 1864/1864/1864 1868/1868/1868 1866/1866/1866 
f 1864/1864/1864 1867/1867/1867 1868/1868/1868 
f 1869/1869/1869 1866/1866/1866 1868/1868/1868 
f 1867/1867/1867 724/724/724 1870/1870/1870 
f 729/729/729 1870/1870/1870 724/724/724 
f 1871/1871/1871 1869/1869/1869 1868/1868/1868 
f 1872/1872/1872 1869/1869/1869 1871/1871/1871 
f 1873/1873/1873 1872/1872/1872 1871/1871/1871 
f 1871/1871/1871 1868/1868/1868 1874/1874/1874 
f 1874/1874/1874 1873/1873/1873 1871/1871/1871 
f 1868/1868/1868 1867/1867/1867 1875/1875/1875 
f 1874/1874/1874 1868/1868/1868 1875/1875/1875 
f 1870/1870/1870 1876/1876/1876 1867/1867/1867 
f 1876/1876/1876 1875/1875/1875 1867/1867/1867 
f 1874/1874/1874 1875/1875/1875 1877/1877/1877 
f 1877/1877/1877 1873/1873/1873 1874/1874/1874 
f 1875/1875/1875 1876/1876/1876 1877/1877/1877 
f 1878/1878/1878 1876/1876/1876 1870/1870/1870 
f 1878/1878/1878 1870/1870/1870 729/729/729 
f 1878/1878/1878 729/729/729 1879/1879/1879 
f 1876/1876/1876 1878/1878/1878 1880/1880/1880 
f 1878/1878/1878 1879/1879/1879 1880/1880/1880 
f 1862/1862/1862 1879/1879/1879 729/729/729 
f 1881/1881/1881 1876/1876/1876 1880/1880/1880 
f 1877/1877/1877 1876/1876/1876 1881/1881/1881 
f 1880/1880/1880 1879/1879/1879 1882/1882/1882 
f 1883/1883/1883 1879/1879/1879 1862/1862/1862 
f 1883/1883/1883 1882/1882/1882 1879/1879/1879 
f 1884/1884/1884 1881/1881/1881 1880/1880/1880 
f 1880/1880/1880 1882/1882/1882 1884/1884/1884 
f 1881/1881/1881 1884/1884/1884 1885/1885/1885 
f 1884/1884/1884 1882/1882/1882 1886/1886/1886 
f 1887/1887/1887 1886/1886/1886 1882/1882/1882 
f 1888/1888/1888 1887/1887/1887 1882/1882/1882 
f 1882/1882/1882 1883/1883/1883 1888/1888/1888 
f 1886/1886/1886 1889/1889/1889 1884/1884/1884 
f 1885/1885/1885 1884/1884/1884 1889/1889/1889 
f 1883/1883/1883 1890/1890/1890 1888/1888/1888 
f 1890/1890/1890 1883/1883/1883 1891/1891/1891 
f 1883/1883/1883 1892/1892/1892 1891/1891/1891 
f 1891/1891/1891 1892/1892/1892 1893/1893/1893 
f 1892/1892/1892 1883/1883/1883 1894/1894/1894 
f 1895/1895/1895 1892/1892/1892 1894/1894/1894 
f 1883/1883/1883 1862/1862/1862 1894/1894/1894 
f 1896/1896/1896 1895/1895/1895 1894/1894/1894 
f 1862/1862/1862 1897/1897/1897 1894/1894/1894 
f 1896/1896/1896 1894/1894/1894 1897/1897/1897 
f 1862/1862/1862 1863/1863/1863 1897/1897/1897 
f 1898/1898/1898 1897/1897/1897 1863/1863/1863 
f 1896/1896/1896 1897/1897/1897 1899/1899/1899 
f 1898/1898/1898 1900/1900/1900 1897/1897/1897 
f 1901/1901/1901 1899/1899/1899 1897/1897/1897 
f 1902/1902/1902 1897/1897/1897 1900/1900/1900 
f 1897/1897/1897 1902/1902/1902 1901/1901/1901 
f 1900/1900/1900 1903/1903/1903 1902/1902/1902 
f 1903/1903/1903 1904/1904/1904 1902/1902/1902 
f 1902/1902/1902 1904/1904/1904 1905/1905/1905 
f 1901/1901/1901 1906/1906/1906 1899/1899/1899 
f 1902/1902/1902 1905/1905/1905 1907/1907/1907 
f 1902/1902/1902 1907/1907/1907 1901/1901/1901 
f 1905/1905/1905 1908/1908/1908 1907/1907/1907 
f 1909/1909/1909 1907/1907/1907 1908/1908/1908 
f 1910/1910/1910 1906/1906/1906 1901/1901/1901 
f 1910/1910/1910 1911/1911/1911 1906/1906/1906 
f 1912/1912/1912 1911/1911/1911 1910/1910/1910 
f 1901/1901/1901 1912/1912/1912 1910/1910/1910 
f 1912/1912/1912 1901/1901/1901 1907/1907/1907 
f 1913/1913/1913 1907/1907/1907 1909/1909/1909 
f 1907/1907/1907 1913/1913/1913 1912/1912/1912 
f 1909/1909/1909 1914/1914/1914 1913/1913/1913 
f 1914/1914/1914 1915/1915/1915 1913/1913/1913 
f 1912/1912/1912 1913/1913/1913 1916/1916/1916 
f 1917/1917/1917 1912/1912/1912 1916/1916/1916 
f 1916/1916/1916 1913/1913/1913 1917/1917/1917 
f 1918/1918/1918 1917/1917/1917 1913/1913/1913 
f 1913/1913/1913 1919/1919/1919 1918/1918/1918 
f 1918/1918/1918 1919/1919/1919 1920/1920/1920 
f 1921/1921/1921 1918/1918/1918 1920/1920/1920 
f 1922/1922/1922 1921/1921/1921 1920/1920/1920 
f 1923/1923/1923 1921/1921/1921 1922/1922/1922 
f 1922/1922/1922 1924/1924/1924 1923/1923/1923 
f 1925/1925/1925 1924/1924/1924 1922/1922/1922 
f 1924/1924/1924 1925/1925/1925 1926/1926/1926 
f 1927/1927/1927 1924/1924/1924 1926/1926/1926 
f 1928/1928/1928 1927/1927/1927 1926/1926/1926 
f 1925/1925/1925 1929/1929/1929 1926/1926/1926 
f 1930/1930/1930 1926/1926/1926 1929/1929/1929 
f 1931/1931/1931 1930/1930/1930 1929/1929/1929 
f 1932/1932/1932 1933/1933/1933 1934/1934/1934 
f 1934/1934/1934 1935/1935/1935 1936/1936/1936 
f 1936/1936/1936 1937/1937/1937 1934/1934/1934 
f 1937/1937/1937 1932/1932/1932 1934/1934/1934 
f 1937/1937/1937 1938/1938/1938 1932/1932/1932 
f 1938/1938/1938 1939/1939/1939 1932/1932/1932 
f 1940/1940/1940 1932/1932/1932 1939/1939/1939 
f 1940/1940/1940 1941/1941/1941 1932/1932/1932 
f 1932/1932/1932 1941/1941/1941 1942/1942/1942 
f 1943/1943/1943 1932/1932/1932 1942/1942/1942 
f 1932/1932/1932 1943/1943/1943 1944/1944/1944 
f 1944/1944/1944 1945/1945/1945 1932/1932/1932 
f 1946/1946/1946 1944/1944/1944 1943/1943/1943 
f 1945/1945/1945 1944/1944/1944 1947/1947/1947 
f 1946/1946/1946 1947/1947/1947 1944/1944/1944 
f 1947/1947/1947 1946/1946/1946 1505/1505/1505 
f 1504/1504/1504 1505/1505/1505 1946/1946/1946 
f 1948/1948/1948 1947/1947/1947 1505/1505/1505 
f 1949/1949/1949 1947/1947/1947 1948/1948/1948 
f 1509/1509/1509 1948/1948/1948 1505/1505/1505 
f 1949/1949/1949 1950/1950/1950 1947/1947/1947 
f 1950/1950/1950 1949/1949/1949 1951/1951/1951 
f 1952/1952/1952 1947/1947/1947 1950/1950/1950 
f 1953/1953/1953 1950/1950/1950 1951/1951/1951 
f 1950/1950/1950 1954/1954/1954 1952/1952/1952 
f 1954/1954/1954 1950/1950/1950 1953/1953/1953 
f 1955/1955/1955 1952/1952/1952 1954/1954/1954 
f 1955/1955/1955 1954/1954/1954 1956/1956/1956 
f 1953/1953/1953 1957/1957/1957 1954/1954/1954 
f 1957/1957/1957 1953/1953/1953 1958/1958/1958 
f 1959/1959/1959 1958/1958/1958 1953/1953/1953 
f 1958/1958/1958 1960/1960/1960 1957/1957/1957 
f 1957/1957/1957 1960/1960/1960 1961/1961/1961 
f 1960/1960/1960 1958/1958/1958 1962/1962/1962 
f 1962/1962/1962 1958/1958/1958 1963/1963/1963 
f 1964/1964/1964 1963/1963/1963 1965/1965/1965 
f 1962/1962/1962 1963/1963/1963 1964/1964/1964 
f 1966/1966/1966 1962/1962/1962 1964/1964/1964 
f 1962/1962/1962 1966/1966/1966 1967/1967/1967 
f 1968/1968/1968 1960/1960/1960 1962/1962/1962 
f 1960/1960/1960 1968/1968/1968 1969/1969/1969 
f 1969/1969/1969 1968/1968/1968 1970/1970/1970 
f 1968/1968/1968 1962/1962/1962 1971/1971/1971 
f 1971/1971/1971 1970/1970/1970 1968/1968/1968 
f 1967/1967/1967 1971/1971/1971 1962/1962/1962 
f 1971/1971/1971 1972/1972/1972 1970/1970/1970 
f 1971/1971/1971 1967/1967/1967 1973/1973/1973 
f 1973/1973/1973 1972/1972/1972 1971/1971/1971 
f 1475/1475/1475 1973/1973/1973 1967/1967/1967 
f 1974/1974/1974 1475/1475/1475 1967/1967/1967 
f 1975/1975/1975 1972/1972/1972 1973/1973/1973 
f 1976/1976/1976 1972/1972/1972 1975/1975/1975 
f 1976/1976/1976 1975/1975/1975 1977/1977/1977 
f 1978/1978/1978 1977/1977/1977 1975/1975/1975 
f 1974/1974/1974 1482/1482/1482 1475/1475/1475 
f 1979/1979/1979 1975/1975/1975 1973/1973/1973 
f 1975/1975/1975 1979/1979/1979 1978/1978/1978 
f 1973/1973/1973 1475/1475/1475 1979/1979/1979 
f 1980/1980/1980 1978/1978/1978 1979/1979/1979 
f 1978/1978/1978 1980/1980/1980 1981/1981/1981 
f 1982/1982/1982 1981/1981/1981 1980/1980/1980 
f 1979/1979/1979 1473/1473/1473 1980/1980/1980 
f 1473/1473/1473 1979/1979/1979 1475/1475/1475 
f 1983/1983/1983 1982/1982/1982 1980/1980/1980 
f 1983/1983/1983 1984/1984/1984 1982/1982/1982 
f 1473/1473/1473 1472/1472/1472 1980/1980/1980 
f 1472/1472/1472 1983/1983/1983 1980/1980/1980 
f 1983/1983/1983 1985/1985/1985 1984/1984/1984 
f 1984/1984/1984 1985/1985/1985 1986/1986/1986 
f 1983/1983/1983 1472/1472/1472 1987/1987/1987 
f 1988/1988/1988 1983/1983/1983 1987/1987/1987 
f 1985/1985/1985 1983/1983/1983 1988/1988/1988 
f 1472/1472/1472 1469/1469/1469 1987/1987/1987 
f 1985/1985/1985 1633/1633/1633 1986/1986/1986 
f 1632/1632/1632 1986/1986/1986 1633/1633/1633 
f 1465/1465/1465 1988/1988/1988 1987/1987/1987 
f 1465/1465/1465 1987/1987/1987 1469/1469/1469 
f 1985/1985/1985 1988/1988/1988 1639/1639/1639 
f 1465/1465/1465 1639/1639/1639 1988/1988/1988 
f 1633/1633/1633 1985/1985/1985 1635/1635/1635 
f 1635/1635/1635 1985/1985/1985 1639/1639/1639 
f 1989/1989/1989 1990/1990/1990 1991/1991/1991 
f 1991/1991/1991 1992/1992/1992 1989/1989/1989 
f 1993/1993/1993 1989/1989/1989 1992/1992/1992 
f 1993/1993/1993 1994/1994/1994 1989/1989/1989 
f 1995/1995/1995 1989/1989/1989 1994/1994/1994 
f 1996/1996/1996 1997/1997/1997 1998/1998/1998 
f 1996/1996/1996 1998/1998/1998 1999/1999/1999 
f 1996/1996/1996 1999/1999/1999 2000/2000/2000 
f 2001/2001/2001 1998/1998/1998 1997/1997/1997 
f 1997/1997/1997 1776/1776/1776 2001/2001/2001 
f 1998/1998/1998 2001/2001/2001 2002/2002/2002 
f 2002/2002/2002 1999/1999/1999 1998/1998/1998 
f 1776/1776/1776 2003/2003/2003 2001/2001/2001 
f 2003/2003/2003 2002/2002/2002 2001/2001/2001 
f 1999/1999/1999 2004/2004/2004 2000/2000/2000 
f 2000/2000/2000 2004/2004/2004 2005/2005/2005 
f 2005/2005/2005 2004/2004/2004 2006/2006/2006 
f 2004/2004/2004 2007/2007/2007 2006/2006/2006 
f 2004/2004/2004 1999/1999/1999 2008/2008/2008 
f 2008/2008/2008 2007/2007/2007 2004/2004/2004 
f 1999/1999/1999 2002/2002/2002 2009/2009/2009 
f 2009/2009/2009 2008/2008/2008 1999/1999/1999 
f 2007/2007/2007 2008/2008/2008 1789/1789/1789 
f 2008/2008/2008 2009/2009/2009 1789/1789/1789 
f 2007/2007/2007 1789/1789/1789 2010/2010/2010 
f 2011/2011/2011 2010/2010/2010 1789/1789/1789 
f 2011/2011/2011 1789/1789/1789 1791/1791/1791 
f 2012/2012/2012 2009/2009/2009 2002/2002/2002 
f 2002/2002/2002 2003/2003/2003 2012/2012/2012 
f 1786/1786/1786 1789/1789/1789 2009/2009/2009 
f 2009/2009/2009 2012/2012/2012 1786/1786/1786 
f 1778/1778/1778 2012/2012/2012 2003/2003/2003 
f 2003/2003/2003 1776/1776/1776 1778/1778/1778 
f 1782/1782/1782 1786/1786/1786 2012/2012/2012 
f 2012/2012/2012 1778/1778/1778 1782/1782/1782 
f 2013/2013/2013 2014/2014/2014 2015/2015/2015 
f 2016/2016/2016 2015/2015/2015 2014/2014/2014 
f 2016/2016/2016 2017/2017/2017 2015/2015/2015 
f 2018/2018/2018 2015/2015/2015 2017/2017/2017 
f 2019/2019/2019 2018/2018/2018 2017/2017/2017 
f 2015/2015/2015 2018/2018/2018 2020/2020/2020 
f 2018/2018/2018 2021/2021/2021 2020/2020/2020 
f 2022/2022/2022 2015/2015/2015 2020/2020/2020 
f 2015/2015/2015 2022/2022/2022 2013/2013/2013 
f 2022/2022/2022 2020/2020/2020 2021/2021/2021 
f 2021/2021/2021 2018/2018/2018 2023/2023/2023 
f 2024/2024/2024 2013/2013/2013 2022/2022/2022 
f 2013/2013/2013 2024/2024/2024 2025/2025/2025 
f 2021/2021/2021 2026/2026/2026 2022/2022/2022 
f 2024/2024/2024 2022/2022/2022 2026/2026/2026 
f 2023/2023/2023 2027/2027/2027 2021/2021/2021 
f 2028/2028/2028 2025/2025/2025 2024/2024/2024 
f 2025/2025/2025 2028/2028/2028 2029/2029/2029 
f 2030/2030/2030 2029/2029/2029 2028/2028/2028 
f 2024/2024/2024 2031/2031/2031 2028/2028/2028 
f 2026/2026/2026 2031/2031/2031 2024/2024/2024 
f 2028/2028/2028 2032/2032/2032 2030/2030/2030 
f 2032/2032/2032 2028/2028/2028 2031/2031/2031 
f 2030/2030/2030 2032/2032/2032 2033/2033/2033 
f 2031/2031/2031 2034/2034/2034 2032/2032/2032 
f 2034/2034/2034 2035/2035/2035 2032/2032/2032 
f 2026/2026/2026 2036/2036/2036 2031/2031/2031 
f 2034/2034/2034 2031/2031/2031 2036/2036/2036 
f 2021/2021/2021 2037/2037/2037 2026/2026/2026 
f 2037/2037/2037 2021/2021/2021 2027/2027/2027 
f 2036/2036/2036 2026/2026/2026 2037/2037/2037 
f 2038/2038/2038 2037/2037/2037 2027/2027/2027 
f 2027/2027/2027 2023/2023/2023 2038/2038/2038 
f 2039/2039/2039 2038/2038/2038 2023/2023/2023 
f 2038/2038/2038 2040/2040/2040 2037/2037/2037 
f 2037/2037/2037 2040/2040/2040 2036/2036/2036 
f 2039/2039/2039 2041/2041/2041 2038/2038/2038 
f 2040/2040/2040 2038/2038/2038 2041/2041/2041 
f 2042/2042/2042 2039/2039/2039 2043/2043/2043 
f 2041/2041/2041 2039/2039/2039 2042/2042/2042 
f 2041/2041/2041 2042/2042/2042 2044/2044/2044 
f 2044/2044/2044 2045/2045/2045 2041/2041/2041 
f 2046/2046/2046 2041/2041/2041 2045/2045/2045 
f 2041/2041/2041 2046/2046/2046 2040/2040/2040 
f 2045/2045/2045 2047/2047/2047 2046/2046/2046 
f 2047/2047/2047 2048/2048/2048 2046/2046/2046 
f 2046/2046/2046 2048/2048/2048 2049/2049/2049 
f 2046/2046/2046 2050/2050/2050 2040/2040/2040 
f 2040/2040/2040 2050/2050/2050 2036/2036/2036 
f 2050/2050/2050 2046/2046/2046 2049/2049/2049 
f 2049/2049/2049 2051/2051/2051 2050/2050/2050 
f 2049/2049/2049 2052/2052/2052 2051/2051/2051 
f 2053/2053/2053 2050/2050/2050 2051/2051/2051 
f 2052/2052/2052 2053/2053/2053 2051/2051/2051 
f 2054/2054/2054 2036/2036/2036 2050/2050/2050 
f 2055/2055/2055 2036/2036/2036 2054/2054/2054 
f 2034/2034/2034 2036/2036/2036 2055/2055/2055 
f 2054/2054/2054 2050/2050/2050 2056/2056/2056 
f 2057/2057/2057 2050/2050/2050 2053/2053/2053 
f 2056/2056/2056 2050/2050/2050 2057/2057/2057 
f 2054/2054/2054 2058/2058/2058 2055/2055/2055 
f 2056/2056/2056 2058/2058/2058 2054/2054/2054 
f 2055/2055/2055 2059/2059/2059 2034/2034/2034 
f 2058/2058/2058 2059/2059/2059 2055/2055/2055 
f 2059/2059/2059 2060/2060/2060 2034/2034/2034 
f 2035/2035/2035 2034/2034/2034 2060/2060/2060 
f 2059/2059/2059 2058/2058/2058 2061/2061/2061 
f 2059/2059/2059 2061/2061/2061 2060/2060/2060 
f 2062/2062/2062 2058/2058/2058 2056/2056/2056 
f 2062/2062/2062 2061/2061/2061 2058/2058/2058 
f 2056/2056/2056 2063/2063/2063 2062/2062/2062 
f 2056/2056/2056 2057/2057/2057 2063/2063/2063 
f 2061/2061/2061 2062/2062/2062 2064/2064/2064 
f 2063/2063/2063 2064/2064/2064 2062/2062/2062 
f 2065/2065/2065 2060/2060/2060 2061/2061/2061 
f 2061/2061/2061 2064/2064/2064 2065/2065/2065 
f 2060/2060/2060 2066/2066/2066 2035/2035/2035 
f 2035/2035/2035 2066/2066/2066 2067/2067/2067 
f 2066/2066/2066 2068/2068/2068 2067/2067/2067 
f 2065/2065/2065 2069/2069/2069 2060/2060/2060 
f 2066/2066/2066 2060/2060/2060 2069/2069/2069 
f 2066/2066/2066 2070/2070/2070 2068/2068/2068 
f 2071/2071/2071 2068/2068/2068 2070/2070/2070 
f 2069/2069/2069 2072/2072/2072 2066/2066/2066 
f 2073/2073/2073 2069/2069/2069 2065/2065/2065 
f 2069/2069/2069 2073/2073/2073 2072/2072/2072 
f 2074/2074/2074 2073/2073/2073 2065/2065/2065 
f 2065/2065/2065 2064/2064/2064 2074/2074/2074 
f 2072/2072/2072 2073/2073/2073 2075/2075/2075 
f 2074/2074/2074 2075/2075/2075 2073/2073/2073 
f 2066/2066/2066 2072/2072/2072 2076/2076/2076 
f 2070/2070/2070 2066/2066/2066 2076/2076/2076 
f 2075/2075/2075 2077/2077/2077 2072/2072/2072 
f 2076/2076/2076 2072/2072/2072 2077/2077/2077 
f 2075/2075/2075 2078/2078/2078 2077/2077/2077 
f 2078/2078/2078 2076/2076/2076 2077/2077/2077 
f 2074/2074/2074 2079/2079/2079 2075/2075/2075 
f 2078/2078/2078 2075/2075/2075 2080/2080/2080 
f 2080/2080/2080 2075/2075/2075 2079/2079/2079 
f 2081/2081/2081 2082/2082/2082 2083/2083/2083 
f 2083/2083/2083 2084/2084/2084 2081/2081/2081 
f 2082/2082/2082 2085/2085/2085 2083/2083/2083 
f 2082/2082/2082 2086/2086/2086 2085/2085/2085 
f 2082/2082/2082 2087/2087/2087 2086/2086/2086 
f 2087/2087/2087 2088/2088/2088 2086/2086/2086 
f 2089/2089/2089 2085/2085/2085 2086/2086/2086 
f 2089/2089/2089 2083/2083/2083 2085/2085/2085 
f 2090/2090/2090 2086/2086/2086 2088/2088/2088 
f 2089/2089/2089 2086/2086/2086 2090/2090/2090 
f 2088/2088/2088 2091/2091/2091 2090/2090/2090 
f 2092/2092/2092 2090/2090/2090 2091/2091/2091 
f 2089/2089/2089 2090/2090/2090 2092/2092/2092 
f 2092/2092/2092 2091/2091/2091 2093/2093/2093 
f 2094/2094/2094 2083/2083/2083 2089/2089/2089 
f 2095/2095/2095 2092/2092/2092 2093/2093/2093 
f 2092/2092/2092 2095/2095/2095 2089/2089/2089 
f 2094/2094/2094 2089/2089/2089 2095/2095/2095 
f 2093/2093/2093 2096/2096/2096 2095/2095/2095 
f 2094/2094/2094 2095/2095/2095 2096/2096/2096 
f 2094/2094/2094 2097/2097/2097 2083/2083/2083 
f 2098/2098/2098 2083/2083/2083 2097/2097/2097 
f 2083/2083/2083 2098/2098/2098 2084/2084/2084 
f 2097/2097/2097 2099/2099/2099 2098/2098/2098 
f 2099/2099/2099 2084/2084/2084 2098/2098/2098 
f 2099/2099/2099 2097/2097/2097 2100/2100/2100 
f 2099/2099/2099 2101/2101/2101 2084/2084/2084 
f 2102/2102/2102 2084/2084/2084 2101/2101/2101 
f 2103/2103/2103 2104/2104/2104 2102/2102/2102 
f 2102/2102/2102 2105/2105/2105 2103/2103/2103 
f 2105/2105/2105 2102/2102/2102 2101/2101/2101 
f 2106/2106/2106 2105/2105/2105 2101/2101/2101 
f 2106/2106/2106 2101/2101/2101 2107/2107/2107 
f 2107/2107/2107 2101/2101/2101 2108/2108/2108 
f 2101/2101/2101 2099/2099/2099 2108/2108/2108 
f 2108/2108/2108 2109/2109/2109 2107/2107/2107 
f 2109/2109/2109 2108/2108/2108 2110/2110/2110 
f 2108/2108/2108 2111/2111/2111 2110/2110/2110 
f 2108/2108/2108 2112/2112/2112 2111/2111/2111 
f 2112/2112/2112 2108/2108/2108 2113/2113/2113 
f 2113/2113/2113 2108/2108/2108 2114/2114/2114 
f 2114/2114/2114 2115/2115/2115 2113/2113/2113 
f 2115/2115/2115 2114/2114/2114 2116/2116/2116 
f 2114/2114/2114 2117/2117/2117 2116/2116/2116 
f 2108/2108/2108 2117/2117/2117 2114/2114/2114 
f 2117/2117/2117 2108/2108/2108 2099/2099/2099 
f 2117/2117/2117 2099/2099/2099 2118/2118/2118 
f 2119/2119/2119 2118/2118/2118 2099/2099/2099 
f 2118/2118/2118 2119/2119/2119 2120/2120/2120 
f 2099/2099/2099 2121/2121/2121 2119/2119/2119 
f 2121/2121/2121 2122/2122/2122 2119/2119/2119 
f 2123/2123/2123 2122/2122/2122 2121/2121/2121 
f 2121/2121/2121 2124/2124/2124 2123/2123/2123 
f 2100/2100/2100 2121/2121/2121 2099/2099/2099 
f 2124/2124/2124 2121/2121/2121 2125/2125/2125 
f 2121/2121/2121 2100/2100/2100 2125/2125/2125 
f 2126/2126/2126 2124/2124/2124 2125/2125/2125 
f 2125/2125/2125 2127/2127/2127 2126/2126/2126 
f 2128/2128/2128 2127/2127/2127 2125/2125/2125 
f 2100/2100/2100 2128/2128/2128 2125/2125/2125 
f 2129/2129/2129 2127/2127/2127 2128/2128/2128 
f 2100/2100/2100 2130/2130/2130 2128/2128/2128 
f 2128/2128/2128 2130/2130/2130 2131/2131/2131 
f 2130/2130/2130 2100/2100/2100 2132/2132/2132 
f 2130/2130/2130 2132/2132/2132 2133/2133/2133 
f 2134/2134/2134 2133/2133/2133 2132/2132/2132 
f 2135/2135/2135 2136/2136/2136 2137/2137/2137 
f 2138/2138/2138 2137/2137/2137 2136/2136/2136 
f 2137/2137/2137 2138/2138/2138 2139/2139/2139 
f 2138/2138/2138 2140/2140/2140 2139/2139/2139 
f 2136/2136/2136 2141/2141/2141 2138/2138/2138 
f 2136/2136/2136 2142/2142/2142 2141/2141/2141 
f 2143/2143/2143 2140/2140/2140 2138/2138/2138 
f 2140/2140/2140 2143/2143/2143 2144/2144/2144 
f 2140/2140/2140 2144/2144/2144 2145/2145/2145 
f 2145/2145/2145 2144/2144/2144 2146/2146/2146 
f 2145/2145/2145 2146/2146/2146 2147/2147/2147 
f 2147/2147/2147 2146/2146/2146 2148/2148/2148 
f 2147/2147/2147 2148/2148/2148 2149/2149/2149 
f 2138/2138/2138 2150/2150/2150 2143/2143/2143 
f 2151/2151/2151 2143/2143/2143 2150/2150/2150 
f 2150/2150/2150 2152/2152/2152 2151/2151/2151 
f 2150/2150/2150 2138/2138/2138 2153/2153/2153 
f 2153/2153/2153 2138/2138/2138 2141/2141/2141 
f 2141/2141/2141 2142/2142/2142 2153/2153/2153 
f 2153/2153/2153 2154/2154/2154 2150/2150/2150 
f 2152/2152/2152 2150/2150/2150 2154/2154/2154 
f 2155/2155/2155 2152/2152/2152 2154/2154/2154 
f 2155/2155/2155 2156/2156/2156 2152/2152/2152 
f 2154/2154/2154 2157/2157/2157 2155/2155/2155 
f 2154/2154/2154 2153/2153/2153 2157/2157/2157 
f 2158/2158/2158 2153/2153/2153 2142/2142/2142 
f 2153/2153/2153 2158/2158/2158 2157/2157/2157 
f 2159/2159/2159 2158/2158/2158 2142/2142/2142 
f 2158/2158/2158 2159/2159/2159 2160/2160/2160 
f 2160/2160/2160 2157/2157/2157 2158/2158/2158 
f 2157/2157/2157 2160/2160/2160 2161/2161/2161 
f 2162/2162/2162 1856/1856/1856 1857/1857/1857 
f 1857/1857/1857 2163/2163/2163 2162/2162/2162 
f 2164/2164/2164 1849/1849/1849 1856/1856/1856 
f 1856/1856/1856 2162/2162/2162 2164/2164/2164 
f 2165/2165/2165 2164/2164/2164 2162/2162/2162 
f 2162/2162/2162 2166/2166/2166 2165/2165/2165 
f 2162/2162/2162 2167/2167/2167 2166/2166/2166 
f 2167/2167/2167 2162/2162/2162 2163/2163/2163 
f 2168/2168/2168 2166/2166/2166 2167/2167/2167 
f 2163/2163/2163 2169/2169/2169 2167/2167/2167 
f 2170/2170/2170 2169/2169/2169 2163/2163/2163 
f 2169/2169/2169 2171/2171/2171 2167/2167/2167 
f 2167/2167/2167 2171/2171/2171 2168/2168/2168 
f 2172/2172/2172 2168/2168/2168 2171/2171/2171 
f 2168/2168/2168 2172/2172/2172 2173/2173/2173 
f 2164/2164/2164 2174/2174/2174 1849/1849/1849 
f 1854/1854/1854 1849/1849/1849 2174/2174/2174 
f 1854/1854/1854 2175/2175/2175 2176/2176/2176 
f 1854/1854/1854 2174/2174/2174 2175/2175/2175 
f 2175/2175/2175 2174/2174/2174 2177/2177/2177 
f 2174/2174/2174 2178/2178/2178 2177/2177/2177 
f 2174/2174/2174 2164/2164/2164 2179/2179/2179 
f 2164/2164/2164 2180/2180/2180 2179/2179/2179 
f 2181/2181/2181 2182/2182/2182 2180/2180/2180 
f 2182/2182/2182 2183/2183/2183 2180/2180/2180 
f 2183/2183/2183 2179/2179/2179 2180/2180/2180 
f 2179/2179/2179 2183/2183/2183 2184/2184/2184 
f 2184/2184/2184 2183/2183/2183 2185/2185/2185 
f 2184/2184/2184 2186/2186/2186 2179/2179/2179 
f 2186/2186/2186 2174/2174/2174 2179/2179/2179 
f 2187/2187/2187 2186/2186/2186 2184/2184/2184 
f 2174/2174/2174 2186/2186/2186 2188/2188/2188 
f 2186/2186/2186 2189/2189/2189 2188/2188/2188 
f 2190/2190/2190 2174/2174/2174 2188/2188/2188 
f 2191/2191/2191 2192/2192/2192 2193/2193/2193 
f 2193/2193/2193 2194/2194/2194 2191/2191/2191 
f 2194/2194/2194 2193/2193/2193 2195/2195/2195 
f 2195/2195/2195 2196/2196/2196 2194/2194/2194 
f 2196/2196/2196 2195/2195/2195 2197/2197/2197 
f 2195/2195/2195 2198/2198/2198 2197/2197/2197 
f 2198/2198/2198 2199/2199/2199 2197/2197/2197 
f 2200/2200/2200 2195/2195/2195 2193/2193/2193 
f 2193/2193/2193 2192/2192/2192 2200/2200/2200 
f 2201/2201/2201 2198/2198/2198 2195/2195/2195 
f 2198/2198/2198 2201/2201/2201 2199/2199/2199 
f 2195/2195/2195 2200/2200/2200 2201/2201/2201 
f 2200/2200/2200 2192/2192/2192 2202/2202/2202 
f 2201/2201/2201 2200/2200/2200 2203/2203/2203 
f 2200/2200/2200 2202/2202/2202 2203/2203/2203 
f 2204/2204/2204 2199/2199/2199 2201/2201/2201 
f 2204/2204/2204 2201/2201/2201 2203/2203/2203 
f 2205/2205/2205 2206/2206/2206 2199/2199/2199 
f 2199/2199/2199 2204/2204/2204 2205/2205/2205 
f 2204/2204/2204 2207/2207/2207 2205/2205/2205 
f 2207/2207/2207 2204/2204/2204 2208/2208/2208 
f 2204/2204/2204 2209/2209/2209 2208/2208/2208 
f 2209/2209/2209 2204/2204/2204 2203/2203/2203 
f 2210/2210/2210 2208/2208/2208 2209/2209/2209 
f 2210/2210/2210 2209/2209/2209 2211/2211/2211 
f 2212/2212/2212 2209/2209/2209 2203/2203/2203 
f 2213/2213/2213 2211/2211/2211 2209/2209/2209 
f 2209/2209/2209 2212/2212/2212 2214/2214/2214 
f 2214/2214/2214 2213/2213/2213 2209/2209/2209 
f 2213/2213/2213 2215/2215/2215 2211/2211/2211 
f 2214/2214/2214 2216/2216/2216 2213/2213/2213 
f 2212/2212/2212 2216/2216/2216 2214/2214/2214 
f 2217/2217/2217 2213/2213/2213 2216/2216/2216 
f 2215/2215/2215 2213/2213/2213 2217/2217/2217 
f 2216/2216/2216 2212/2212/2212 2218/2218/2218 
f 2216/2216/2216 2218/2218/2218 2217/2217/2217 
f 2212/2212/2212 2203/2203/2203 2219/2219/2219 
f 2220/2220/2220 2211/2211/2211 2215/2215/2215 
f 2221/2221/2221 2218/2218/2218 2212/2212/2212 
f 2221/2221/2221 2212/2212/2212 2219/2219/2219 
f 2202/2202/2202 2219/2219/2219 2203/2203/2203 
f 2221/2221/2221 2222/2222/2222 2218/2218/2218 
f 2219/2219/2219 2223/2223/2223 2221/2221/2221 
f 2222/2222/2222 2221/2221/2221 2223/2223/2223 
f 2223/2223/2223 2219/2219/2219 2224/2224/2224 
f 2219/2219/2219 2202/2202/2202 2224/2224/2224 
f 2223/2223/2223 2225/2225/2225 2222/2222/2222 
f 2224/2224/2224 2225/2225/2225 2223/2223/2223 
f 2226/2226/2226 2218/2218/2218 2222/2222/2222 
f 2218/2218/2218 2226/2226/2226 2217/2217/2217 
f 2202/2202/2202 2227/2227/2227 2224/2224/2224 
f 2225/2225/2225 2224/2224/2224 2227/2227/2227 
f 2228/2228/2228 2222/2222/2222 2225/2225/2225 
f 2228/2228/2228 2226/2226/2226 2222/2222/2222 
f 2217/2217/2217 2226/2226/2226 2229/2229/2229 
f 2215/2215/2215 2217/2217/2217 2229/2229/2229 
f 2226/2226/2226 2228/2228/2228 2230/2230/2230 
f 2229/2229/2229 2226/2226/2226 2230/2230/2230 
f 2225/2225/2225 2231/2231/2231 2228/2228/2228 
f 2215/2215/2215 2229/2229/2229 2232/2232/2232 
f 2233/2233/2233 2215/2215/2215 2232/2232/2232 
f 2230/2230/2230 2234/2234/2234 2229/2229/2229 
f 2234/2234/2234 2232/2232/2232 2229/2229/2229 
f 2215/2215/2215 2233/2233/2233 2220/2220/2220 
f 2235/2235/2235 2233/2233/2233 2232/2232/2232 
f 2234/2234/2234 2235/2235/2235 2232/2232/2232 
f 2233/2233/2233 2235/2235/2235 2220/2220/2220 
f 2230/2230/2230 2236/2236/2236 2234/2234/2234 
f 2236/2236/2236 2235/2235/2235 2234/2234/2234 
f 2230/2230/2230 2228/2228/2228 2237/2237/2237 
f 2230/2230/2230 2237/2237/2237 2236/2236/2236 
f 2228/2228/2228 2231/2231/2231 2237/2237/2237 
f 2236/2236/2236 2237/2237/2237 2238/2238/2238 
f 2236/2236/2236 2239/2239/2239 2235/2235/2235 
f 2238/2238/2238 2239/2239/2239 2236/2236/2236 
f 2238/2238/2238 2237/2237/2237 2240/2240/2240 
f 2231/2231/2231 2240/2240/2240 2237/2237/2237 
f 2238/2238/2238 2241/2241/2241 2239/2239/2239 
f 2241/2241/2241 2238/2238/2238 2240/2240/2240 
f 2242/2242/2242 2235/2235/2235 2239/2239/2239 
f 2235/2235/2235 2242/2242/2242 2220/2220/2220 
f 2243/2243/2243 2239/2239/2239 2241/2241/2241 
f 2239/2239/2239 2243/2243/2243 2242/2242/2242 
f 2241/2241/2241 2240/2240/2240 2244/2244/2244 
f 2245/2245/2245 2243/2243/2243 2241/2241/2241 
f 2245/2245/2245 2241/2241/2241 2244/2244/2244 
f 2242/2242/2242 2246/2246/2246 2220/2220/2220 
f 2243/2243/2243 2247/2247/2247 2242/2242/2242 
f 2246/2246/2246 2242/2242/2242 2247/2247/2247 
f 2245/2245/2245 2247/2247/2247 2243/2243/2243 
f 2248/2248/2248 2220/2220/2220 2246/2246/2246 
f 2248/2248/2248 2246/2246/2246 2247/2247/2247 
f 2220/2220/2220 2248/2248/2248 2249/2249/2249 
f 2250/2250/2250 2249/2249/2249 2248/2248/2248 
f 2251/2251/2251 2252/2252/2252 2250/2250/2250 
f 2253/2253/2253 2251/2251/2251 2250/2250/2250 
f 2250/2250/2250 2248/2248/2248 2253/2253/2253 
f 2247/2247/2247 2253/2253/2253 2248/2248/2248 
f 2253/2253/2253 2247/2247/2247 2254/2254/2254 
f 2254/2254/2254 2255/2255/2255 2253/2253/2253 
f 2254/2254/2254 2247/2247/2247 2256/2256/2256 
f 2255/2255/2255 2254/2254/2254 2256/2256/2256 
f 2245/2245/2245 2256/2256/2256 2247/2247/2247 
f 2257/2257/2257 2255/2255/2255 2256/2256/2256 
f 2258/2258/2258 2257/2257/2257 2256/2256/2256 
f 2258/2258/2258 2256/2256/2256 2259/2259/2259 
f 2256/2256/2256 2260/2260/2260 2259/2259/2259 
f 2261/2261/2261 2260/2260/2260 2256/2256/2256 
f 2256/2256/2256 2262/2262/2262 2261/2261/2261 
f 2256/2256/2256 2245/2245/2245 2262/2262/2262 
f 2263/2263/2263 2262/2262/2262 2245/2245/2245 
f 2245/2245/2245 2244/2244/2244 2263/2263/2263 
f 2263/2263/2263 2264/2264/2264 2262/2262/2262 
f 2192/2192/2192 2264/2264/2264 2202/2202/2202 
f 2202/2202/2202 2264/2264/2264 2227/2227/2227 
f 2264/2264/2264 2263/2263/2263 2265/2265/2265 
f 2264/2264/2264 2265/2265/2265 2227/2227/2227 
f 2244/2244/2244 2266/2266/2266 2263/2263/2263 
f 2244/2244/2244 2240/2240/2240 2266/2266/2266 
f 2231/2231/2231 2266/2266/2266 2240/2240/2240 
f 2266/2266/2266 2267/2267/2267 2263/2263/2263 
f 2265/2265/2265 2263/2263/2263 2267/2267/2267 
f 2231/2231/2231 2267/2267/2267 2266/2266/2266 
f 2265/2265/2265 2267/2267/2267 2227/2227/2227 
f 2267/2267/2267 2231/2231/2231 2268/2268/2268 
f 2267/2267/2267 2268/2268/2268 2227/2227/2227 
f 2268/2268/2268 2231/2231/2231 2225/2225/2225 
f 2227/2227/2227 2268/2268/2268 2225/2225/2225 
f 2078/2078/2078 2080/2080/2080 2269/2269/2269 
f 2269/2269/2269 2076/2076/2076 2078/2078/2078 
f 2080/2080/2080 2079/2079/2079 2270/2270/2270 
f 2269/2269/2269 2080/2080/2080 2270/2270/2270 
f 2074/2074/2074 2271/2271/2271 2079/2079/2079 
f 2074/2074/2074 2064/2064/2064 2271/2271/2271 
f 2271/2271/2271 2064/2064/2064 2063/2063/2063 
f 2271/2271/2271 2272/2272/2272 2079/2079/2079 
f 2272/2272/2272 2270/2270/2270 2079/2079/2079 
f 2271/2271/2271 2063/2063/2063 2273/2273/2273 
f 2272/2272/2272 2271/2271/2271 2273/2273/2273 
f 2063/2063/2063 2057/2057/2057 2273/2273/2273 
f 2273/2273/2273 2057/2057/2057 2274/2274/2274 
f 2272/2272/2272 2273/2273/2273 2274/2274/2274 
f 2057/2057/2057 2053/2053/2053 2274/2274/2274 
f 2274/2274/2274 2053/2053/2053 2052/2052/2052 
f 2272/2272/2272 2274/2274/2274 2275/2275/2275 
f 2052/2052/2052 2275/2275/2275 2274/2274/2274 
f 2276/2276/2276 2272/2272/2272 2275/2275/2275 
f 2270/2270/2270 2272/2272/2272 2276/2276/2276 
f 2052/2052/2052 2277/2277/2277 2275/2275/2275 
f 2277/2277/2277 2276/2276/2276 2275/2275/2275 
f 2278/2278/2278 2270/2270/2270 2276/2276/2276 
f 2277/2277/2277 2278/2278/2278 2276/2276/2276 
f 2270/2270/2270 2278/2278/2278 2279/2279/2279 
f 2277/2277/2277 2052/2052/2052 2280/2280/2280 
f 2049/2049/2049 2280/2280/2280 2052/2052/2052 
f 2049/2049/2049 2281/2281/2281 2280/2280/2280 
f 2280/2280/2280 2282/2282/2282 2277/2277/2277 
f 2278/2278/2278 2277/2277/2277 2282/2282/2282 
f 2282/2282/2282 2280/2280/2280 2281/2281/2281 
f 2278/2278/2278 2282/2282/2282 2279/2279/2279 
f 2281/2281/2281 2279/2279/2279 2282/2282/2282 
f 2270/2270/2270 2279/2279/2279 2269/2269/2269 
f 2283/2283/2283 2279/2279/2279 2281/2281/2281 
f 2284/2284/2284 2269/2269/2269 2279/2279/2279 
f 2284/2284/2284 2279/2279/2279 2283/2283/2283 
f 2076/2076/2076 2269/2269/2269 2284/2284/2284 
f 2283/2283/2283 2285/2285/2285 2284/2284/2284 
f 2286/2286/2286 2076/2076/2076 2284/2284/2284 
f 2076/2076/2076 2286/2286/2286 2070/2070/2070 
f 2287/2287/2287 2284/2284/2284 2285/2285/2285 
f 2286/2286/2286 2284/2284/2284 2287/2287/2287 
f 2286/2286/2286 2288/2288/2288 2070/2070/2070 
f 2288/2288/2288 2286/2286/2286 2287/2287/2287 
f 2289/2289/2289 2070/2070/2070 2288/2288/2288 
f 2070/2070/2070 2289/2289/2289 2071/2071/2071 
f 2289/2289/2289 2290/2290/2290 2071/2071/2071 
f 2291/2291/2291 2071/2071/2071 2290/2290/2290 
f 2289/2289/2289 2288/2288/2288 2292/2292/2292 
f 2293/2293/2293 2290/2290/2290 2289/2289/2289 
f 2293/2293/2293 2289/2289/2289 2292/2292/2292 
f 2294/2294/2294 2292/2292/2292 2288/2288/2288 
f 2287/2287/2287 2294/2294/2294 2288/2288/2288 
f 2295/2295/2295 2293/2293/2293 2292/2292/2292 
f 2292/2292/2292 2294/2294/2294 2295/2295/2295 
f 2296/2296/2296 2290/2290/2290 2293/2293/2293 
f 2296/2296/2296 2291/2291/2291 2290/2290/2290 
f 2297/2297/2297 2293/2293/2293 2295/2295/2295 
f 2297/2297/2297 2296/2296/2296 2293/2293/2293 
f 2298/2298/2298 2291/2291/2291 2296/2296/2296 
f 2296/2296/2296 2297/2297/2297 2298/2298/2298 
f 2298/2298/2298 2299/2299/2299 2291/2291/2291 
f 2300/2300/2300 2291/2291/2291 2299/2299/2299 
f 2299/2299/2299 2301/2301/2301 2300/2300/2300 
f 2298/2298/2298 2302/2302/2302 2299/2299/2299 
f 2301/2301/2301 2299/2299/2299 2302/2302/2302 
f 2298/2298/2298 2297/2297/2297 2303/2303/2303 
f 2302/2302/2302 2298/2298/2298 2303/2303/2303 
f 2302/2302/2302 2304/2304/2304 2301/2301/2301 
f 2302/2302/2302 2303/2303/2303 2304/2304/2304 
f 2305/2305/2305 2306/2306/2306 2307/2307/2307 
f 2308/2308/2308 2309/2309/2309 2310/2310/2310 
f 2311/2311/2311 2310/2310/2310 2309/2309/2309 
f 2312/2312/2312 2310/2310/2310 2311/2311/2311 
f 2311/2311/2311 2313/2313/2313 2312/2312/2312 
f 2313/2313/2313 2314/2314/2314 2312/2312/2312 
f 2315/2315/2315 2314/2314/2314 2313/2313/2313 
f 2313/2313/2313 2316/2316/2316 2315/2315/2315 
f 2317/2317/2317 2318/2318/2318 2319/2319/2319 
f 2320/2320/2320 2317/2317/2317 2319/2319/2319 
f 2320/2320/2320 2321/2321/2321 2317/2317/2317 
f 2322/2322/2322 2320/2320/2320 2319/2319/2319 
f 2317/2317/2317 2321/2321/2321 1933/1933/1933 
f 2323/2323/2323 1933/1933/1933 2321/2321/2321 
f 1933/1933/1933 2323/2323/2323 2324/2324/2324 
f 2318/2318/2318 2325/2325/2325 2319/2319/2319 
f 2322/2322/2322 2319/2319/2319 2325/2325/2325 
f 2326/2326/2326 2322/2322/2322 2325/2325/2325 
f 2327/2327/2327 2325/2325/2325 2318/2318/2318 
f 2325/2325/2325 2328/2328/2328 2326/2326/2326 
f 2328/2328/2328 2325/2325/2325 2327/2327/2327 
f 2329/2329/2329 2328/2328/2328 2327/2327/2327 
f 2330/2330/2330 1933/1933/1933 2324/2324/2324 
f 1934/1934/1934 1933/1933/1933 2330/2330/2330 
f 1934/1934/1934 2330/2330/2330 2331/2331/2331 
f 2332/2332/2332 2331/2331/2331 2330/2330/2330 
f 2330/2330/2330 2324/2324/2324 2333/2333/2333 
f 2324/2324/2324 2334/2334/2334 2333/2333/2333 
f 542/542/542 565/565/565 2335/2335/2335 
f 565/565/565 2336/2336/2336 2335/2335/2335 
f 522/522/522 2336/2336/2336 565/565/565 
f 2335/2335/2335 2337/2337/2337 542/542/542 
f 540/540/540 542/542/542 2337/2337/2337 
f 2337/2337/2337 1824/1824/1824 540/540/540 
f 1824/1824/1824 2337/2337/2337 1821/1821/1821 
f 2338/2338/2338 2337/2337/2337 2335/2335/2335 
f 2336/2336/2336 2338/2338/2338 2335/2335/2335 
f 2337/2337/2337 2338/2338/2338 1821/1821/1821 
f 522/522/522 525/525/525 2336/2336/2336 
f 2338/2338/2338 2336/2336/2336 2339/2339/2339 
f 2336/2336/2336 525/525/525 2339/2339/2339 
f 2338/2338/2338 2340/2340/2340 1821/1821/1821 
f 1821/1821/1821 2340/2340/2340 2341/2341/2341 
f 2342/2342/2342 2338/2338/2338 2339/2339/2339 
f 2340/2340/2340 2338/2338/2338 2342/2342/2342 
f 1819/1819/1819 1821/1821/1821 2341/2341/2341 
f 2342/2342/2342 2343/2343/2343 2340/2340/2340 
f 2340/2340/2340 2343/2343/2343 2341/2341/2341 
f 1819/1819/1819 2341/2341/2341 2344/2344/2344 
f 2345/2345/2345 1819/1819/1819 2344/2344/2344 
f 2345/2345/2345 2344/2344/2344 2341/2341/2341 
f 1819/1819/1819 2345/2345/2345 1820/1820/1820 
f 1820/1820/1820 2345/2345/2345 2346/2346/2346 
f 2347/2347/2347 1820/1820/1820 2346/2346/2346 
f 2348/2348/2348 2347/2347/2347 2346/2346/2346 
f 2341/2341/2341 2349/2349/2349 2345/2345/2345 
f 2343/2343/2343 2349/2349/2349 2341/2341/2341 
f 2343/2343/2343 2342/2342/2342 1024/1024/1024 
f 2339/2339/2339 1024/1024/1024 2342/2342/2342 
f 2349/2349/2349 2343/2343/2343 2350/2350/2350 
f 2350/2350/2350 2343/2343/2343 1024/1024/1024 
f 2350/2350/2350 2351/2351/2351 2349/2349/2349 
f 2351/2351/2351 2350/2350/2350 1028/1028/1028 
f 1024/1024/1024 1028/1028/1028 2350/2350/2350 
f 2351/2351/2351 2352/2352/2352 2349/2349/2349 
f 1024/1024/1024 2339/2339/2339 526/526/526 
f 2353/2353/2353 2349/2349/2349 2352/2352/2352 
f 525/525/525 526/526/526 2339/2339/2339 
f 2352/2352/2352 2351/2351/2351 2354/2354/2354 
f 2354/2354/2354 2351/2351/2351 1028/1028/1028 
f 1028/1028/1028 2355/2355/2355 2354/2354/2354 
f 2352/2352/2352 2354/2354/2354 2356/2356/2356 
f 2352/2352/2352 2357/2357/2357 2353/2353/2353 
f 2357/2357/2357 2352/2352/2352 2356/2356/2356 
f 2354/2354/2354 2358/2358/2358 2356/2356/2356 
f 2358/2358/2358 2354/2354/2354 2355/2355/2355 
f 2356/2356/2356 2359/2359/2359 2357/2357/2357 
f 2359/2359/2359 2356/2356/2356 2358/2358/2358 
f 2357/2357/2357 2360/2360/2360 2353/2353/2353 
f 2361/2361/2361 2353/2353/2353 2360/2360/2360 
f 2360/2360/2360 2362/2362/2362 2361/2361/2361 
f 2363/2363/2363 2360/2360/2360 2357/2357/2357 
f 2363/2363/2363 2357/2357/2357 2359/2359/2359 
f 2362/2362/2362 2360/2360/2360 2364/2364/2364 
f 2363/2363/2363 2364/2364/2364 2360/2360/2360 
f 2364/2364/2364 2365/2365/2365 2362/2362/2362 
f 2363/2363/2363 1044/1044/1044 2364/2364/2364 
f 2365/2365/2365 2364/2364/2364 1044/1044/1044 
f 2366/2366/2366 2362/2362/2362 2365/2365/2365 
f 2359/2359/2359 1039/1039/1039 2363/2363/2363 
f 1044/1044/1044 2363/2363/2363 1039/1039/1039 
f 2359/2359/2359 1036/1036/1036 1039/1039/1039 
f 2358/2358/2358 1036/1036/1036 2359/2359/2359 
f 2365/2365/2365 2367/2367/2367 2366/2366/2366 
f 2368/2368/2368 2366/2366/2366 2367/2367/2367 
f 2367/2367/2367 2365/2365/2365 2369/2369/2369 
f 2370/2370/2370 2368/2368/2368 2367/2367/2367 
f 2370/2370/2370 2367/2367/2367 2369/2369/2369 
f 2368/2368/2368 2370/2370/2370 2371/2371/2371 
f 2371/2371/2371 2370/2370/2370 2372/2372/2372 
f 1029/1029/1029 1036/1036/1036 2358/2358/2358 
f 1029/1029/1029 2358/2358/2358 2355/2355/2355 
f 2355/2355/2355 1028/1028/1028 1029/1029/1029 
f 2373/2373/2373 2372/2372/2372 2370/2370/2370 
f 2370/2370/2370 2369/2369/2369 2373/2373/2373 
f 2369/2369/2369 2365/2365/2365 2374/2374/2374 
f 1044/1044/1044 2374/2374/2374 2365/2365/2365 
f 2369/2369/2369 2374/2374/2374 2375/2375/2375 
f 2374/2374/2374 1044/1044/1044 1045/1045/1045 
f 2375/2375/2375 2374/2374/2374 1045/1045/1045 
f 2376/2376/2376 2369/2369/2369 2375/2375/2375 
f 2369/2369/2369 2376/2376/2376 2373/2373/2373 
f 2377/2377/2377 2376/2376/2376 2375/2375/2375 
f 1045/1045/1045 2377/2377/2377 2375/2375/2375 
f 2378/2378/2378 2376/2376/2376 2377/2377/2377 
f 2377/2377/2377 2379/2379/2379 2378/2378/2378 
f 1047/1047/1047 2377/2377/2377 1045/1045/1045 
f 2378/2378/2378 2380/2380/2380 2376/2376/2376 
f 2380/2380/2380 2373/2373/2373 2376/2376/2376 
f 2378/2378/2378 2381/2381/2381 2380/2380/2380 
f 2382/2382/2382 2380/2380/2380 2381/2381/2381 
f 2373/2373/2373 2380/2380/2380 2383/2383/2383 
f 2382/2382/2382 2383/2383/2383 2380/2380/2380 
f 2384/2384/2384 2373/2373/2373 2383/2383/2383 
f 2385/2385/2385 2383/2383/2383 2382/2382/2382 
f 2384/2384/2384 2383/2383/2383 2385/2385/2385 
f 2373/2373/2373 2384/2384/2384 2372/2372/2372 
f 2382/2382/2382 2386/2386/2386 2385/2385/2385 
f 2386/2386/2386 2384/2384/2384 2385/2385/2385 
f 2382/2382/2382 2387/2387/2387 2386/2386/2386 
f 2388/2388/2388 2372/2372/2372 2384/2384/2384 
f 2384/2384/2384 2386/2386/2386 2388/2388/2388 
f 2388/2388/2388 2386/2386/2386 2387/2387/2387 
f 2372/2372/2372 2388/2388/2388 2389/2389/2389 
f 2390/2390/2390 2389/2389/2389 2388/2388/2388 
f 2388/2388/2388 2391/2391/2391 2390/2390/2390 
f 2392/2392/2392 2391/2391/2391 2388/2388/2388 
f 2393/2393/2393 2388/2388/2388 2387/2387/2387 
f 2393/2393/2393 2392/2392/2392 2388/2388/2388 
f 2393/2393/2393 2387/2387/2387 2394/2394/2394 
f 2392/2392/2392 2393/2393/2393 2395/2395/2395 
f 2395/2395/2395 2393/2393/2393 2394/2394/2394 
f 2395/2395/2395 2394/2394/2394 2396/2396/2396 
f 2304/2304/2304 2397/2397/2397 2301/2301/2301 
f 2297/2297/2297 2398/2398/2398 2303/2303/2303 
f 2303/2303/2303 2399/2399/2399 2304/2304/2304 
f 2398/2398/2398 2399/2399/2399 2303/2303/2303 
f 2297/2297/2297 2400/2400/2400 2398/2398/2398 
f 2400/2400/2400 2399/2399/2399 2398/2398/2398 
f 2295/2295/2295 2400/2400/2400 2297/2297/2297 
f 2399/2399/2399 2401/2401/2401 2304/2304/2304 
f 2295/2295/2295 2402/2402/2402 2400/2400/2400 
f 2294/2294/2294 2402/2402/2402 2295/2295/2295 
f 2399/2399/2399 2400/2400/2400 2403/2403/2403 
f 2399/2399/2399 2403/2403/2403 2401/2401/2401 
f 2404/2404/2404 2400/2400/2400 2402/2402/2402 
f 2403/2403/2403 2400/2400/2400 2404/2404/2404 
f 2402/2402/2402 2294/2294/2294 2405/2405/2405 
f 2405/2405/2405 2294/2294/2294 2287/2287/2287 
f 2406/2406/2406 2404/2404/2404 2402/2402/2402 
f 2405/2405/2405 2406/2406/2406 2402/2402/2402 
f 2403/2403/2403 2404/2404/2404 2407/2407/2407 
f 2407/2407/2407 2404/2404/2404 2406/2406/2406 
f 2408/2408/2408 2406/2406/2406 2405/2405/2405 
f 2287/2287/2287 2408/2408/2408 2405/2405/2405 
f 2409/2409/2409 2407/2407/2407 2406/2406/2406 
f 2406/2406/2406 2408/2408/2408 2409/2409/2409 
f 2410/2410/2410 2403/2403/2403 2407/2407/2407 
f 2401/2401/2401 2403/2403/2403 2410/2410/2410 
f 2411/2411/2411 2407/2407/2407 2409/2409/2409 
f 2410/2410/2410 2407/2407/2407 2411/2411/2411 
f 2408/2408/2408 2412/2412/2412 2409/2409/2409 
f 2287/2287/2287 2412/2412/2412 2408/2408/2408 
f 2412/2412/2412 2411/2411/2411 2409/2409/2409 
f 2413/2413/2413 2401/2401/2401 2410/2410/2410 
f 2401/2401/2401 2413/2413/2413 2304/2304/2304 
f 2413/2413/2413 2397/2397/2397 2304/2304/2304 
f 2413/2413/2413 2410/2410/2410 2414/2414/2414 
f 2410/2410/2410 2411/2411/2411 2414/2414/2414 
f 2413/2413/2413 2415/2415/2415 2397/2397/2397 
f 2415/2415/2415 2413/2413/2413 2414/2414/2414 
f 2415/2415/2415 2416/2416/2416 2397/2397/2397 
f 2417/2417/2417 2414/2414/2414 2411/2411/2411 
f 2417/2417/2417 2415/2415/2415 2414/2414/2414 
f 2412/2412/2412 2417/2417/2417 2411/2411/2411 
f 2418/2418/2418 2416/2416/2416 2415/2415/2415 
f 2418/2418/2418 2415/2415/2415 2417/2417/2417 
f 2416/2416/2416 2418/2418/2418 2419/2419/2419 
f 2418/2418/2418 2420/2420/2420 2419/2419/2419 
f 2418/2418/2418 2421/2421/2421 2420/2420/2420 
f 2421/2421/2421 2418/2418/2418 2422/2422/2422 
f 2421/2421/2421 2422/2422/2422 2423/2423/2423 
f 2424/2424/2424 2422/2422/2422 2418/2418/2418 
f 2418/2418/2418 2417/2417/2417 2424/2424/2424 
f 2425/2425/2425 2424/2424/2424 2417/2417/2417 
f 2417/2417/2417 2412/2412/2412 2425/2425/2425 
f 2426/2426/2426 2425/2425/2425 2412/2412/2412 
f 2412/2412/2412 2427/2427/2427 2426/2426/2426 
f 2427/2427/2427 2412/2412/2412 2287/2287/2287 
f 2287/2287/2287 2285/2285/2285 2427/2427/2427 
f 2427/2427/2427 2285/2285/2285 2428/2428/2428 
f 2428/2428/2428 2429/2429/2429 2427/2427/2427 
f 2426/2426/2426 2427/2427/2427 2429/2429/2429 
f 2429/2429/2429 2430/2430/2430 2426/2426/2426 
f 2430/2430/2430 2429/2429/2429 2431/2431/2431 
f 2432/2432/2432 2433/2433/2433 2434/2434/2434 
f 2433/2433/2433 2435/2435/2435 2434/2434/2434 
f 2433/2433/2433 2436/2436/2436 2435/2435/2435 
f 2436/2436/2436 2437/2437/2437 2435/2435/2435 
f 2436/2436/2436 2433/2433/2433 2438/2438/2438 
f 2436/2436/2436 2439/2439/2439 2437/2437/2437 
f 2440/2440/2440 2437/2437/2437 2439/2439/2439 
f 2439/2439/2439 2441/2441/2441 2440/2440/2440 
f 2442/2442/2442 2440/2440/2440 2441/2441/2441 
f 2441/2441/2441 2439/2439/2439 2443/2443/2443 
f 2439/2439/2439 2436/2436/2436 2444/2444/2444 
f 2438/2438/2438 2444/2444/2444 2436/2436/2436 
f 2444/2444/2444 2443/2443/2443 2439/2439/2439 
f 2438/2438/2438 2445/2445/2445 2446/2446/2446 
f 2438/2438/2438 2446/2446/2446 2447/2447/2447 
f 2444/2444/2444 2438/2438/2438 2447/2447/2447 
f 2447/2447/2447 2448/2448/2448 2444/2444/2444 
f 2443/2443/2443 2444/2444/2444 2448/2448/2448 
f 2443/2443/2443 2449/2449/2449 2441/2441/2441 
f 2443/2443/2443 2448/2448/2448 2450/2450/2450 
f 2451/2451/2451 2449/2449/2449 2443/2443/2443 
f 2451/2451/2451 2443/2443/2443 2450/2450/2450 
f 2451/2451/2451 2452/2452/2452 2449/2449/2449 
f 2451/2451/2451 2450/2450/2450 2453/2453/2453 
f 2453/2453/2453 2450/2450/2450 2454/2454/2454 
f 2455/2455/2455 2452/2452/2452 2451/2451/2451 
f 2453/2453/2453 2455/2455/2455 2451/2451/2451 
f 2455/2455/2455 2456/2456/2456 2452/2452/2452 
f 2453/2453/2453 2454/2454/2454 2457/2457/2457 
f 2455/2455/2455 2458/2458/2458 2456/2456/2456 
f 2458/2458/2458 2459/2459/2459 2456/2456/2456 
f 2460/2460/2460 2459/2459/2459 2458/2458/2458 
f 2461/2461/2461 2458/2458/2458 2455/2455/2455 
f 2458/2458/2458 2461/2461/2461 2460/2460/2460 
f 2453/2453/2453 2461/2461/2461 2455/2455/2455 
f 2462/2462/2462 2460/2460/2460 2461/2461/2461 
f 2463/2463/2463 2453/2453/2453 2457/2457/2457 
f 2463/2463/2463 2457/2457/2457 2464/2464/2464 
f 2461/2461/2461 2453/2453/2453 2465/2465/2465 
f 2461/2461/2461 2465/2465/2465 2462/2462/2462 
f 2465/2465/2465 2453/2453/2453 2463/2463/2463 
f 2462/2462/2462 2465/2465/2465 2466/2466/2466 
f 2467/2467/2467 2465/2465/2465 2463/2463/2463 
f 2465/2465/2465 2467/2467/2467 2466/2466/2466 
f 2468/2468/2468 2466/2466/2466 2467/2467/2467 
f 2463/2463/2463 2469/2469/2469 2467/2467/2467 
f 2470/2470/2470 2468/2468/2468 2467/2467/2467 
f 2467/2467/2467 2471/2471/2471 2470/2470/2470 
f 2467/2467/2467 2469/2469/2469 2471/2471/2471 
f 2471/2471/2471 2472/2472/2472 2470/2470/2470 
f 2471/2471/2471 2473/2473/2473 2472/2472/2472 
f 2469/2469/2469 2474/2474/2474 2471/2471/2471 
f 2473/2473/2473 2471/2471/2471 2474/2474/2474 
f 2474/2474/2474 2469/2469/2469 2475/2475/2475 
f 2476/2476/2476 2474/2474/2474 2475/2475/2475 
f 2476/2476/2476 2473/2473/2473 2474/2474/2474 
f 2477/2477/2477 2473/2473/2473 2476/2476/2476 
f 2473/2473/2473 2477/2477/2477 2478/2478/2478 
f 2477/2477/2477 2476/2476/2476 2479/2479/2479 
f 2480/2480/2480 2477/2477/2477 2479/2479/2479 
f 2480/2480/2480 2479/2479/2479 2481/2481/2481 
f 2482/2482/2482 2483/2483/2483 2484/2484/2484 
f 2485/2485/2485 2484/2484/2484 2483/2483/2483 
f 2485/2485/2485 2483/2483/2483 2486/2486/2486 
f 1747/1747/1747 2483/2483/2483 2482/2482/2482 
f 2483/2483/2483 2487/2487/2487 2486/2486/2486 
f 2488/2488/2488 2486/2486/2486 2487/2487/2487 
f 2483/2483/2483 1747/1747/1747 2489/2489/2489 
f 2487/2487/2487 2483/2483/2483 2489/2489/2489 
f 2490/2490/2490 2488/2488/2488 2487/2487/2487 
f 2491/2491/2491 2488/2488/2488 2490/2490/2490 
f 2490/2490/2490 2487/2487/2487 2491/2491/2491 
f 2487/2487/2487 2492/2492/2492 2491/2491/2491 
f 1747/1747/1747 1743/1743/1743 2489/2489/2489 
f 2487/2487/2487 2493/2493/2493 2492/2492/2492 
f 2492/2492/2492 2493/2493/2493 2494/2494/2494 
f 2487/2487/2487 2489/2489/2489 1741/1741/1741 
f 2489/2489/2489 1743/1743/1743 1741/1741/1741 
f 1251/1251/1251 2494/2494/2494 2493/2493/2493 
f 1251/1251/1251 1246/1246/1246 2494/2494/2494 
f 2493/2493/2493 2487/2487/2487 2495/2495/2495 
f 2495/2495/2495 1251/1251/1251 2493/2493/2493 
f 2495/2495/2495 2487/2487/2487 2496/2496/2496 
f 1741/1741/1741 2496/2496/2496 2487/2487/2487 
f 1251/1251/1251 2495/2495/2495 2497/2497/2497 
f 2498/2498/2498 2495/2495/2495 2496/2496/2496 
f 2498/2498/2498 2497/2497/2497 2495/2495/2495 
f 2499/2499/2499 2498/2498/2498 2496/2496/2496 
f 2496/2496/2496 1741/1741/1741 2499/2499/2499 
f 2497/2497/2497 2498/2498/2498 2500/2500/2500 
f 1251/1251/1251 2497/2497/2497 1252/1252/1252 
f 2498/2498/2498 2499/2499/2499 2501/2501/2501 
f 2500/2500/2500 2498/2498/2498 2501/2501/2501 
f 2499/2499/2499 1741/1741/1741 1737/1737/1737 
f 2502/2502/2502 2497/2497/2497 2500/2500/2500 
f 1252/1252/1252 2497/2497/2497 2502/2502/2502 
f 2502/2502/2502 2500/2500/2500 2503/2503/2503 
f 2504/2504/2504 2502/2502/2502 2503/2503/2503 
f 2502/2502/2502 2504/2504/2504 1252/1252/1252 
f 2503/2503/2503 2500/2500/2500 2505/2505/2505 
f 2505/2505/2505 2500/2500/2500 2501/2501/2501 
f 2503/2503/2503 2505/2505/2505 2504/2504/2504 
f 2505/2505/2505 2501/2501/2501 2506/2506/2506 
f 2507/2507/2507 2504/2504/2504 2505/2505/2505 
f 2505/2505/2505 2506/2506/2506 2507/2507/2507 
f 2504/2504/2504 2507/2507/2507 2508/2508/2508 
f 2506/2506/2506 2501/2501/2501 2509/2509/2509 
f 2501/2501/2501 2499/2499/2499 2509/2509/2509 
f 2506/2506/2506 2509/2509/2509 2510/2510/2510 
f 2511/2511/2511 2504/2504/2504 2508/2508/2508 
f 2511/2511/2511 1252/1252/1252 2504/2504/2504 
f 2511/2511/2511 2508/2508/2508 2512/2512/2512 
f 1253/1253/1253 2511/2511/2511 2512/2512/2512 
f 1252/1252/1252 2511/2511/2511 1253/1253/1253 
f 2512/2512/2512 1257/1257/1257 1253/1253/1253 
f 2510/2510/2510 2509/2509/2509 2513/2513/2513 
f 2510/2510/2510 2513/2513/2513 2514/2514/2514 
f 2515/2515/2515 2509/2509/2509 2499/2499/2499 
f 2509/2509/2509 2515/2515/2515 2513/2513/2513 
f 1737/1737/1737 2515/2515/2515 2499/2499/2499 
f 2514/2514/2514 2513/2513/2513 2516/2516/2516 
f 2517/2517/2517 2516/2516/2516 2513/2513/2513 
f 2518/2518/2518 2516/2516/2516 2517/2517/2517 
f 2519/2519/2519 2513/2513/2513 2515/2515/2515 
f 2515/2515/2515 1737/1737/1737 2519/2519/2519 
f 2520/2520/2520 2513/2513/2513 2519/2519/2519 
f 2517/2517/2517 2513/2513/2513 2520/2520/2520 
f 1737/1737/1737 1735/1735/1735 2519/2519/2519 
f 1735/1735/1735 2520/2520/2520 2519/2519/2519 
f 2520/2520/2520 2521/2521/2521 2517/2517/2517 
f 2520/2520/2520 1735/1735/1735 2521/2521/2521 
f 2517/2517/2517 2522/2522/2522 2518/2518/2518 
f 2523/2523/2523 2518/2518/2518 2522/2522/2522 
f 2524/2524/2524 2518/2518/2518 2523/2523/2523 
f 2517/2517/2517 2525/2525/2525 2522/2522/2522 
f 2517/2517/2517 2521/2521/2521 2525/2525/2525 
f 2522/2522/2522 2526/2526/2526 2523/2523/2523 
f 2522/2522/2522 2525/2525/2525 2526/2526/2526 
f 2523/2523/2523 2526/2526/2526 2527/2527/2527 
f 2528/2528/2528 2523/2523/2523 2527/2527/2527 
f 2527/2527/2527 1728/1728/1728 2528/2528/2528 
f 2527/2527/2527 2526/2526/2526 1728/1728/1728 
f 1732/1732/1732 2528/2528/2528 1728/1728/1728 
f 2526/2526/2526 2525/2525/2525 1729/1729/1729 
f 1729/1729/1729 2525/2525/2525 2521/2521/2521 
f 2526/2526/2526 1729/1729/1729 1728/1728/1728 
f 2521/2521/2521 1730/1730/1730 1729/1729/1729 
f 1735/1735/1735 1730/1730/1730 2521/2521/2521 
f 2529/2529/2529 2530/2530/2530 2531/2531/2531 
f 2530/2530/2530 2532/2532/2532 2531/2531/2531 
f 2533/2533/2533 2534/2534/2534 2535/2535/2535 
f 2536/2536/2536 2537/2537/2537 2538/2538/2538 
f 2539/2539/2539 2540/2540/2540 2541/2541/2541 
f 2539/2539/2539 2541/2541/2541 2542/2542/2542 
f 2540/2540/2540 2543/2543/2543 2541/2541/2541 
f 2543/2543/2543 2544/2544/2544 2541/2541/2541 
f 2542/2542/2542 2541/2541/2541 2545/2545/2545 
f 2544/2544/2544 2545/2545/2545 2541/2541/2541 
f 2546/2546/2546 2542/2542/2542 2545/2545/2545 
f 2545/2545/2545 2547/2547/2547 2546/2546/2546 
f 2548/2548/2548 2545/2545/2545 2544/2544/2544 
f 2545/2545/2545 2548/2548/2548 2547/2547/2547 
f 2548/2548/2548 2549/2549/2549 2547/2547/2547 
f 2550/2550/2550 2544/2544/2544 2543/2543/2543 
f 2543/2543/2543 2551/2551/2551 2550/2550/2550 
f 2543/2543/2543 2552/2552/2552 2551/2551/2551 
f 2553/2553/2553 2550/2550/2550 2551/2551/2551 
f 2553/2553/2553 2551/2551/2551 2554/2554/2554 
f 2555/2555/2555 2554/2554/2554 2551/2551/2551 
f 2556/2556/2556 2557/2557/2557 2558/2558/2558 
f 2559/2559/2559 2558/2558/2558 2557/2557/2557 
f 2556/2556/2556 2558/2558/2558 2560/2560/2560 
f 2560/2560/2560 2561/2561/2561 2556/2556/2556 
f 2561/2561/2561 2562/2562/2562 2556/2556/2556 
f 2563/2563/2563 2560/2560/2560 2558/2558/2558 
f 2564/2564/2564 2556/2556/2556 2562/2562/2562 
f 2563/2563/2563 2565/2565/2565 2566/2566/2566 
f 2563/2563/2563 2567/2567/2567 2565/2565/2565 
f 2558/2558/2558 2567/2567/2567 2563/2563/2563 
f 2558/2558/2558 2559/2559/2559 2567/2567/2567 
f 2567/2567/2567 2559/2559/2559 2568/2568/2568 
f 2569/2569/2569 2567/2567/2567 2568/2568/2568 
f 2567/2567/2567 2569/2569/2569 2570/2570/2570 
f 2564/2564/2564 2562/2562/2562 2571/2571/2571 
f 2562/2562/2562 2572/2572/2572 2571/2571/2571 
f 2572/2572/2572 2573/2573/2573 2574/2574/2574 
f 2575/2575/2575 2572/2572/2572 2574/2574/2574 
f 2576/2576/2576 2572/2572/2572 2575/2575/2575 
f 2572/2572/2572 2576/2576/2576 2571/2571/2571 
f 2577/2577/2577 2576/2576/2576 2578/2578/2578 
f 2579/2579/2579 2576/2576/2576 2577/2577/2577 
f 2576/2576/2576 2579/2579/2579 2580/2580/2580 
f 2580/2580/2580 2571/2571/2571 2576/2576/2576 
f 2571/2571/2571 2580/2580/2580 2564/2564/2564 
f 2580/2580/2580 2581/2581/2581 2564/2564/2564 
f 2581/2581/2581 2580/2580/2580 2582/2582/2582 
f 2581/2581/2581 2582/2582/2582 2583/2583/2583 
f 2581/2581/2581 2583/2583/2583 2584/2584/2584 
f 2581/2581/2581 2585/2585/2585 2564/2564/2564 
f 2585/2585/2585 2581/2581/2581 2584/2584/2584 
f 2584/2584/2584 2586/2586/2586 2585/2585/2585 
f 2587/2587/2587 2564/2564/2564 2585/2585/2585 
f 2585/2585/2585 2586/2586/2586 2588/2588/2588 
f 2587/2587/2587 2585/2585/2585 2588/2588/2588 
f 2587/2587/2587 2588/2588/2588 2589/2589/2589 
f 2590/2590/2590 2587/2587/2587 2589/2589/2589 
f 2591/2591/2591 2592/2592/2592 2593/2593/2593 
f 2594/2594/2594 2593/2593/2593 2592/2592/2592 
f 2592/2592/2592 2595/2595/2595 2594/2594/2594 
f 2592/2592/2592 2596/2596/2596 2595/2595/2595 
f 2596/2596/2596 2592/2592/2592 2597/2597/2597 
f 2593/2593/2593 2598/2598/2598 2591/2591/2591 
f 2599/2599/2599 2591/2591/2591 2598/2598/2598 
f 2591/2591/2591 2599/2599/2599 2600/2600/2600 
f 2599/2599/2599 2598/2598/2598 2601/2601/2601 
f 2602/2602/2602 2599/2599/2599 2603/2603/2603 
f 2599/2599/2599 2604/2604/2604 2603/2603/2603 
f 2604/2604/2604 2599/2599/2599 2601/2601/2601 
f 2604/2604/2604 2601/2601/2601 2605/2605/2605 
f 2605/2605/2605 2601/2601/2601 2606/2606/2606 
f 2605/2605/2605 2606/2606/2606 2607/2607/2607 
f 2605/2605/2605 2607/2607/2607 2608/2608/2608 
f 2604/2604/2604 2605/2605/2605 2609/2609/2609 
f 2610/2610/2610 2604/2604/2604 2609/2609/2609 
f 2611/2611/2611 2605/2605/2605 2608/2608/2608 
f 2611/2611/2611 2609/2609/2609 2605/2605/2605 
f 2611/2611/2611 2608/2608/2608 2612/2612/2612 
f 2609/2609/2609 2611/2611/2611 2613/2613/2613 
f 2614/2614/2614 2611/2611/2611 2612/2612/2612 
f 2614/2614/2614 2613/2613/2613 2611/2611/2611 
f 2614/2614/2614 2612/2612/2612 2615/2615/2615 
f 2613/2613/2613 2614/2614/2614 2616/2616/2616 
f 2615/2615/2615 2617/2617/2617 2614/2614/2614 
f 2614/2614/2614 2618/2618/2618 2616/2616/2616 
f 2619/2619/2619 2614/2614/2614 2617/2617/2617 
f 2620/2620/2620 2618/2618/2618 2614/2614/2614 
f 2621/2621/2621 2620/2620/2620 2614/2614/2614 
f 2622/2622/2622 2620/2620/2620 2621/2621/2621 
f 2614/2614/2614 2619/2619/2619 2623/2623/2623 
f 2623/2623/2623 2621/2621/2621 2614/2614/2614 
f 2621/2621/2621 2623/2623/2623 2624/2624/2624 
f 2625/2625/2625 2623/2623/2623 2619/2619/2619 
f 2624/2624/2624 2623/2623/2623 2626/2626/2626 
f 2623/2623/2623 2627/2627/2627 2626/2626/2626 
f 2627/2627/2627 2628/2628/2628 2626/2626/2626 
f 2629/2629/2629 2623/2623/2623 2625/2625/2625 
f 2627/2627/2627 2623/2623/2623 2629/2629/2629 
f 2629/2629/2629 2625/2625/2625 2630/2630/2630 
f 2629/2629/2629 2631/2631/2631 2627/2627/2627 
f 2630/2630/2630 2631/2631/2631 2629/2629/2629 
f 2632/2632/2632 2631/2631/2631 2630/2630/2630 
f 2633/2633/2633 2634/2634/2634 2635/2635/2635 
f 2636/2636/2636 2635/2635/2635 2634/2634/2634 
f 2635/2635/2635 2637/2637/2637 2633/2633/2633 
f 2638/2638/2638 2633/2633/2633 2637/2637/2637 
f 2635/2635/2635 2636/2636/2636 2639/2639/2639 
f 2640/2640/2640 2639/2639/2639 2636/2636/2636 
f 2640/2640/2640 2636/2636/2636 2641/2641/2641 
f 2642/2642/2642 2640/2640/2640 2641/2641/2641 
f 2640/2640/2640 2642/2642/2642 2643/2643/2643 
f 2640/2640/2640 2643/2643/2643 2644/2644/2644 
f 2645/2645/2645 2635/2635/2635 2639/2639/2639 
f 2646/2646/2646 2639/2639/2639 2640/2640/2640 
f 2639/2639/2639 2646/2646/2646 2645/2645/2645 
f 2640/2640/2640 2647/2647/2647 2646/2646/2646 
f 2647/2647/2647 2640/2640/2640 2648/2648/2648 
f 2646/2646/2646 2647/2647/2647 2649/2649/2649 
f 2649/2649/2649 2650/2650/2650 2646/2646/2646 
f 2650/2650/2650 2645/2645/2645 2646/2646/2646 
f 2635/2635/2635 2645/2645/2645 2651/2651/2651 
f 2635/2635/2635 2651/2651/2651 2652/2652/2652 
f 2637/2637/2637 2635/2635/2635 2652/2652/2652 
f 2637/2637/2637 2652/2652/2652 2653/2653/2653 
f 2637/2637/2637 2653/2653/2653 2654/2654/2654 
f 2655/2655/2655 2637/2637/2637 2654/2654/2654 
f 2656/2656/2656 2651/2651/2651 2645/2645/2645 
f 2638/2638/2638 2637/2637/2637 2655/2655/2655 
f 2654/2654/2654 2657/2657/2657 2655/2655/2655 
f 2658/2658/2658 2655/2655/2655 2657/2657/2657 
f 2657/2657/2657 2659/2659/2659 2658/2658/2658 
f 2655/2655/2655 2658/2658/2658 2660/2660/2660 
f 2661/2661/2661 2660/2660/2660 2658/2658/2658 
f 2655/2655/2655 2662/2662/2662 2638/2638/2638 
f 2661/2661/2661 2662/2662/2662 2660/2660/2660 
f 2660/2660/2660 2662/2662/2662 2655/2655/2655 
f 2662/2662/2662 2663/2663/2663 2638/2638/2638 
f 2664/2664/2664 2663/2663/2663 2662/2662/2662 
f 2656/2656/2656 2645/2645/2645 2665/2665/2665 
f 2645/2645/2645 2650/2650/2650 2665/2665/2665 
f 2666/2666/2666 2667/2667/2667 2650/2650/2650 
f 2667/2667/2667 2668/2668/2668 2650/2650/2650 
f 2668/2668/2668 2665/2665/2665 2650/2650/2650 
f 2665/2665/2665 2668/2668/2668 2669/2669/2669 
f 2668/2668/2668 2670/2670/2670 2669/2669/2669 
f 2669/2669/2669 2670/2670/2670 2671/2671/2671 
f 2672/2672/2672 2665/2665/2665 2669/2669/2669 
f 2673/2673/2673 2669/2669/2669 2671/2671/2671 
f 2673/2673/2673 2672/2672/2672 2669/2669/2669 
f 2671/2671/2671 2674/2674/2674 2673/2673/2673 
f 2673/2673/2673 2674/2674/2674 2675/2675/2675 
f 2675/2675/2675 2676/2676/2676 2673/2673/2673 
f 2672/2672/2672 2673/2673/2673 2676/2676/2676 
f 2677/2677/2677 2676/2676/2676 2675/2675/2675 
f 2675/2675/2675 2678/2678/2678 2677/2677/2677 
f 2679/2679/2679 2672/2672/2672 2676/2676/2676 
f 2677/2677/2677 2680/2680/2680 2676/2676/2676 
f 2679/2679/2679 2676/2676/2676 2680/2680/2680 
f 2680/2680/2680 2677/2677/2677 2681/2681/2681 
f 2682/2682/2682 2683/2683/2683 2681/2681/2681 
f 2681/2681/2681 2684/2684/2684 2680/2680/2680 
f 2684/2684/2684 2681/2681/2681 2683/2683/2683 
f 2685/2685/2685 2683/2683/2683 2686/2686/2686 
f 2684/2684/2684 2683/2683/2683 2685/2685/2685 
f 2684/2684/2684 2685/2685/2685 2687/2687/2687 
f 2687/2687/2687 2685/2685/2685 2688/2688/2688 
f 2687/2687/2687 2688/2688/2688 2689/2689/2689 
f 2690/2690/2690 2687/2687/2687 2691/2691/2691 
f 2687/2687/2687 2690/2690/2690 2684/2684/2684 
f 2690/2690/2690 2692/2692/2692 2684/2684/2684 
f 2693/2693/2693 2692/2692/2692 2690/2690/2690 
f 2694/2694/2694 2692/2692/2692 2693/2693/2693 
f 2695/2695/2695 2692/2692/2692 2694/2694/2694 
f 2692/2692/2692 2695/2695/2695 2696/2696/2696 
f 2696/2696/2696 2684/2684/2684 2692/2692/2692 
f 2684/2684/2684 2696/2696/2696 2697/2697/2697 
f 2684/2684/2684 2697/2697/2697 2698/2698/2698 
f 2680/2680/2680 2684/2684/2684 2698/2698/2698 
f 2698/2698/2698 2679/2679/2679 2680/2680/2680 
f 2697/2697/2697 2699/2699/2699 2698/2698/2698 
f 2700/2700/2700 2699/2699/2699 2697/2697/2697 
f 2701/2701/2701 2700/2700/2700 2697/2697/2697 
f 2702/2702/2702 2700/2700/2700 2701/2701/2701 
f 2700/2700/2700 2702/2702/2702 2703/2703/2703 
f 2700/2700/2700 2703/2703/2703 2699/2699/2699 
f 2703/2703/2703 2702/2702/2702 2704/2704/2704 
f 2705/2705/2705 2703/2703/2703 2704/2704/2704 
f 2703/2703/2703 2706/2706/2706 2699/2699/2699 
f 2703/2703/2703 2705/2705/2705 2706/2706/2706 
f 2699/2699/2699 2706/2706/2706 2698/2698/2698 
f 2707/2707/2707 2706/2706/2706 2705/2705/2705 
f 2706/2706/2706 2707/2707/2707 2708/2708/2708 
f 2708/2708/2708 2698/2698/2698 2706/2706/2706 
f 2707/2707/2707 2709/2709/2709 2708/2708/2708 
f 2708/2708/2708 2710/2710/2710 2698/2698/2698 
f 2679/2679/2679 2698/2698/2698 2710/2710/2710 
f 2709/2709/2709 2711/2711/2711 2708/2708/2708 
f 2710/2710/2710 2708/2708/2708 2711/2711/2711 
f 2712/2712/2712 2713/2713/2713 2714/2714/2714 
f 2715/2715/2715 2713/2713/2713 2712/2712/2712 
f 2716/2716/2716 2715/2715/2715 2712/2712/2712 
f 2715/2715/2715 2716/2716/2716 2717/2717/2717 
f 2716/2716/2716 2718/2718/2718 2717/2717/2717 
f 2718/2718/2718 2719/2719/2719 2717/2717/2717 
f 2718/2718/2718 2716/2716/2716 2720/2720/2720 
f 2720/2720/2720 2716/2716/2716 2712/2712/2712 
f 2720/2720/2720 2712/2712/2712 2721/2721/2721 
f 2721/2721/2721 2712/2712/2712 2714/2714/2714 
f 2722/2722/2722 2720/2720/2720 2721/2721/2721 
f 2721/2721/2721 2714/2714/2714 2723/2723/2723 
f 2722/2722/2722 2721/2721/2721 2723/2723/2723 
f 2723/2723/2723 2714/2714/2714 2724/2724/2724 
f 2725/2725/2725 2722/2722/2722 2723/2723/2723 
f 2723/2723/2723 2726/2726/2726 2725/2725/2725 
f 2727/2727/2727 2728/2728/2728 2729/2729/2729 
f 2729/2729/2729 2728/2728/2728 2730/2730/2730 
f 2728/2728/2728 2731/2731/2731 2730/2730/2730 
f 2731/2731/2731 2728/2728/2728 2732/2732/2732 
f 2731/2731/2731 2732/2732/2732 2733/2733/2733 
f 2734/2734/2734 2731/2731/2731 2733/2733/2733 
f 2731/2731/2731 2734/2734/2734 2730/2730/2730 
f 2735/2735/2735 2730/2730/2730 2734/2734/2734 
f 2735/2735/2735 2734/2734/2734 2736/2736/2736 
f 2736/2736/2736 2737/2737/2737 2735/2735/2735 
f 2738/2738/2738 2735/2735/2735 2737/2737/2737 
f 2739/2739/2739 2738/2738/2738 2737/2737/2737 
f 2737/2737/2737 2740/2740/2740 2739/2739/2739 
f 2741/2741/2741 2742/2742/2742 2743/2743/2743 
f 2744/2744/2744 2742/2742/2742 2741/2741/2741 
f 2741/2741/2741 2743/2743/2743 2745/2745/2745 
f 2746/2746/2746 2745/2745/2745 2743/2743/2743 
f 2746/2746/2746 1660/1660/1660 2745/2745/2745 
f 2745/2745/2745 1660/1660/1660 2747/2747/2747 
f 2745/2745/2745 2747/2747/2747 2741/2741/2741 
f 1660/1660/1660 1665/1665/1665 2747/2747/2747 
f 2747/2747/2747 1665/1665/1665 2748/2748/2748 
f 1666/1666/1666 2748/2748/2748 1665/1665/1665 
f 2748/2748/2748 1666/1666/1666 2749/2749/2749 
f 2748/2748/2748 2749/2749/2749 2750/2750/2750 
f 2748/2748/2748 2751/2751/2751 2747/2747/2747 
f 2747/2747/2747 2751/2751/2751 2741/2741/2741 
f 2751/2751/2751 2748/2748/2748 2750/2750/2750 
f 2751/2751/2751 2752/2752/2752 2741/2741/2741 
f 2744/2744/2744 2741/2741/2741 2752/2752/2752 
f 2753/2753/2753 2751/2751/2751 2750/2750/2750 
f 2751/2751/2751 2753/2753/2753 2752/2752/2752 
f 2754/2754/2754 2753/2753/2753 2750/2750/2750 
f 2755/2755/2755 2753/2753/2753 2754/2754/2754 
f 2756/2756/2756 2752/2752/2752 2753/2753/2753 
f 2753/2753/2753 2755/2755/2755 2756/2756/2756 
f 2752/2752/2752 2756/2756/2756 2744/2744/2744 
f 2755/2755/2755 2757/2757/2757 2756/2756/2756 
f 2758/2758/2758 2744/2744/2744 2756/2756/2756 
f 2758/2758/2758 2756/2756/2756 2757/2757/2757 
f 2758/2758/2758 2757/2757/2757 2759/2759/2759 
f 2757/2757/2757 2760/2760/2760 2759/2759/2759 
f 2761/2761/2761 2762/2762/2762 2763/2763/2763 
f 2764/2764/2764 2765/2765/2765 2766/2766/2766 
f 2765/2765/2765 2767/2767/2767 2766/2766/2766 
f 2767/2767/2767 2768/2768/2768 2766/2766/2766 
f 2766/2766/2766 2768/2768/2768 2769/2769/2769 
f 2766/2766/2766 2769/2769/2769 2770/2770/2770 
f 2766/2766/2766 2770/2770/2770 2764/2764/2764 
f 2764/2764/2764 2770/2770/2770 2771/2771/2771 
f 2711/2711/2711 2709/2709/2709 2772/2772/2772 
f 2772/2772/2772 2709/2709/2709 2773/2773/2773 
f 2710/2710/2710 2711/2711/2711 2774/2774/2774 
f 2774/2774/2774 2711/2711/2711 2772/2772/2772 
f 2679/2679/2679 2710/2710/2710 2774/2774/2774 
f 2772/2772/2772 2773/2773/2773 2656/2656/2656 
f 2775/2775/2775 2679/2679/2679 2774/2774/2774 
f 2672/2672/2672 2679/2679/2679 2775/2775/2775 
f 2772/2772/2772 2776/2776/2776 2774/2774/2774 
f 2776/2776/2776 2772/2772/2772 2656/2656/2656 
f 2775/2775/2775 2774/2774/2774 2776/2776/2776 
f 2777/2777/2777 2776/2776/2776 2656/2656/2656 
f 2777/2777/2777 2775/2775/2775 2776/2776/2776 
f 2777/2777/2777 2672/2672/2672 2775/2775/2775 
f 2665/2665/2665 2777/2777/2777 2656/2656/2656 
f 2672/2672/2672 2777/2777/2777 2665/2665/2665 
f 2778/2778/2778 2779/2779/2779 2780/2780/2780 
f 2780/2780/2780 2781/2781/2781 2778/2778/2778 
f 2781/2781/2781 2780/2780/2780 2782/2782/2782 
f 2782/2782/2782 2780/2780/2780 2783/2783/2783 
f 2783/2783/2783 2784/2784/2784 2782/2782/2782 
f 2782/2782/2782 2785/2785/2785 2781/2781/2781 
f 2786/2786/2786 2782/2782/2782 2784/2784/2784 
f 2785/2785/2785 2782/2782/2782 2786/2786/2786 
f 2787/2787/2787 2786/2786/2786 2784/2784/2784 
f 2785/2785/2785 2786/2786/2786 2788/2788/2788 
f 2789/2789/2789 2785/2785/2785 2788/2788/2788 
f 2789/2789/2789 2790/2790/2790 2785/2785/2785 
f 2791/2791/2791 2790/2790/2790 2789/2789/2789 
f 2788/2788/2788 2792/2792/2792 2789/2789/2789 
f 2791/2791/2791 2789/2789/2789 2793/2793/2793 
f 2793/2793/2793 2789/2789/2789 2792/2792/2792 
f 2792/2792/2792 2791/2791/2791 2793/2793/2793 
f 2791/2791/2791 2792/2792/2792 2794/2794/2794 
f 2794/2794/2794 2792/2792/2792 2795/2795/2795 
f 2796/2796/2796 2797/2797/2797 2798/2798/2798 
f 2798/2798/2798 2799/2799/2799 2796/2796/2796 
f 2800/2800/2800 2796/2796/2796 2799/2799/2799 
f 2801/2801/2801 2798/2798/2798 2797/2797/2797 
f 2801/2801/2801 2797/2797/2797 2802/2802/2802 
f 2799/2799/2799 2798/2798/2798 2803/2803/2803 
f 2798/2798/2798 2801/2801/2801 2803/2803/2803 
f 2799/2799/2799 2804/2804/2804 2800/2800/2800 
f 2803/2803/2803 2804/2804/2804 2799/2799/2799 
f 2805/2805/2805 2800/2800/2800 2804/2804/2804 
f 2806/2806/2806 2801/2801/2801 2802/2802/2802 
f 2807/2807/2807 2803/2803/2803 2801/2801/2801 
f 2801/2801/2801 2806/2806/2806 2807/2807/2807 
f 2806/2806/2806 2808/2808/2808 2807/2807/2807 
f 2806/2806/2806 2809/2809/2809 2808/2808/2808 
f 2803/2803/2803 2807/2807/2807 2810/2810/2810 
f 2807/2807/2807 2811/2811/2811 2810/2810/2810 
f 2810/2810/2810 2811/2811/2811 2803/2803/2803 
f 2812/2812/2812 2813/2813/2813 2814/2814/2814 
f 2815/2815/2815 2813/2813/2813 2812/2812/2812 
f 2812/2812/2812 2814/2814/2814 2816/2816/2816 
f 2812/2812/2812 2817/2817/2817 2815/2815/2815 
f 2815/2815/2815 2817/2817/2817 2818/2818/2818 
f 2819/2819/2819 2812/2812/2812 2816/2816/2816 
f 2812/2812/2812 2819/2819/2819 2817/2817/2817 
f 2818/2818/2818 2817/2817/2817 2820/2820/2820 
f 2820/2820/2820 2817/2817/2817 2819/2819/2819 
f 2820/2820/2820 2821/2821/2821 2818/2818/2818 
f 2821/2821/2821 2820/2820/2820 2822/2822/2822 
f 2819/2819/2819 2822/2822/2822 2820/2820/2820 
f 2823/2823/2823 2821/2821/2821 2822/2822/2822 
f 2821/2821/2821 2823/2823/2823 2824/2824/2824 
f 2825/2825/2825 2824/2824/2824 2823/2823/2823 
f 2822/2822/2822 2826/2826/2826 2823/2823/2823 
f 2826/2826/2826 2822/2822/2822 2819/2819/2819 
f 2825/2825/2825 2823/2823/2823 2827/2827/2827 
f 2823/2823/2823 2826/2826/2826 2827/2827/2827 
f 2828/2828/2828 2825/2825/2825 2827/2827/2827 
f 2828/2828/2828 2829/2829/2829 2825/2825/2825 
f 2830/2830/2830 2828/2828/2828 2827/2827/2827 
f 2830/2830/2830 2827/2827/2827 2826/2826/2826 
f 2831/2831/2831 2826/2826/2826 2819/2819/2819 
f 2826/2826/2826 2831/2831/2831 2832/2832/2832 
f 2819/2819/2819 2833/2833/2833 2831/2831/2831 
f 2833/2833/2833 2819/2819/2819 2834/2834/2834 
f 2816/2816/2816 2834/2834/2834 2819/2819/2819 
f 2833/2833/2833 2834/2834/2834 2835/2835/2835 
f 2816/2816/2816 2836/2836/2836 2834/2834/2834 
f 2834/2834/2834 2836/2836/2836 2835/2835/2835 
f 2837/2837/2837 2838/2838/2838 2839/2839/2839 
f 2839/2839/2839 2838/2838/2838 2840/2840/2840 
f 2838/2838/2838 2837/2837/2837 2841/2841/2841 
f 2838/2838/2838 2842/2842/2842 2840/2840/2840 
f 2842/2842/2842 2838/2838/2838 2841/2841/2841 
f 2843/2843/2843 2840/2840/2840 2842/2842/2842 
f 2841/2841/2841 2844/2844/2844 2842/2842/2842 
f 2843/2843/2843 2842/2842/2842 2845/2845/2845 
f 2844/2844/2844 2846/2846/2846 2842/2842/2842 
f 2845/2845/2845 2842/2842/2842 2846/2846/2846 
f 2803/2803/2803 2811/2811/2811 2847/2847/2847 
f 2848/2848/2848 2803/2803/2803 2847/2847/2847 
f 2803/2803/2803 2848/2848/2848 2804/2804/2804 
f 2847/2847/2847 2849/2849/2849 2848/2848/2848 
f 2848/2848/2848 2849/2849/2849 2804/2804/2804 
f 2849/2849/2849 2850/2850/2850 2804/2804/2804 
f 2806/2806/2806 2851/2851/2851 2809/2809/2809 
f 2852/2852/2852 2809/2809/2809 2851/2851/2851 
f 2852/2852/2852 2853/2853/2853 2809/2809/2809 
f 2851/2851/2851 2806/2806/2806 2854/2854/2854 
f 2802/2802/2802 2854/2854/2854 2806/2806/2806 
f 2855/2855/2855 2851/2851/2851 2854/2854/2854 
f 2856/2856/2856 2854/2854/2854 2802/2802/2802 
f 2854/2854/2854 2857/2857/2857 2855/2855/2855 
f 2857/2857/2857 2854/2854/2854 2856/2856/2856 
f 2858/2858/2858 2804/2804/2804 2850/2850/2850 
f 2858/2858/2858 2850/2850/2850 2859/2859/2859 
f 2850/2850/2850 2860/2860/2860 2859/2859/2859 
f 2804/2804/2804 2858/2858/2858 2861/2861/2861 
f 2804/2804/2804 2861/2861/2861 2805/2805/2805 
f 2858/2858/2858 2862/2862/2862 2861/2861/2861 
f 2863/2863/2863 2862/2862/2862 2858/2858/2858 
f 2859/2859/2859 2863/2863/2863 2858/2858/2858 
f 2864/2864/2864 2805/2805/2805 2861/2861/2861 
f 2805/2805/2805 2864/2864/2864 2865/2865/2865 
f 2865/2865/2865 2864/2864/2864 2866/2866/2866 
f 2864/2864/2864 2861/2861/2861 2867/2867/2867 
f 2861/2861/2861 2868/2868/2868 2867/2867/2867 
f 2859/2859/2859 2869/2869/2869 2863/2863/2863 
f 2863/2863/2863 2869/2869/2869 2870/2870/2870 
f 2869/2869/2869 2859/2859/2859 2871/2871/2871 
f 2872/2872/2872 2871/2871/2871 2859/2859/2859 
f 2872/2872/2872 2859/2859/2859 2860/2860/2860 
f 2872/2872/2872 2860/2860/2860 2873/2873/2873 
f 2872/2872/2872 2873/2873/2873 2874/2874/2874 
f 2869/2869/2869 2875/2875/2875 2870/2870/2870 
f 2875/2875/2875 2876/2876/2876 2870/2870/2870 
f 2876/2876/2876 2875/2875/2875 2877/2877/2877 
f 2878/2878/2878 2877/2877/2877 2875/2875/2875 
f 2869/2869/2869 2878/2878/2878 2875/2875/2875 
f 2877/2877/2877 2878/2878/2878 2879/2879/2879 
f 2879/2879/2879 2878/2878/2878 2880/2880/2880 
f 2869/2869/2869 2881/2881/2881 2878/2878/2878 
f 2881/2881/2881 2869/2869/2869 2871/2871/2871 
f 2872/2872/2872 2881/2881/2881 2871/2871/2871 
f 2882/2882/2882 2880/2880/2880 2878/2878/2878 
f 2882/2882/2882 2883/2883/2883 2880/2880/2880 
f 2883/2883/2883 2882/2882/2882 2884/2884/2884 
f 2885/2885/2885 2882/2882/2882 2878/2878/2878 
f 2881/2881/2881 2885/2885/2885 2878/2878/2878 
f 2884/2884/2884 2882/2882/2882 2886/2886/2886 
f 2886/2886/2886 2887/2887/2887 2884/2884/2884 
f 2886/2886/2886 2882/2882/2882 2885/2885/2885 
f 2888/2888/2888 2886/2886/2886 2889/2889/2889 
f 2889/2889/2889 2886/2886/2886 2890/2890/2890 
f 2890/2890/2890 2886/2886/2886 2885/2885/2885 
f 2890/2890/2890 2891/2891/2891 2889/2889/2889 
f 2891/2891/2891 2890/2890/2890 2892/2892/2892 
f 2885/2885/2885 2892/2892/2892 2890/2890/2890 
f 2893/2893/2893 2892/2892/2892 2894/2894/2894 
f 2892/2892/2892 2895/2895/2895 2894/2894/2894 
f 2896/2896/2896 2894/2894/2894 2895/2895/2895 
f 2895/2895/2895 2892/2892/2892 2885/2885/2885 
f 2897/2897/2897 2895/2895/2895 2885/2885/2885 
f 2897/2897/2897 2898/2898/2898 2895/2895/2895 
f 2899/2899/2899 2898/2898/2898 2897/2897/2897 
f 2899/2899/2899 2897/2897/2897 2900/2900/2900 
f 2900/2900/2900 2897/2897/2897 2885/2885/2885 
f 2900/2900/2900 2885/2885/2885 2901/2901/2901 
f 2900/2900/2900 2901/2901/2901 2902/2902/2902 
f 2903/2903/2903 2902/2902/2902 2901/2901/2901 
f 2885/2885/2885 2904/2904/2904 2901/2901/2901 
f 2885/2885/2885 2881/2881/2881 2904/2904/2904 
f 2905/2905/2905 2906/2906/2906 2904/2904/2904 
f 2905/2905/2905 2904/2904/2904 2907/2907/2907 
f 2908/2908/2908 2907/2907/2907 2904/2904/2904 
f 2908/2908/2908 2909/2909/2909 2907/2907/2907 
f 2910/2910/2910 2904/2904/2904 2881/2881/2881 
f 2910/2910/2910 2908/2908/2908 2904/2904/2904 
f 2881/2881/2881 2911/2911/2911 2910/2910/2910 
f 2872/2872/2872 2911/2911/2911 2881/2881/2881 
f 2911/2911/2911 2872/2872/2872 2874/2874/2874 
f 2911/2911/2911 2874/2874/2874 2912/2912/2912 
f 2911/2911/2911 2913/2913/2913 2910/2910/2910 
f 2908/2908/2908 2910/2910/2910 2913/2913/2913 
f 2913/2913/2913 2911/2911/2911 2912/2912/2912 
f 2908/2908/2908 2913/2913/2913 2914/2914/2914 
f 2908/2908/2908 2914/2914/2914 2915/2915/2915 
f 2916/2916/2916 2915/2915/2915 2914/2914/2914 
f 2913/2913/2913 2916/2916/2916 2914/2914/2914 
f 2913/2913/2913 2917/2917/2917 2916/2916/2916 
f 2917/2917/2917 2913/2913/2913 2912/2912/2912 
f 2917/2917/2917 2918/2918/2918 2916/2916/2916 
f 2918/2918/2918 2917/2917/2917 2919/2919/2919 
f 2920/2920/2920 2919/2919/2919 2917/2917/2917 
f 2912/2912/2912 2920/2920/2920 2917/2917/2917 
f 2912/2912/2912 2921/2921/2921 2920/2920/2920 
f 2922/2922/2922 2920/2920/2920 2921/2921/2921 
f 2921/2921/2921 2923/2923/2923 2922/2922/2922 
f 2921/2921/2921 2924/2924/2924 2923/2923/2923 
f 2925/2925/2925 2922/2922/2922 2923/2923/2923 
f 2925/2925/2925 2923/2923/2923 2924/2924/2924 
f 2924/2924/2924 2926/2926/2926 2925/2925/2925 
f 2926/2926/2926 2927/2927/2927 2925/2925/2925 
f 2926/2926/2926 2928/2928/2928 2927/2927/2927 
f 2928/2928/2928 2929/2929/2929 2927/2927/2927 
f 2929/2929/2929 2925/2925/2925 2927/2927/2927 
f 2929/2929/2929 2930/2930/2930 2925/2925/2925 
f 2931/2931/2931 2932/2932/2932 2933/2933/2933 
f 2931/2931/2931 2934/2934/2934 2932/2932/2932 
f 2933/2933/2933 2932/2932/2932 2935/2935/2935 
f 2936/2936/2936 2933/2933/2933 2935/2935/2935 
f 2936/2936/2936 2935/2935/2935 2937/2937/2937 
f 2938/2938/2938 2937/2937/2937 2935/2935/2935 
f 2939/2939/2939 2935/2935/2935 2932/2932/2932 
f 2935/2935/2935 2939/2939/2939 2938/2938/2938 
f 2932/2932/2932 2934/2934/2934 2939/2939/2939 
f 2940/2940/2940 2938/2938/2938 2939/2939/2939 
f 2934/2934/2934 2941/2941/2941 2939/2939/2939 
f 2941/2941/2941 2934/2934/2934 2942/2942/2942 
f 2939/2939/2939 2943/2943/2943 2940/2940/2940 
f 2943/2943/2943 2939/2939/2939 2941/2941/2941 
f 2944/2944/2944 2940/2940/2940 2943/2943/2943 
f 2942/2942/2942 2945/2945/2945 2941/2941/2941 
f 2941/2941/2941 2945/2945/2945 2943/2943/2943 
f 2946/2946/2946 2944/2944/2944 2943/2943/2943 
f 2943/2943/2943 2945/2945/2945 2946/2946/2946 
f 2944/2944/2944 2946/2946/2946 2947/2947/2947 
f 2948/2948/2948 2944/2944/2944 2947/2947/2947 
f 2949/2949/2949 2948/2948/2948 2947/2947/2947 
f 2946/2946/2946 2945/2945/2945 2950/2950/2950 
f 2946/2946/2946 2950/2950/2950 2947/2947/2947 
f 2951/2951/2951 2950/2950/2950 2945/2945/2945 
f 2952/2952/2952 2950/2950/2950 2951/2951/2951 
f 2947/2947/2947 2950/2950/2950 2953/2953/2953 
f 2953/2953/2953 2950/2950/2950 2952/2952/2952 
f 2947/2947/2947 2953/2953/2953 2949/2949/2949 
f 2952/2952/2952 2954/2954/2954 2953/2953/2953 
f 2955/2955/2955 2949/2949/2949 2953/2953/2953 
f 2953/2953/2953 2954/2954/2954 2955/2955/2955 
f 2956/2956/2956 2957/2957/2957 2958/2958/2958 
f 2959/2959/2959 2960/2960/2960 2956/2956/2956 
f 2956/2956/2956 2958/2958/2958 2959/2959/2959 
f 2958/2958/2958 2961/2961/2961 2959/2959/2959 
f 2961/2961/2961 2958/2958/2958 2962/2962/2962 
f 2963/2963/2963 2958/2958/2958 2957/2957/2957 
f 2957/2957/2957 2964/2964/2964 2963/2963/2963 
f 2958/2958/2958 2963/2963/2963 2965/2965/2965 
f 2964/2964/2964 2966/2966/2966 2963/2963/2963 
f 2966/2966/2966 2965/2965/2965 2963/2963/2963 
f 2967/2967/2967 2966/2966/2966 2964/2964/2964 
f 2968/2968/2968 2965/2965/2965 2966/2966/2966 
f 2966/2966/2966 2967/2967/2967 2968/2968/2968 
f 2968/2968/2968 2969/2969/2969 2965/2965/2965 
f 2967/2967/2967 2970/2970/2970 2968/2968/2968 
f 2964/2964/2964 2971/2971/2971 2967/2967/2967 
f 2972/2972/2972 2971/2971/2971 2964/2964/2964 
f 2973/2973/2973 2971/2971/2971 2972/2972/2972 
f 2971/2971/2971 2973/2973/2973 2967/2967/2967 
f 2973/2973/2973 2974/2974/2974 2967/2967/2967 
f 2970/2970/2970 2967/2967/2967 2974/2974/2974 
f 2974/2974/2974 2973/2973/2973 2975/2975/2975 
f 2974/2974/2974 2975/2975/2975 2970/2970/2970 
f 2976/2976/2976 2975/2975/2975 2973/2973/2973 
f 2977/2977/2977 2970/2970/2970 2975/2975/2975 
f 2978/2978/2978 2977/2977/2977 2979/2979/2979 
f 2975/2975/2975 2979/2979/2979 2977/2977/2977 
f 2979/2979/2979 2975/2975/2975 2980/2980/2980 
f 2980/2980/2980 2981/2981/2981 2979/2979/2979 
f 2981/2981/2981 2980/2980/2980 2982/2982/2982 
f 2980/2980/2980 2983/2983/2983 2982/2982/2982 
f 2984/2984/2984 2983/2983/2983 2980/2980/2980 
f 2983/2983/2983 2984/2984/2984 2985/2985/2985 
f 2975/2975/2975 2986/2986/2986 2980/2980/2980 
f 2980/2980/2980 2986/2986/2986 2984/2984/2984 
f 2986/2986/2986 2975/2975/2975 2987/2987/2987 
f 2976/2976/2976 2987/2987/2987 2975/2975/2975 
f 2986/2986/2986 2988/2988/2988 2984/2984/2984 
f 2984/2984/2984 2988/2988/2988 2989/2989/2989 
f 2989/2989/2989 2990/2990/2990 2984/2984/2984 
f 2984/2984/2984 2990/2990/2990 2991/2991/2991 
f 2988/2988/2988 2986/2986/2986 2992/2992/2992 
f 2992/2992/2992 2986/2986/2986 2987/2987/2987 
f 2992/2992/2992 2987/2987/2987 2993/2993/2993 
f 2987/2987/2987 2976/2976/2976 2994/2994/2994 
f 2994/2994/2994 2976/2976/2976 2995/2995/2995 
f 2994/2994/2994 2996/2996/2996 2987/2987/2987 
f 2996/2996/2996 2993/2993/2993 2987/2987/2987 
f 2994/2994/2994 2997/2997/2997 2996/2996/2996 
f 2996/2996/2996 2997/2997/2997 2998/2998/2998 
f 2993/2993/2993 2996/2996/2996 2998/2998/2998 
f 2998/2998/2998 2999/2999/2999 2993/2993/2993 
f 3000/3000/3000 2999/2999/2999 2998/2998/2998 
f 3001/3001/3001 3002/3002/3002 3003/3003/3003 
f 3004/3004/3004 3005/3005/3005 3006/3006/3006 
f 3005/3005/3005 3007/3007/3007 3006/3006/3006 
f 3006/3006/3006 3007/3007/3007 3008/3008/3008 
f 3007/3007/3007 3009/3009/3009 3008/3008/3008 
f 3010/3010/3010 3011/3011/3011 3012/3012/3012 
f 1203/1203/1203 3013/3013/3013 1198/1198/1198 
f 3013/3013/3013 1203/1203/1203 3014/3014/3014 
f 3013/3013/3013 3014/3014/3014 3015/3015/3015 
f 3016/3016/3016 1198/1198/1198 3013/3013/3013 
f 3016/3016/3016 3013/3013/3013 3015/3015/3015 
f 1198/1198/1198 3016/3016/3016 1200/1200/1200 
f 3017/3017/3017 3016/3016/3016 3015/3015/3015 
f 3016/3016/3016 3017/3017/3017 1200/1200/1200 
f 3017/3017/3017 3018/3018/3018 1200/1200/1200 
f 3019/3019/3019 1200/1200/1200 3018/3018/3018 
f 3017/3017/3017 3020/3020/3020 3018/3018/3018 
f 3018/3018/3018 3021/3021/3021 3019/3019/3019 
f 3021/3021/3021 3018/3018/3018 3020/3020/3020 
f 3020/3020/3020 3022/3022/3022 3021/3021/3021 
f 3022/3022/3022 3023/3023/3023 3021/3021/3021 
f 3022/3022/3022 3020/3020/3020 3024/3024/3024 
f 3025/3025/3025 3026/3026/3026 3027/3027/3027 
f 3028/3028/3028 3029/3029/3029 3030/3030/3030 
f 3031/3031/3031 3032/3032/3032 3033/3033/3033 
f 1873/1873/1873 1877/1877/1877 3034/3034/3034 
f 3035/3035/3035 3034/3034/3034 1877/1877/1877 
f 3035/3035/3035 1877/1877/1877 1881/1881/1881 
f 1885/1885/1885 3035/3035/3035 1881/1881/1881 
f 1889/1889/1889 3035/3035/3035 1885/1885/1885 
f 1889/1889/1889 3036/3036/3036 3035/3035/3035 
f 3034/3034/3034 3035/3035/3035 3036/3036/3036 
f 3037/3037/3037 3036/3036/3036 1889/1889/1889 
f 3038/3038/3038 1873/1873/1873 3034/3034/3034 
f 3036/3036/3036 3038/3038/3038 3034/3034/3034 
f 3038/3038/3038 3039/3039/3039 1873/1873/1873 
f 3039/3039/3039 3038/3038/3038 3040/3040/3040 
f 3038/3038/3038 3036/3036/3036 3041/3041/3041 
f 3036/3036/3036 3037/3037/3037 3041/3041/3041 
f 3041/3041/3041 3040/3040/3040 3038/3038/3038 
f 3042/3042/3042 3041/3041/3041 3037/3037/3037 
f 3041/3041/3041 3043/3043/3043 3040/3040/3040 
f 3044/3044/3044 3041/3041/3041 3042/3042/3042 
f 3043/3043/3043 3041/3041/3041 3044/3044/3044 
f 3045/3045/3045 3043/3043/3043 3044/3044/3044 
f 3046/3046/3046 3047/3047/3047 3048/3048/3048 
f 3049/3049/3049 3050/3050/3050 3051/3051/3051 
f 3052/3052/3052 3053/3053/3053 3049/3049/3049 
f 3050/3050/3050 3049/3049/3049 3053/3053/3053 
f 3050/3050/3050 3053/3053/3053 3054/3054/3054 
f 3055/3055/3055 3050/3050/3050 3054/3054/3054 
f 3056/3056/3056 3051/3051/3051 3050/3050/3050 
f 3051/3051/3051 3056/3056/3056 3057/3057/3057 
f 3058/3058/3058 3057/3057/3057 3056/3056/3056 
f 3059/3059/3059 3056/3056/3056 3050/3050/3050 
f 3056/3056/3056 3059/3059/3059 3058/3058/3058 
f 3050/3050/3050 3055/3055/3055 3059/3059/3059 
f 3060/3060/3060 3058/3058/3058 3059/3059/3059 
f 3059/3059/3059 3061/3061/3061 3060/3060/3060 
f 3061/3061/3061 3059/3059/3059 3055/3055/3055 
f 3060/3060/3060 3061/3061/3061 3062/3062/3062 
f 3063/3063/3063 3062/3062/3062 3061/3061/3061 
f 3061/3061/3061 3064/3064/3064 3063/3063/3063 
f 3055/3055/3055 3064/3064/3064 3061/3061/3061 
f 3065/3065/3065 3066/3066/3066 3067/3067/3067 
f 3066/3066/3066 3065/3065/3065 3068/3068/3068 
f 3065/3065/3065 3067/3067/3067 3069/3069/3069 
f 3070/3070/3070 3065/3065/3065 3069/3069/3069 
f 3069/3069/3069 3071/3071/3071 3070/3070/3070 
f 3072/3072/3072 3069/3069/3069 3067/3067/3067 
f 3066/3066/3066 3072/3072/3072 3067/3067/3067 
f 3066/3066/3066 3073/3073/3073 3072/3072/3072 
f 3073/3073/3073 3066/3066/3066 3074/3074/3074 
f 3075/3075/3075 3076/3076/3076 3077/3077/3077 
f 3077/3077/3077 3076/3076/3076 3078/3078/3078 
f 3079/3079/3079 3075/3075/3075 3077/3077/3077 
f 3079/3079/3079 3080/3080/3080 3075/3075/3075 
f 3080/3080/3080 3081/3081/3081 3075/3075/3075 
f 3081/3081/3081 3080/3080/3080 3082/3082/3082 
f 3079/3079/3079 3083/3083/3083 3080/3080/3080 
f 3080/3080/3080 3084/3084/3084 3082/3082/3082 
f 3084/3084/3084 3080/3080/3080 3083/3083/3083 
f 3084/3084/3084 3085/3085/3085 3082/3082/3082 
f 3086/3086/3086 3085/3085/3085 3084/3084/3084 
f 3084/3084/3084 3087/3087/3087 3086/3086/3086 
f 3087/3087/3087 3088/3088/3088 3086/3086/3086 
f 3087/3087/3087 3084/3084/3084 3089/3089/3089 
f 3089/3089/3089 3088/3088/3088 3087/3087/3087 
f 3084/3084/3084 3083/3083/3083 3089/3089/3089 
f 3089/3089/3089 3083/3083/3083 3090/3090/3090 
f 3083/3083/3083 3091/3091/3091 3090/3090/3090 
f 3092/3092/3092 3089/3089/3089 3090/3090/3090 
f 3089/3089/3089 3092/3092/3092 3088/3088/3088 
f 3090/3090/3090 3093/3093/3093 3092/3092/3092 
f 3094/3094/3094 3088/3088/3088 3092/3092/3092 
f 3088/3088/3088 3094/3094/3094 3095/3095/3095 
f 3092/3092/3092 3096/3096/3096 3094/3094/3094 
f 3096/3096/3096 3092/3092/3092 3093/3093/3093 
f 3093/3093/3093 3097/3097/3097 3096/3096/3096 
f 3098/3098/3098 3096/3096/3096 3097/3097/3097 
f 3096/3096/3096 3098/3098/3098 3099/3099/3099 
f 3097/3097/3097 3100/3100/3100 3098/3098/3098 
f 3101/3101/3101 3098/3098/3098 3100/3100/3100 
f 3100/3100/3100 3102/3102/3102 3101/3101/3101 
f 3101/3101/3101 3102/3102/3102 3103/3103/3103 
f 3102/3102/3102 3104/3104/3104 3103/3103/3103 
f 3105/3105/3105 3106/3106/3106 3107/3107/3107 
f 3106/3106/3106 3108/3108/3108 3107/3107/3107 
f 3109/3109/3109 3108/3108/3108 3106/3106/3106 
f 3108/3108/3108 3110/3110/3110 3107/3107/3107 
f 3107/3107/3107 3110/3110/3110 3111/3111/3111 
f 3110/3110/3110 3112/3112/3112 3111/3111/3111 
f 3113/3113/3113 3111/3111/3111 3112/3112/3112 
f 3111/3111/3111 3113/3113/3113 3114/3114/3114 
f 3112/3112/3112 3115/3115/3115 3113/3113/3113 
f 3113/3113/3113 3115/3115/3115 3116/3116/3116 
f 3117/3117/3117 3113/3113/3113 3116/3116/3116 
f 3118/3118/3118 3119/3119/3119 3120/3120/3120 
f 3119/3119/3119 3121/3121/3121 3120/3120/3120 
f 3119/3119/3119 3118/3118/3118 3122/3122/3122 
f 3122/3122/3122 3123/3123/3123 3119/3119/3119 
f 3119/3119/3119 3124/3124/3124 3121/3121/3121 
f 3125/3125/3125 3119/3119/3119 3123/3123/3123 
f 3119/3119/3119 3125/3125/3125 3124/3124/3124 
f 3126/3126/3126 3124/3124/3124 3125/3125/3125 
f 3126/3126/3126 3125/3125/3125 3127/3127/3127 
f 3127/3127/3127 3128/3128/3128 3126/3126/3126 
f 3127/3127/3127 3129/3129/3129 3128/3128/3128 
f 3130/3130/3130 3129/3129/3129 3127/3127/3127 
f 3125/3125/3125 3131/3131/3131 3132/3132/3132 
f 3132/3132/3132 3127/3127/3127 3125/3125/3125 
f 3127/3127/3127 3132/3132/3132 3133/3133/3133 
f 3134/3134/3134 3127/3127/3127 3133/3133/3133 
f 3135/3135/3135 3127/3127/3127 3134/3134/3134 
f 3127/3127/3127 3135/3135/3135 3130/3130/3130 
f 3136/3136/3136 3130/3130/3130 3135/3135/3135 
f 3135/3135/3135 3137/3137/3137 3136/3136/3136 
f 3137/3137/3137 3138/3138/3138 3136/3136/3136 
f 3137/3137/3137 3139/3139/3139 3138/3138/3138 
f 3137/3137/3137 3140/3140/3140 3139/3139/3139 
f 3139/3139/3139 3140/3140/3140 3141/3141/3141 
f 3142/3142/3142 3141/3141/3141 3140/3140/3140 
f 3143/3143/3143 3144/3144/3144 3145/3145/3145 
f 3146/3146/3146 3147/3147/3147 3148/3148/3148 
f 3149/3149/3149 1014/1014/1014 1013/1013/1013 
f 1013/1013/1013 1017/1017/1017 3149/3149/3149 
f 1014/1014/1014 3149/3149/3149 3150/3150/3150 
f 3151/3151/3151 1014/1014/1014 3150/3150/3150 
f 3151/3151/3151 3150/3150/3150 3152/3152/3152 
f 3152/3152/3152 3150/3150/3150 3153/3153/3153 
f 3150/3150/3150 3149/3149/3149 3154/3154/3154 
f 3150/3150/3150 3154/3154/3154 3153/3153/3153 
f 3154/3154/3154 3149/3149/3149 1017/1017/1017 
f 3155/3155/3155 3153/3153/3153 3154/3154/3154 
f 3155/3155/3155 3154/3154/3154 3156/3156/3156 
f 3154/3154/3154 1017/1017/1017 3157/3157/3157 
f 3157/3157/3157 3156/3156/3156 3154/3154/3154 
f 3157/3157/3157 1017/1017/1017 1016/1016/1016 
f 3158/3158/3158 3156/3156/3156 3157/3157/3157 
f 3159/3159/3159 3157/3157/3157 1016/1016/1016 
f 3157/3157/3157 3159/3159/3159 3158/3158/3158 
f 3160/3160/3160 3156/3156/3156 3158/3158/3158 
f 1016/1016/1016 1007/1007/1007 3159/3159/3159 
f 3158/3158/3158 3161/3161/3161 3160/3160/3160 
f 3162/3162/3162 3160/3160/3160 3161/3161/3161 
f 3158/3158/3158 3159/3159/3159 3163/3163/3163 
f 3159/3159/3159 1007/1007/1007 3163/3163/3163 
f 3158/3158/3158 3163/3163/3163 3161/3161/3161 
f 3162/3162/3162 3161/3161/3161 3164/3164/3164 
f 3165/3165/3165 3161/3161/3161 3163/3163/3163 
f 3161/3161/3161 3165/3165/3165 3164/3164/3164 
f 3166/3166/3166 3163/3163/3163 1007/1007/1007 
f 3163/3163/3163 3166/3166/3166 3165/3165/3165 
f 1007/1007/1007 3167/3167/3167 3166/3166/3166 
f 1007/1007/1007 1003/1003/1003 3167/3167/3167 
f 1003/1003/1003 1004/1004/1004 3167/3167/3167 
f 3162/3162/3162 3164/3164/3164 3168/3168/3168 
f 3169/3169/3169 3162/3162/3162 3168/3168/3168 
f 3168/3168/3168 3170/3170/3170 3169/3169/3169 
f 3168/3168/3168 3171/3171/3171 3170/3170/3170 
f 3164/3164/3164 3172/3172/3172 3168/3168/3168 
f 3168/3168/3168 3172/3172/3172 3171/3171/3171 
f 3172/3172/3172 3164/3164/3164 3165/3165/3165 
f 3172/3172/3172 3173/3173/3173 3171/3171/3171 
f 3174/3174/3174 3172/3172/3172 3165/3165/3165 
f 3165/3165/3165 3166/3166/3166 3174/3174/3174 
f 3173/3173/3173 3172/3172/3172 3175/3175/3175 
f 3175/3175/3175 3172/3172/3172 3174/3174/3174 
f 3176/3176/3176 3173/3173/3173 3175/3175/3175 
f 3177/3177/3177 3176/3176/3176 3175/3175/3175 
f 3175/3175/3175 3174/3174/3174 3178/3178/3178 
f 3166/3166/3166 3178/3178/3178 3174/3174/3174 
f 3175/3175/3175 3178/3178/3178 3177/3177/3177 
f 3167/3167/3167 3178/3178/3178 3166/3166/3166 
f 3179/3179/3179 3177/3177/3177 3178/3178/3178 
f 3177/3177/3177 3179/3179/3179 3180/3180/3180 
f 3178/3178/3178 3167/3167/3167 3181/3181/3181 
f 3181/3181/3181 3179/3179/3179 3178/3178/3178 
f 3167/3167/3167 1004/1004/1004 3181/3181/3181 
f 3179/3179/3179 3181/3181/3181 3182/3182/3182 
f 3182/3182/3182 3181/3181/3181 1004/1004/1004 
f 3183/3183/3183 3184/3184/3184 3185/3185/3185 
f 3186/3186/3186 3187/3187/3187 3188/3188/3188 
f 3189/3189/3189 3188/3188/3188 3187/3187/3187 
f 3187/3187/3187 3190/3190/3190 3189/3189/3189 
f 3191/3191/3191 3192/3192/3192 3193/3193/3193 
f 3192/3192/3192 3191/3191/3191 3194/3194/3194 
f 3195/3195/3195 3196/3196/3196 3197/3197/3197 
f 3198/3198/3198 3199/3199/3199 3200/3200/3200 
f 3201/3201/3201 3202/3202/3202 3203/3203/3203 
f 3204/3204/3204 3201/3201/3201 3203/3203/3203 
f 3205/3205/3205 3201/3201/3201 3204/3204/3204 
f 3205/3205/3205 3204/3204/3204 3206/3206/3206 
f 3205/3205/3205 3206/3206/3206 3207/3207/3207 
f 3208/3208/3208 3209/3209/3209 3210/3210/3210 
f 3210/3210/3210 3211/3211/3211 3208/3208/3208 
f 3211/3211/3211 3210/3210/3210 3212/3212/3212 
f 3212/3212/3212 3213/3213/3213 3211/3211/3211 
f 3214/3214/3214 605/605/605 606/606/606 
f 605/605/605 3215/3215/3215 604/604/604 
f 605/605/605 3214/3214/3214 3215/3215/3215 
f 606/606/606 607/607/607 3216/3216/3216 
f 3214/3214/3214 606/606/606 3216/3216/3216 
f 3217/3217/3217 607/607/607 600/600/600 
f 3217/3217/3217 3216/3216/3216 607/607/607 
f 3217/3217/3217 600/600/600 3218/3218/3218 
f 3217/3217/3217 3218/3218/3218 3219/3219/3219 
f 600/600/600 3220/3220/3220 3218/3218/3218 
f 3220/3220/3220 3221/3221/3221 3218/3218/3218 
f 3220/3220/3220 3222/3222/3222 3221/3221/3221 
f 600/600/600 598/598/598 3220/3220/3220 
f 598/598/598 3223/3223/3223 3220/3220/3220 
f 3224/3224/3224 3217/3217/3217 3219/3219/3219 
f 3216/3216/3216 3217/3217/3217 3224/3224/3224 
f 3219/3219/3219 3225/3225/3225 3224/3224/3224 
f 3216/3216/3216 3224/3224/3224 3226/3226/3226 
f 3225/3225/3225 3226/3226/3226 3224/3224/3224 
f 3214/3214/3214 3216/3216/3216 3226/3226/3226 
f 3226/3226/3226 3225/3225/3225 3227/3227/3227 
f 3228/3228/3228 3214/3214/3214 3226/3226/3226 
f 3227/3227/3227 3229/3229/3229 3226/3226/3226 
f 3229/3229/3229 3228/3228/3228 3226/3226/3226 
f 3227/3227/3227 3230/3230/3230 3229/3229/3229 
f 3228/3228/3228 3215/3215/3215 3214/3214/3214 
f 3231/3231/3231 3228/3228/3228 3229/3229/3229 
f 3231/3231/3231 3215/3215/3215 3228/3228/3228 
f 3229/3229/3229 3230/3230/3230 3232/3232/3232 
f 3232/3232/3232 3231/3231/3231 3229/3229/3229 
f 3233/3233/3233 3232/3232/3232 3230/3230/3230 
f 3234/3234/3234 3231/3231/3231 3232/3232/3232 
f 3233/3233/3233 3234/3234/3234 3232/3232/3232 
f 3235/3235/3235 3215/3215/3215 3231/3231/3231 
f 3234/3234/3234 3235/3235/3235 3231/3231/3231 
f 3235/3235/3235 3236/3236/3236 3215/3215/3215 
f 3236/3236/3236 604/604/604 3215/3215/3215 
f 3236/3236/3236 586/586/586 604/604/604 
f 3236/3236/3236 3235/3235/3235 3237/3237/3237 
f 3235/3235/3235 3234/3234/3234 3237/3237/3237 
f 3238/3238/3238 586/586/586 3236/3236/3236 
f 3238/3238/3238 3236/3236/3236 3237/3237/3237 
f 581/581/581 586/586/586 3238/3238/3238 
f 3238/3238/3238 580/580/580 581/581/581 
f 3238/3238/3238 3237/3237/3237 3239/3239/3239 
f 580/580/580 3238/3238/3238 3239/3239/3239 
f 3240/3240/3240 3237/3237/3237 3234/3234/3234 
f 3241/3241/3241 580/580/580 3239/3239/3239 
f 570/570/570 580/580/580 3241/3241/3241 
f 570/570/570 3241/3241/3241 568/568/568 
f 3241/3241/3241 3239/3239/3239 3242/3242/3242 
f 3237/3237/3237 3242/3242/3242 3239/3239/3239 
f 568/568/568 3241/3241/3241 3242/3242/3242 
f 3237/3237/3237 3240/3240/3240 3242/3242/3242 
f 572/572/572 568/568/568 3242/3242/3242 
f 572/572/572 3242/3242/3242 3240/3240/3240 
f 572/572/572 3240/3240/3240 3243/3243/3243 
f 3240/3240/3240 3234/3234/3234 3244/3244/3244 
f 3244/3244/3244 3234/3234/3234 3245/3245/3245 
f 3240/3240/3240 3244/3244/3244 3246/3246/3246 
f 3243/3243/3243 3240/3240/3240 3246/3246/3246 
f 3233/3233/3233 3245/3245/3245 3234/3234/3234 
f 3244/3244/3244 3245/3245/3245 3247/3247/3247 
f 3247/3247/3247 3245/3245/3245 3233/3233/3233 
f 3247/3247/3247 3246/3246/3246 3244/3244/3244 
f 3233/3233/3233 3248/3248/3248 3247/3247/3247 
f 3246/3246/3246 3247/3247/3247 3248/3248/3248 
f 3248/3248/3248 3233/3233/3233 3249/3249/3249 
f 3250/3250/3250 3246/3246/3246 3248/3248/3248 
f 3249/3249/3249 3250/3250/3250 3248/3248/3248 
f 3246/3246/3246 3250/3250/3250 3251/3251/3251 
f 3243/3243/3243 3246/3246/3246 3251/3251/3251 
f 3249/3249/3249 3233/3233/3233 3252/3252/3252 
f 3230/3230/3230 3252/3252/3252 3233/3233/3233 
f 3253/3253/3253 3249/3249/3249 3252/3252/3252 
f 3230/3230/3230 3254/3254/3254 3252/3252/3252 
f 3255/3255/3255 3253/3253/3253 3252/3252/3252 
f 3254/3254/3254 3255/3255/3255 3252/3252/3252 
f 3251/3251/3251 3256/3256/3256 3243/3243/3243 
f 3256/3256/3256 3251/3251/3251 3257/3257/3257 
f 3257/3257/3257 3258/3258/3258 3256/3256/3256 
f 3256/3256/3256 3258/3258/3258 3259/3259/3259 
f 3260/3260/3260 3259/3259/3259 3258/3258/3258 
f 3261/3261/3261 3256/3256/3256 3259/3259/3259 
f 3261/3261/3261 3243/3243/3243 3256/3256/3256 
f 3262/3262/3262 3243/3243/3243 3261/3261/3261 
f 3262/3262/3262 572/572/572 3243/3243/3243 
f 3263/3263/3263 3262/3262/3262 3261/3261/3261 
f 569/569/569 572/572/572 3262/3262/3262 
f 3263/3263/3263 569/569/569 3262/3262/3262 
f 3264/3264/3264 3265/3265/3265 3266/3266/3266 
f 3267/3267/3267 3268/3268/3268 3269/3269/3269 
f 3267/3267/3267 3270/3270/3270 3268/3268/3268 
f 3271/3271/3271 3270/3270/3270 3267/3267/3267 
f 3270/3270/3270 3272/3272/3272 3268/3268/3268 
f 3271/3271/3271 2962/2962/2962 3270/3270/3270 
f 3273/3273/3273 3272/3272/3272 3270/3270/3270 
f 3270/3270/3270 2962/2962/2962 3273/3273/3273 
f 3272/3272/3272 3273/3273/3273 3274/3274/3274 
f 3273/3273/3273 2962/2962/2962 3275/3275/3275 
f 2958/2958/2958 3275/3275/3275 2962/2962/2962 
f 2958/2958/2958 3276/3276/3276 3275/3275/3275 
f 3276/3276/3276 2958/2958/2958 2965/2965/2965 
f 3277/3277/3277 3275/3275/3275 3276/3276/3276 
f 3278/3278/3278 3276/3276/3276 2965/2965/2965 
f 3278/3278/3278 3277/3277/3277 3276/3276/3276 
f 2965/2965/2965 2969/2969/2969 3278/3278/3278 
f 3279/3279/3279 3277/3277/3277 3278/3278/3278 
f 2969/2969/2969 3279/3279/3279 3278/3278/3278 
f 3280/3280/3280 3279/3279/3279 2969/2969/2969 
f 3281/3281/3281 3273/3273/3273 3275/3275/3275 
f 3275/3275/3275 3282/3282/3282 3281/3281/3281 
f 3281/3281/3281 3283/3283/3283 3273/3273/3273 
f 3273/3273/3273 3283/3283/3283 3274/3274/3274 
f 3282/3282/3282 3284/3284/3284 3281/3281/3281 
f 3284/3284/3284 3283/3283/3283 3281/3281/3281 
f 3284/3284/3284 3282/3282/3282 3285/3285/3285 
f 3286/3286/3286 3284/3284/3284 3285/3285/3285 
f 3284/3284/3284 3286/3286/3286 3287/3287/3287 
f 3287/3287/3287 3288/3288/3288 3284/3284/3284 
f 3284/3284/3284 3288/3288/3288 3283/3283/3283 
f 3274/3274/3274 3283/3283/3283 3289/3289/3289 
f 3289/3289/3289 3283/3283/3283 3288/3288/3288 
f 3290/3290/3290 3274/3274/3274 3289/3289/3289 
f 3288/3288/3288 3290/3290/3290 3289/3289/3289 
f 3291/3291/3291 3292/3292/3292 3293/3293/3293 
f 3294/3294/3294 3295/3295/3295 3296/3296/3296 
f 3297/3297/3297 3298/3298/3298 3299/3299/3299 
f 3299/3299/3299 3300/3300/3300 3297/3297/3297 
f 3301/3301/3301 3299/3299/3299 3298/3298/3298 
f 3299/3299/3299 3302/3302/3302 3300/3300/3300 
f 3302/3302/3302 3303/3303/3303 3300/3300/3300 
f 3301/3301/3301 3298/3298/3298 3304/3304/3304 
f 3305/3305/3305 3303/3303/3303 3302/3302/3302 
f 3306/3306/3306 3302/3302/3302 3299/3299/3299 
f 3299/3299/3299 3301/3301/3301 3306/3306/3306 
f 3307/3307/3307 3305/3305/3305 3302/3302/3302 
f 3308/3308/3308 3305/3305/3305 3307/3307/3307 
f 3309/3309/3309 3308/3308/3308 3307/3307/3307 
f 3307/3307/3307 3310/3310/3310 3309/3309/3309 
f 3311/3311/3311 3307/3307/3307 3302/3302/3302 
f 3302/3302/3302 3306/3306/3306 3311/3311/3311 
f 3312/3312/3312 3311/3311/3311 3306/3306/3306 
f 3306/3306/3306 3313/3313/3313 3312/3312/3312 
f 3313/3313/3313 3306/3306/3306 3301/3301/3301 
f 3314/3314/3314 3312/3312/3312 3313/3313/3313 
f 3301/3301/3301 3314/3314/3314 3313/3313/3313 
f 3315/3315/3315 3312/3312/3312 3314/3314/3314 
f 3314/3314/3314 3301/3301/3301 3316/3316/3316 
f 3316/3316/3316 3301/3301/3301 3304/3304/3304 
f 3317/3317/3317 3316/3316/3316 3304/3304/3304 
f 3316/3316/3316 3317/3317/3317 3318/3318/3318 
f 3318/3318/3318 3317/3317/3317 3319/3319/3319 
f 3316/3316/3316 3318/3318/3318 3320/3320/3320 
f 3321/3321/3321 3316/3316/3316 3320/3320/3320 
f 3316/3316/3316 3321/3321/3321 3314/3314/3314 
f 3322/3322/3322 3321/3321/3321 3320/3320/3320 
f 3323/3323/3323 3314/3314/3314 3321/3321/3321 
f 3314/3314/3314 3323/3323/3323 3315/3315/3315 
f 3324/3324/3324 3323/3323/3323 3321/3321/3321 
f 3323/3323/3323 3324/3324/3324 3325/3325/3325 
f 3325/3325/3325 3326/3326/3326 3323/3323/3323 
f 3326/3326/3326 3325/3325/3325 3327/3327/3327 
f 3328/3328/3328 3315/3315/3315 3323/3323/3323 
f 3323/3323/3323 3326/3326/3326 3328/3328/3328 
f 3329/3329/3329 3315/3315/3315 3328/3328/3328 
f 3326/3326/3326 3327/3327/3327 3330/3330/3330 
f 3329/3329/3329 3328/3328/3328 3331/3331/3331 
f 3326/3326/3326 3331/3331/3331 3328/3328/3328 
f 3331/3331/3331 3332/3332/3332 3329/3329/3329 
f 3333/3333/3333 3326/3326/3326 3330/3330/3330 
f 3326/3326/3326 3333/3333/3333 3331/3331/3331 
f 3331/3331/3331 3334/3334/3334 3332/3332/3332 
f 3334/3334/3334 3331/3331/3331 3333/3333/3333 
f 3335/3335/3335 3334/3334/3334 3333/3333/3333 
f 3336/3336/3336 3335/3335/3335 3333/3333/3333 
f 3337/3337/3337 3335/3335/3335 3336/3336/3336 
f 3335/3335/3335 3337/3337/3337 3338/3338/3338 
f 3338/3338/3338 3337/3337/3337 3339/3339/3339 
f 3339/3339/3339 3337/3337/3337 3340/3340/3340 
f 3341/3341/3341 3337/3337/3337 3336/3336/3336 
f 3337/3337/3337 3341/3341/3341 3340/3340/3340 
f 3336/3336/3336 3342/3342/3342 3341/3341/3341 
f 3343/3343/3343 3340/3340/3340 3341/3341/3341 
f 3344/3344/3344 3345/3345/3345 3346/3346/3346 
f 3344/3344/3344 3347/3347/3347 3348/3348/3348 
f 3347/3347/3347 3344/3344/3344 3349/3349/3349 
f 3349/3349/3349 3344/3344/3344 3346/3346/3346 
f 3349/3349/3349 3350/3350/3350 3347/3347/3347 
f 3349/3349/3349 3351/3351/3351 3350/3350/3350 
f 3352/3352/3352 3349/3349/3349 3346/3346/3346 
f 3352/3352/3352 3351/3351/3351 3349/3349/3349 
f 3353/3353/3353 3350/3350/3350 3351/3351/3351 
f 3346/3346/3346 3354/3354/3354 3352/3352/3352 
f 3345/3345/3345 3355/3355/3355 3346/3346/3346 
f 3355/3355/3355 3354/3354/3354 3346/3346/3346 
f 3356/3356/3356 3351/3351/3351 3352/3352/3352 
f 3352/3352/3352 3354/3354/3354 3356/3356/3356 
f 3351/3351/3351 3357/3357/3357 3353/3353/3353 
f 3357/3357/3357 3351/3351/3351 3356/3356/3356 
f 3358/3358/3358 3353/3353/3353 3359/3359/3359 
f 3353/3353/3353 3360/3360/3360 3359/3359/3359 
f 3357/3357/3357 3360/3360/3360 3353/3353/3353 
f 3360/3360/3360 3361/3361/3361 3359/3359/3359 
f 3361/3361/3361 3360/3360/3360 3362/3362/3362 
f 3360/3360/3360 3357/3357/3357 3362/3362/3362 
f 3363/3363/3363 3361/3361/3361 3362/3362/3362 
f 3364/3364/3364 3357/3357/3357 3356/3356/3356 
f 3354/3354/3354 3364/3364/3364 3356/3356/3356 
f 3357/3357/3357 3365/3365/3365 3362/3362/3362 
f 3365/3365/3365 3357/3357/3357 3364/3364/3364 
f 3363/3363/3363 3362/3362/3362 3366/3366/3366 
f 3365/3365/3365 3366/3366/3366 3362/3362/3362 
f 3367/3367/3367 3363/3363/3363 3366/3366/3366 
f 3364/3364/3364 3354/3354/3354 3368/3368/3368 
f 3365/3365/3365 3364/3364/3364 3369/3369/3369 
f 3368/3368/3368 3369/3369/3369 3364/3364/3364 
f 3355/3355/3355 3368/3368/3368 3354/3354/3354 
f 3370/3370/3370 3365/3365/3365 3369/3369/3369 
f 3370/3370/3370 3366/3366/3366 3365/3365/3365 
f 3369/3369/3369 3368/3368/3368 3371/3371/3371 
f 3371/3371/3371 3370/3370/3370 3369/3369/3369 
f 3372/3372/3372 3368/3368/3368 3355/3355/3355 
f 3368/3368/3368 3372/3372/3372 3371/3371/3371 
f 3373/3373/3373 3367/3367/3367 3366/3366/3366 
f 3370/3370/3370 3373/3373/3373 3366/3366/3366 
f 3367/3367/3367 3373/3373/3373 3374/3374/3374 
f 3374/3374/3374 3373/3373/3373 3375/3375/3375 
f 3376/3376/3376 3374/3374/3374 3375/3375/3375 
f 3377/3377/3377 3373/3373/3373 3370/3370/3370 
f 3377/3377/3377 3375/3375/3375 3373/3373/3373 
f 3370/3370/3370 3378/3378/3378 3377/3377/3377 
f 3378/3378/3378 3370/3370/3370 3371/3371/3371 
f 3375/3375/3375 3377/3377/3377 3379/3379/3379 
f 3378/3378/3378 3379/3379/3379 3377/3377/3377 
f 3376/3376/3376 3375/3375/3375 3380/3380/3380 
f 3376/3376/3376 3380/3380/3380 3381/3381/3381 
f 3380/3380/3380 3382/3382/3382 3381/3381/3381 
f 3383/3383/3383 3380/3380/3380 3375/3375/3375 
f 3375/3375/3375 3379/3379/3379 3383/3383/3383 
f 3380/3380/3380 3384/3384/3384 3382/3382/3382 
f 3384/3384/3384 3385/3385/3385 3382/3382/3382 
f 3380/3380/3380 3383/3383/3383 3386/3386/3386 
f 3386/3386/3386 3384/3384/3384 3380/3380/3380 
f 3387/3387/3387 3385/3385/3385 3384/3384/3384 
f 3383/3383/3383 3388/3388/3388 3386/3386/3386 
f 3379/3379/3379 3388/3388/3388 3383/3383/3383 
f 3386/3386/3386 3389/3389/3389 3384/3384/3384 
f 3384/3384/3384 3389/3389/3389 3387/3387/3387 
f 3389/3389/3389 3386/3386/3386 3388/3388/3388 
f 3388/3388/3388 3379/3379/3379 3390/3390/3390 
f 3390/3390/3390 3379/3379/3379 3378/3378/3378 
f 3388/3388/3388 3391/3391/3391 3389/3389/3389 
f 3391/3391/3391 3387/3387/3387 3389/3389/3389 
f 3390/3390/3390 3391/3391/3391 3388/3388/3388 
f 3391/3391/3391 3392/3392/3392 3387/3387/3387 
f 3392/3392/3392 3393/3393/3393 3387/3387/3387 
f 3394/3394/3394 3391/3391/3391 3390/3390/3390 
f 3394/3394/3394 3392/3392/3392 3391/3391/3391 
f 3393/3393/3393 3392/3392/3392 3395/3395/3395 
f 3394/3394/3394 3396/3396/3396 3392/3392/3392 
f 3392/3392/3392 3397/3397/3397 3395/3395/3395 
f 3397/3397/3397 3392/3392/3392 3396/3396/3396 
f 3394/3394/3394 3398/3398/3398 3396/3396/3396 
f 3390/3390/3390 3398/3398/3398 3394/3394/3394 
f 3397/3397/3397 3396/3396/3396 3398/3398/3398 
f 3399/3399/3399 3395/3395/3395 3397/3397/3397 
f 3395/3395/3395 3399/3399/3399 3400/3400/3400 
f 3399/3399/3399 3401/3401/3401 3400/3400/3400 
f 3399/3399/3399 3397/3397/3397 3401/3401/3401 
f 3400/3400/3400 3401/3401/3401 3402/3402/3402 
f 3403/3403/3403 3402/3402/3402 3401/3401/3401 
f 3398/3398/3398 3390/3390/3390 3404/3404/3404 
f 3378/3378/3378 3404/3404/3404 3390/3390/3390 
f 3405/3405/3405 3397/3397/3397 3398/3398/3398 
f 3401/3401/3401 3397/3397/3397 3405/3405/3405 
f 3406/3406/3406 3403/3403/3403 3401/3401/3401 
f 3405/3405/3405 3406/3406/3406 3401/3401/3401 
f 3403/3403/3403 3406/3406/3406 3407/3407/3407 
f 3408/3408/3408 3407/3407/3407 3406/3406/3406 
f 3408/3408/3408 3406/3406/3406 3405/3405/3405 
f 3408/3408/3408 3409/3409/3409 3407/3407/3407 
f 3405/3405/3405 3398/3398/3398 3410/3410/3410 
f 3410/3410/3410 3398/3398/3398 3404/3404/3404 
f 3408/3408/3408 3405/3405/3405 3410/3410/3410 
f 3409/3409/3409 3408/3408/3408 3411/3411/3411 
f 3412/3412/3412 3411/3411/3411 3408/3408/3408 
f 3412/3412/3412 3413/3413/3413 3411/3411/3411 
f 3414/3414/3414 3408/3408/3408 3410/3410/3410 
f 3412/3412/3412 3408/3408/3408 3414/3414/3414 
f 3410/3410/3410 3404/3404/3404 3415/3415/3415 
f 3415/3415/3415 3414/3414/3414 3410/3410/3410 
f 3412/3412/3412 3414/3414/3414 3416/3416/3416 
f 3414/3414/3414 3415/3415/3415 3416/3416/3416 
f 3412/3412/3412 3417/3417/3417 3413/3413/3413 
f 3417/3417/3417 3412/3412/3412 3416/3416/3416 
f 3413/3413/3413 3417/3417/3417 3418/3418/3418 
f 3415/3415/3415 3404/3404/3404 3419/3419/3419 
f 3378/3378/3378 3419/3419/3419 3404/3404/3404 
f 3371/3371/3371 3419/3419/3419 3378/3378/3378 
f 3418/3418/3418 3417/3417/3417 3420/3420/3420 
f 3421/3421/3421 3418/3418/3418 3420/3420/3420 
f 3421/3421/3421 3420/3420/3420 3422/3422/3422 
f 3420/3420/3420 3417/3417/3417 3423/3423/3423 
f 3423/3423/3423 3417/3417/3417 3416/3416/3416 
f 3415/3415/3415 3423/3423/3423 3416/3416/3416 
f 3422/3422/3422 3420/3420/3420 3424/3424/3424 
f 3423/3423/3423 3424/3424/3424 3420/3420/3420 
f 3424/3424/3424 3425/3425/3425 3422/3422/3422 
f 3425/3425/3425 3424/3424/3424 3426/3426/3426 
f 3427/3427/3427 3424/3424/3424 3423/3423/3423 
f 3426/3426/3426 3424/3424/3424 3428/3428/3428 
f 3428/3428/3428 3424/3424/3424 3427/3427/3427 
f 3426/3426/3426 3428/3428/3428 3429/3429/3429 
f 3430/3430/3430 3427/3427/3427 3423/3423/3423 
f 3427/3427/3427 3430/3430/3430 3428/3428/3428 
f 3423/3423/3423 3415/3415/3415 3431/3431/3431 
f 3430/3430/3430 3423/3423/3423 3431/3431/3431 
f 3415/3415/3415 3419/3419/3419 3431/3431/3431 
f 3431/3431/3431 3419/3419/3419 3432/3432/3432 
f 3432/3432/3432 3430/3430/3430 3431/3431/3431 
f 3419/3419/3419 3371/3371/3371 3432/3432/3432 
f 3371/3371/3371 3372/3372/3372 3432/3432/3432 
f 3430/3430/3430 3432/3432/3432 3372/3372/3372 
f 3428/3428/3428 3430/3430/3430 3433/3433/3433 
f 3372/3372/3372 3433/3433/3433 3430/3430/3430 
f 3434/3434/3434 3433/3433/3433 3372/3372/3372 
f 3372/3372/3372 3355/3355/3355 3434/3434/3434 
f 3433/3433/3433 3435/3435/3435 3428/3428/3428 
f 3429/3429/3429 3428/3428/3428 3435/3435/3435 
f 3429/3429/3429 3435/3435/3435 3436/3436/3436 
f 3433/3433/3433 3437/3437/3437 3435/3435/3435 
f 3437/3437/3437 3433/3433/3433 3434/3434/3434 
f 3437/3437/3437 3436/3436/3436 3435/3435/3435 
f 3437/3437/3437 3434/3434/3434 3355/3355/3355 
f 3345/3345/3345 3436/3436/3436 3437/3437/3437 
f 3345/3345/3345 3437/3437/3437 3355/3355/3355 
f 3438/3438/3438 3439/3439/3439 3440/3440/3440 
f 3441/3441/3441 3439/3439/3439 3438/3438/3438 
f 3440/3440/3440 3439/3439/3439 3442/3442/3442 
f 3443/3443/3443 3440/3440/3440 3442/3442/3442 
f 3439/3439/3439 3441/3441/3441 3444/3444/3444 
f 3441/3441/3441 3445/3445/3445 3444/3444/3444 
f 3445/3445/3445 3446/3446/3446 3444/3444/3444 
f 3447/3447/3447 3439/3439/3439 3444/3444/3444 
f 3447/3447/3447 3444/3444/3444 3446/3446/3446 
f 3447/3447/3447 3442/3442/3442 3439/3439/3439 
f 3447/3447/3447 3446/3446/3446 3448/3448/3448 
f 3442/3442/3442 3449/3449/3449 3443/3443/3443 
f 3443/3443/3443 3449/3449/3449 3450/3450/3450 
f 3449/3449/3449 3451/3451/3451 3450/3450/3450 
f 3449/3449/3449 3452/3452/3452 3451/3451/3451 
f 3452/3452/3452 3449/3449/3449 3442/3442/3442 
f 3442/3442/3442 3447/3447/3447 3452/3452/3452 
f 3453/3453/3453 3447/3447/3447 3448/3448/3448 
f 3447/3447/3447 3453/3453/3453 3452/3452/3452 
f 3454/3454/3454 3453/3453/3453 3448/3448/3448 
f 3455/3455/3455 3452/3452/3452 3453/3453/3453 
f 3454/3454/3454 3455/3455/3455 3453/3453/3453 
f 3456/3456/3456 3452/3452/3452 3455/3455/3455 
f 3455/3455/3455 3454/3454/3454 3457/3457/3457 
f 3456/3456/3456 3455/3455/3455 3458/3458/3458 
f 3457/3457/3457 3459/3459/3459 3455/3455/3455 
f 3455/3455/3455 3459/3459/3459 3460/3460/3460 
f 3459/3459/3459 3461/3461/3461 3460/3460/3460 
f 3455/3455/3455 3462/3462/3462 3458/3458/3458 
f 3462/3462/3462 3455/3455/3455 3460/3460/3460 
f 3460/3460/3460 3461/3461/3461 3462/3462/3462 
f 3462/3462/3462 3463/3463/3463 3458/3458/3458 
f 3464/3464/3464 3462/3462/3462 3461/3461/3461 
f 3463/3463/3463 3462/3462/3462 3465/3465/3465 
f 3464/3464/3464 3466/3466/3466 3462/3462/3462 
f 3466/3466/3466 3465/3465/3465 3462/3462/3462 
f 3467/3467/3467 3468/3468/3468 3469/3469/3469 
f 3467/3467/3467 3469/3469/3469 3470/3470/3470 
f 3470/3470/3470 3469/3469/3469 3471/3471/3471 
f 3470/3470/3470 3471/3471/3471 3472/3472/3472 
f 3472/3472/3472 3471/3471/3471 3473/3473/3473 
f 3474/3474/3474 3475/3475/3475 3476/3476/3476 
f 3476/3476/3476 3477/3477/3477 3474/3474/3474 
f 3478/3478/3478 3474/3474/3474 3477/3477/3477 
f 3478/3478/3478 3477/3477/3477 3479/3479/3479 
f 3477/3477/3477 3476/3476/3476 3479/3479/3479 
f 3476/3476/3476 3480/3480/3480 3479/3479/3479 
f 3480/3480/3480 3481/3481/3481 3479/3479/3479 
f 3482/3482/3482 3481/3481/3481 3480/3480/3480 
f 3483/3483/3483 3476/3476/3476 3475/3475/3475 
f 3483/3483/3483 3480/3480/3480 3476/3476/3476 
f 3475/3475/3475 3484/3484/3484 3483/3483/3483 
f 3482/3482/3482 3480/3480/3480 3485/3485/3485 
f 3482/3482/3482 3485/3485/3485 3486/3486/3486 
f 3480/3480/3480 3483/3483/3483 3485/3485/3485 
f 3487/3487/3487 3485/3485/3485 3483/3483/3483 
f 3483/3483/3483 3484/3484/3484 3488/3488/3488 
f 3489/3489/3489 3487/3487/3487 3483/3483/3483 
f 3490/3490/3490 3483/3483/3483 3488/3488/3488 
f 3483/3483/3483 3490/3490/3490 3489/3489/3489 
f 3491/3491/3491 3489/3489/3489 3490/3490/3490 
f 3488/3488/3488 3492/3492/3492 3490/3490/3490 
f 3493/3493/3493 3491/3491/3491 3490/3490/3490 
f 3490/3490/3490 3494/3494/3494 3493/3493/3493 
f 3494/3494/3494 3490/3490/3490 3492/3492/3492 
f 3494/3494/3494 3495/3495/3495 3493/3493/3493 
f 3495/3495/3495 3496/3496/3496 3493/3493/3493 
f 3496/3496/3496 3497/3497/3497 3493/3493/3493 
f 3495/3495/3495 3498/3498/3498 3496/3496/3496 
f 3497/3497/3497 3496/3496/3496 3498/3498/3498 
f 3494/3494/3494 3492/3492/3492 3499/3499/3499 
f 3499/3499/3499 3500/3500/3500 3494/3494/3494 
f 3499/3499/3499 3492/3492/3492 3501/3501/3501 
f 3502/3502/3502 3501/3501/3501 3492/3492/3492 
f 3492/3492/3492 3503/3503/3503 3502/3502/3502 
f 3504/3504/3504 3505/3505/3505 3506/3506/3506 
f 3507/3507/3507 3508/3508/3508 3509/3509/3509 
f 3510/3510/3510 3507/3507/3507 3509/3509/3509 
f 3511/3511/3511 3512/3512/3512 3513/3513/3513 
f 3513/3513/3513 3512/3512/3512 3514/3514/3514 
f 3512/3512/3512 3515/3515/3515 3514/3514/3514 
f 3511/3511/3511 3513/3513/3513 3516/3516/3516 
f 3517/3517/3517 3513/3513/3513 3514/3514/3514 
f 3513/3513/3513 3517/3517/3517 3516/3516/3516 
f 3518/3518/3518 3515/3515/3515 3519/3519/3519 
f 3520/3520/3520 3515/3515/3515 3518/3518/3518 
f 3515/3515/3515 3520/3520/3520 3514/3514/3514 
f 3518/3518/3518 3521/3521/3521 3520/3520/3520 
f 3521/3521/3521 3522/3522/3522 3520/3520/3520 
f 3520/3520/3520 3523/3523/3523 3514/3514/3514 
f 3522/3522/3522 3523/3523/3523 3520/3520/3520 
f 3523/3523/3523 3517/3517/3517 3514/3514/3514 
f 3523/3523/3523 3522/3522/3522 3524/3524/3524 
f 3525/3525/3525 3517/3517/3517 3523/3523/3523 
f 3523/3523/3523 3526/3526/3526 3525/3525/3525 
f 3525/3525/3525 3516/3516/3516 3517/3517/3517 
f 3526/3526/3526 3527/3527/3527 3525/3525/3525 
f 3525/3525/3525 3527/3527/3527 3516/3516/3516 
f 3527/3527/3527 3528/3528/3528 3516/3516/3516 
f 3528/3528/3528 3527/3527/3527 3529/3529/3529 
f 3530/3530/3530 3528/3528/3528 3529/3529/3529 
f 3530/3530/3530 3531/3531/3531 3528/3528/3528 
f 3532/3532/3532 3516/3516/3516 3528/3528/3528 
f 3528/3528/3528 3531/3531/3531 3532/3532/3532 
f 3516/3516/3516 3532/3532/3532 3511/3511/3511 
f 3533/3533/3533 3511/3511/3511 3532/3532/3532 
f 3532/3532/3532 3534/3534/3534 3533/3533/3533 
f 3532/3532/3532 3531/3531/3531 3534/3534/3534 
f 3531/3531/3531 3535/3535/3535 3534/3534/3534 
f 3536/3536/3536 3537/3537/3537 3538/3538/3538 
f 3536/3536/3536 3538/3538/3538 3539/3539/3539 
f 3540/3540/3540 3536/3536/3536 3539/3539/3539 
f 3541/3541/3541 3536/3536/3536 3540/3540/3540 
f 3542/3542/3542 3541/3541/3541 3540/3540/3540 
f 3540/3540/3540 3539/3539/3539 3543/3543/3543 
f 3540/3540/3540 3544/3544/3544 3542/3542/3542 
f 3543/3543/3543 3545/3545/3545 3540/3540/3540 
f 3544/3544/3544 3540/3540/3540 3545/3545/3545 
f 3543/3543/3543 3546/3546/3546 3545/3545/3545 
f 3546/3546/3546 3543/3543/3543 3547/3547/3547 
f 3545/3545/3545 3548/3548/3548 3544/3544/3544 
f 3548/3548/3548 3545/3545/3545 3546/3546/3546 
f 3549/3549/3549 3544/3544/3544 3548/3548/3548 
f 3547/3547/3547 3550/3550/3550 3546/3546/3546 
f 3549/3549/3549 3548/3548/3548 3551/3551/3551 
f 3546/3546/3546 3551/3551/3551 3548/3548/3548 
f 3551/3551/3551 3552/3552/3552 3549/3549/3549 
f 3546/3546/3546 3552/3552/3552 3551/3551/3551 
f 3552/3552/3552 3546/3546/3546 3550/3550/3550 
f 3549/3549/3549 3552/3552/3552 3553/3553/3553 
f 3550/3550/3550 3554/3554/3554 3552/3552/3552 
f 3554/3554/3554 3550/3550/3550 3555/3555/3555 
f 3555/3555/3555 3556/3556/3556 3554/3554/3554 
f 3557/3557/3557 3558/3558/3558 3559/3559/3559 
f 3559/3559/3559 3560/3560/3560 3557/3557/3557 
f 3561/3561/3561 3562/3562/3562 3563/3563/3563 
f 3561/3561/3561 3563/3563/3563 3564/3564/3564 
f 3565/3565/3565 3561/3561/3561 3564/3564/3564 
f 3566/3566/3566 3561/3561/3561 3565/3565/3565 
f 3565/3565/3565 3564/3564/3564 3567/3567/3567 
f 3564/3564/3564 3568/3568/3568 3567/3567/3567 
f 3567/3567/3567 3569/3569/3569 3565/3565/3565 
f 3570/3570/3570 3566/3566/3566 3565/3565/3565 
f 3571/3571/3571 3566/3566/3566 3570/3570/3570 
f 3571/3571/3571 3570/3570/3570 3572/3572/3572 
f 3573/3573/3573 3574/3574/3574 3575/3575/3575 
f 3576/3576/3576 3577/3577/3577 3578/3578/3578 
f 3578/3578/3578 3579/3579/3579 3576/3576/3576 
f 3576/3576/3576 3580/3580/3580 3577/3577/3577 
f 3581/3581/3581 3577/3577/3577 3580/3580/3580 
f 3580/3580/3580 3582/3582/3582 3581/3581/3581 
f 3583/3583/3583 3576/3576/3576 3579/3579/3579 
f 3583/3583/3583 3579/3579/3579 3584/3584/3584 
f 3585/3585/3585 3576/3576/3576 3583/3583/3583 
f 3583/3583/3583 3586/3586/3586 3585/3585/3585 
f 3586/3586/3586 3583/3583/3583 3587/3587/3587 
f 3586/3586/3586 3588/3588/3588 3585/3585/3585 
f 3588/3588/3588 3589/3589/3589 3585/3585/3585 
f 3589/3589/3589 3588/3588/3588 3590/3590/3590 
f 3589/3589/3589 3591/3591/3591 3585/3585/3585 
f 3589/3589/3589 3592/3592/3592 3591/3591/3591 
f 3592/3592/3592 3593/3593/3593 3591/3591/3591 
f 3593/3593/3593 3592/3592/3592 3594/3594/3594 
f 3595/3595/3595 3593/3593/3593 3594/3594/3594 
f 3595/3595/3595 3591/3591/3591 3593/3593/3593 
f 3591/3591/3591 3595/3595/3595 3596/3596/3596 
f 3596/3596/3596 3595/3595/3595 3597/3597/3597 
f 3598/3598/3598 3596/3596/3596 3597/3597/3597 
f 3599/3599/3599 3600/3600/3600 3601/3601/3601 
f 3601/3601/3601 3600/3600/3600 3602/3602/3602 
f 3599/3599/3599 3603/3603/3603 3604/3604/3604 
f 3603/3603/3603 3599/3599/3599 3601/3601/3601 
f 3601/3601/3601 3605/3605/3605 3603/3603/3603 
f 3606/3606/3606 3601/3601/3601 3602/3602/3602 
f 3607/3607/3607 3605/3605/3605 3601/3601/3601 
f 3601/3601/3601 3606/3606/3606 3607/3607/3607 
f 3608/3608/3608 3605/3605/3605 3607/3607/3607 
f 3608/3608/3608 3607/3607/3607 3609/3609/3609 
f 3607/3607/3607 3610/3610/3610 3609/3609/3609 
f 3606/3606/3606 3610/3610/3610 3607/3607/3607 
f 3602/3602/3602 3611/3611/3611 3606/3606/3606 
f 3612/3612/3612 3610/3610/3610 3606/3606/3606 
f 3610/3610/3610 3612/3612/3612 3613/3613/3613 
f 3614/3614/3614 3606/3606/3606 3611/3611/3611 
f 3611/3611/3611 3615/3615/3615 3614/3614/3614 
f 3606/3606/3606 3616/3616/3616 3612/3612/3612 
f 3606/3606/3606 3614/3614/3614 3616/3616/3616 
f 3613/3613/3613 3612/3612/3612 3617/3617/3617 
f 3617/3617/3617 3612/3612/3612 3616/3616/3616 
f 3617/3617/3617 3618/3618/3618 3613/3613/3613 
f 3619/3619/3619 3618/3618/3618 3617/3617/3617 
f 3619/3619/3619 3617/3617/3617 3616/3616/3616 
f 3620/3620/3620 3619/3619/3619 3616/3616/3616 
f 3616/3616/3616 3621/3621/3621 3620/3620/3620 
f 3622/3622/3622 3616/3616/3616 3614/3614/3614 
f 3616/3616/3616 3623/3623/3623 3621/3621/3621 
f 3623/3623/3623 3616/3616/3616 3622/3622/3622 
f 3621/3621/3621 3624/3624/3624 3625/3625/3625 
f 3624/3624/3624 3621/3621/3621 3623/3623/3623 
f 3624/3624/3624 3623/3623/3623 3626/3626/3626 
f 3627/3627/3627 3624/3624/3624 3626/3626/3626 
f 3623/3623/3623 3628/3628/3628 3626/3626/3626 
f 3614/3614/3614 3629/3629/3629 3622/3622/3622 
f 3622/3622/3622 3629/3629/3629 3623/3623/3623 
f 3628/3628/3628 3623/3623/3623 3629/3629/3629 
f 3629/3629/3629 3614/3614/3614 3615/3615/3615 
f 3615/3615/3615 3630/3630/3630 3629/3629/3629 
f 3629/3629/3629 3630/3630/3630 3631/3631/3631 
f 3629/3629/3629 3631/3631/3631 3632/3632/3632 
f 3628/3628/3628 3629/3629/3629 3633/3633/3633 
f 3629/3629/3629 3632/3632/3632 3633/3633/3633 
f 3634/3634/3634 3628/3628/3628 3633/3633/3633 
f 3633/3633/3633 3635/3635/3635 3634/3634/3634 
f 3635/3635/3635 3633/3633/3633 3632/3632/3632 
f 3632/3632/3632 3636/3636/3636 3635/3635/3635 
f 3637/3637/3637 3638/3638/3638 3639/3639/3639 
f 3640/3640/3640 3641/3641/3641 3642/3642/3642 
f 3643/3643/3643 3641/3641/3641 3640/3640/3640 
f 3644/3644/3644 3643/3643/3643 3640/3640/3640 
f 3644/3644/3644 3645/3645/3645 3643/3643/3643 
f 3645/3645/3645 3644/3644/3644 3646/3646/3646 
f 3647/3647/3647 3646/3646/3646 3644/3644/3644 
f 3647/3647/3647 3644/3644/3644 3648/3648/3648 
f 3648/3648/3648 3644/3644/3644 3649/3649/3649 
f 3650/3650/3650 3651/3651/3651 3652/3652/3652 
f 3653/3653/3653 3650/3650/3650 3652/3652/3652 
f 3652/3652/3652 3654/3654/3654 3653/3653/3653 
f 3654/3654/3654 3652/3652/3652 3651/3651/3651 
f 3655/3655/3655 3651/3651/3651 3650/3650/3650 
f 3655/3655/3655 3656/3656/3656 3651/3651/3651 
f 3657/3657/3657 3654/3654/3654 3658/3658/3658 
f 3654/3654/3654 3651/3651/3651 3658/3658/3658 
f 3651/3651/3651 3656/3656/3656 3659/3659/3659 
f 3660/3660/3660 3659/3659/3659 3656/3656/3656 
f 3659/3659/3659 3660/3660/3660 3661/3661/3661 
f 3661/3661/3661 3662/3662/3662 3659/3659/3659 
f 3663/3663/3663 3651/3651/3651 3659/3659/3659 
f 3663/3663/3663 3659/3659/3659 3662/3662/3662 
f 3651/3651/3651 3664/3664/3664 3658/3658/3658 
f 3664/3664/3664 3651/3651/3651 3663/3663/3663 
f 3658/3658/3658 3664/3664/3664 3665/3665/3665 
f 3664/3664/3664 3666/3666/3666 3665/3665/3665 
f 3667/3667/3667 3666/3666/3666 3664/3664/3664 
f 3663/3663/3663 3662/3662/3662 3668/3668/3668 
f 3663/3663/3663 3668/3668/3668 3664/3664/3664 
f 3664/3664/3664 3669/3669/3669 3667/3667/3667 
f 3662/3662/3662 3670/3670/3670 3668/3668/3668 
f 3669/3669/3669 3664/3664/3664 3671/3671/3671 
f 3672/3672/3672 3669/3669/3669 3671/3671/3671 
f 3664/3664/3664 3673/3673/3673 3671/3671/3671 
f 3673/3673/3673 3664/3664/3664 3668/3668/3668 
f 3671/3671/3671 3673/3673/3673 3674/3674/3674 
f 3670/3670/3670 3675/3675/3675 3668/3668/3668 
f 3675/3675/3675 3673/3673/3673 3668/3668/3668 
f 3674/3674/3674 3673/3673/3673 3676/3676/3676 
f 3673/3673/3673 3675/3675/3675 3676/3676/3676 
f 3677/3677/3677 3674/3674/3674 3676/3676/3676 
f 3677/3677/3677 3676/3676/3676 3678/3678/3678 
f 3676/3676/3676 3675/3675/3675 3678/3678/3678 
f 3675/3675/3675 3679/3679/3679 3678/3678/3678 
f 3675/3675/3675 3680/3680/3680 3679/3679/3679 
f 3681/3681/3681 3675/3675/3675 3670/3670/3670 
f 3675/3675/3675 3681/3681/3681 3680/3680/3680 
f 3680/3680/3680 3681/3681/3681 3682/3682/3682 
f 3670/3670/3670 3683/3683/3683 3681/3681/3681 
f 3681/3681/3681 3684/3684/3684 3682/3682/3682 
f 3683/3683/3683 3685/3685/3685 3681/3681/3681 
f 3685/3685/3685 3683/3683/3683 3686/3686/3686 
f 3687/3687/3687 3685/3685/3685 3686/3686/3686 
f 3685/3685/3685 3687/3687/3687 3688/3688/3688 
f 3689/3689/3689 3681/3681/3681 3685/3685/3685 
f 3681/3681/3681 3689/3689/3689 3684/3684/3684 
f 3685/3685/3685 3688/3688/3688 3689/3689/3689 
f 3690/3690/3690 3684/3684/3684 3689/3689/3689 
f 3691/3691/3691 3689/3689/3689 3688/3688/3688 
f 3691/3691/3691 3690/3690/3690 3689/3689/3689 
f 3692/3692/3692 3693/3693/3693 3694/3694/3694 
f 3695/3695/3695 3696/3696/3696 3697/3697/3697 
f 3698/3698/3698 3699/3699/3699 3700/3700/3700 
f 3701/3701/3701 3700/3700/3700 3699/3699/3699 
f 3702/3702/3702 3701/3701/3701 3699/3699/3699 
f 3701/3701/3701 3702/3702/3702 3703/3703/3703 
f 3699/3699/3699 3704/3704/3704 3702/3702/3702 
f 3698/3698/3698 3704/3704/3704 3699/3699/3699 
f 3704/3704/3704 3698/3698/3698 3705/3705/3705 
f 3704/3704/3704 3705/3705/3705 3706/3706/3706 
f 3707/3707/3707 3705/3705/3705 3698/3698/3698 
f 3706/3706/3706 3708/3708/3708 3704/3704/3704 
f 3708/3708/3708 3706/3706/3706 3709/3709/3709 
f 3710/3710/3710 3708/3708/3708 3709/3709/3709 
f 3711/3711/3711 3707/3707/3707 3698/3698/3698 
f 3711/3711/3711 3698/3698/3698 3700/3700/3700 
f 3707/3707/3707 3711/3711/3711 3712/3712/3712 
f 3712/3712/3712 3711/3711/3711 3713/3713/3713 
f 3713/3713/3713 3711/3711/3711 3714/3714/3714 
f 3700/3700/3700 3715/3715/3715 3711/3711/3711 
f 3711/3711/3711 3716/3716/3716 3714/3714/3714 
f 3717/3717/3717 3711/3711/3711 3715/3715/3715 
f 3711/3711/3711 3717/3717/3717 3716/3716/3716 
f 3717/3717/3717 3718/3718/3718 3716/3716/3716 
f 3717/3717/3717 3719/3719/3719 3718/3718/3718 
f 3720/3720/3720 3717/3717/3717 3715/3715/3715 
f 3717/3717/3717 3721/3721/3721 3719/3719/3719 
f 3722/3722/3722 3717/3717/3717 3720/3720/3720 
f 3721/3721/3721 3717/3717/3717 3722/3722/3722 
f 3720/3720/3720 3723/3723/3723 3722/3722/3722 
f 3724/3724/3724 3721/3721/3721 3725/3725/3725 
f 3726/3726/3726 3722/3722/3722 3723/3723/3723 
f 3723/3723/3723 3727/3727/3727 3726/3726/3726 
f 3722/3722/3722 3728/3728/3728 3721/3721/3721 
f 3721/3721/3721 3728/3728/3728 3725/3725/3725 
f 3722/3722/3722 3726/3726/3726 3728/3728/3728 
f 3729/3729/3729 3725/3725/3725 3728/3728/3728 
f 3730/3730/3730 3725/3725/3725 3729/3729/3729 
f 3728/3728/3728 3731/3731/3731 3729/3729/3729 
f 3731/3731/3731 3728/3728/3728 3726/3726/3726 
f 3729/3729/3729 3731/3731/3731 3732/3732/3732 
f 3732/3732/3732 3731/3731/3731 3733/3733/3733 
f 3731/3731/3731 3734/3734/3734 3733/3733/3733 
f 3731/3731/3731 3735/3735/3735 3734/3734/3734 
f 3731/3731/3731 3736/3736/3736 3735/3735/3735 
f 3736/3736/3736 3731/3731/3731 3737/3737/3737 
f 3726/3726/3726 3737/3737/3737 3731/3731/3731 
f 3738/3738/3738 3736/3736/3736 3737/3737/3737 
f 3726/3726/3726 3739/3739/3739 3737/3737/3737 
f 3737/3737/3737 3739/3739/3739 3740/3740/3740 
f 3740/3740/3740 3741/3741/3741 3737/3737/3737 
f 3739/3739/3739 3726/3726/3726 3742/3742/3742 
f 3727/3727/3727 3742/3742/3742 3726/3726/3726 
f 3742/3742/3742 3727/3727/3727 3743/3743/3743 
f 3743/3743/3743 3744/3744/3744 3742/3742/3742 
f 3742/3742/3742 3745/3745/3745 3739/3739/3739 
f 3745/3745/3745 3740/3740/3740 3739/3739/3739 
f 3745/3745/3745 3742/3742/3742 3744/3744/3744 
f 3740/3740/3740 3745/3745/3745 3746/3746/3746 
f 3744/3744/3744 3747/3747/3747 3745/3745/3745 
f 3747/3747/3747 3746/3746/3746 3745/3745/3745 
f 3747/3747/3747 3744/3744/3744 3748/3748/3748 
f 3749/3749/3749 3740/3740/3740 3746/3746/3746 
f 3746/3746/3746 3747/3747/3747 3749/3749/3749 
f 3749/3749/3749 3741/3741/3741 3740/3740/3740 
f 3741/3741/3741 3749/3749/3749 3750/3750/3750 
f 3751/3751/3751 3750/3750/3750 3749/3749/3749 
f 3751/3751/3751 3749/3749/3749 3752/3752/3752 
f 3747/3747/3747 1706/1706/1706 3749/3749/3749 
f 1706/1706/1706 3752/3752/3752 3749/3749/3749 
f 3748/3748/3748 3753/3753/3753 3747/3747/3747 
f 1706/1706/1706 3747/3747/3747 3753/3753/3753 
f 3748/3748/3748 1702/1702/1702 3753/3753/3753 
f 1706/1706/1706 1707/1707/1707 3752/3752/3752 
f 3752/3752/3752 1707/1707/1707 3754/3754/3754 
f 1704/1704/1704 3753/3753/3753 1702/1702/1702 
f 3753/3753/3753 1704/1704/1704 1706/1706/1706 
f 1107/1107/1107 1109/1109/1109 3755/3755/3755 
f 1107/1107/1107 3755/3755/3755 3756/3756/3756 
f 3757/3757/3757 3756/3756/3756 3755/3755/3755 
f 1109/1109/1109 3757/3757/3757 3755/3755/3755 
f 3756/3756/3756 3757/3757/3757 3758/3758/3758 
f 3757/3757/3757 3759/3759/3759 3758/3758/3758 
f 3759/3759/3759 3760/3760/3760 3758/3758/3758 
f 3760/3760/3760 3761/3761/3761 3762/3762/3762 
f 3761/3761/3761 3760/3760/3760 3759/3759/3759 
f 3763/3763/3763 3761/3761/3761 3759/3759/3759 
f 3761/3761/3761 3763/3763/3763 3764/3764/3764 
f 3763/3763/3763 3765/3765/3765 3764/3764/3764 
f 3765/3765/3765 3763/3763/3763 3766/3766/3766 
f 3767/3767/3767 3766/3766/3766 3763/3763/3763 
f 3767/3767/3767 3763/3763/3763 3759/3759/3759 
f 3767/3767/3767 3523/3523/3523 3766/3766/3766 
f 3759/3759/3759 3768/3768/3768 3767/3767/3767 
f 3757/3757/3757 3768/3768/3768 3759/3759/3759 
f 3768/3768/3768 3769/3769/3769 3767/3767/3767 
f 3757/3757/3757 3770/3770/3770 3768/3768/3768 
f 3770/3770/3770 3769/3769/3769 3768/3768/3768 
f 3757/3757/3757 1109/1109/1109 3770/3770/3770 
f 3771/3771/3771 3770/3770/3770 1109/1109/1109 
f 1109/1109/1109 1108/1108/1108 3771/3771/3771 
f 3771/3771/3771 3772/3772/3772 3770/3770/3770 
f 3770/3770/3770 3772/3772/3772 3769/3769/3769 
f 3773/3773/3773 3771/3771/3771 1108/1108/1108 
f 3771/3771/3771 3773/3773/3773 3772/3772/3772 
f 1083/1083/1083 3773/3773/3773 1108/1108/1108 
f 3774/3774/3774 3769/3769/3769 3772/3772/3772 
f 3773/3773/3773 3774/3774/3774 3772/3772/3772 
f 3775/3775/3775 3773/3773/3773 1083/1083/1083 
f 3773/3773/3773 3775/3775/3775 3774/3774/3774 
f 1082/1082/1082 3775/3775/3775 1083/1083/1083 
f 3776/3776/3776 3775/3775/3775 1082/1082/1082 
f 1089/1089/1089 3776/3776/3776 1082/1082/1082 
f 3775/3775/3775 3777/3777/3777 3774/3774/3774 
f 3775/3775/3775 3776/3776/3776 3777/3777/3777 
f 3769/3769/3769 3774/3774/3774 3778/3778/3778 
f 3774/3774/3774 3777/3777/3777 3778/3778/3778 
f 3778/3778/3778 3526/3526/3526 3769/3769/3769 
f 3526/3526/3526 3767/3767/3767 3769/3769/3769 
f 3526/3526/3526 3523/3523/3523 3767/3767/3767 
f 3777/3777/3777 3776/3776/3776 3779/3779/3779 
f 3779/3779/3779 3776/3776/3776 3780/3780/3780 
f 3777/3777/3777 3779/3779/3779 3781/3781/3781 
f 3778/3778/3778 3777/3777/3777 3781/3781/3781 
f 3782/3782/3782 3781/3781/3781 3779/3779/3779 
f 3781/3781/3781 3782/3782/3782 3529/3529/3529 
f 3781/3781/3781 3527/3527/3527 3778/3778/3778 
f 3527/3527/3527 3526/3526/3526 3778/3778/3778 
f 3781/3781/3781 3529/3529/3529 3527/3527/3527 
f 3783/3783/3783 3780/3780/3780 3776/3776/3776 
f 3776/3776/3776 1089/1089/1089 3783/3783/3783 
f 3780/3780/3780 3783/3783/3783 3784/3784/3784 
f 1089/1089/1089 3785/3785/3785 3783/3783/3783 
f 3785/3785/3785 3784/3784/3784 3783/3783/3783 
f 1084/1084/1084 3785/3785/3785 1089/1089/1089 
f 3785/3785/3785 1084/1084/1084 1093/1093/1093 
f 3784/3784/3784 3785/3785/3785 3786/3786/3786 
f 1093/1093/1093 1101/1101/1101 3785/3785/3785 
f 3787/3787/3787 3786/3786/3786 3785/3785/3785 
f 1101/1101/1101 3787/3787/3787 3785/3785/3785 
f 3787/3787/3787 3788/3788/3788 3786/3786/3786 
f 1101/1101/1101 1095/1095/1095 3787/3787/3787 
f 3787/3787/3787 3789/3789/3789 3788/3788/3788 
f 1095/1095/1095 3790/3790/3790 3787/3787/3787 
f 3790/3790/3790 3789/3789/3789 3787/3787/3787 
f 3791/3791/3791 3792/3792/3792 3793/3793/3793 
f 3794/3794/3794 3793/3793/3793 3792/3792/3792 
f 3794/3794/3794 3795/3795/3795 3793/3793/3793 
f 3796/3796/3796 3797/3797/3797 3798/3798/3798 
f 3799/3799/3799 3800/3800/3800 3801/3801/3801 
f 3800/3800/3800 3799/3799/3799 3802/3802/3802 
f 3800/3800/3800 3803/3803/3803 3801/3801/3801 
f 3801/3801/3801 3803/3803/3803 3804/3804/3804 
f 3805/3805/3805 3800/3800/3800 3802/3802/3802 
f 3800/3800/3800 3805/3805/3805 3803/3803/3803 
f 3806/3806/3806 3805/3805/3805 3802/3802/3802 
f 3807/3807/3807 3806/3806/3806 3802/3802/3802 
f 3808/3808/3808 3803/3803/3803 3805/3805/3805 
f 3808/3808/3808 3805/3805/3805 3806/3806/3806 
f 3803/3803/3803 3808/3808/3808 3804/3804/3804 
f 3807/3807/3807 3809/3809/3809 3806/3806/3806 
f 3809/3809/3809 3808/3808/3808 3806/3806/3806 
f 3809/3809/3809 3807/3807/3807 3810/3810/3810 
f 3810/3810/3810 3807/3807/3807 3811/3811/3811 
f 3810/3810/3810 3812/3812/3812 3809/3809/3809 
f 3808/3808/3808 3809/3809/3809 3812/3812/3812 
f 3813/3813/3813 3808/3808/3808 3812/3812/3812 
f 3814/3814/3814 3813/3813/3813 3812/3812/3812 
f 3814/3814/3814 3815/3815/3815 3813/3813/3813 
f 3814/3814/3814 3816/3816/3816 3815/3815/3815 
f 3808/3808/3808 3813/3813/3813 3817/3817/3817 
f 3815/3815/3815 3817/3817/3817 3813/3813/3813 
f 3817/3817/3817 3804/3804/3804 3808/3808/3808 
f 3818/3818/3818 3817/3817/3817 3815/3815/3815 
f 3817/3817/3817 3818/3818/3818 3804/3804/3804 
f 3819/3819/3819 3804/3804/3804 3818/3818/3818 
f 3804/3804/3804 3819/3819/3819 3820/3820/3820 
f 3819/3819/3819 3821/3821/3821 3820/3820/3820 
f 3818/3818/3818 3822/3822/3822 3819/3819/3819 
f 3821/3821/3821 3819/3819/3819 3822/3822/3822 
f 3822/3822/3822 3818/3818/3818 3823/3823/3823 
f 3823/3823/3823 3824/3824/3824 3822/3822/3822 
f 3825/3825/3825 3822/3822/3822 3824/3824/3824 
f 3822/3822/3822 3825/3825/3825 3821/3821/3821 
f 3824/3824/3824 3826/3826/3826 3825/3825/3825 
f 3825/3825/3825 3826/3826/3826 3821/3821/3821 
f 3826/3826/3826 3827/3827/3827 3821/3821/3821 
f 3827/3827/3827 3828/3828/3828 3821/3821/3821 
f 3826/3826/3826 3829/3829/3829 3827/3827/3827 
f 3827/3827/3827 3830/3830/3830 3828/3828/3828 
f 3830/3830/3830 3831/3831/3831 3828/3828/3828 
f 3827/3827/3827 3832/3832/3832 3830/3830/3830 
f 3829/3829/3829 3832/3832/3832 3827/3827/3827 
f 3832/3832/3832 3829/3829/3829 3833/3833/3833 
f 3834/3834/3834 3835/3835/3835 3836/3836/3836 
f 3837/3837/3837 3836/3836/3836 3835/3835/3835 
f 3835/3835/3835 3834/3834/3834 3838/3838/3838 
f 3834/3834/3834 3839/3839/3839 3838/3838/3838 
f 3835/3835/3835 3840/3840/3840 3837/3837/3837 
f 3837/3837/3837 3840/3840/3840 3841/3841/3841 
f 3838/3838/3838 3842/3842/3842 3835/3835/3835 
f 3842/3842/3842 3838/3838/3838 3843/3843/3843 
f 3842/3842/3842 3844/3844/3844 3835/3835/3835 
f 3835/3835/3835 3844/3844/3844 3840/3840/3840 
f 3843/3843/3843 3838/3838/3838 3845/3845/3845 
f 3839/3839/3839 3845/3845/3845 3838/3838/3838 
f 3846/3846/3846 3845/3845/3845 3839/3839/3839 
f 3847/3847/3847 3846/3846/3846 3839/3839/3839 
f 3844/3844/3844 3848/3848/3848 3840/3840/3840 
f 3848/3848/3848 3844/3844/3844 3849/3849/3849 
f 3849/3849/3849 3850/3850/3850 3848/3848/3848 
f 3851/3851/3851 3848/3848/3848 3850/3850/3850 
f 3851/3851/3851 3850/3850/3850 3852/3852/3852 
f 3853/3853/3853 3840/3840/3840 3848/3848/3848 
f 3848/3848/3848 3851/3851/3851 3853/3853/3853 
f 3854/3854/3854 3853/3853/3853 3851/3851/3851 
f 3853/3853/3853 3841/3841/3841 3840/3840/3840 
f 3841/3841/3841 3853/3853/3853 3855/3855/3855 
f 3856/3856/3856 3857/3857/3857 3858/3858/3858 
f 3857/3857/3857 3859/3859/3859 3858/3858/3858 
f 3856/3856/3856 3860/3860/3860 3857/3857/3857 
f 3861/3861/3861 3859/3859/3859 3857/3857/3857 
f 3859/3859/3859 3861/3861/3861 3862/3862/3862 
f 3857/3857/3857 3863/3863/3863 3861/3861/3861 
f 3860/3860/3860 3863/3863/3863 3857/3857/3857 
f 3860/3860/3860 3856/3856/3856 3864/3864/3864 
f 3864/3864/3864 3856/3856/3856 3865/3865/3865 
f 3864/3864/3864 3865/3865/3865 3866/3866/3866 
f 3867/3867/3867 3860/3860/3860 3864/3864/3864 
f 3860/3860/3860 3867/3867/3867 3868/3868/3868 
f 3867/3867/3867 3869/3869/3869 3868/3868/3868 
f 3867/3867/3867 3870/3870/3870 3869/3869/3869 
f 3860/3860/3860 3868/3868/3868 3871/3871/3871 
f 3863/3863/3863 3860/3860/3860 3871/3871/3871 
f 3872/3872/3872 3868/3868/3868 3869/3869/3869 
f 3872/3872/3872 3871/3871/3871 3868/3868/3868 
f 3870/3870/3870 3873/3873/3873 3869/3869/3869 
f 3873/3873/3873 3872/3872/3872 3869/3869/3869 
f 3873/3873/3873 3870/3870/3870 3874/3874/3874 
f 3875/3875/3875 3874/3874/3874 3870/3870/3870 
f 3872/3872/3872 3873/3873/3873 3876/3876/3876 
f 3876/3876/3876 3877/3877/3877 3872/3872/3872 
f 3871/3871/3871 3872/3872/3872 3877/3877/3877 
f 3878/3878/3878 3871/3871/3871 3879/3879/3879 
f 3871/3871/3871 3878/3878/3878 3863/3863/3863 
f 3863/3863/3863 3880/3880/3880 3881/3881/3881 
f 3882/3882/3882 3863/3863/3863 3881/3881/3881 
f 3883/3883/3883 3881/3881/3881 3880/3880/3880 
f 3881/3881/3881 3883/3883/3883 3884/3884/3884 
f 3880/3880/3880 3885/3885/3885 3883/3883/3883 
f 3884/3884/3884 3883/3883/3883 3886/3886/3886 
f 3882/3882/3882 3887/3887/3887 3863/3863/3863 
f 3888/3888/3888 3887/3887/3887 3882/3882/3882 
f 3863/3863/3863 3887/3887/3887 3861/3861/3861 
f 3861/3861/3861 3887/3887/3887 3889/3889/3889 
f 3890/3890/3890 3889/3889/3889 3887/3887/3887 
f 3883/3883/3883 3891/3891/3891 3886/3886/3886 
f 3891/3891/3891 3883/3883/3883 3885/3885/3885 
f 3892/3892/3892 3886/3886/3886 3891/3891/3891 
f 3885/3885/3885 3893/3893/3893 3891/3891/3891 
f 3892/3892/3892 3891/3891/3891 3894/3894/3894 
f 3895/3895/3895 3891/3891/3891 3893/3893/3893 
f 3891/3891/3891 3895/3895/3895 3896/3896/3896 
f 3895/3895/3895 3897/3897/3897 3896/3896/3896 
f 3891/3891/3891 3896/3896/3896 3898/3898/3898 
f 3894/3894/3894 3891/3891/3891 3898/3898/3898 
f 3894/3894/3894 3898/3898/3898 3899/3899/3899 
f 3898/3898/3898 3900/3900/3900 3899/3899/3899 
f 3898/3898/3898 3901/3901/3901 3900/3900/3900 
f 3895/3895/3895 3902/3902/3902 3897/3897/3897 
f 3903/3903/3903 3897/3897/3897 3902/3902/3902 
f 3895/3895/3895 3904/3904/3904 3902/3902/3902 
f 3902/3902/3902 3905/3905/3905 3903/3903/3903 
f 3905/3905/3905 3902/3902/3902 3904/3904/3904 
f 3906/3906/3906 3903/3903/3903 3905/3905/3905 
f 3907/3907/3907 3905/3905/3905 3904/3904/3904 
f 3905/3905/3905 3907/3907/3907 3908/3908/3908 
f 3907/3907/3907 3909/3909/3909 3908/3908/3908 
f 3908/3908/3908 3909/3909/3909 3910/3910/3910 
f 3911/3911/3911 3909/3909/3909 3907/3907/3907 
f 3912/3912/3912 3911/3911/3911 3907/3907/3907 
f 3913/3913/3913 3911/3911/3911 3912/3912/3912 
f 3914/3914/3914 3915/3915/3915 3916/3916/3916 
f 3917/3917/3917 3918/3918/3918 3919/3919/3919 
f 3918/3918/3918 3917/3917/3917 3920/3920/3920 
f 3921/3921/3921 3920/3920/3920 3917/3917/3917 
f 3919/3919/3919 3922/3922/3922 3917/3917/3917 
f 3917/3917/3917 3922/3922/3922 3923/3923/3923 
f 3923/3923/3923 3924/3924/3924 3917/3917/3917 
f 3923/3923/3923 3925/3925/3925 3924/3924/3924 
f 3708/3708/3708 3926/3926/3926 3927/3927/3927 
f 3927/3927/3927 3928/3928/3928 3708/3708/3708 
f 3708/3708/3708 3710/3710/3710 3926/3926/3926 
f 3926/3926/3926 3929/3929/3929 3927/3927/3927 
f 3926/3926/3926 3930/3930/3930 3929/3929/3929 
f 3931/3931/3931 3929/3929/3929 3930/3930/3930 
f 3926/3926/3926 3932/3932/3932 3930/3930/3930 
f 3926/3926/3926 3933/3933/3933 3932/3932/3932 
f 3934/3934/3934 3063/3063/3063 3064/3064/3064 
f 3054/3054/3054 3935/3935/3935 3055/3055/3055 
f 3064/3064/3064 3936/3936/3936 3934/3934/3934 
f 3936/3936/3936 3937/3937/3937 3934/3934/3934 
f 3938/3938/3938 3937/3937/3937 3936/3936/3936 
f 3938/3938/3938 3936/3936/3936 3939/3939/3939 
f 3064/3064/3064 3940/3940/3940 3936/3936/3936 
f 3936/3936/3936 3940/3940/3940 3939/3939/3939 
f 3055/3055/3055 3941/3941/3941 3064/3064/3064 
f 3940/3940/3940 3064/3064/3064 3941/3941/3941 
f 3941/3941/3941 3055/3055/3055 3935/3935/3935 
f 3939/3939/3939 3940/3940/3940 3942/3942/3942 
f 3940/3940/3940 3941/3941/3941 3942/3942/3942 
f 3943/3943/3943 3939/3939/3939 3942/3942/3942 
f 3944/3944/3944 3943/3943/3943 3942/3942/3942 
f 3942/3942/3942 3945/3945/3945 3944/3944/3944 
f 3942/3942/3942 3941/3941/3941 3945/3945/3945 
f 3946/3946/3946 3944/3944/3944 3945/3945/3945 
f 3946/3946/3946 3945/3945/3945 3947/3947/3947 
f 3948/3948/3948 3945/3945/3945 3941/3941/3941 
f 3949/3949/3949 3947/3947/3947 3945/3945/3945 
f 3945/3945/3945 3948/3948/3948 3949/3949/3949 
f 3947/3947/3947 3949/3949/3949 3950/3950/3950 
f 3947/3947/3947 3950/3950/3950 3951/3951/3951 
f 3951/3951/3951 3950/3950/3950 3952/3952/3952 
f 3950/3950/3950 3953/3953/3953 3952/3952/3952 
f 3954/3954/3954 3950/3950/3950 3949/3949/3949 
f 3949/3949/3949 3948/3948/3948 3954/3954/3954 
f 3950/3950/3950 3954/3954/3954 3955/3955/3955 
f 3956/3956/3956 3948/3948/3948 3941/3941/3941 
f 3957/3957/3957 3953/3953/3953 3950/3950/3950 
f 3957/3957/3957 3950/3950/3950 3955/3955/3955 
f 3941/3941/3941 3935/3935/3935 3956/3956/3956 
f 3953/3953/3953 3957/3957/3957 3958/3958/3958 
f 3957/3957/3957 3955/3955/3955 3959/3959/3959 
f 3959/3959/3959 3955/3955/3955 3954/3954/3954 
f 3959/3959/3959 3958/3958/3958 3957/3957/3957 
f 3953/3953/3953 3958/3958/3958 3960/3960/3960 
f 3953/3953/3953 3960/3960/3960 3961/3961/3961 
f 3961/3961/3961 3960/3960/3960 3962/3962/3962 
f 3958/3958/3958 3962/3962/3962 3960/3960/3960 
f 3963/3963/3963 3961/3961/3961 3962/3962/3962 
f 3963/3963/3963 3962/3962/3962 3964/3964/3964 
f 3965/3965/3965 3962/3962/3962 3958/3958/3958 
f 3966/3966/3966 3964/3964/3964 3962/3962/3962 
f 3958/3958/3958 3967/3967/3967 3965/3965/3965 
f 3958/3958/3958 3959/3959/3959 3967/3967/3967 
f 3962/3962/3962 3965/3965/3965 3968/3968/3968 
f 3966/3966/3966 3962/3962/3962 3968/3968/3968 
f 3964/3964/3964 3966/3966/3966 3969/3969/3969 
f 3970/3970/3970 3969/3969/3969 3966/3966/3966 
f 3966/3966/3966 3971/3971/3971 3970/3970/3970 
f 3971/3971/3971 3966/3966/3966 3968/3968/3968 
f 3964/3964/3964 3969/3969/3969 3972/3972/3972 
f 3969/3969/3969 3973/3973/3973 3972/3972/3972 
f 3972/3972/3972 3974/3974/3974 3964/3964/3964 
f 3972/3972/3972 3973/3973/3973 3975/3975/3975 
f 3975/3975/3975 3974/3974/3974 3972/3972/3972 
f 3971/3971/3971 3968/3968/3968 3976/3976/3976 
f 3976/3976/3976 3968/3968/3968 3965/3965/3965 
f 3976/3976/3976 3977/3977/3977 3971/3971/3971 
f 3977/3977/3977 3978/3978/3978 3971/3971/3971 
f 3979/3979/3979 3971/3971/3971 3978/3978/3978 
f 3979/3979/3979 3978/3978/3978 3980/3980/3980 
f 3979/3979/3979 3980/3980/3980 3981/3981/3981 
f 3981/3981/3981 3982/3982/3982 3979/3979/3979 
f 3982/3982/3982 3983/3983/3983 3979/3979/3979 
f 3978/3978/3978 3984/3984/3984 3985/3985/3985 
f 3978/3978/3978 3986/3986/3986 3984/3984/3984 
f 3978/3978/3978 3977/3977/3977 3986/3986/3986 
f 3987/3987/3987 3986/3986/3986 3977/3977/3977 
f 3988/3988/3988 3987/3987/3987 3977/3977/3977 
f 3989/3989/3989 3988/3988/3988 3977/3977/3977 
f 3989/3989/3989 3990/3990/3990 3988/3988/3988 
f 3977/3977/3977 3976/3976/3976 3989/3989/3989 
f 3976/3976/3976 3991/3991/3991 3989/3989/3989 
f 3991/3991/3991 3976/3976/3976 3992/3992/3992 
f 3976/3976/3976 3993/3993/3993 3992/3992/3992 
f 3993/3993/3993 3994/3994/3994 3992/3992/3992 
f 3965/3965/3965 3993/3993/3993 3976/3976/3976 
f 3995/3995/3995 3994/3994/3994 3993/3993/3993 
f 3995/3995/3995 3993/3993/3993 3965/3965/3965 
f 3994/3994/3994 3995/3995/3995 3996/3996/3996 
f 3996/3996/3996 3995/3995/3995 3997/3997/3997 
f 3995/3995/3995 3998/3998/3998 3997/3997/3997 
f 3998/3998/3998 3995/3995/3995 3999/3999/3999 
f 3965/3965/3965 4000/4000/4000 3995/3995/3995 
f 3999/3999/3999 3995/3995/3995 4000/4000/4000 
f 4000/4000/4000 4001/4001/4001 3999/3999/3999 
f 4000/4000/4000 4002/4002/4002 4001/4001/4001 
f 4000/4000/4000 3965/3965/3965 3967/3967/3967 
f 3967/3967/3967 4002/4002/4002 4000/4000/4000 
f 4002/4002/4002 3967/3967/3967 4003/4003/4003 
f 3967/3967/3967 4004/4004/4004 4003/4003/4003 
f 4004/4004/4004 3967/3967/3967 4005/4005/4005 
f 4004/4004/4004 4005/4005/4005 4006/4006/4006 
f 4005/4005/4005 3967/3967/3967 3959/3959/3959 
f 4007/4007/4007 4006/4006/4006 4005/4005/4005 
f 4006/4006/4006 4007/4007/4007 4008/4008/4008 
f 3959/3959/3959 4007/4007/4007 4005/4005/4005 
f 4007/4007/4007 3959/3959/3959 4009/4009/4009 
f 4009/4009/4009 4010/4010/4010 4007/4007/4007 
f 4010/4010/4010 4009/4009/4009 4011/4011/4011 
f 4012/4012/4012 4011/4011/4011 4009/4009/4009 
f 3959/3959/3959 4012/4012/4012 4009/4009/4009 
f 3959/3959/3959 4013/4013/4013 4012/4012/4012 
f 4012/4012/4012 4013/4013/4013 4014/4014/4014 
f 3959/3959/3959 4015/4015/4015 4013/4013/4013 
f 4015/4015/4015 4016/4016/4016 4013/4013/4013 
f 3954/3954/3954 4015/4015/4015 3959/3959/3959 
f 4016/4016/4016 4015/4015/4015 4017/4017/4017 
f 3948/3948/3948 4015/4015/4015 3954/3954/3954 
f 4017/4017/4017 4018/4018/4018 4019/4019/4019 
f 4015/4015/4015 4018/4018/4018 4017/4017/4017 
f 3948/3948/3948 4020/4020/4020 4015/4015/4015 
f 4020/4020/4020 3948/3948/3948 3956/3956/3956 
f 4015/4015/4015 4021/4021/4021 4018/4018/4018 
f 4022/4022/4022 4018/4018/4018 4021/4021/4021 
f 4021/4021/4021 4023/4023/4023 4022/4022/4022 
f 4015/4015/4015 4024/4024/4024 4021/4021/4021 
f 4024/4024/4024 4015/4015/4015 4020/4020/4020 
f 4021/4021/4021 4024/4024/4024 4025/4025/4025 
f 4026/4026/4026 4021/4021/4021 4025/4025/4025 
f 4024/4024/4024 4027/4027/4027 4025/4025/4025 
f 4027/4027/4027 4024/4024/4024 4020/4020/4020 
f 4027/4027/4027 4020/4020/4020 4028/4028/4028 
f 4029/4029/4029 4027/4027/4027 4028/4028/4028 
f 4030/4030/4030 4020/4020/4020 3956/3956/3956 
f 4020/4020/4020 4030/4030/4030 4028/4028/4028 
f 4028/4028/4028 4031/4031/4031 4032/4032/4032 
f 4028/4028/4028 4030/4030/4030 4031/4031/4031 
f 4031/4031/4031 4030/4030/4030 4033/4033/4033 
f 4034/4034/4034 4031/4031/4031 4033/4033/4033 
f 3956/3956/3956 3935/3935/3935 4030/4030/4030 
f 4030/4030/4030 4035/4035/4035 4033/4033/4033 
f 4036/4036/4036 4033/4033/4033 4035/4035/4035 
f 4035/4035/4035 4030/4030/4030 3935/3935/3935 
f 4037/4037/4037 4035/4035/4035 4038/4038/4038 
f 4035/4035/4035 3935/3935/3935 4038/4038/4038 
f 3935/3935/3935 4039/4039/4039 4038/4038/4038 
f 4040/4040/4040 4039/4039/4039 3935/3935/3935 
f 3935/3935/3935 4041/4041/4041 4040/4040/4040 
f 4040/4040/4040 4041/4041/4041 4042/4042/4042 
f 4043/4043/4043 4041/4041/4041 3935/3935/3935 
f 4041/4041/4041 4043/4043/4043 4044/4044/4044 
f 3935/3935/3935 4045/4045/4045 4043/4043/4043 
f 4046/4046/4046 4047/4047/4047 4048/4048/4048 
f 4046/4046/4046 4048/4048/4048 4049/4049/4049 
f 4050/4050/4050 4051/4051/4051 4052/4052/4052 
f 4051/4051/4051 4050/4050/4050 4053/4053/4053 
f 4052/4052/4052 4054/4054/4054 4050/4050/4050 
f 4055/4055/4055 4056/4056/4056 4057/4057/4057 
f 4056/4056/4056 4055/4055/4055 4058/4058/4058 
f 4057/4057/4057 4059/4059/4059 4060/4060/4060 
f 4061/4061/4061 4060/4060/4060 4059/4059/4059 
f 4057/4057/4057 4056/4056/4056 4062/4062/4062 
f 4059/4059/4059 4057/4057/4057 4062/4062/4062 
f 4056/4056/4056 4058/4058/4058 4063/4063/4063 
f 4058/4058/4058 4064/4064/4064 4063/4063/4063 
f 4056/4056/4056 4065/4065/4065 4062/4062/4062 
f 4065/4065/4065 4056/4056/4056 4066/4066/4066 
f 4066/4066/4066 4056/4056/4056 4063/4063/4063 
f 4067/4067/4067 4062/4062/4062 4065/4065/4065 
f 4062/4062/4062 4067/4067/4067 4059/4059/4059 
f 4064/4064/4064 4068/4068/4068 4063/4063/4063 
f 4064/4064/4064 4069/4069/4069 4068/4068/4068 
f 4068/4068/4068 4070/4070/4070 4063/4063/4063 
f 4063/4063/4063 4070/4070/4070 4066/4066/4066 
f 4071/4071/4071 4068/4068/4068 4069/4069/4069 
f 4071/4071/4071 4070/4070/4070 4068/4068/4068 
f 4071/4071/4071 4069/4069/4069 4072/4072/4072 
f 4069/4069/4069 4073/4073/4073 4072/4072/4072 
f 4072/4072/4072 4073/4073/4073 4074/4074/4074 
f 4074/4074/4074 4075/4075/4075 4072/4072/4072 
f 4075/4075/4075 4071/4071/4071 4072/4072/4072 
f 4075/4075/4075 4074/4074/4074 4076/4076/4076 
f 4076/4076/4076 4077/4077/4077 4075/4075/4075 
f 4078/4078/4078 4071/4071/4071 4075/4075/4075 
f 4071/4071/4071 4078/4078/4078 4070/4070/4070 
f 4079/4079/4079 4075/4075/4075 4077/4077/4077 
f 4075/4075/4075 4079/4079/4079 4078/4078/4078 
f 4079/4079/4079 4077/4077/4077 4080/4080/4080 
f 4080/4080/4080 4081/4081/4081 4079/4079/4079 
f 4079/4079/4079 4081/4081/4081 4082/4082/4082 
f 4082/4082/4082 4078/4078/4078 4079/4079/4079 
f 4083/4083/4083 4082/4082/4082 4081/4081/4081 
f 4082/4082/4082 4083/4083/4083 4084/4084/4084 
f 4082/4082/4082 4084/4084/4084 4085/4085/4085 
f 4086/4086/4086 4082/4082/4082 4085/4085/4085 
f 4085/4085/4085 4087/4087/4087 4086/4086/4086 
f 4088/4088/4088 4086/4086/4086 4087/4087/4087 
f 4088/4088/4088 4089/4089/4089 4086/4086/4086 
f 4086/4086/4086 4089/4089/4089 4090/4090/4090 
f 4078/4078/4078 4082/4082/4082 4091/4091/4091 
f 4086/4086/4086 4091/4091/4091 4082/4082/4082 
f 4091/4091/4091 4086/4086/4086 4090/4090/4090 
f 4091/4091/4091 4070/4070/4070 4078/4078/4078 
f 4070/4070/4070 4091/4091/4091 4066/4066/4066 
f 4090/4090/4090 4066/4066/4066 4091/4091/4091 
f 4092/4092/4092 4066/4066/4066 4090/4090/4090 
f 4066/4066/4066 4092/4092/4092 4065/4065/4065 
f 4092/4092/4092 4090/4090/4090 4093/4093/4093 
f 4094/4094/4094 4092/4092/4092 4093/4093/4093 
f 4094/4094/4094 4095/4095/4095 4092/4092/4092 
f 4065/4065/4065 4092/4092/4092 4067/4067/4067 
f 4092/4092/4092 4095/4095/4095 4096/4096/4096 
f 4097/4097/4097 4096/4096/4096 4095/4095/4095 
f 4097/4097/4097 4098/4098/4098 4096/4096/4096 
f 4099/4099/4099 4092/4092/4092 4096/4096/4096 
f 4092/4092/4092 4099/4099/4099 4067/4067/4067 
f 4100/4100/4100 4099/4099/4099 4096/4096/4096 
f 4100/4100/4100 4101/4101/4101 4099/4099/4099 
f 4067/4067/4067 4099/4099/4099 4102/4102/4102 
f 4103/4103/4103 4067/4067/4067 4102/4102/4102 
f 4067/4067/4067 4103/4103/4103 4104/4104/4104 
f 4105/4105/4105 4067/4067/4067 4104/4104/4104 
f 4104/4104/4104 4106/4106/4106 4105/4105/4105 
f 4106/4106/4106 4107/4107/4107 4105/4105/4105 
f 4059/4059/4059 4067/4067/4067 4105/4105/4105 
f 4107/4107/4107 4108/4108/4108 4105/4105/4105 
f 4109/4109/4109 4059/4059/4059 4105/4105/4105 
f 4109/4109/4109 4105/4105/4105 4108/4108/4108 
f 4108/4108/4108 4110/4110/4110 4109/4109/4109 
f 4059/4059/4059 4109/4109/4109 4061/4061/4061 
f 4110/4110/4110 4111/4111/4111 4109/4109/4109 
f 4109/4109/4109 4111/4111/4111 4112/4112/4112 
f 4111/4111/4111 4113/4113/4113 4112/4112/4112 
f 4112/4112/4112 4113/4113/4113 4114/4114/4114 
f 4112/4112/4112 4115/4115/4115 4109/4109/4109 
f 4061/4061/4061 4109/4109/4109 4115/4115/4115 
f 4112/4112/4112 4114/4114/4114 4115/4115/4115 
f 4115/4115/4115 4116/4116/4116 4061/4061/4061 
f 4114/4114/4114 4117/4117/4117 4115/4115/4115 
f 4114/4114/4114 4118/4118/4118 4117/4117/4117 
f 4119/4119/4119 4115/4115/4115 4117/4117/4117 
f 4120/4120/4120 4115/4115/4115 4119/4119/4119 
f 4116/4116/4116 4115/4115/4115 4120/4120/4120 
f 4116/4116/4116 4120/4120/4120 4121/4121/4121 
f 4122/4122/4122 4123/4123/4123 4124/4124/4124 
f 4124/4124/4124 4123/4123/4123 4125/4125/4125 
f 4122/4122/4122 4126/4126/4126 4123/4123/4123 
f 4126/4126/4126 4127/4127/4127 4123/4123/4123 
f 4127/4127/4127 4128/4128/4128 4123/4123/4123 
f 4129/4129/4129 4128/4128/4128 4127/4127/4127 
f 4130/4130/4130 4131/4131/4131 4132/4132/4132 
f 4131/4131/4131 4133/4133/4133 4132/4132/4132 
f 4130/4130/4130 4132/4132/4132 4134/4134/4134 
f 4135/4135/4135 4130/4130/4130 4134/4134/4134 
f 4136/4136/4136 4132/4132/4132 4133/4133/4133 
f 4133/4133/4133 4137/4137/4137 4136/4136/4136 
f 4138/4138/4138 4134/4134/4134 4132/4132/4132 
f 4136/4136/4136 4138/4138/4138 4132/4132/4132 
f 4137/4137/4137 4139/4139/4139 4136/4136/4136 
f 4138/4138/4138 4136/4136/4136 4140/4140/4140 
f 4139/4139/4139 4140/4140/4140 4136/4136/4136 
f 4134/4134/4134 4138/4138/4138 4141/4141/4141 
f 4138/4138/4138 4140/4140/4140 4141/4141/4141 
f 4139/4139/4139 4137/4137/4137 4142/4142/4142 
f 4139/4139/4139 4143/4143/4143 4140/4140/4140 
f 4143/4143/4143 4141/4141/4141 4140/4140/4140 
f 4139/4139/4139 4142/4142/4142 4144/4144/4144 
f 4143/4143/4143 4139/4139/4139 4145/4145/4145 
f 4145/4145/4145 4139/4139/4139 4144/4144/4144 
f 4142/4142/4142 4146/4146/4146 4144/4144/4144 
f 4147/4147/4147 4143/4143/4143 4145/4145/4145 
f 4145/4145/4145 4148/4148/4148 4147/4147/4147 
f 4145/4145/4145 4149/4149/4149 4148/4148/4148 
f 4147/4147/4147 4150/4150/4150 4143/4143/4143 
f 4149/4149/4149 4145/4145/4145 4151/4151/4151 
f 4151/4151/4151 4145/4145/4145 4144/4144/4144 
f 4143/4143/4143 4150/4150/4150 4152/4152/4152 
f 4153/4153/4153 4152/4152/4152 4150/4150/4150 
f 4141/4141/4141 4143/4143/4143 4152/4152/4152 
f 4153/4153/4153 4154/4154/4154 4152/4152/4152 
f 4152/4152/4152 4154/4154/4154 4141/4141/4141 
f 4144/4144/4144 4155/4155/4155 4151/4151/4151 
f 4155/4155/4155 4144/4144/4144 4146/4146/4146 
f 4151/4151/4151 4156/4156/4156 4157/4157/4157 
f 4151/4151/4151 4155/4155/4155 4156/4156/4156 
f 4156/4156/4156 4155/4155/4155 4158/4158/4158 
f 4158/4158/4158 4159/4159/4159 4156/4156/4156 
f 4155/4155/4155 4160/4160/4160 4158/4158/4158 
f 4161/4161/4161 4160/4160/4160 4155/4155/4155 
f 4161/4161/4161 4155/4155/4155 4146/4146/4146 
f 4146/4146/4146 4162/4162/4162 4161/4161/4161 
f 4163/4163/4163 4162/4162/4162 4146/4146/4146 
f 4154/4154/4154 4164/4164/4164 4165/4165/4165 
f 4165/4165/4165 4166/4166/4166 4154/4154/4154 
f 4141/4141/4141 4154/4154/4154 4166/4166/4166 
f 4166/4166/4166 4167/4167/4167 4141/4141/4141 
f 4167/4167/4167 4134/4134/4134 4141/4141/4141 
f 4168/4168/4168 4166/4166/4166 4169/4169/4169 
f 4166/4166/4166 4168/4168/4168 4167/4167/4167 
f 4167/4167/4167 4168/4168/4168 4170/4170/4170 
f 4170/4170/4170 4171/4171/4171 4167/4167/4167 
f 4171/4171/4171 4170/4170/4170 4172/4172/4172 
f 4167/4167/4167 4171/4171/4171 4173/4173/4173 
f 4134/4134/4134 4167/4167/4167 4135/4135/4135 
f 4167/4167/4167 4173/4173/4173 4135/4135/4135 
f 4135/4135/4135 4173/4173/4173 4174/4174/4174 
f 4173/4173/4173 4175/4175/4175 4174/4174/4174 
f 4176/4176/4176 4174/4174/4174 4175/4175/4175 
f 4177/4177/4177 4135/4135/4135 4174/4174/4174 
f 4135/4135/4135 4177/4177/4177 4178/4178/4178 
f 4179/4179/4179 4174/4174/4174 4180/4180/4180 
f 4174/4174/4174 4179/4179/4179 4177/4177/4177 
f 4179/4179/4179 4181/4181/4181 4177/4177/4177 
f 4182/4182/4182 4178/4178/4178 4177/4177/4177 
f 4181/4181/4181 4183/4183/4183 4177/4177/4177 
f 4177/4177/4177 4183/4183/4183 4182/4182/4182 
f 4184/4184/4184 4182/4182/4182 4183/4183/4183 
f 4184/4184/4184 4185/4185/4185 4182/4182/4182 
f 4185/4185/4185 4184/4184/4184 4186/4186/4186 
f 4185/4185/4185 4186/4186/4186 4187/4187/4187 
f 4188/4188/4188 4185/4185/4185 4187/4187/4187 
f 4189/4189/4189 4190/4190/4190 4191/4191/4191 
f 4191/4191/4191 4190/4190/4190 4192/4192/4192 
f 4193/4193/4193 4191/4191/4191 4192/4192/4192 
f 4191/4191/4191 4193/4193/4193 4194/4194/4194 
f 4192/4192/4192 4195/4195/4195 4193/4193/4193 
f 4192/4192/4192 4196/4196/4196 4195/4195/4195 
f 4197/4197/4197 4193/4193/4193 4195/4195/4195 
f 4197/4197/4197 4195/4195/4195 4196/4196/4196 
f 4193/4193/4193 4197/4197/4197 4198/4198/4198 
f 4197/4197/4197 4199/4199/4199 4198/4198/4198 
f 4197/4197/4197 4200/4200/4200 4199/4199/4199 
f 4201/4201/4201 4199/4199/4199 4200/4200/4200 
f 4197/4197/4197 4196/4196/4196 4202/4202/4202 
f 4200/4200/4200 4197/4197/4197 4202/4202/4202 
f 4196/4196/4196 4203/4203/4203 4202/4202/4202 
f 4203/4203/4203 4196/4196/4196 4204/4204/4204 
f 4205/4205/4205 4202/4202/4202 4203/4203/4203 
f 4200/4200/4200 4202/4202/4202 4206/4206/4206 
f 4202/4202/4202 4205/4205/4205 4206/4206/4206 
f 4201/4201/4201 4200/4200/4200 4206/4206/4206 
f 4206/4206/4206 4205/4205/4205 4207/4207/4207 
f 4205/4205/4205 4208/4208/4208 4207/4207/4207 
f 4209/4209/4209 4206/4206/4206 4207/4207/4207 
f 4209/4209/4209 4210/4210/4210 4206/4206/4206 
f 4206/4206/4206 4210/4210/4210 4201/4201/4201 
f 4210/4210/4210 4209/4209/4209 4211/4211/4211 
f 4211/4211/4211 4212/4212/4212 4210/4210/4210 
f 4201/4201/4201 4210/4210/4210 4213/4213/4213 
f 4201/4201/4201 4213/4213/4213 4214/4214/4214 
f 4214/4214/4214 4213/4213/4213 4215/4215/4215 
f 4214/4214/4214 4215/4215/4215 4216/4216/4216 
f 4214/4214/4214 4217/4217/4217 4201/4201/4201 
f 4214/4214/4214 4216/4216/4216 4218/4218/4218 
f 4216/4216/4216 4219/4219/4219 4218/4218/4218 
f 4220/4220/4220 4218/4218/4218 4219/4219/4219 
f 4220/4220/4220 4214/4214/4214 4218/4218/4218 
f 4217/4217/4217 4214/4214/4214 4220/4220/4220 
f 4221/4221/4221 4222/4222/4222 4220/4220/4220 
f 4220/4220/4220 4222/4222/4222 4217/4217/4217 
f 4223/4223/4223 4217/4217/4217 4222/4222/4222 
f 4217/4217/4217 4223/4223/4223 4224/4224/4224 
f 4224/4224/4224 4225/4225/4225 4217/4217/4217 
f 4217/4217/4217 4225/4225/4225 4226/4226/4226 
f 4227/4227/4227 4228/4228/4228 4229/4229/4229 
f 4230/4230/4230 4231/4231/4231 4232/4232/4232 
f 4231/4231/4231 4233/4233/4233 4232/4232/4232 
f 4234/4234/4234 4232/4232/4232 4233/4233/4233 
f 4233/4233/4233 4231/4231/4231 4235/4235/4235 
f 4231/4231/4231 4236/4236/4236 4235/4235/4235 
f 4234/4234/4234 4233/4233/4233 4237/4237/4237 
f 4238/4238/4238 4233/4233/4233 4235/4235/4235 
f 4236/4236/4236 4238/4238/4238 4235/4235/4235 
f 4238/4238/4238 4237/4237/4237 4233/4233/4233 
f 4237/4237/4237 4116/4116/4116 4234/4234/4234 
f 4236/4236/4236 4239/4239/4239 4238/4238/4238 
f 4236/4236/4236 4055/4055/4055 4239/4239/4239 
f 4238/4238/4238 4061/4061/4061 4237/4237/4237 
f 4116/4116/4116 4237/4237/4237 4061/4061/4061 
f 4239/4239/4239 4060/4060/4060 4238/4238/4238 
f 4061/4061/4061 4238/4238/4238 4060/4060/4060 
f 4057/4057/4057 4239/4239/4239 4055/4055/4055 
f 4239/4239/4239 4057/4057/4057 4060/4060/4060 
f 4240/4240/4240 4241/4241/4241 4242/4242/4242 
f 4243/4243/4243 4244/4244/4244 4245/4245/4245 
f 4243/4243/4243 4245/4245/4245 4246/4246/4246 
f 4247/4247/4247 4245/4245/4245 4244/4244/4244 
f 4247/4247/4247 4246/4246/4246 4245/4245/4245 
f 4244/4244/4244 4133/4133/4133 4131/4131/4131 
f 4131/4131/4131 4247/4247/4247 4244/4244/4244 
f 4246/4246/4246 4248/4248/4248 4249/4249/4249 
f 4248/4248/4248 4246/4246/4246 4250/4250/4250 
f 4246/4246/4246 4247/4247/4247 4250/4250/4250 
f 4250/4250/4250 4251/4251/4251 4248/4248/4248 
f 4251/4251/4251 4250/4250/4250 4252/4252/4252 
f 4252/4252/4252 4250/4250/4250 4247/4247/4247 
f 4253/4253/4253 4251/4251/4251 4252/4252/4252 
f 4252/4252/4252 4254/4254/4254 4253/4253/4253 
f 4254/4254/4254 4252/4252/4252 4247/4247/4247 
f 4254/4254/4254 4178/4178/4178 4253/4253/4253 
f 4247/4247/4247 4135/4135/4135 4254/4254/4254 
f 4178/4178/4178 4254/4254/4254 4135/4135/4135 
f 4131/4131/4131 4130/4130/4130 4247/4247/4247 
f 4135/4135/4135 4247/4247/4247 4130/4130/4130 
f 4255/4255/4255 4256/4256/4256 4257/4257/4257 
f 4256/4256/4256 4258/4258/4258 4257/4257/4257 
f 4255/4255/4255 4259/4259/4259 4256/4256/4256 
f 4255/4255/4255 4260/4260/4260 4259/4259/4259 
f 4258/4258/4258 4256/4256/4256 4244/4244/4244 
f 4244/4244/4244 4243/4243/4243 4258/4258/4258 
f 4260/4260/4260 4261/4261/4261 4259/4259/4259 
f 4262/4262/4262 4261/4261/4261 4260/4260/4260 
f 4256/4256/4256 4259/4259/4259 4263/4263/4263 
f 4261/4261/4261 4263/4263/4263 4259/4259/4259 
f 4262/4262/4262 4264/4264/4264 4261/4261/4261 
f 4261/4261/4261 4264/4264/4264 4263/4263/4263 
f 4264/4264/4264 4262/4262/4262 4265/4265/4265 
f 4133/4133/4133 4256/4256/4256 4263/4263/4263 
f 4256/4256/4256 4133/4133/4133 4244/4244/4244 
f 4137/4137/4137 4263/4263/4263 4264/4264/4264 
f 4133/4133/4133 4263/4263/4263 4137/4137/4137 
f 4265/4265/4265 4142/4142/4142 4264/4264/4264 
f 4264/4264/4264 4142/4142/4142 4137/4137/4137 
f 4266/4266/4266 4267/4267/4267 4265/4265/4265 
f 4268/4268/4268 4266/4266/4266 4265/4265/4265 
f 4268/4268/4268 4269/4269/4269 4266/4266/4266 
f 4142/4142/4142 4265/4265/4265 4267/4267/4267 
f 4269/4269/4269 4270/4270/4270 4266/4266/4266 
f 4267/4267/4267 4266/4266/4266 4270/4270/4270 
f 4146/4146/4146 4142/4142/4142 4267/4267/4267 
f 4163/4163/4163 4146/4146/4146 4267/4267/4267 
f 4267/4267/4267 4270/4270/4270 4271/4271/4271 
f 4270/4270/4270 4272/4272/4272 4271/4271/4271 
f 4267/4267/4267 4273/4273/4273 4163/4163/4163 
f 4273/4273/4273 4267/4267/4267 4271/4271/4271 
f 4273/4273/4273 4274/4274/4274 4163/4163/4163 
f 4275/4275/4275 4163/4163/4163 4274/4274/4274 
f 4273/4273/4273 4276/4276/4276 4274/4274/4274 
f 4273/4273/4273 4277/4277/4277 4276/4276/4276 
f 4271/4271/4271 4277/4277/4277 4273/4273/4273 
f 4277/4277/4277 4271/4271/4271 4278/4278/4278 
f 4271/4271/4271 4279/4279/4279 4278/4278/4278 
f 4271/4271/4271 4272/4272/4272 4279/4279/4279 
f 4280/4280/4280 4279/4279/4279 4272/4272/4272 
f 4279/4279/4279 4280/4280/4280 4281/4281/4281 
f 4282/4282/4282 4283/4283/4283 4284/4284/4284 
f 4283/4283/4283 4285/4285/4285 4284/4284/4284 
f 4285/4285/4285 4283/4283/4283 4286/4286/4286 
f 4284/4284/4284 4287/4287/4287 4282/4282/4282 
f 4285/4285/4285 4287/4287/4287 4284/4284/4284 
f 4288/4288/4288 4285/4285/4285 4286/4286/4286 
f 4286/4286/4286 4289/4289/4289 4288/4288/4288 
f 4287/4287/4287 4285/4285/4285 4290/4290/4290 
f 4291/4291/4291 4282/4282/4282 4287/4287/4287 
f 4285/4285/4285 4288/4288/4288 4292/4292/4292 
f 4292/4292/4292 4290/4290/4290 4285/4285/4285 
f 4288/4288/4288 4293/4293/4293 4292/4292/4292 
f 4294/4294/4294 4292/4292/4292 4293/4293/4293 
f 4290/4290/4290 4292/4292/4292 4294/4294/4294 
f 4295/4295/4295 4293/4293/4293 4288/4288/4288 
f 4296/4296/4296 4290/4290/4290 4294/4294/4294 
f 4296/4296/4296 4294/4294/4294 4297/4297/4297 
f 4290/4290/4290 4296/4296/4296 4298/4298/4298 
f 4298/4298/4298 4299/4299/4299 4290/4290/4290 
f 4299/4299/4299 4287/4287/4287 4290/4290/4290 
f 4298/4298/4298 4300/4300/4300 4299/4299/4299 
f 4301/4301/4301 4287/4287/4287 4299/4299/4299 
f 4301/4301/4301 4299/4299/4299 4300/4300/4300 
f 4287/4287/4287 4301/4301/4301 4291/4291/4291 
f 4300/4300/4300 4302/4302/4302 4301/4301/4301 
f 4302/4302/4302 4291/4291/4291 4301/4301/4301 
f 4302/4302/4302 4303/4303/4303 4291/4291/4291 
f 4302/4302/4302 4304/4304/4304 4303/4303/4303 
f 4305/4305/4305 4304/4304/4304 4302/4302/4302 
f 4306/4306/4306 4291/4291/4291 4303/4303/4303 
f 4307/4307/4307 4304/4304/4304 4305/4305/4305 
f 4303/4303/4303 4304/4304/4304 4306/4306/4306 
f 4304/4304/4304 4307/4307/4307 4308/4308/4308 
f 4291/4291/4291 4306/4306/4306 4282/4282/4282 
f 4309/4309/4309 4304/4304/4304 4308/4308/4308 
f 4304/4304/4304 4309/4309/4309 4306/4306/4306 
f 4310/4310/4310 4309/4309/4309 4308/4308/4308 
f 4282/4282/4282 4306/4306/4306 4311/4311/4311 
f 4306/4306/4306 4309/4309/4309 4311/4311/4311 
f 4311/4311/4311 4312/4312/4312 4282/4282/4282 
f 4311/4311/4311 4309/4309/4309 4312/4312/4312 
f 4313/4313/4313 4312/4312/4312 4309/4309/4309 
f 4310/4310/4310 4314/4314/4314 4309/4309/4309 
f 4309/4309/4309 4314/4314/4314 4313/4313/4313 
f 4315/4315/4315 4316/4316/4316 4289/4289/4289 
f 4316/4316/4316 4288/4288/4288 4289/4289/4289 
f 4288/4288/4288 4316/4316/4316 4295/4295/4295 
f 4289/4289/4289 4317/4317/4317 4315/4315/4315 
f 4295/4295/4295 4316/4316/4316 4318/4318/4318 
f 4315/4315/4315 4318/4318/4318 4316/4316/4316 
f 4318/4318/4318 4319/4319/4319 4295/4295/4295 
f 4319/4319/4319 4318/4318/4318 4320/4320/4320 
f 4320/4320/4320 4318/4318/4318 4315/4315/4315 
f 4321/4321/4321 4315/4315/4315 4317/4317/4317 
f 4317/4317/4317 4322/4322/4322 4321/4321/4321 
f 4323/4323/4323 4315/4315/4315 4321/4321/4321 
f 4315/4315/4315 4323/4323/4323 4320/4320/4320 
f 4323/4323/4323 4324/4324/4324 4320/4320/4320 
f 4325/4325/4325 4326/4326/4326 4327/4327/4327 
f 4328/4328/4328 4327/4327/4327 4326/4326/4326 
f 4326/4326/4326 4325/4325/4325 4329/4329/4329 
f 4325/4325/4325 4327/4327/4327 4330/4330/4330 
f 4327/4327/4327 4331/4331/4331 4330/4330/4330 
f 4332/4332/4332 4325/4325/4325 4330/4330/4330 
f 4325/4325/4325 4332/4332/4332 4333/4333/4333 
f 4334/4334/4334 4332/4332/4332 4330/4330/4330 
f 4335/4335/4335 4336/4336/4336 4337/4337/4337 
f 4338/4338/4338 4339/4339/4339 4340/4340/4340 
f 4341/4341/4341 4342/4342/4342 4343/4343/4343 
f 4344/4344/4344 4341/4341/4341 4343/4343/4343 
f 4345/4345/4345 4343/4343/4343 4342/4342/4342 
f 4343/4343/4343 4345/4345/4345 4344/4344/4344 
f 4342/4342/4342 4346/4346/4346 4345/4345/4345 
f 4345/4345/4345 4347/4347/4347 4344/4344/4344 
f 4346/4346/4346 4347/4347/4347 4345/4345/4345 
f 4348/4348/4348 4344/4344/4344 4347/4347/4347 
f 4347/4347/4347 4349/4349/4349 4348/4348/4348 
f 4348/4348/4348 4349/4349/4349 4350/4350/4350 
f 4349/4349/4349 4351/4351/4351 4350/4350/4350 
f 4349/4349/4349 4347/4347/4347 4351/4351/4351 
f 4352/4352/4352 4350/4350/4350 4351/4351/4351 
f 4347/4347/4347 4346/4346/4346 4353/4353/4353 
f 4351/4351/4351 4347/4347/4347 4353/4353/4353 
f 4354/4354/4354 4353/4353/4353 4346/4346/4346 
f 4352/4352/4352 4351/4351/4351 4355/4355/4355 
f 4355/4355/4355 4351/4351/4351 4353/4353/4353 
f 4352/4352/4352 4355/4355/4355 4356/4356/4356 
f 4356/4356/4356 4355/4355/4355 4357/4357/4357 
f 4355/4355/4355 4353/4353/4353 4358/4358/4358 
f 4354/4354/4354 4358/4358/4358 4353/4353/4353 
f 4355/4355/4355 4358/4358/4358 4357/4357/4357 
f 4358/4358/4358 4354/4354/4354 4359/4359/4359 
f 4357/4357/4357 4358/4358/4358 4359/4359/4359 
f 4359/4359/4359 4360/4360/4360 4357/4357/4357 
f 4359/4359/4359 4361/4361/4361 4360/4360/4360 
f 4362/4362/4362 4363/4363/4363 4364/4364/4364 
f 4365/4365/4365 4362/4362/4362 4364/4364/4364 
f 4366/4366/4366 4365/4365/4365 4364/4364/4364 
f 4367/4367/4367 4365/4365/4365 4366/4366/4366 
f 4367/4367/4367 4368/4368/4368 4365/4365/4365 
f 4369/4369/4369 4363/4363/4363 4362/4362/4362 
f 4363/4363/4363 4369/4369/4369 4370/4370/4370 
f 4370/4370/4370 4369/4369/4369 4371/4371/4371 
f 4362/4362/4362 4372/4372/4372 4369/4369/4369 
f 4362/4362/4362 4365/4365/4365 4372/4372/4372 
f 4371/4371/4371 4369/4369/4369 4373/4373/4373 
f 4369/4369/4369 4372/4372/4372 4373/4373/4373 
f 4374/4374/4374 4371/4371/4371 4373/4373/4373 
f 4372/4372/4372 4365/4365/4365 4375/4375/4375 
f 4365/4365/4365 4368/4368/4368 4375/4375/4375 
f 4372/4372/4372 4376/4376/4376 4373/4373/4373 
f 4372/4372/4372 4375/4375/4375 4376/4376/4376 
f 4377/4377/4377 4374/4374/4374 4373/4373/4373 
f 4376/4376/4376 4377/4377/4377 4373/4373/4373 
f 4377/4377/4377 4378/4378/4378 4374/4374/4374 
f 4377/4377/4377 4379/4379/4379 4378/4378/4378 
f 4368/4368/4368 4380/4380/4380 4375/4375/4375 
f 4380/4380/4380 4368/4368/4368 4381/4381/4381 
f 4381/4381/4381 4382/4382/4382 4380/4380/4380 
f 4376/4376/4376 4375/4375/4375 4383/4383/4383 
f 4376/4376/4376 4383/4383/4383 4377/4377/4377 
f 4380/4380/4380 4383/4383/4383 4375/4375/4375 
f 4379/4379/4379 4377/4377/4377 4384/4384/4384 
f 4385/4385/4385 4379/4379/4379 4384/4384/4384 
f 4385/4385/4385 4386/4386/4386 4379/4379/4379 
f 4377/4377/4377 4387/4387/4387 4384/4384/4384 
f 4385/4385/4385 4384/4384/4384 4387/4387/4387 
f 4387/4387/4387 4377/4377/4377 4383/4383/4383 
f 4387/4387/4387 4388/4388/4388 4385/4385/4385 
f 4389/4389/4389 4388/4388/4388 4387/4387/4387 
f 4382/4382/4382 4390/4390/4390 4389/4389/4389 
f 4383/4383/4383 4391/4391/4391 4387/4387/4387 
f 4391/4391/4391 4389/4389/4389 4387/4387/4387 
f 4389/4389/4389 4391/4391/4391 4382/4382/4382 
f 4391/4391/4391 4383/4383/4383 4380/4380/4380 
f 4391/4391/4391 4380/4380/4380 4382/4382/4382 
f 4392/4392/4392 4393/4393/4393 4394/4394/4394 
f 4395/4395/4395 4392/4392/4392 4394/4394/4394 
f 4396/4396/4396 4397/4397/4397 4398/4398/4398 
f 4396/4396/4396 4398/4398/4398 4399/4399/4399 
f 4400/4400/4400 4396/4396/4396 4399/4399/4399 
f 4401/4401/4401 4400/4400/4400 4399/4399/4399 
f 4399/4399/4399 4398/4398/4398 4402/4402/4402 
f 4401/4401/4401 4399/4399/4399 4403/4403/4403 
f 4399/4399/4399 4402/4402/4402 4403/4403/4403 
f 4404/4404/4404 4401/4401/4401 4403/4403/4403 
f 4405/4405/4405 4402/4402/4402 4398/4398/4398 
f 4404/4404/4404 4403/4403/4403 4406/4406/4406 
f 4402/4402/4402 4405/4405/4405 4407/4407/4407 
f 4407/4407/4407 4405/4405/4405 4408/4408/4408 
f 4407/4407/4407 4408/4408/4408 4409/4409/4409 
f 4403/4403/4403 4402/4402/4402 4410/4410/4410 
f 4410/4410/4410 4402/4402/4402 4407/4407/4407 
f 4406/4406/4406 4403/4403/4403 4410/4410/4410 
f 4411/4411/4411 4407/4407/4407 4409/4409/4409 
f 4410/4410/4410 4407/4407/4407 4411/4411/4411 
f 4412/4412/4412 4411/4411/4411 4409/4409/4409 
f 4412/4412/4412 4409/4409/4409 4413/4413/4413 
f 4414/4414/4414 4411/4411/4411 4412/4412/4412 
f 4410/4410/4410 4411/4411/4411 4415/4415/4415 
f 4415/4415/4415 4411/4411/4411 4414/4414/4414 
f 4406/4406/4406 4410/4410/4410 4415/4415/4415 
f 4416/4416/4416 4415/4415/4415 4414/4414/4414 
f 4415/4415/4415 4417/4417/4417 4406/4406/4406 
f 4417/4417/4417 4415/4415/4415 4416/4416/4416 
f 4418/4418/4418 4419/4419/4419 4420/4420/4420 
f 4419/4419/4419 4421/4421/4421 4420/4420/4420 
f 4422/4422/4422 4419/4419/4419 4418/4418/4418 
f 4423/4423/4423 4421/4421/4421 4419/4419/4419 
f 4423/4423/4423 4419/4419/4419 4422/4422/4422 
f 4423/4423/4423 4424/4424/4424 4421/4421/4421 
f 4425/4425/4425 4423/4423/4423 4422/4422/4422 
f 4425/4425/4425 4422/4422/4422 4426/4426/4426 
f 4424/4424/4424 4423/4423/4423 4427/4427/4427 
f 4428/4428/4428 4425/4425/4425 4426/4426/4426 
f 4429/4429/4429 4424/4424/4424 4427/4427/4427 
f 4428/4428/4428 4430/4430/4430 4425/4425/4425 
f 4430/4430/4430 4428/4428/4428 4431/4431/4431 
f 4432/4432/4432 4423/4423/4423 4425/4425/4425 
f 4427/4427/4427 4423/4423/4423 4432/4432/4432 
f 4430/4430/4430 4433/4433/4433 4425/4425/4425 
f 4425/4425/4425 4433/4433/4433 4432/4432/4432 
f 4433/4433/4433 4430/4430/4430 4434/4434/4434 
f 4435/4435/4435 4433/4433/4433 4434/4434/4434 
f 4433/4433/4433 4436/4436/4436 4432/4432/4432 
f 4427/4427/4427 4432/4432/4432 4436/4436/4436 
f 4433/4433/4433 4435/4435/4435 4436/4436/4436 
f 4435/4435/4435 4434/4434/4434 4437/4437/4437 
f 4427/4427/4427 4436/4436/4436 4438/4438/4438 
f 4429/4429/4429 4427/4427/4427 4438/4438/4438 
f 4435/4435/4435 4439/4439/4439 4436/4436/4436 
f 4439/4439/4439 4438/4438/4438 4436/4436/4436 
f 4429/4429/4429 4438/4438/4438 4440/4440/4440 
f 4439/4439/4439 4440/4440/4440 4438/4438/4438 
f 4429/4429/4429 4440/4440/4440 4441/4441/4441 
f 4440/4440/4440 4442/4442/4442 4441/4441/4441 
f 4440/4440/4440 4439/4439/4439 4442/4442/4442 
f 4435/4435/4435 4443/4443/4443 4439/4439/4439 
f 4443/4443/4443 4442/4442/4442 4439/4439/4439 
f 4442/4442/4442 4443/4443/4443 4444/4444/4444 
f 4444/4444/4444 4445/4445/4445 4442/4442/4442 
f 4443/4443/4443 4446/4446/4446 4444/4444/4444 
f 4435/4435/4435 4446/4446/4446 4443/4443/4443 
f 4446/4446/4446 4435/4435/4435 4437/4437/4437 
f 4446/4446/4446 4437/4437/4437 4447/4447/4447 
f 4447/4447/4447 4448/4448/4448 4446/4446/4446 
f 4448/4448/4448 4449/4449/4449 4446/4446/4446 
f 4448/4448/4448 4447/4447/4447 4450/4450/4450 
f 4451/4451/4451 4450/4450/4450 4447/4447/4447 
f 4450/4450/4450 4451/4451/4451 4452/4452/4452 
f 4450/4450/4450 4452/4452/4452 4453/4453/4453 
f 4450/4450/4450 4453/4453/4453 4448/4448/4448 
f 4454/4454/4454 4453/4453/4453 4452/4452/4452 
f 4455/4455/4455 4448/4448/4448 4453/4453/4453 
f 4454/4454/4454 4456/4456/4456 4453/4453/4453 
f 4455/4455/4455 4453/4453/4453 4456/4456/4456 
f 4456/4456/4456 4454/4454/4454 4457/4457/4457 
f 4458/4458/4458 4457/4457/4457 4454/4454/4454 
f 4457/4457/4457 4458/4458/4458 4459/4459/4459 
f 4460/4460/4460 4457/4457/4457 4459/4459/4459 
f 4457/4457/4457 4460/4460/4460 4456/4456/4456 
f 4461/4461/4461 4460/4460/4460 4459/4459/4459 
f 4462/4462/4462 4455/4455/4455 4456/4456/4456 
f 4462/4462/4462 4456/4456/4456 4460/4460/4460 
f 4462/4462/4462 4463/4463/4463 4455/4455/4455 
f 4448/4448/4448 4455/4455/4455 4463/4463/4463 
f 4460/4460/4460 4464/4464/4464 4462/4462/4462 
f 4464/4464/4464 4463/4463/4463 4462/4462/4462 
f 4463/4463/4463 4465/4465/4465 4448/4448/4448 
f 4463/4463/4463 4464/4464/4464 4465/4465/4465 
f 4449/4449/4449 4448/4448/4448 4465/4465/4465 
f 4460/4460/4460 4461/4461/4461 4466/4466/4466 
f 4466/4466/4466 4464/4464/4464 4460/4460/4460 
f 4466/4466/4466 4461/4461/4461 4467/4467/4467 
f 4467/4467/4467 4461/4461/4461 4468/4468/4468 
f 4466/4466/4466 4469/4469/4469 4464/4464/4464 
f 4464/4464/4464 4469/4469/4469 4465/4465/4465 
f 4467/4467/4467 4469/4469/4469 4466/4466/4466 
f 4468/4468/4468 4470/4470/4470 4467/4467/4467 
f 4469/4469/4469 4467/4467/4467 4471/4471/4471 
f 4470/4470/4470 4472/4472/4472 4467/4467/4467 
f 4471/4471/4471 4467/4467/4467 4472/4472/4472 
f 4473/4473/4473 4472/4472/4472 4470/4470/4470 
f 4472/4472/4472 4473/4473/4473 4474/4474/4474 
f 4471/4471/4471 4472/4472/4472 4474/4474/4474 
f 4475/4475/4475 4474/4474/4474 4473/4473/4473 
f 4469/4469/4469 4471/4471/4471 4476/4476/4476 
f 4476/4476/4476 4465/4465/4465 4469/4469/4469 
f 4474/4474/4474 4475/4475/4475 4477/4477/4477 
f 4477/4477/4477 4471/4471/4471 4474/4474/4474 
f 4477/4477/4477 4475/4475/4475 4478/4478/4478 
f 4478/4478/4478 4479/4479/4479 4477/4477/4477 
f 4477/4477/4477 4480/4480/4480 4471/4471/4471 
f 4480/4480/4480 4476/4476/4476 4471/4471/4471 
f 4480/4480/4480 4477/4477/4477 4479/4479/4479 
f 4465/4465/4465 4476/4476/4476 4481/4481/4481 
f 4480/4480/4480 4481/4481/4481 4476/4476/4476 
f 4449/4449/4449 4465/4465/4465 4481/4481/4481 
f 4479/4479/4479 4482/4482/4482 4480/4480/4480 
f 4481/4481/4481 4480/4480/4480 4482/4482/4482 
f 4482/4482/4482 4449/4449/4449 4481/4481/4481 
f 4483/4483/4483 4482/4482/4482 4479/4479/4479 
f 4483/4483/4483 4484/4484/4484 4482/4482/4482 
f 4449/4449/4449 4482/4482/4482 4484/4484/4484 
f 4485/4485/4485 4449/4449/4449 4484/4484/4484 
f 4486/4486/4486 4487/4487/4487 4488/4488/4488 
f 4489/4489/4489 4486/4486/4486 4490/4490/4490 
f 4488/4488/4488 4490/4490/4490 4486/4486/4486 
f 4488/4488/4488 4491/4491/4491 4490/4490/4490 
f 4492/4492/4492 4488/4488/4488 4487/4487/4487 
f 4487/4487/4487 4493/4493/4493 4492/4492/4492 
f 4494/4494/4494 4493/4493/4493 4495/4495/4495 
f 4493/4493/4493 4494/4494/4494 4492/4492/4492 
f 4494/4494/4494 4496/4496/4496 4492/4492/4492 
f 4492/4492/4492 4496/4496/4496 4497/4497/4497 
f 4488/4488/4488 4492/4492/4492 4498/4498/4498 
f 4492/4492/4492 4497/4497/4497 4498/4498/4498 
f 4491/4491/4491 4488/4488/4488 4499/4499/4499 
f 4498/4498/4498 4500/4500/4500 4488/4488/4488 
f 4501/4501/4501 4488/4488/4488 4500/4500/4500 
f 4497/4497/4497 4502/4502/4502 4498/4498/4498 
f 4498/4498/4498 4503/4503/4503 4500/4500/4500 
f 4502/4502/4502 4503/4503/4503 4498/4498/4498 
f 4504/4504/4504 4499/4499/4499 4500/4500/4500 
f 4504/4504/4504 4500/4500/4500 4503/4503/4503 
f 4502/4502/4502 4497/4497/4497 4505/4505/4505 
f 4506/4506/4506 4505/4505/4505 4497/4497/4497 
f 4505/4505/4505 4506/4506/4506 4507/4507/4507 
f 4502/4502/4502 4505/4505/4505 4508/4508/4508 
f 4507/4507/4507 4508/4508/4508 4505/4505/4505 
f 4503/4503/4503 4502/4502/4502 4508/4508/4508 
f 4507/4507/4507 4509/4509/4509 4508/4508/4508 
f 4503/4503/4503 4508/4508/4508 4509/4509/4509 
f 4509/4509/4509 4507/4507/4507 4510/4510/4510 
f 4511/4511/4511 4509/4509/4509 4510/4510/4510 
f 4511/4511/4511 4512/4512/4512 4509/4509/4509 
f 4513/4513/4513 4514/4514/4514 4512/4512/4512 
f 4514/4514/4514 4515/4515/4515 4512/4512/4512 
f 4515/4515/4515 4514/4514/4514 4516/4516/4516 
f 4512/4512/4512 4517/4517/4517 4509/4509/4509 
f 4517/4517/4517 4512/4512/4512 4515/4515/4515 
f 4518/4518/4518 4509/4509/4509 4517/4517/4517 
f 4509/4509/4509 4518/4518/4518 4503/4503/4503 
f 4517/4517/4517 4515/4515/4515 4519/4519/4519 
f 4516/4516/4516 4519/4519/4519 4515/4515/4515 
f 4517/4517/4517 4519/4519/4519 4518/4518/4518 
f 4520/4520/4520 4503/4503/4503 4518/4518/4518 
f 4519/4519/4519 4520/4520/4520 4518/4518/4518 
f 4503/4503/4503 4520/4520/4520 4504/4504/4504 
f 4499/4499/4499 4504/4504/4504 4520/4520/4520 
f 4519/4519/4519 4516/4516/4516 4521/4521/4521 
f 4516/4516/4516 4522/4522/4522 4521/4521/4521 
f 4519/4519/4519 4523/4523/4523 4520/4520/4520 
f 4520/4520/4520 4523/4523/4523 4499/4499/4499 
f 4523/4523/4523 4519/4519/4519 4521/4521/4521 
f 4522/4522/4522 4524/4524/4524 4521/4521/4521 
f 4521/4521/4521 4524/4524/4524 4523/4523/4523 
f 4524/4524/4524 4522/4522/4522 4525/4525/4525 
f 4499/4499/4499 4523/4523/4523 4526/4526/4526 
f 4523/4523/4523 4524/4524/4524 4526/4526/4526 
f 4491/4491/4491 4499/4499/4499 4526/4526/4526 
f 4524/4524/4524 4525/4525/4525 4526/4526/4526 
f 4527/4527/4527 4491/4491/4491 4526/4526/4526 
f 4525/4525/4525 4527/4527/4527 4526/4526/4526 
f 4527/4527/4527 4525/4525/4525 4528/4528/4528 
f 4529/4529/4529 4528/4528/4528 4525/4525/4525 
f 4530/4530/4530 4529/4529/4529 4525/4525/4525 
f 4528/4528/4528 4529/4529/4529 4531/4531/4531 
f 4532/4532/4532 4528/4528/4528 4531/4531/4531 
f 4533/4533/4533 4532/4532/4532 4531/4531/4531 
f 4534/4534/4534 4532/4532/4532 4533/4533/4533 
f 4533/4533/4533 4531/4531/4531 4535/4535/4535 
f 4535/4535/4535 4531/4531/4531 4529/4529/4529 
f 4535/4535/4535 4536/4536/4536 4533/4533/4533 
f 4537/4537/4537 4536/4536/4536 4535/4535/4535 
f 4536/4536/4536 4537/4537/4537 4538/4538/4538 
f 4538/4538/4538 4537/4537/4537 4539/4539/4539 
f 4540/4540/4540 4537/4537/4537 4535/4535/4535 
f 4540/4540/4540 4535/4535/4535 4529/4529/4529 
f 4541/4541/4541 4539/4539/4539 4537/4537/4537 
f 4539/4539/4539 4541/4541/4541 4542/4542/4542 
f 4543/4543/4543 4539/4539/4539 4542/4542/4542 
f 4544/4544/4544 4541/4541/4541 4537/4537/4537 
f 4544/4544/4544 4537/4537/4537 4540/4540/4540 
f 4545/4545/4545 4542/4542/4542 4541/4541/4541 
f 4544/4544/4544 4545/4545/4545 4541/4541/4541 
f 4545/4545/4545 4546/4546/4546 4542/4542/4542 
f 4545/4545/4545 4547/4547/4547 4546/4546/4546 
f 4545/4545/4545 4544/4544/4544 4547/4547/4547 
f 4547/4547/4547 4548/4548/4548 4546/4546/4546 
f 4547/4547/4547 4549/4549/4549 4548/4548/4548 
f 4544/4544/4544 4540/4540/4540 4550/4550/4550 
f 4550/4550/4550 4547/4547/4547 4544/4544/4544 
f 4529/4529/4529 4550/4550/4550 4540/4540/4540 
f 4547/4547/4547 4551/4551/4551 4549/4549/4549 
f 4547/4547/4547 4550/4550/4550 4551/4551/4551 
f 4552/4552/4552 4549/4549/4549 4551/4551/4551 
f 4550/4550/4550 4529/4529/4529 4553/4553/4553 
f 4550/4550/4550 4553/4553/4553 4551/4551/4551 
f 4551/4551/4551 4553/4553/4553 4552/4552/4552 
f 4553/4553/4553 4529/4529/4529 4554/4554/4554 
f 4553/4553/4553 4554/4554/4554 4552/4552/4552 
f 4555/4555/4555 4556/4556/4556 4557/4557/4557 
f 4558/4558/4558 4555/4555/4555 4557/4557/4557 
f 4557/4557/4557 4559/4559/4559 4558/4558/4558 
f 4560/4560/4560 4557/4557/4557 4556/4556/4556 
f 4559/4559/4559 4557/4557/4557 4560/4560/4560 
f 4556/4556/4556 4561/4561/4561 4560/4560/4560 
f 4562/4562/4562 4560/4560/4560 4561/4561/4561 
f 4560/4560/4560 4562/4562/4562 4559/4559/4559 
f 4561/4561/4561 4563/4563/4563 4562/4562/4562 
f 4563/4563/4563 4564/4564/4564 4562/4562/4562 
f 4562/4562/4562 4564/4564/4564 4565/4565/4565 
f 4565/4565/4565 4566/4566/4566 4562/4562/4562 
f 4566/4566/4566 4559/4559/4559 4562/4562/4562 
f 4559/4559/4559 4566/4566/4566 4567/4567/4567 
f 4568/4568/4568 4569/4569/4569 4570/4570/4570 
f 4571/4571/4571 4570/4570/4570 4569/4569/4569 
f 4570/4570/4570 4571/4571/4571 4572/4572/4572 
f 4568/4568/4568 4570/4570/4570 4573/4573/4573 
f 4573/4573/4573 4570/4570/4570 4574/4574/4574 
f 4575/4575/4575 4574/4574/4574 4570/4570/4570 
f 4576/4576/4576 4575/4575/4575 4570/4570/4570 
f 4577/4577/4577 4578/4578/4578 4579/4579/4579 
f 4578/4578/4578 4577/4577/4577 4580/4580/4580 
f 4581/4581/4581 4580/4580/4580 4577/4577/4577 
f 4577/4577/4577 4582/4582/4582 4581/4581/4581 
f 4577/4577/4577 4583/4583/4583 4582/4582/4582 
f 4577/4577/4577 4584/4584/4584 4583/4583/4583 
f 4584/4584/4584 4577/4577/4577 4585/4585/4585 
f 4584/4584/4584 4586/4586/4586 4583/4583/4583 
f 4586/4586/4586 4584/4584/4584 4587/4587/4587 
f 4588/4588/4588 4587/4587/4587 4584/4584/4584 
f 4584/4584/4584 4589/4589/4589 4588/4588/4588 
f 4589/4589/4589 4590/4590/4590 4588/4588/4588 
f 4589/4589/4589 4591/4591/4591 4590/4590/4590 
f 4592/4592/4592 4590/4590/4590 4591/4591/4591 
f 4591/4591/4591 4593/4593/4593 4592/4592/4592 
f 4591/4591/4591 4594/4594/4594 4593/4593/4593 
f 4595/4595/4595 4593/4593/4593 4594/4594/4594 
f 4594/4594/4594 4596/4596/4596 4595/4595/4595 
f 4596/4596/4596 4597/4597/4597 4595/4595/4595 
f 4597/4597/4597 4596/4596/4596 4598/4598/4598 
f 4599/4599/4599 4597/4597/4597 4598/4598/4598 
f 4600/4600/4600 4599/4599/4599 4598/4598/4598 
f 4599/4599/4599 4600/4600/4600 4601/4601/4601 
f 4599/4599/4599 4601/4601/4601 4602/4602/4602 
f 4600/4600/4600 4603/4603/4603 4601/4601/4601 
f 4603/4603/4603 4602/4602/4602 4601/4601/4601 
f 4604/4604/4604 4602/4602/4602 4603/4603/4603 
f 4603/4603/4603 4605/4605/4605 4604/4604/4604 
f 4605/4605/4605 4606/4606/4606 4604/4604/4604 
f 4606/4606/4606 4605/4605/4605 4607/4607/4607 
f 4607/4607/4607 4605/4605/4605 4608/4608/4608 
f 4607/4607/4607 4608/4608/4608 4609/4609/4609 
f 4610/4610/4610 4607/4607/4607 4609/4609/4609 
f 4609/4609/4609 4611/4611/4611 4610/4610/4610 
f 4612/4612/4612 4613/4613/4613 4614/4614/4614 
f 4612/4612/4612 4615/4615/4615 4613/4613/4613 
f 4613/4613/4613 4616/4616/4616 4614/4614/4614 
f 4617/4617/4617 4612/4612/4612 4614/4614/4614 
f 4618/4618/4618 4617/4617/4617 4614/4614/4614 
f 4618/4618/4618 4614/4614/4614 4619/4619/4619 
f 4620/4620/4620 4617/4617/4617 4618/4618/4618 
f 4621/4621/4621 4618/4618/4618 4619/4619/4619 
f 4618/4618/4618 4621/4621/4621 4620/4620/4620 
f 4620/4620/4620 4621/4621/4621 4622/4622/4622 
f 4622/4622/4622 4623/4623/4623 4620/4620/4620 
f 4624/4624/4624 4625/4625/4625 4626/4626/4626 
f 4626/4626/4626 4625/4625/4625 4627/4627/4627 
f 4625/4625/4625 4624/4624/4624 4628/4628/4628 
f 4626/4626/4626 4627/4627/4627 4629/4629/4629 
f 4629/4629/4629 4627/4627/4627 4630/4630/4630 
f 4631/4631/4631 4629/4629/4629 4630/4630/4630 
f 4629/4629/4629 4632/4632/4632 4626/4626/4626 
f 4632/4632/4632 4629/4629/4629 4631/4631/4631 
f 4632/4632/4632 4624/4624/4624 4626/4626/4626 
f 4632/4632/4632 4631/4631/4631 4633/4633/4633 
f 4633/4633/4633 4624/4624/4624 4632/4632/4632 
f 4624/4624/4624 4633/4633/4633 4634/4634/4634 
f 4624/4624/4624 4634/4634/4634 4635/4635/4635 
f 4631/4631/4631 4636/4636/4636 4633/4633/4633 
f 4636/4636/4636 4637/4637/4637 4633/4633/4633 
f 4638/4638/4638 4636/4636/4636 4631/4631/4631 
f 4636/4636/4636 4639/4639/4639 4637/4637/4637 
f 4638/4638/4638 4640/4640/4640 4636/4636/4636 
f 4636/4636/4636 4640/4640/4640 4639/4639/4639 
f 4635/4635/4635 4641/4641/4641 4624/4624/4624 
f 4641/4641/4641 4628/4628/4628 4624/4624/4624 
f 4628/4628/4628 4641/4641/4641 4642/4642/4642 
f 4643/4643/4643 4642/4642/4642 4641/4641/4641 
f 4644/4644/4644 4641/4641/4641 4635/4635/4635 
f 4641/4641/4641 4645/4645/4645 4643/4643/4643 
f 4645/4645/4645 4641/4641/4641 4644/4644/4644 
f 4646/4646/4646 4643/4643/4643 4645/4645/4645 
f 4635/4635/4635 4647/4647/4647 4644/4644/4644 
f 4648/4648/4648 4646/4646/4646 4645/4645/4645 
f 4649/4649/4649 4646/4646/4646 4648/4648/4648 
f 4650/4650/4650 4649/4649/4649 4648/4648/4648 
f 4645/4645/4645 4651/4651/4651 4648/4648/4648 
f 4648/4648/4648 4651/4651/4651 4650/4650/4650 
f 4644/4644/4644 4651/4651/4651 4645/4645/4645 
f 4652/4652/4652 4650/4650/4650 4651/4651/4651 
f 4653/4653/4653 4644/4644/4644 4647/4647/4647 
f 4644/4644/4644 4653/4653/4653 4651/4651/4651 
f 4651/4651/4651 4654/4654/4654 4652/4652/4652 
f 4654/4654/4654 4651/4651/4651 4653/4653/4653 
f 4655/4655/4655 4652/4652/4652 4654/4654/4654 
f 4656/4656/4656 4654/4654/4654 4653/4653/4653 
f 4655/4655/4655 4654/4654/4654 4656/4656/4656 
f 4657/4657/4657 4653/4653/4653 4647/4647/4647 
f 4656/4656/4656 4653/4653/4653 4657/4657/4657 
f 4658/4658/4658 4655/4655/4655 4656/4656/4656 
f 4656/4656/4656 4657/4657/4657 4658/4658/4658 
f 4659/4659/4659 4655/4655/4655 4658/4658/4658 
f 4659/4659/4659 4658/4658/4658 4660/4660/4660 
f 4661/4661/4661 4660/4660/4660 4658/4658/4658 
f 4658/4658/4658 4657/4657/4657 4661/4661/4661 
f 4662/4662/4662 4657/4657/4657 4647/4647/4647 
f 4661/4661/4661 4657/4657/4657 4662/4662/4662 
f 4647/4647/4647 4663/4663/4663 4662/4662/4662 
f 4664/4664/4664 4661/4661/4661 4662/4662/4662 
f 4662/4662/4662 4663/4663/4663 4664/4664/4664 
f 4661/4661/4661 4664/4664/4664 4665/4665/4665 
f 4664/4664/4664 4663/4663/4663 4666/4666/4666 
f 4667/4667/4667 4664/4664/4664 4666/4666/4666 
f 4668/4668/4668 4669/4669/4669 4670/4670/4670 
f 4668/4668/4668 4670/4670/4670 4671/4671/4671 
f 4669/4669/4669 4672/4672/4672 4670/4670/4670 
f 4672/4672/4672 4669/4669/4669 4673/4673/4673 
f 4672/4672/4672 4674/4674/4674 4670/4670/4670 
f 4673/4673/4673 4675/4675/4675 4672/4672/4672 
f 4672/4672/4672 4675/4675/4675 4674/4674/4674 
f 4676/4676/4676 4670/4670/4670 4674/4674/4674 
f 4670/4670/4670 4676/4676/4676 4671/4671/4671 
f 4675/4675/4675 4676/4676/4676 4674/4674/4674 
f 4677/4677/4677 4675/4675/4675 4673/4673/4673 
f 4673/4673/4673 4678/4678/4678 4677/4677/4677 
f 4675/4675/4675 4677/4677/4677 4679/4679/4679 
f 4677/4677/4677 4678/4678/4678 4680/4680/4680 
f 4675/4675/4675 4681/4681/4681 4676/4676/4676 
f 4679/4679/4679 4681/4681/4681 4675/4675/4675 
f 4676/4676/4676 4681/4681/4681 4682/4682/4682 
f 4683/4683/4683 4682/4682/4682 4681/4681/4681 
f 4684/4684/4684 4683/4683/4683 4681/4681/4681 
f 4681/4681/4681 4679/4679/4679 4684/4684/4684 
f 4685/4685/4685 4676/4676/4676 4682/4682/4682 
f 4686/4686/4686 4684/4684/4684 4679/4679/4679 
f 4687/4687/4687 4679/4679/4679 4677/4677/4677 
f 4687/4687/4687 4686/4686/4686 4679/4679/4679 
f 4680/4680/4680 4687/4687/4687 4677/4677/4677 
f 4686/4686/4686 4687/4687/4687 4688/4688/4688 
f 4687/4687/4687 4689/4689/4689 4688/4688/4688 
f 4687/4687/4687 4680/4680/4680 4689/4689/4689 
f 4690/4690/4690 4689/4689/4689 4680/4680/4680 
f 4676/4676/4676 4685/4685/4685 4691/4691/4691 
f 4676/4676/4676 4691/4691/4691 4671/4671/4671 
f 4691/4691/4691 4692/4692/4692 4671/4671/4671 
f 4691/4691/4691 4693/4693/4693 4692/4692/4692 
f 4691/4691/4691 4685/4685/4685 4693/4693/4693 
f 4693/4693/4693 4685/4685/4685 4694/4694/4694 
f 4680/4680/4680 4695/4695/4695 4690/4690/4690 
f 4696/4696/4696 4690/4690/4690 4695/4695/4695 
f 4695/4695/4695 4680/4680/4680 4697/4697/4697 
f 4697/4697/4697 4680/4680/4680 4678/4678/4678 
f 4698/4698/4698 4696/4696/4696 4695/4695/4695 
f 4698/4698/4698 4699/4699/4699 4696/4696/4696 
f 4697/4697/4697 4700/4700/4700 4695/4695/4695 
f 4698/4698/4698 4695/4695/4695 4700/4700/4700 
f 4701/4701/4701 4699/4699/4699 4698/4698/4698 
f 4697/4697/4697 4678/4678/4678 4702/4702/4702 
f 4678/4678/4678 4703/4703/4703 4702/4702/4702 
f 4702/4702/4702 4704/4704/4704 4697/4697/4697 
f 4700/4700/4700 4697/4697/4697 4704/4704/4704 
f 4705/4705/4705 4702/4702/4702 4703/4703/4703 
f 4702/4702/4702 4705/4705/4705 4704/4704/4704 
f 4704/4704/4704 4705/4705/4705 4700/4700/4700 
f 4703/4703/4703 4706/4706/4706 4705/4705/4705 
f 4707/4707/4707 4698/4698/4698 4700/4700/4700 
f 4708/4708/4708 4701/4701/4701 4698/4698/4698 
f 4707/4707/4707 4708/4708/4708 4698/4698/4698 
f 4708/4708/4708 4709/4709/4709 4701/4701/4701 
f 4708/4708/4708 4710/4710/4710 4709/4709/4709 
f 4707/4707/4707 4711/4711/4711 4708/4708/4708 
f 4708/4708/4708 4711/4711/4711 4710/4710/4710 
f 4711/4711/4711 4707/4707/4707 4700/4700/4700 
f 4700/4700/4700 4705/4705/4705 4711/4711/4711 
f 4712/4712/4712 4710/4710/4710 4711/4711/4711 
f 4705/4705/4705 4713/4713/4713 4711/4711/4711 
f 4712/4712/4712 4711/4711/4711 4713/4713/4713 
f 4705/4705/4705 4706/4706/4706 4713/4713/4713 
f 4713/4713/4713 4714/4714/4714 4712/4712/4712 
f 4713/4713/4713 4706/4706/4706 4714/4714/4714 
f 4706/4706/4706 4715/4715/4715 4714/4714/4714 
f 4716/4716/4716 4717/4717/4717 4718/4718/4718 
f 4717/4717/4717 4716/4716/4716 4719/4719/4719 
f 4720/4720/4720 4719/4719/4719 4716/4716/4716 
f 4721/4721/4721 4720/4720/4720 4716/4716/4716 
f 4720/4720/4720 4722/4722/4722 4719/4719/4719 
f 4722/4722/4722 4723/4723/4723 4719/4719/4719 
f 4722/4722/4722 4720/4720/4720 4724/4724/4724 
f 4725/4725/4725 4724/4724/4724 4720/4720/4720 
f 4726/4726/4726 4723/4723/4723 4722/4722/4722 
f 4724/4724/4724 4725/4725/4725 4727/4727/4727 
f 4723/4723/4723 4726/4726/4726 4728/4728/4728 
f 4722/4722/4722 4724/4724/4724 4729/4729/4729 
f 4729/4729/4729 4724/4724/4724 4727/4727/4727 
f 4722/4722/4722 4729/4729/4729 4726/4726/4726 
f 4728/4728/4728 4726/4726/4726 4730/4730/4730 
f 4730/4730/4730 4726/4726/4726 4731/4731/4731 
f 4732/4732/4732 4730/4730/4730 4731/4731/4731 
f 4732/4732/4732 4731/4731/4731 4733/4733/4733 
f 4734/4734/4734 4731/4731/4731 4726/4726/4726 
f 4731/4731/4731 4734/4734/4734 4733/4733/4733 
f 4734/4734/4734 4726/4726/4726 4729/4729/4729 
f 4733/4733/4733 4734/4734/4734 4735/4735/4735 
f 4736/4736/4736 4735/4735/4735 4734/4734/4734 
f 4729/4729/4729 4736/4736/4736 4734/4734/4734 
f 4735/4735/4735 4736/4736/4736 4737/4737/4737 
f 4738/4738/4738 4737/4737/4737 4736/4736/4736 
f 4739/4739/4739 4738/4738/4738 4736/4736/4736 
f 4739/4739/4739 4740/4740/4740 4738/4738/4738 
f 4741/4741/4741 4740/4740/4740 4739/4739/4739 
f 4736/4736/4736 4741/4741/4741 4739/4739/4739 
f 4740/4740/4740 4741/4741/4741 4742/4742/4742 
f 4736/4736/4736 4729/4729/4729 4743/4743/4743 
f 4741/4741/4741 4736/4736/4736 4743/4743/4743 
f 4727/4727/4727 4743/4743/4743 4729/4729/4729 
f 4744/4744/4744 4743/4743/4743 4727/4727/4727 
f 4741/4741/4741 4743/4743/4743 4744/4744/4744 
f 4727/4727/4727 4745/4745/4745 4744/4744/4744 
f 4745/4745/4745 4741/4741/4741 4744/4744/4744 
f 4741/4741/4741 4745/4745/4745 4742/4742/4742 
f 4742/4742/4742 4745/4745/4745 4746/4746/4746 
f 4746/4746/4746 4747/4747/4747 4742/4742/4742 
f 4748/4748/4748 4749/4749/4749 4750/4750/4750 
f 4751/4751/4751 4752/4752/4752 4753/4753/4753 
f 4752/4752/4752 4751/4751/4751 4754/4754/4754 
f 4754/4754/4754 4755/4755/4755 4752/4752/4752 
f 4756/4756/4756 4753/4753/4753 4752/4752/4752 
f 4757/4757/4757 4752/4752/4752 4755/4755/4755 
f 4757/4757/4757 4756/4756/4756 4752/4752/4752 
f 4758/4758/4758 4756/4756/4756 4757/4757/4757 
f 4759/4759/4759 4760/4760/4760 4761/4761/4761 
f 4761/4761/4761 4762/4762/4762 4759/4759/4759 
f 4762/4762/4762 4763/4763/4763 4759/4759/4759 
f 4764/4764/4764 4759/4759/4759 4763/4763/4763 
f 4760/4760/4760 4759/4759/4759 4764/4764/4764 
f 4764/4764/4764 4765/4765/4765 4760/4760/4760 
f 4761/4761/4761 4766/4766/4766 4762/4762/4762 
f 4767/4767/4767 4762/4762/4762 4766/4766/4766 
f 4761/4761/4761 4760/4760/4760 4768/4768/4768 
f 4768/4768/4768 4766/4766/4766 4761/4761/4761 
f 4769/4769/4769 4760/4760/4760 4765/4765/4765 
f 4760/4760/4760 4769/4769/4769 4768/4768/4768 
f 4769/4769/4769 4765/4765/4765 4770/4770/4770 
f 4771/4771/4771 4769/4769/4769 4770/4770/4770 
f 4772/4772/4772 4767/4767/4767 4766/4766/4766 
f 4772/4772/4772 4766/4766/4766 4768/4768/4768 
f 4773/4773/4773 4768/4768/4768 4769/4769/4769 
f 4773/4773/4773 4769/4769/4769 4771/4771/4771 
f 4768/4768/4768 4773/4773/4773 4774/4774/4774 
f 4768/4768/4768 4774/4774/4774 4772/4772/4772 
f 4775/4775/4775 4773/4773/4773 4771/4771/4771 
f 4773/4773/4773 4775/4775/4775 4774/4774/4774 
f 4767/4767/4767 4772/4772/4772 4776/4776/4776 
f 4767/4767/4767 4776/4776/4776 4777/4777/4777 
f 4778/4778/4778 4772/4772/4772 4774/4774/4774 
f 4774/4774/4774 4775/4775/4775 4778/4778/4778 
f 4772/4772/4772 4778/4778/4778 4779/4779/4779 
f 4779/4779/4779 4776/4776/4776 4772/4772/4772 
f 4776/4776/4776 4780/4780/4780 4777/4777/4777 
f 4781/4781/4781 4777/4777/4777 4780/4780/4780 
f 4782/4782/4782 4781/4781/4781 4780/4780/4780 
f 4780/4780/4780 4776/4776/4776 4782/4782/4782 
f 4783/4783/4783 4782/4782/4782 4776/4776/4776 
f 4776/4776/4776 4779/4779/4779 4783/4783/4783 
f 4784/4784/4784 4783/4783/4783 4779/4779/4779 
f 4785/4785/4785 4784/4784/4784 4779/4779/4779 
f 4779/4779/4779 4778/4778/4778 4785/4785/4785 
f 4786/4786/4786 4784/4784/4784 4785/4785/4785 
f 4786/4786/4786 4785/4785/4785 4787/4787/4787 
f 4786/4786/4786 4787/4787/4787 4788/4788/4788 
f 4787/4787/4787 4789/4789/4789 4788/4788/4788 
f 4787/4787/4787 4785/4785/4785 4789/4789/4789 
f 4788/4788/4788 4789/4789/4789 4790/4790/4790 
f 4785/4785/4785 4778/4778/4778 4791/4791/4791 
f 4785/4785/4785 4791/4791/4791 4789/4789/4789 
f 4778/4778/4778 4775/4775/4775 4791/4791/4791 
f 4792/4792/4792 4790/4790/4790 4789/4789/4789 
f 4790/4790/4790 4792/4792/4792 4793/4793/4793 
f 4791/4791/4791 4794/4794/4794 4789/4789/4789 
f 4791/4791/4791 4775/4775/4775 4794/4794/4794 
f 4794/4794/4794 4792/4792/4792 4789/4789/4789 
f 4794/4794/4794 4775/4775/4775 4795/4795/4795 
f 4795/4795/4795 4792/4792/4792 4794/4794/4794 
f 4771/4771/4771 4795/4795/4795 4775/4775/4775 
f 4796/4796/4796 4793/4793/4793 4792/4792/4792 
f 4795/4795/4795 4796/4796/4796 4792/4792/4792 
f 4796/4796/4796 4795/4795/4795 4771/4771/4771 
f 4796/4796/4796 4797/4797/4797 4793/4793/4793 
f 4798/4798/4798 4796/4796/4796 4771/4771/4771 
f 4796/4796/4796 4798/4798/4798 4797/4797/4797 
f 4799/4799/4799 4800/4800/4800 4801/4801/4801 
f 4802/4802/4802 4803/4803/4803 4800/4800/4800 
f 4803/4803/4803 4801/4801/4801 4800/4800/4800 
f 4801/4801/4801 4803/4803/4803 4804/4804/4804 
f 4801/4801/4801 4805/4805/4805 4799/4799/4799 
f 4799/4799/4799 4805/4805/4805 4806/4806/4806 
f 4805/4805/4805 4801/4801/4801 4807/4807/4807 
f 4804/4804/4804 4807/4807/4807 4801/4801/4801 
f 4805/4805/4805 4807/4807/4807 4808/4808/4808 
f 4807/4807/4807 4804/4804/4804 4809/4809/4809 
f 4804/4804/4804 4810/4810/4810 4809/4809/4809 
f 4807/4807/4807 4811/4811/4811 4808/4808/4808 
f 4811/4811/4811 4807/4807/4807 4809/4809/4809 
f 4811/4811/4811 4812/4812/4812 4808/4808/4808 
f 4812/4812/4812 4813/4813/4813 4808/4808/4808 
f 4811/4811/4811 4814/4814/4814 4812/4812/4812 
f 4815/4815/4815 4811/4811/4811 4809/4809/4809 
f 4815/4815/4815 4814/4814/4814 4811/4811/4811 
f 4810/4810/4810 4815/4815/4815 4809/4809/4809 
f 4816/4816/4816 4814/4814/4814 4817/4817/4817 
f 4818/4818/4818 4817/4817/4817 4814/4814/4814 
f 4814/4814/4814 4815/4815/4815 4818/4818/4818 
f 4819/4819/4819 4818/4818/4818 4815/4815/4815 
f 4815/4815/4815 4810/4810/4810 4820/4820/4820 
f 4820/4820/4820 4819/4819/4819 4815/4815/4815 
f 4821/4821/4821 4820/4820/4820 4810/4810/4810 
f 4822/4822/4822 4819/4819/4819 4820/4820/4820 
f 4820/4820/4820 4821/4821/4821 4822/4822/4822 
f 4819/4819/4819 4822/4822/4822 4823/4823/4823 
f 4824/4824/4824 4823/4823/4823 4822/4822/4822 
f 4822/4822/4822 4821/4821/4821 4825/4825/4825 
f 4824/4824/4824 4822/4822/4822 4825/4825/4825 
f 4825/4825/4825 4826/4826/4826 4824/4824/4824 
f 4826/4826/4826 4825/4825/4825 4821/4821/4821 
f 4827/4827/4827 4824/4824/4824 4826/4826/4826 
f 4827/4827/4827 4826/4826/4826 4828/4828/4828 
f 4828/4828/4828 4826/4826/4826 4829/4829/4829 
f 4830/4830/4830 4826/4826/4826 4821/4821/4821 
f 4830/4830/4830 4829/4829/4829 4826/4826/4826 
f 4830/4830/4830 4821/4821/4821 4831/4831/4831 
f 4830/4830/4830 4832/4832/4832 4829/4829/4829 
f 4831/4831/4831 4833/4833/4833 4830/4830/4830 
f 4833/4833/4833 4832/4832/4832 4830/4830/4830 
f 4831/4831/4831 4834/4834/4834 4833/4833/4833 
f 4833/4833/4833 4835/4835/4835 4832/4832/4832 
f 4836/4836/4836 4835/4835/4835 4833/4833/4833 
f 4837/4837/4837 4838/4838/4838 4839/4839/4839 
f 4840/4840/4840 4838/4838/4838 4837/4837/4837 
f 4841/4841/4841 4840/4840/4840 4837/4837/4837 
f 4837/4837/4837 4842/4842/4842 4841/4841/4841 
f 4843/4843/4843 4838/4838/4838 4840/4840/4840 
f 4840/4840/4840 4844/4844/4844 4843/4843/4843 
f 4844/4844/4844 4840/4840/4840 4845/4845/4845 
f 4846/4846/4846 4845/4845/4845 4840/4840/4840 
f 4840/4840/4840 4841/4841/4841 4846/4846/4846 
f 4844/4844/4844 4847/4847/4847 4843/4843/4843 
f 4848/4848/4848 4846/4846/4846 4841/4841/4841 
f 4841/4841/4841 4849/4849/4849 4848/4848/4848 
f 4850/4850/4850 4849/4849/4849 4841/4841/4841 
f 4841/4841/4841 4851/4851/4851 4850/4850/4850 
f 4851/4851/4851 4841/4841/4841 4842/4842/4842 
f 4850/4850/4850 4851/4851/4851 4852/4852/4852 
f 4842/4842/4842 4853/4853/4853 4851/4851/4851 
f 4842/4842/4842 4854/4854/4854 4853/4853/4853 
f 4851/4851/4851 4855/4855/4855 4852/4852/4852 
f 4855/4855/4855 4851/4851/4851 4853/4853/4853 
f 4856/4856/4856 4852/4852/4852 4855/4855/4855 
f 4855/4855/4855 4857/4857/4857 4856/4856/4856 
f 4857/4857/4857 4855/4855/4855 4853/4853/4853 
f 4856/4856/4856 4857/4857/4857 4858/4858/4858 
f 4857/4857/4857 4859/4859/4859 4858/4858/4858 
f 4857/4857/4857 4860/4860/4860 4859/4859/4859 
f 4860/4860/4860 4857/4857/4857 4853/4853/4853 
f 4860/4860/4860 4861/4861/4861 4859/4859/4859 
f 4860/4860/4860 4862/4862/4862 4861/4861/4861 
f 4863/4863/4863 4860/4860/4860 4853/4853/4853 
f 4860/4860/4860 4863/4863/4863 4862/4862/4862 
f 4864/4864/4864 4863/4863/4863 4853/4853/4853 
f 4863/4863/4863 4865/4865/4865 4862/4862/4862 
f 4865/4865/4865 4863/4863/4863 4864/4864/4864 
f 4866/4866/4866 4865/4865/4865 4864/4864/4864 
f 4864/4864/4864 4867/4867/4867 4866/4866/4866 
f 4865/4865/4865 4866/4866/4866 4868/4868/4868 
f 4865/4865/4865 4868/4868/4868 4869/4869/4869 
f 4870/4870/4870 4868/4868/4868 4866/4866/4866 
f 4868/4868/4868 4871/4871/4871 4869/4869/4869 
f 4872/4872/4872 4870/4870/4870 4866/4866/4866 
f 4873/4873/4873 4872/4872/4872 4866/4866/4866 
f 4873/4873/4873 4874/4874/4874 4872/4872/4872 
f 4873/4873/4873 4875/4875/4875 4874/4874/4874 
f 4873/4873/4873 4876/4876/4876 4875/4875/4875 
f 4869/4869/4869 4877/4877/4877 4878/4878/4878 
f 4869/4869/4869 4879/4879/4879 4877/4877/4877 
f 4879/4879/4879 4869/4869/4869 4871/4871/4871 
f 4871/4871/4871 4880/4880/4880 4879/4879/4879 
f 4880/4880/4880 4881/4881/4881 4879/4879/4879 
f 4881/4881/4881 4880/4880/4880 4882/4882/4882 
f 4883/4883/4883 4879/4879/4879 4881/4881/4881 
f 4883/4883/4883 4881/4881/4881 4884/4884/4884 
f 4881/4881/4881 4885/4885/4885 4884/4884/4884 
f 4886/4886/4886 4884/4884/4884 4885/4885/4885 
f 4884/4884/4884 4886/4886/4886 4887/4887/4887 
f 4888/4888/4888 4885/4885/4885 4889/4889/4889 
f 4885/4885/4885 4888/4888/4888 4886/4886/4886 
f 4890/4890/4890 4886/4886/4886 4888/4888/4888 
f 4886/4886/4886 4891/4891/4891 4887/4887/4887 
f 4891/4891/4891 4892/4892/4892 4887/4887/4887 
f 4886/4886/4886 4890/4890/4890 4893/4893/4893 
f 4891/4891/4891 4886/4886/4886 4893/4893/4893 
f 4893/4893/4893 4890/4890/4890 4894/4894/4894 
f 4891/4891/4891 4847/4847/4847 4892/4892/4892 
f 4893/4893/4893 4894/4894/4894 4895/4895/4895 
f 4893/4893/4893 4895/4895/4895 4891/4891/4891 
f 4894/4894/4894 4896/4896/4896 4895/4895/4895 
f 4891/4891/4891 4843/4843/4843 4847/4847/4847 
f 4896/4896/4896 4897/4897/4897 4895/4895/4895 
f 4843/4843/4843 4891/4891/4891 4898/4898/4898 
f 4898/4898/4898 4838/4838/4838 4843/4843/4843 
f 4838/4838/4838 4898/4898/4898 4899/4899/4899 
f 4899/4899/4899 4898/4898/4898 4900/4900/4900 
f 4901/4901/4901 4898/4898/4898 4891/4891/4891 
f 4898/4898/4898 4901/4901/4901 4900/4900/4900 
f 4895/4895/4895 4901/4901/4901 4891/4891/4891 
f 4902/4902/4902 4900/4900/4900 4901/4901/4901 
f 4903/4903/4903 4895/4895/4895 4897/4897/4897 
f 4901/4901/4901 4895/4895/4895 4903/4903/4903 
f 4903/4903/4903 4897/4897/4897 4904/4904/4904 
f 4903/4903/4903 4904/4904/4904 4905/4905/4905 
f 4901/4901/4901 4906/4906/4906 4902/4902/4902 
f 4906/4906/4906 4901/4901/4901 4903/4903/4903 
f 4902/4902/4902 4906/4906/4906 4907/4907/4907 
f 4908/4908/4908 4907/4907/4907 4906/4906/4906 
f 4903/4903/4903 4905/4905/4905 4909/4909/4909 
f 4906/4906/4906 4903/4903/4903 4909/4909/4909 
f 4908/4908/4908 4906/4906/4906 4910/4910/4910 
f 4910/4910/4910 4906/4906/4906 4909/4909/4909 
f 4910/4910/4910 4911/4911/4911 4908/4908/4908 
f 4911/4911/4911 4910/4910/4910 4912/4912/4912 
f 4909/4909/4909 4912/4912/4912 4910/4910/4910 
f 4905/4905/4905 4913/4913/4913 4909/4909/4909 
f 4914/4914/4914 4912/4912/4912 4909/4909/4909 
f 4915/4915/4915 4909/4909/4909 4913/4913/4913 
f 4909/4909/4909 4915/4915/4915 4914/4914/4914 
f 4915/4915/4915 4913/4913/4913 4916/4916/4916 
f 4916/4916/4916 4917/4917/4917 4915/4915/4915 
f 4918/4918/4918 4915/4915/4915 4917/4917/4917 
f 4918/4918/4918 4914/4914/4914 4915/4915/4915 
f 4918/4918/4918 4917/4917/4917 4919/4919/4919 
f 4914/4914/4914 4918/4918/4918 4920/4920/4920 
f 4921/4921/4921 4914/4914/4914 4920/4920/4920 
f 4921/4921/4921 4920/4920/4920 4922/4922/4922 
f 4920/4920/4920 4867/4867/4867 4922/4922/4922 
f 4920/4920/4920 4866/4866/4866 4867/4867/4867 
f 4866/4866/4866 4920/4920/4920 4873/4873/4873 
f 4919/4919/4919 4923/4923/4923 4918/4918/4918 
f 4923/4923/4923 4920/4920/4920 4918/4918/4918 
f 4923/4923/4923 4873/4873/4873 4920/4920/4920 
f 4923/4923/4923 4919/4919/4919 4876/4876/4876 
f 4873/4873/4873 4923/4923/4923 4876/4876/4876 

