# This file is brought to you by Roblox Corporation
# Generated by Roblox Studio

mtllib ClothingBIn.mtl

g Bodygeom1

v -15.4069 0.0115585 -4.64837 
v -15.4088 0.01121 -4.91675 
v -15.3871 0.00106668 -4.64601 
v -15.3848 0.0123293 -4.62378 
v -15.3787 0.00232434 -4.95826 
v -15.2886 0.00823236 -4.62169 
v -15.3023 0.0114775 -5.02267 
v -15.382 0.0101211 -4.97336 
v -15.2719 0.00152659 -5.01214 
v -15.1429 0.00117683 -5.01821 
v -15.1577 0.0125921 -5.03867 
v -15.0628 0.020437 -5.01943 
v -15.0328 0.00300384 -4.98485 
v -15.0445 0.00142837 -4.64413 
v -15.0346 0.00957322 -4.62352 
v -14.9744 0.0004282 -4.90986 
v -14.9801 0.0183482 -4.96067 
v -14.9556 0.0219998 -4.92443 
v -14.9397 0.0101793 -4.84938 
v -14.9415 0.0068922 -4.78234 
v -14.9823 0.000619888 -4.70625 
v -14.9593 0.0114951 -4.70343 
v -15.412 0.00804162 -1.49257 
v -15.4086 0.00858736 -1.70326 
v -15.3849 0.00127864 -1.72166 
v -15.4104 0.023526 -1.72933 
v -15.3869 0.00810266 -1.73616 
v -15.0527 0.0162034 -1.75107 
v -15.0371 0.000664711 -1.72557 
v -15.2918 0 -1.34893 
v -15.3828 0.000212431 -1.42006 
v -15.3974 0.0190213 -1.40109 
v -15.3177 0.0191669 -1.34022 
v -15.2297 0.0184922 -1.31803 
v -15.1337 0.0019455 -1.3426 
v -15.1146 0.01827 -1.32662 
v -15.0481 0.00268292 -1.36339 
v -14.9709 0.000558615 -1.64384 
v -14.9733 0.0191851 -1.69211 
v -14.9495 0.00880075 -1.63157 
v -14.933 0.0200245 -1.58351 
v -14.9559 0.00128388 -1.51059 
v -14.9416 0.0164018 -1.48137 
v -14.9692 0.00546384 -1.43694 
v -14.9933 0.0129385 -1.39313 
v -19.0454 0.00215554 -4.88895 
v -19.0685 0.0139284 -4.77457 
v -19.063 0.0118647 -4.87385 
v -19.0478 0.00155854 -4.73646 
v -19.0429 0.0191495 -4.68169 
v -18.9948 0.00922322 -4.64232 
v -18.9509 0.00880337 -4.62124 
v -18.8882 0.0010643 -5.01545 
v -19.0019 0.00209713 -4.96533 
v -19.031 0.0157712 -4.953 
v -18.993 0.0195796 -4.99155 
v -18.957 0.01125 -5.00792 
v -18.6144 0.000759602 -4.64697 
v -18.6043 0.0245166 -4.62337 
v -18.593 0.0122988 -4.64879 
v -18.5918 0.0096333 -4.87274 
v -18.6142 0.00104213 -4.92442 
v -18.5978 0.0171154 -4.94898 
v -18.6389 0.0114095 -4.98781 
v -18.6973 0.00129032 -5.00748 
v -18.8186 0.0138702 -5.04349 
v -18.7024 0.0176353 -5.02612 
v -19.0571 0.0132709 -1.63505 
v -19.0423 0.0026896 -1.64433 
v -19.0697 0.013371 -1.559 
v -19.0479 0.00211644 -1.47876 
v -18.968 0.00252986 -1.72551 
v -19.0276 0.0169892 -1.69363 
v -18.9942 0.0169468 -1.72948 
v -18.9488 0.0186348 -1.74849 
v -18.8942 0.00325847 -1.34081 
v -19.018 0.0160718 -1.40522 
v -18.9808 0.0181327 -1.37348 
v -18.7558 0.0039053 -1.33841 
v -18.823 0.0202394 -1.31912 
v -18.6151 0.00176382 -1.7249 
v -18.6125 0.016222 -1.74478 
v -18.593 0.0128763 -1.72992 
v -18.584 0.0198877 -1.56844 
v -18.6019 0.000446081 -1.44951 
v -18.6691 0.0013926 -1.37272 
v -18.621 0.0165117 -1.38243 
v -18.6975 0.0169809 -1.34049 
v -19.012 0.716671 -4.63165 
v -18.97 0.686081 -4.60361 
v -18.9482 0.679092 -4.17869 
v -18.978 0.676622 -4.62595 
v -18.9438 0.66609 -4.6154 
v -18.9922 0.700509 -1.74162 
v -18.927 0.671998 -4.59051 
v -18.8751 0.651059 -4.61364 
v -18.8496 0.664055 -4.59037 
v -18.7031 0.669869 -4.61006 
v -18.9083 0.669504 -2.25267 
v -18.947 0.676368 -1.75702 
v -18.9946 0.687587 -1.72318 
v -18.8836 0.666355 -1.76409 
v -18.7856 0.667861 -1.76372 
v -18.7736 0.669183 -2.71703 
v -18.6715 0.692368 -1.76502 
v -18.6976 0.682686 -4.59137 
v -18.5999 0.68794 -4.61352 
v -18.6878 0.695605 -2.76124 
v -18.7084 0.688625 -4.10315 
v -18.6496 0.721301 -4.44286 
v -18.6272 0.71726 -4.57919 
v -18.5785 0.751247 -4.60597 
v -18.6534 0.710283 -4.55925 
v -18.5995 0.755368 -4.54987 
v -18.5714 0.759027 -4.58784 
v -18.6232 0.749198 -4.42567 
v -18.6086 0.759024 -4.28232 
v -18.6298 0.720963 -1.79281 
v -18.6108 0.721866 -1.76316 
v -18.6112 0.749627 -1.83163 
v -18.576 0.759824 -1.76225 
v -18.5813 0.709645 -1.71596 
v -18.129 0.75382 -4.61142 
v -18.5717 0.723583 -4.63294 
v -18.5785 0.751247 -4.60597 
v -18.5629 0.70166 -4.6624 
v -18.5797 0.69262 -4.661 
v -18.5641 0.682943 -4.70106 
v -18.5833 0.656688 -4.75445 
v -18.561 0.668417 -4.75419 
v -15.6567 0.702627 -4.6652 
v -18.5623 0.664294 -4.80531 
v -18.5798 0.652086 -4.81011 
v -18.5818 0.661545 -4.86824 
v -15.4407 0.667609 -4.75886 
v -18.5583 0.67378 -4.86912 
v -18.5857 0.684001 -4.91923 
v -18.5939 0.693814 -4.94926 
v -18.5763 0.710758 -4.94503 
v -18.5901 0.737936 -4.97712 
v -18.5562 0.690186 -4.91037 
v -15.4358 0.707331 -4.94105 
v -15.4032 0.738959 -4.9793 
v -15.4073 0.699957 -4.9524 
v -15.4204 0.66558 -4.89069 
v -15.4398 0.676196 -4.87998 
v -15.4194 0.649361 -4.79783 
v -15.4216 0.687364 -4.67111 
v -15.4405 0.686799 -4.69204 
v -15.4217 0.720516 -4.62241 
v -15.4309 0.750464 -4.61166 
v -15.4091 0.750302 -4.58415 
v -15.4375 0.758839 -4.59069 
v -15.4016 0.759024 -4.5422 
v -15.3762 0.743843 -4.57254 
v -15.3991 0.690658 -4.61118 
v -15.3504 0.702981 -4.59302 
v -15.3217 0.699725 -4.56985 
v -15.2372 0.672304 -4.59062 
v -15.1874 0.64892 -4.61239 
v -15.3013 0.690999 -3.26222 
v -15.389 0.754822 -2.40542 
v -15.1003 0.668444 -4.59425 
v -15.0549 0.67033 -4.60859 
v -15.2564 0.671466 -1.76154 
v -15.1408 0.665552 -1.76558 
v -15.2981 0.684454 -1.80085 
v -15.3152 0.682283 -1.75631 
v -15.3375 0.703712 -1.81899 
v -15.0407 0.685113 -4.59194 
v -15.0407 0.685184 -1.76212 
v -14.9998 0.712092 -4.6265 
v -14.9879 0.722135 -1.7238 
v -15.3874 0.729274 -1.77464 
v -15.3859 0.748832 -1.9991 
v -15.4273 0.758697 -1.77985 
v -15.4215 0.748253 -1.74918 
v -15.4212 0.70079 -1.71765 
v -17.7076 0.692333 -1.6798 
v -15.4402 0.715836 -1.72228 
v -15.439 0.685947 -1.67524 
v -15.4219 0.667406 -1.65334 
v -15.4393 0.665794 -1.57801 
v -17.7304 0.667468 -1.58047 
v -18.3807 0.678308 -1.63799 
v -18.5604 0.687093 -1.66537 
v -18.5811 0.66875 -1.64482 
v -18.5615 0.670401 -1.592 
v -18.5743 0.669616 -1.54526 
v -15.4377 0.667354 -1.53104 
v -18.5753 0.680398 -1.4863 
v -16.1047 0.691489 -1.45498 
v -15.44 0.68062 -1.47998 
v -15.4209 0.664581 -1.47487 
v -15.4263 0.707462 -1.42823 
v -15.4119 0.738609 -1.39203 
v -16.6664 0.746229 -1.38499 
v -18.0312 0.722569 -1.40868 
v -18.5789 0.706938 -1.4282 
v -18.307 0.742195 -1.38802 
v -18.5838 0.736808 -1.39079 
v -18.6225 0.759234 -1.36106 
v -15.358 7.75613 -1.79897 
v -15.3268 7.83099 -1.92021 
v -15.3434 7.81967 -1.92387 
v -15.2992 7.85421 -1.98614 
v -15.3569 7.8397 -2.1475 
v -15.6507 7.78432 -1.96619 
v -15.3209 7.89884 -2.21247 
v -14.9574 7.85532 -2.00771 
v -15.3436 7.95363 -2.55957 
v -15.3734 7.91852 -2.59465 
v -15.3564 7.92125 -2.55375 
v -15.3551 7.93636 -2.85038 
v -15.3232 7.96855 -2.57361 
v -15.3746 7.92845 -3.4368 
v -17.8612 7.92089 -2.64122 
v -15.34 7.97427 -2.88548 
v -15.3428 7.98007 -3.23652 
v -15.3567 7.94046 -3.46522 
v -15.3741 7.92477 -3.7587 
v -18.6266 7.9244 -3.7349 
v -15.3566 7.93337 -3.76083 
v -18.6277 7.92954 -3.22083 
v -18.6449 7.92532 -2.59523 
v -18.6465 7.94071 -3.14231 
v -18.6461 7.93348 -3.7663 
v -16.533 7.74504 -5.06481 
v -15.3438 7.95437 -3.83851 
v -15.3569 7.90367 -3.97172 
v -15.3247 7.97984 -3.75596 
v -15.3453 7.90668 -4.27054 
v -15.3587 7.87115 -4.29392 
v -15.3208 7.95169 -3.9641 
v -15.3735 7.78016 -4.83411 
v -15.34 7.78166 -4.97963 
v -15.3179 7.9224 -4.27095 
v -15.0202 7.93686 -4.19708 
v -15.3185 7.79002 -4.99384 
v -15.3527 7.75997 -5.03083 
v -14.9462 7.92093 -4.29423 
v -15.3173 7.74989 -5.06659 
v -15.3681 7.74984 -5.06225 
v -15.8803 7.75464 -5.04834 
v -15.383 7.73025 -5.08275 
v -14.961 7.78762 -5.01929 
v -14.9574 7.7738 -5.04831 
v -18.6906 7.75418 -5.05888 
v -19.0683 7.74444 -5.07674 
v -18.6489 7.76073 -5.02649 
v -18.6274 7.78299 -4.81476 
v -18.6843 7.79029 -4.9887 
v -18.6968 7.83883 -4.73925 
v -19.085 7.88899 -4.44558 
v -19.0665 7.77201 -5.04072 
v -19.113 7.74711 -5.05387 
v -19.0992 7.77845 -4.98284 
v -19.1149 7.80573 -4.75463 
v -19.1284 7.75038 -4.99917 
v -14.9326 7.7349 -5.08541 
v -14.9048 7.75186 -5.06018 
v -14.9222 7.78111 -5.02325 
v -14.8829 7.75543 -5.02674 
v -14.9013 7.78104 -4.98995 
v -14.8828 7.86514 -4.48528 
v -14.8706 7.80214 -4.74625 
v -14.907 7.92815 -4.16996 
v -14.8691 7.85601 -4.43634 
v -14.8841 7.9209 -4.09042 
v -14.9316 7.97083 -3.77645 
v -14.8923 7.96768 -3.53324 
v -15.1687 7.9814 -3.78097 
v -14.9272 7.98611 -3.50518 
v -15.3016 7.99939 -3.27485 
v -14.9161 7.99197 -3.24994 
v -14.8706 7.95432 -3.23553 
v -14.8828 7.95884 -2.86015 
v -14.9573 7.99941 -3.25394 
v -14.9385 7.99069 -2.94007 
v -15.3063 7.99778 -3.05811 
v -15.1459 7.9932 -2.87557 
v -14.9415 7.96968 -2.60428 
v -14.9065 7.97334 -2.80193 
v -14.8631 7.93231 -2.78774 
v -14.8869 7.94461 -2.58631 
v -14.9075 7.95441 -2.55201 
v -15.2738 7.93629 -2.37095 
v -14.9405 7.90263 -2.21411 
v -14.9069 7.89024 -2.19503 
v -14.8642 7.91574 -2.58636 
v -14.8943 7.79313 -1.84222 
v -14.8666 7.84407 -2.15697 
v -19.052 0.826045 -4.45899 
v -19.0426 0.739192 -4.68266 
v -19.0337 0.749005 -4.65011 
v -19.1256 7.92111 -4.04307 
v -19.1346 7.93159 -3.76868 
v -19.0902 7.95583 -3.96267 
v -19.11 7.96624 -3.63822 
v -19.0704 7.92659 -4.2612 
v -19.1189 7.89148 -4.31793 
v -19.0588 7.97699 -3.79968 
v -18.6837 7.98428 -3.78967 
v -19.0799 7.98837 -3.45005 
v -19.107 7.98158 -3.23237 
v -18.6995 7.99469 -3.59724 
v -19.062 7.9989 -3.19122 
v -19.1188 7.95564 -2.70977 
v -19.1354 7.94249 -2.83116 
v -19.0708 7.98671 -2.85255 
v -18.6784 7.99803 -3.17924 
v -18.6764 7.99169 -3.54405 
v -18.6593 7.98292 -3.29413 
v -18.6604 7.96923 -3.78874 
v -18.6579 7.93299 -4.03378 
v -18.6769 7.91875 -4.26024 
v -18.6989 8 -3.1031 
v -18.6593 7.95488 -2.567 
v -18.8605 7.93052 -4.25101 
v -18.662 7.83934 -4.65751 
v -18.7027 7.97218 -2.55565 
v -18.6757 7.83378 -4.74086 
v -18.683 7.89868 -2.2186 
v -18.6609 7.81018 -1.89016 
v -18.9518 7.97218 -2.56232 
v -18.6444 7.79654 -4.74864 
v -18.6441 7.86476 -4.30334 
v -19.0919 7.96424 -2.57621 
v -19.1276 7.93476 -2.56324 
v -19.1275 7.84668 -2.1279 
v -18.6285 7.82115 -4.54324 
v -19.096 7.8241 -1.92443 
v -19.1187 7.82123 -1.98254 
v -19.0568 7.89871 -2.20603 
v -18.9414 7.83333 -1.90734 
v -18.7268 7.90355 -2.20525 
v -18.7086 7.84216 -1.94242 
v -18.6811 7.73639 -1.6197 
v -18.6462 7.71359 -1.64402 
v -19.0892 7.74136 -1.65896 
v -19.058 7.73216 -1.61094 
v -19.1114 7.66835 -1.49568 
v -19.1319 7.6046 -1.35809 
v -19.0953 7.64716 -1.38872 
v -19.114 7.6189 -1.33442 
v -18.686 7.67381 -1.45588 
v -19.0619 7.63725 -1.33295 
v -19.0596 7.61711 -1.30147 
v -18.2401 7.61575 -1.30482 
v -18.6428 7.67304 -1.49539 
v -17.8133 7.6317 -1.32624 
v -15.6599 7.63099 -1.32503 
v -14.9252 7.61905 -1.30099 
v -17.5835 7.80896 -2.11506 
v -18.6268 7.82947 -2.17615 
v -18.6438 7.79399 -1.96805 
v -15.3647 7.70578 -1.61735 
v -15.3356 7.69163 -1.52464 
v -14.923 7.64821 -1.35684 
v -15.3309 7.75005 -1.67889 
v -14.8726 7.59833 -1.3181 
v -14.87 7.62326 -1.36323 
v -14.892 7.67549 -1.48875 
v -14.8684 7.66806 -1.54772 
v -14.9297 7.79109 -1.7926 
v -15.3413 7.7694 -1.75477 
v -18.6625 1.67552 -1.2411 
v -18.7669 1.68261 -1.30322 
v -18.7402 1.66602 -1.30986 
v -18.6789 1.66454 -1.32539 
v -18.6208 1.66111 -1.35592 
v -18.5437 1.67308 -1.27544 
v -18.6547 1.68995 -1.22801 
v -18.5176 1.694 -1.26803 
v -18.3798 1.66032 -1.32628 
v -18.3586 1.66001 -1.35536 
v -18.3548 1.67032 -1.30605 
v -15.6289 1.6603 -1.35637 
v -15.6565 1.68083 -1.32043 
v -15.6599 1.68025 -1.3583 
v -15.6324 1.66715 -1.31001 
v -15.3715 1.66119 -1.35623 
v -15.3084 1.65804 -1.32361 
v -15.2737 1.67143 -1.30061 
v -15.3537 1.66827 -1.25941 
v -15.5225 1.67526 -1.28264 
v -15.3311 1.69416 -1.22425 
v -15.3572 1.67443 -1.2365 
v -15.215 7.45074 -5.0847 
v -14.9384 7.42916 -5.05768 
v -15.0537 7.41978 -5.03801 
v -15.1621 7.42394 -5.05498 
v -15.1587 7.40242 -5.05213 
v -15.2485 7.41876 -5.04869 
v -15.0616 7.40421 -5.02753 
v -14.9752 7.41555 -4.98291 
v -15.2418 7.35081 -5.05248 
v -15.1114 4.43184 -5.04738 
v -15.0256 4.58872 -5.01296 
v -14.9599 3.08127 -4.95102 
v -14.9858 2.92121 -4.97998 
v -15.0617 4.3223 -5.03212 
v -15.1696 3.3175 -5.05427 
v -15.0122 1.36034 -4.99589 
v -14.9801 0.0183482 -4.96067 
v -15.1111 2.75079 -5.04627 
v -15.0628 0.020437 -5.01943 
v -15.0328 0.00300384 -4.98485 
v -15.1844 1.16935 -5.05014 
v -15.1577 0.0125921 -5.03867 
v -15.2692 3.51451 -5.04666 
v -19.0886 7.44137 -4.86342 
v -19.0747 7.42406 -4.92573 
v -19.0797 7.41748 -4.89456 
v -19.0535 7.40579 -4.94294 
v -19.0698 7.286 -4.91669 
v -19.0104 7.40525 -4.99009 
v -19.0484 6.76631 -4.95232 
v -19.098 7.46813 -4.81455 
v -19.0492 1.00961 -4.93442 
v -19.0228 5.09338 -4.97893 
v -18.9789 1.29783 -5.00408 
v -19.0105 0.91677 -4.98864 
v -19.0784 1.0472 -4.84456 
v -19.0672 0.753208 -4.89475 
v -19.0246 0.680681 -4.9613 
v -19.0723 1.03478 -4.75496 
v -19.0808 0.935 -4.80973 
v -19.049 0.204469 -4.92765 
v -18.993 0.0195796 -4.99155 
v -19.031 0.0157712 -4.953 
v -19.0606 0.0432169 -4.90365 
v -19.0454 0.00215554 -4.88895 
v -19.063 0.0118647 -4.87385 
v -19.0746 0.0452476 -4.85346 
v -19.0685 0.0139284 -4.77457 
v -19.0792 0.0710983 -4.8111 
v -19.1032 7.51403 -5.09646 
v -19.119 7.62619 -5.09029 
v -19.0704 7.59453 -5.113 
v -19.0998 7.66896 -5.10123 
v -19.1145 7.47278 -5.07098 
v -19.0669 7.46507 -5.0934 
v -19.0467 7.52062 -5.11091 
v -19.0524 7.66724 -5.10942 
v -19.0717 7.70868 -5.09822 
v -18.3975 7.6659 -5.10836 
v -19.1118 7.71662 -5.08159 
v -19.0683 7.74444 -5.07674 
v -19.113 7.74711 -5.05387 
v -15.383 7.73025 -5.08275 
v -16.7668 7.49092 -5.10584 
v -18.3262 7.44993 -5.08562 
v -15.5384 7.50599 -5.10779 
v -15.5807 7.66993 -5.10729 
v -14.996 7.70739 -5.09927 
v -15.3173 7.74989 -5.06659 
v -14.9574 7.7738 -5.04831 
v -14.9326 7.7349 -5.08541 
v -14.977 7.61673 -5.11049 
v -14.9335 7.68087 -5.10445 
v -14.8876 7.70643 -5.07978 
v -14.9048 7.75186 -5.06018 
v -14.8737 7.65426 -5.07425 
v -14.9096 7.6024 -5.10411 
v -14.8856 7.52528 -5.08273 
v -14.9094 7.49247 -5.09402 
v -14.9808 7.51964 -5.1083 
v -14.9496 7.47428 -5.09506 
v -14.889 7.45897 -5.05998 
v -19.0739 0.418556 -4.75043 
v -19.0598 0.0410576 -4.70939 
v -19.0478 0.00155854 -4.73646 
v -19.0429 0.0191495 -4.68169 
v -19.0148 0.703771 -4.65108 
v -19.0426 0.739192 -4.68266 
v -19.0574 0.91343 -4.68883 
v -19.0337 0.749005 -4.65011 
v -19.052 0.826045 -4.45899 
v -19.012 0.716671 -4.63165 
v -18.978 0.676622 -4.62595 
v -19.0414 0.771334 -2.53617 
v -18.9922 0.700509 -1.74162 
v -19.0506 0.965416 -4.67097 
v -19.0527 0.902164 -2.8745 
v -19.0331 0.74238 -1.70183 
v -18.9946 0.687587 -1.72318 
v -19.0494 0.795446 -1.70777 
v -19.0511 0.744616 -1.66854 
v -19.0566 0.897238 -1.6972 
v -19.0263 0.659997 -1.69273 
v -19.0526 0.955608 -1.69743 
v -19.0573 0.0385251 -1.64925 
v -18.9942 0.0169468 -1.72948 
v -19.0276 0.0169892 -1.69363 
v -19.0423 0.0026896 -1.64433 
v -19.0571 0.0132709 -1.63505 
v -19.0294 1.02232 -1.70641 
v -19.0707 0.0408456 -1.61222 
v -19.0697 0.013371 -1.559 
v -19.0795 0.293776 -1.56989 
v -19.0566 0.897238 -1.6972 
v -19.076 0.197075 -1.51268 
v -14.8514 7.75424 -2.96377 
v -14.8534 7.70274 -2.31771 
v -14.8691 7.66672 -2.54448 
v -14.8694 7.62214 -2.20366 
v -14.874 7.52423 -1.86537 
v -14.8575 7.48571 -1.60707 
v -14.8707 7.43915 -1.62918 
v -14.868 7.33857 -1.4569 
v -14.8542 7.90003 -2.66776 
v -14.8567 7.35755 -1.4069 
v -14.8722 7.31148 -1.36909 
v -14.8545 7.79471 -2.08275 
v -14.8585 7.58046 -1.34109 
v -14.8602 7.36559 -1.34627 
v -14.8765 7.32016 -1.33524 
v -14.8744 7.36305 -1.31441 
v -14.8657 7.4465 -1.31895 
v -14.8904 7.38953 -1.29279 
v -14.879 7.5554 -1.30297 
v -14.8726 7.59833 -1.3181 
v -14.87 7.62326 -1.36323 
v -14.8684 7.66806 -1.54772 
v -14.8705 7.76293 -1.82717 
v -14.8943 7.79313 -1.84222 
v -14.8666 7.84407 -2.15697 
v -14.8642 7.91574 -2.58636 
v -14.8869 7.94461 -2.58631 
v -14.9075 7.95441 -2.55201 
v -14.8631 7.93231 -2.78774 
v -14.8545 7.91733 -3.20139 
v -14.8828 7.95884 -2.86015 
v -14.8706 7.95432 -3.23553 
v -14.8499 7.84974 -3.87395 
v -14.863 7.93028 -3.59821 
v -14.8923 7.96768 -3.53324 
v -14.8841 7.9209 -4.09042 
v -14.8546 7.88466 -3.92996 
v -14.8691 7.85601 -4.43634 
v -14.8527 7.80837 -4.36615 
v -14.8621 7.59779 -4.57633 
v -14.8706 7.80214 -4.74625 
v -14.8828 7.86514 -4.48528 
v -14.8693 7.73076 -5.03046 
v -14.9013 7.78104 -4.98995 
v -14.8829 7.75543 -5.02674 
v -14.9048 7.75186 -5.06018 
v -14.8876 7.70643 -5.07978 
v -14.8605 7.65148 -5.03155 
v -14.8737 7.65426 -5.07425 
v -14.8667 7.47223 -5.00938 
v -14.8846 7.46116 -4.90076 
v -14.8958 7.42985 -5.01532 
v -14.889 7.45897 -5.05998 
v -14.867 7.5125 -5.05208 
v -14.9094 7.49247 -5.09402 
v -14.8856 7.52528 -5.08273 
v -15.3184 7.40398 -5.02935 
v -15.2892 1.57424 -5.03963 
v -15.3985 1.09323 -4.98732 
v -15.3191 0.917001 -5.03144 
v -15.3347 1.04269 -5.01872 
v -15.3084 7.42286 -5.04577 
v -18.6885 7.42192 -5.04469 
v -15.4028 7.41556 -5.0003 
v -15.384 7.40378 -4.9917 
v -18.6219 7.40345 -4.99191 
v -18.7147 7.40476 -5.04106 
v -18.8111 7.41849 -5.0541 
v -18.612 5.91355 -4.99197 
v -18.7477 4.93068 -5.04869 
v -18.8781 6.14688 -5.04828 
v -18.8716 7.41868 -5.04915 
v -18.9471 7.40618 -5.02828 
v -18.9756 5.93799 -5.01466 
v -19.0104 7.40525 -4.99009 
v -19.0484 6.76631 -4.95232 
v -19.0228 5.09338 -4.97893 
v -18.9789 1.29783 -5.00408 
v -18.9096 1.20402 -5.03634 
v -19.0105 0.91677 -4.98864 
v -18.8171 3.14206 -5.05433 
v -18.9605 0.934579 -5.01834 
v -18.7177 2.71596 -5.04223 
v -18.8706 0.512701 -5.04049 
v -18.7881 1.17436 -5.05033 
v -18.9615 0.678932 -5.01077 
v -19.0246 0.680681 -4.9613 
v -18.993 0.0195796 -4.99155 
v -18.9254 0.0329323 -5.02681 
v -18.957 0.01125 -5.00792 
v -18.8882 0.0010643 -5.01545 
v -18.8186 0.0138702 -5.04349 
v -18.767 0.709571 -5.04381 
v -18.7024 0.0176353 -5.02612 
v -18.7043 0.972028 -5.03447 
v -18.6435 0.761575 -5.01252 
v -18.6253 0.650638 -4.99177 
v -18.6389 0.0114095 -4.98781 
v -18.5978 0.0171154 -4.94898 
v -18.6181 0.741604 -4.99515 
v -18.6582 0.916773 -5.02785 
v -18.605 0.769539 -5.0019 
v -18.5901 0.737936 -4.97712 
v -18.5939 0.693814 -4.94926 
v -18.6097 0.808283 -5.01837 
v -18.1293 0.783754 -5.01174 
v -15.4032 0.738959 -4.9793 
v -18.2163 0.891776 -5.03024 
v -15.8931 0.801886 -5.01842 
v -15.3924 0.768078 -5.00037 
v -18.6475 0.997828 -5.01964 
v -15.3547 0.767005 -5.01278 
v -15.3946 0.70676 -4.97201 
v -15.3864 0.805324 -5.0151 
v -15.3392 0.0401537 -5.01346 
v -15.3739 0.033927 -4.99161 
v -15.382 0.0101211 -4.97336 
v -15.3023 0.0114775 -5.02267 
v -15.2565 0.717118 -5.04208 
v -15.189 0.0314319 -5.04519 
v -15.2719 0.00152659 -5.01214 
v -15.3723 1.00283 -5.01535 
v -18.6325 1.07167 -4.99657 
v -18.666 1.03941 -5.01775 
v -18.6125 1.37587 -4.99131 
v -15.0218 5.62342 -1.35842 
v -14.9784 7.26134 -1.40367 
v -15.0466 5.97853 -1.34885 
v -14.9584 0.941878 -4.67083 
v -14.9288 1.10353 -4.74617 
v -14.9886 1.03909 -4.63894 
v -14.9413 7.36937 -4.70296 
v -14.9491 0.77119 -1.66889 
v -14.956 0.842054 -4.67423 
v -14.9248 0.441944 -1.57467 
v -14.9346 1.01921 -1.62952 
v -14.9173 2.31704 -1.53455 
v -14.9641 0.781202 -4.66487 
v -14.9264 1.01819 -1.49552 
v -14.9357 1.57592 -1.45945 
v -14.9547 0.037535 -1.44235 
v -14.9796 0.91987 -1.39224 
v -14.9933 0.0129385 -1.39313 
v -14.9692 0.00546384 -1.43694 
v -14.9416 0.0164018 -1.48137 
v -14.9269 0.19703 -1.52385 
v -14.933 0.0200245 -1.58351 
v -14.9382 0.038693 -1.62355 
v -14.9495 0.00880075 -1.63157 
v -14.9733 0.0191851 -1.69211 
v -14.9486 0.69022 -1.65614 
v -15.007 0.685599 -1.7244 
v -14.9879 0.722135 -1.7238 
v -15.0407 0.685184 -1.76212 
v -14.9777 0.736939 -4.64746 
v -14.9998 0.712092 -4.6265 
v -14.9754 0.723941 -4.66574 
v -15.0233 0.680864 -4.62133 
v -14.9513 0.694149 -4.69937 
v -15.0145 0.0358806 -4.6263 
v -14.951 0.0373731 -4.70448 
v -14.9593 0.0114951 -4.70343 
v -15.0346 0.00957322 -4.62352 
v -14.9415 0.0068922 -4.78234 
v -14.9285 0.0353684 -4.79339 
v -14.9397 0.0101793 -4.84938 
v -14.9304 0.0369332 -4.84811 
v -14.9556 0.0219998 -4.92443 
v -14.9354 0.509082 -4.88548 
v -14.9801 0.0183482 -4.96067 
v -14.9198 1.19549 -4.81504 
v -14.9401 2.19097 -4.9089 
v -14.9858 2.92121 -4.97998 
v -14.9194 2.92173 -4.84458 
v -14.9599 3.08127 -4.95102 
v -14.9157 5.42809 -4.78068 
v -14.9219 3.41919 -4.86547 
v -14.9346 7.47795 -4.72377 
v -14.9134 7.36655 -4.78963 
v -14.9174 7.45452 -4.7769 
v -14.91 7.47025 -4.78872 
v -14.9194 7.43236 -4.86663 
v -14.9265 5.57357 -4.89325 
v -14.9438 7.4201 -4.95006 
v -14.9752 7.41555 -4.98291 
v -15.4086 5.67208 -1.33969 
v -15.4494 5.6731 -1.29356 
v -15.4317 5.63834 -1.3361 
v -15.4214 5.73441 -1.28662 
v -15.4373 5.72355 -1.27717 
v -15.447 5.78376 -1.26879 
v -15.4074 5.82569 -1.34513 
v -15.4183 5.85055 -1.29689 
v -15.4051 6.01393 -1.3768 
v -15.4308 5.8745 -1.29328 
v -15.4214 6.14117 -1.41456 
v -18.9536 7.10347 -1.36241 
v -18.9736 4.78205 -1.35297 
v -18.8846 5.00735 -1.31778 
v -19.0271 5.53369 -1.40102 
v -18.8642 4.13972 -1.30708 
v -18.7986 4.55 -1.30099 
v -18.5943 6.01996 -1.38487 
v -18.595 5.66471 -1.34975 
v -18.5883 5.87187 -1.3429 
v -18.5788 5.66542 -1.34089 
v -18.5616 5.6292 -1.34317 
v -18.5572 5.71021 -1.27329 
v -18.5781 5.72582 -1.29471 
v -18.5633 5.81715 -1.27376 
v -18.5808 6.13941 -1.41765 
v -14.9609 3.8336 -1.40641 
v -15.0067 0.960746 -1.36862 
v -14.9778 4.23977 -1.38792 
v -14.9413 7.05651 -1.44641 
v -15.0218 5.62342 -1.35842 
v -14.9784 7.26134 -1.40367 
v -14.9512 7.27249 -1.43715 
v -14.9293 7.27923 -1.4767 
v -14.927 7.29293 -1.46177 
v -14.9188 7.30773 -1.51039 
v -14.9138 6.92806 -1.53227 
v -14.9254 3.87069 -1.4685 
v -14.914 7.31836 -1.54381 
v -14.9171 7.35277 -1.59242 
v -14.868 7.33857 -1.4569 
v -14.9207 7.09124 -1.61307 
v -14.9303 7.39362 -1.65065 
v -14.9183 3.22246 -1.58723 
v -14.9607 7.38274 -1.68837 
v -14.9613 7.41409 -1.70227 
v -14.9492 1.04954 -1.65846 
v -15.0037 7.41533 -1.72912 
v -15.0142 1.07719 -1.73209 
v -14.9986 7.46595 -1.82932 
v -14.9986 7.4406 -1.75936 
v -15.0104 7.5664 -2.31284 
v -14.9987 7.5522 -2.1625 
v -15.0018 7.64614 -2.88846 
v -14.9995 7.61564 -2.55155 
v -15.0115 7.12603 -4.62379 
v -15.0031 7.6551 -3.18152 
v -15 7.65042 -3.53612 
v -15.0067 7.62512 -3.7638 
v -14.9989 7.6222 -3.92757 
v -15.0086 7.56258 -4.2687 
v -14.9991 7.56404 -4.36631 
v -15.0087 7.50023 -4.58799 
v -14.9995 7.498 -4.6422 
v -14.9631 7.48329 -4.67468 
v -15.0122 1.07615 -4.62455 
v -14.9872 1.03948 -1.7174 
v -14.9695 1.00826 -1.70402 
v -14.9556 0.946384 -1.96033 
v -14.9504 0.927451 -1.68855 
v -19.062 0.0185964 -1.47354 
v -19.0479 0.00211644 -1.47876 
v -19.018 0.0160718 -1.40522 
v -19.0662 0.778457 -1.47738 
v -19.007 0.678078 -1.39336 
v -19.0421 1.12723 -1.42674 
v -19.0555 3.27991 -1.44014 
v -19.0005 2.8812 -1.37659 
v -19.0297 4.52919 -1.40148 
v -19.0821 3.56753 -1.52418 
v -19.07 4.48643 -1.46474 
v -19.0271 5.53369 -1.40102 
v -19.0775 1.0388 -1.58883 
v -19.0659 6.28873 -1.46167 
v -19.0025 7.26246 -1.39328 
v -19.0301 7.27235 -1.40239 
v -19.0781 7.02928 -1.49553 
v -19.058 7.27877 -1.4556 
v -19.075 7.29967 -1.49735 
v -19.0869 7.1322 -1.5697 
v -19.0841 7.34636 -1.55451 
v -19.0758 7.36537 -1.61408 
v -19.0604 7.36137 -1.65107 
v -19.0528 1.0296 -1.66045 
v -19.03 7.34363 -1.69206 
v -19.0296 7.40224 -1.70621 
v -19.0756 7.39072 -1.63889 
v -18.9916 7.34091 -1.72836 
v -18.9951 7.41604 -1.73929 
v -18.9877 1.07639 -1.7309 
v -19.0182 1.03573 -4.6358 
v -19.0023 7.44527 -1.77899 
v -19.003 7.50974 -1.96838 
v -18.9902 7.56159 -2.2398 
v -18.9888 5.55829 -4.62618 
v -18.9911 1.06973 -4.64111 
v -19.0449 1.02339 -4.69502 
v -19.0543 1.79487 -4.7139 
v -19.078 7.47691 -4.74749 
v -19.0446 7.48295 -4.684 
v -18.9971 7.33669 -4.64286 
v -19.0034 7.4971 -4.64423 
v -18.9898 7.4999 -4.61679 
v -18.9896 7.57952 -4.19665 
v -19.0016 7.55669 -4.42905 
v -18.9954 7.64776 -3.53266 
v -19.0045 7.62898 -3.91703 
v -18.9917 7.64888 -3.18559 
v -19.0014 7.65044 -2.87526 
v -19.0023 7.61026 -2.446 
v -19.1437 7.736 -3.19225 
v -19.1463 7.69886 -2.35219 
v -19.1469 7.90558 -2.75639 
v -19.0841 7.6711 -3.23978 
v -19.0851 7.66276 -2.88977 
v -19.1213 7.69426 -2.95869 
v -18.9917 7.64888 -3.18559 
v -19.1312 7.71017 -3.30187 
v -19.0049 7.65956 -3.42528 
v -18.9954 7.64776 -3.53266 
v -19.0857 7.66209 -3.60512 
v -19.0045 7.62898 -3.91703 
v -19.1437 7.72439 -3.69534 
v -19.133 7.69433 -3.74278 
v -19.1492 7.77855 -3.33464 
v -19.1422 7.92642 -2.99156 
v -19.1354 7.94249 -2.83116 
v -19.107 7.98158 -3.23237 
v -19.1485 7.88137 -3.66302 
v -19.1329 7.95333 -3.26609 
v -19.11 7.96624 -3.63822 
v -19.1346 7.93159 -3.76868 
v -19.1436 7.88232 -4.04804 
v -19.1256 7.92111 -4.04307 
v -19.1189 7.89148 -4.31793 
v -19.15 7.80986 -4.27861 
v -19.1447 7.78902 -4.54776 
v -19.1149 7.80573 -4.75463 
v -19.1284 7.75038 -4.99917 
v -19.1425 7.68164 -4.17548 
v -19.1354 7.62992 -4.36746 
v -19.1427 7.58274 -4.69991 
v -19.1336 7.53153 -4.75619 
v -19.1186 7.52368 -4.711 
v -19.098 7.46813 -4.81455 
v -19.148 7.70825 -4.67619 
v -19.1286 7.46494 -4.91532 
v -19.0886 7.44137 -4.86342 
v -19.1449 7.5137 -4.92967 
v -19.1342 7.70767 -5.05611 
v -19.113 7.74711 -5.05387 
v -19.1118 7.71662 -5.08159 
v -19.0998 7.66896 -5.10123 
v -19.119 7.62619 -5.09029 
v -19.14 7.47772 -5.00501 
v -19.111 7.4349 -4.97977 
v -19.1461 7.66748 -5.00384 
v -19.1254 7.45465 -5.02231 
v -19.1362 7.6093 -5.06294 
v -19.1032 7.51403 -5.09646 
v -19.1319 7.51219 -5.05924 
v -19.1145 7.47278 -5.07098 
v -18.4835 5.89066 -1.47408 
v -18.4795 5.88847 -1.35376 
v -18.4605 5.88298 -1.40748 
v -18.465 5.86353 -1.35168 
v -16.6204 5.86451 -1.36059 
v -16.1622 5.88268 -1.43284 
v -16.9085 5.87671 -1.50464 
v -15.5191 5.88962 -1.45408 
v -15.5392 5.88394 -1.41979 
v -15.5179 5.8794 -1.35309 
v -15.537 5.87061 -1.37226 
v -15.5335 5.84607 -1.32978 
v -15.5172 5.82033 -1.29637 
v -17.7862 5.82409 -1.30521 
v -18.4655 5.80948 -1.2923 
v -15.5939 5.77248 -1.27413 
v -15.5096 5.78223 -1.27476 
v -15.447 5.78376 -1.26879 
v -15.4317 5.63834 -1.3361 
v -15.3869 5.65755 -1.34947 
v -15.4086 5.67208 -1.33969 
v -15.4322 5.61624 -1.33916 
v -15.2356 5.4367 -1.31332 
v -15.2623 5.62666 -1.31943 
v -15.3502 5.55838 -1.33677 
v -15.2886 5.188 -1.30455 
v -15.1092 5.73049 -1.32264 
v -15.0218 5.62342 -1.35842 
v -15.0466 5.97853 -1.34885 
v -15.0525 5.1267 -1.33751 
v -14.9778 4.23977 -1.38792 
v -15.1713 4.92397 -1.30379 
v -15.0583 4.12387 -1.33385 
v -15.089 4.46602 -1.32106 
v -15.0067 0.960746 -1.36862 
v -15.1637 3.55621 -1.30233 
v -15.2091 4.17053 -1.29487 
v -15.0972 2.16951 -1.31622 
v -15.2171 4.14085 -1.298 
v -15.285 4.14356 -1.22459 
v -15.2861 4.16856 -1.20965 
v -15.3133 4.15427 -1.20325 
v -15.2653 4.11265 -1.30234 
v -15.1806 2.42073 -1.29595 
v -15.1456 1.72807 -1.30468 
v -15.0705 0.0386271 -1.34022 
v -14.9796 0.91987 -1.39224 
v -14.9933 0.0129385 -1.39313 
v -15.0481 0.00268292 -1.36339 
v -15.1146 0.01827 -1.32662 
v -15.2022 1.18975 -1.3089 
v -15.2297 0.0184922 -1.31803 
v -15.1689 1.65442 -1.30328 
v -15.2466 1.69606 -1.29578 
v -15.2408 1.92037 -1.29889 
v -15.3311 1.69416 -1.22425 
v -15.2737 1.67143 -1.30061 
v -15.3333 2.04714 -1.22426 
v -15.36 1.69753 -1.21935 
v -15.3572 1.67443 -1.2365 
v -15.2782 2.06939 -1.29111 
v -15.3498 2.06516 -1.22673 
v -15.2954 2.09966 -1.30599 
v -15.3447 2.07984 -1.31957 
v -15.4161 2.0807 -1.35329 
v -15.2909 3.11386 -1.30708 
v -15.3304 2.69719 -1.32181 
v -15.3907 2.32821 -1.35332 
v -15.4129 2.34272 -1.35848 
v -15.3858 2.7249 -1.35237 
v -15.6831 2.05756 -1.36209 
v -15.6418 2.07874 -1.35541 
v -15.6644 2.04422 -1.35453 
v -15.6599 1.68025 -1.3583 
v -15.3901 3.95734 -1.34221 
v -15.3525 4.11887 -1.32858 
v -15.3929 3.24252 -1.35166 
v -15.6441 4.09642 -1.33783 
v -15.6268 4.11843 -1.32673 
v -15.6701 4.1226 -1.33742 
v -15.6523 4.14118 -1.3222 
v -15.6639 4.53651 -1.32128 
v -15.9036 4.35233 -1.3327 
v -18.8795 2.45444 -1.31508 
v -18.9108 0.0327728 -1.33456 
v -18.826 1.65388 -1.30946 
v -18.8012 0.468402 -1.31866 
v -18.7925 2.05322 -1.30394 
v -18.7669 1.68261 -1.30322 
v -18.7517 0.647297 -1.3211 
v -18.7402 1.66602 -1.30986 
v -18.6583 0.914474 -1.33896 
v -18.6412 1.00234 -1.34782 
v -18.6463 0.81519 -1.34705 
v -17.5485 0.770699 -1.36993 
v -16.278 0.808298 -1.35811 
v -15.6325 4.12915 -1.29397 
v -15.431 4.14834 -1.23967 
v -15.6486 4.15265 -1.29338 
v -15.652 4.53752 -1.28635 
v -15.3099 4.53595 -1.20298 
v -15.313 4.55889 -1.21488 
v -15.3133 4.15427 -1.20325 
v -15.2861 4.16856 -1.20965 
v -15.2245 4.53478 -1.28943 
v -15.2091 4.17053 -1.29487 
v -15.2075 4.55585 -1.29988 
v -15.1713 4.92397 -1.30379 
v -15.089 4.46602 -1.32106 
v -15.0525 5.1267 -1.33751 
v -19.1227 7.56936 -1.31105 
v -19.1134 7.37708 -1.29907 
v -19.0952 7.42464 -1.28686 
v -19.0672 7.35095 -1.28242 
v -19.1066 7.31598 -1.31502 
v -19.0922 7.58155 -1.29005 
v -19.114 7.6189 -1.33442 
v -19.0596 7.61711 -1.30147 
v -19.0528 7.57151 -1.27971 
v -18.6492 7.32774 -1.28979 
v -18.2401 7.61575 -1.30482 
v -14.9061 7.5751 -1.28495 
v -14.9252 7.61905 -1.30099 
v -14.8726 7.59833 -1.3181 
v -14.879 7.5554 -1.30297 
v -14.8657 7.4465 -1.31895 
v -14.8904 7.38953 -1.29279 
v -14.9263 7.38057 -1.27996 
v -14.8744 7.36305 -1.31441 
v -14.9394 7.32948 -1.28875 
v -14.9917 7.30348 -1.30214 
v -14.9078 7.3122 -1.3084 
v -14.8765 7.32016 -1.33524 
v -14.9573 7.2853 -1.32604 
v -14.9121 7.28257 -1.35127 
v -15.0319 7.27328 -1.35457 
v -15.0683 7.25954 -1.35208 
v -15.0085 7.25733 -1.37997 
v -14.9784 7.26134 -1.40367 
v -19.0421 1.12723 -1.42674 
v -18.9679 2.38469 -1.35427 
v -19.0005 2.8812 -1.37659 
v -19.007 0.678078 -1.39336 
v -18.9808 0.0181327 -1.37348 
v -19.018 0.0160718 -1.40522 
v -18.9108 0.0327728 -1.33456 
v -18.8942 0.00325847 -1.34081 
v -18.823 0.0202394 -1.31912 
v -18.8795 2.45444 -1.31508 
v -18.8012 0.468402 -1.31866 
v -18.9238 2.5097 -1.33018 
v -18.826 2.93767 -1.30297 
v -18.7925 2.05322 -1.30394 
v -18.9558 3.69839 -1.34316 
v -19.0297 4.52919 -1.40148 
v -18.876 3.25442 -1.30916 
v -18.9736 4.78205 -1.35297 
v -19.0271 5.53369 -1.40102 
v -18.8642 4.13972 -1.30708 
v -18.7537 4.1137 -1.30003 
v -18.7413 2.08456 -1.30746 
v -18.7742 2.04802 -1.29661 
v -18.7669 1.68261 -1.30322 
v -18.7406 2.06893 -1.28585 
v -18.6797 2.08456 -1.32582 
v -18.68 1.71056 -1.23355 
v -18.6625 1.67552 -1.2411 
v -18.6547 1.68995 -1.22801 
v -18.6656 2.04485 -1.23316 
v -18.6552 2.07088 -1.24868 
v -18.3559 2.04849 -1.29796 
v -18.5935 2.06574 -1.26559 
v -18.3614 2.0693 -1.30666 
v -18.7002 4.11361 -1.30824 
v -18.7384 4.13322 -1.28781 
v -18.6242 4.11286 -1.33855 
v -18.769 4.15181 -1.28722 
v -18.6094 2.08222 -1.35712 
v -18.3662 2.10039 -1.35951 
v -18.3832 4.10314 -1.33871 
v -18.3621 2.08137 -1.35259 
v -18.3434 4.12347 -1.33633 
v -18.7986 4.55 -1.30099 
v -18.3188 2.0592 -1.36368 
v -18.3372 2.05058 -1.3547 
v -18.3366 1.69416 -1.35623 
v -18.7635 4.5475 -1.28456 
v -18.7354 4.56972 -1.2945 
v -18.7565 4.59163 -1.30427 
v -18.6988 4.33411 -1.22861 
v -18.6823 4.54884 -1.22264 
v -18.6582 4.1505 -1.21088 
v -18.6471 4.53492 -1.21034 
v -18.5717 4.53739 -1.2333 
v -18.5406 4.14944 -1.24262 
v -18.634 4.55669 -1.22186 
v -18.5548 4.55658 -1.24759 
v -18.8255 4.86854 -1.30561 
v -18.8846 5.00735 -1.31778 
v -18.7114 4.68964 -1.29791 
v -18.652 4.58411 -1.30962 
v -18.6432 4.77802 -1.31486 
v -18.5702 4.58512 -1.32245 
v -18.6772 5.16339 -1.30588 
v -18.3203 4.58687 -1.32582 
v -18.3598 4.57172 -1.31914 
v -18.3354 4.54756 -1.32164 
v -18.3162 4.15061 -1.33798 
v -18.3361 4.15108 -1.32795 
v -18.883 5.48178 -1.32593 
v -18.9536 7.10347 -1.36241 
v -19.0025 7.26246 -1.39328 
v -19.0271 5.53369 -1.40102 
v -18.9203 7.25797 -1.35572 
v -18.9519 7.27238 -1.3508 
v -18.7948 7.27395 -1.33812 
v -18.8576 7.15286 -1.33963 
v -18.7521 5.75258 -1.32474 
v -18.6999 7.25915 -1.35711 
v -18.7726 5.60731 -1.32383 
v -18.7529 5.407 -1.32055 
v -18.6735 5.4575 -1.33103 
v -18.595 5.66471 -1.34975 
v -18.5616 5.6292 -1.34317 
v -18.4874 5.31641 -1.30732 
v -18.4867 5.61114 -1.34186 
v -18.5319 5.62869 -1.33453 
v -15.4932 5.63003 -1.33325 
v -18.3033 5.66766 -1.2912 
v -18.5384 5.65195 -1.30647 
v -18.5572 5.71021 -1.27329 
v -15.4494 5.6731 -1.29356 
v -15.4317 5.63834 -1.3361 
v -15.4322 5.61624 -1.33916 
v -15.4692 5.7103 -1.27526 
v -15.4373 5.72355 -1.27717 
v -15.447 5.78376 -1.26879 
v -15.5939 5.77248 -1.27413 
v -15.3869 5.65755 -1.34947 
v -18.4804 5.75837 -1.27173 
v -18.4655 5.80948 -1.2923 
v -18.5362 5.75969 -1.26175 
v -18.5633 5.81715 -1.27376 
v -18.5053 5.80153 -1.26603 
v -18.4833 5.8488 -1.30035 
v -18.5808 6.13941 -1.41765 
v -18.5182 6.31933 -1.50432 
v -15.6592 7.08226 -1.38174 
v -17.5687 7.27197 -1.36994 
v -16.6375 7.04327 -1.39313 
v -15.8743 7.25724 -1.38108 
v -15.3723 7.27222 -1.36978 
v -15.3588 7.25578 -1.37954 
v -15.3802 7.09096 -1.37845 
v -15.2491 7.13798 -1.34268 
v -15.2485 6.75162 -1.33854 
v -15.2916 7.25915 -1.35665 
v -15.2594 7.27644 -1.34077 
v -15.2027 7.25838 -1.3396 
v -15.1313 7.27536 -1.33758 
v -15.127 6.84317 -1.33741 
v -15.1517 5.7378 -1.31555 
v -15.0312 7.16317 -1.36575 
v -15.0683 7.25954 -1.35208 
v -15.0085 7.25733 -1.37997 
v -14.9784 7.26134 -1.40367 
v -15.6433 4.57169 -1.32077 
v -15.3206 4.88977 -1.30701 
v -15.3907 4.59559 -1.3201 
v -15.2576 4.57187 -1.30368 
v -15.2075 4.55585 -1.29988 
v -15.2415 4.55802 -1.29142 
v -15.2245 4.53478 -1.28943 
v -15.3099 4.53595 -1.20298 
v -15.313 4.55889 -1.21488 
v -16.2943 1.05732 -1.37603 
v -15.6803 1.64633 -1.36638 
v -15.6289 1.6603 -1.35637 
v -15.4127 1.07763 -1.37523 
v -15.3974 1.64349 -1.36471 
v -15.3715 1.66119 -1.35623 
v -15.3084 1.65804 -1.32361 
v -15.2639 1.65569 -1.30979 
v -15.3617 1.02229 -1.35573 
v -15.3522 0.954227 -1.34148 
v -15.3426 0.821499 -1.34297 
v -15.4637 0.934615 -1.34475 
v -17.6257 1.02844 -1.36313 
v -18.6192 1.0533 -1.3693 
v -17.6305 0.932702 -1.34797 
v -18.6412 1.00234 -1.34782 
v -18.6583 0.914474 -1.33896 
v -18.7402 1.66602 -1.30986 
v -16.278 0.808298 -1.35811 
v -18.6789 1.66454 -1.32539 
v -18.6208 1.66111 -1.35592 
v -18.372 1.63883 -1.36463 
v -18.3586 1.66001 -1.35536 
v -18.317 1.68229 -1.36549 
v -16.6664 0.746229 -1.38499 
v -17.5485 0.770699 -1.36993 
v -18.0312 0.722569 -1.40868 
v -18.307 0.742195 -1.38802 
v -15.4949 0.771608 -1.36708 
v -18.6463 0.81519 -1.34705 
v -15.4119 0.738609 -1.39203 
v -18.6225 0.759234 -1.36106 
v -18.607 0.603312 -1.38605 
v -18.6194 0.236041 -1.37898 
v -15.3764 0.777263 -1.35681 
v -15.3642 0.748934 -1.3591 
v -15.4051 0.696671 -1.40624 
v -15.3942 0.209048 -1.39197 
v -15.363 0.0381596 -1.36389 
v -15.3177 0.0191669 -1.34022 
v -15.3974 0.0190213 -1.40109 
v -18.7022 0.285535 -1.33554 
v -18.7517 0.647297 -1.3211 
v -18.6554 0.0436099 -1.35789 
v -18.5991 0.0468578 -1.40549 
v -18.621 0.0165117 -1.38243 
v -18.6975 0.0169809 -1.34049 
v -18.7605 0.0364842 -1.32266 
v -18.7558 0.0039053 -1.33841 
v -15.6418 2.07874 -1.35541 
v -15.4161 2.0807 -1.35329 
v -15.4129 2.34272 -1.35848 
v -15.3907 2.32821 -1.35332 
v -18.3559 2.04849 -1.29796 
v -18.68 1.71056 -1.23355 
v -18.5176 1.694 -1.26803 
v -18.6547 1.68995 -1.22801 
v -18.3548 1.67032 -1.30605 
v -18.5437 1.67308 -1.27544 
v -18.5548 4.55658 -1.24759 
v -18.3466 4.53798 -1.28379 
v -18.3592 4.55835 -1.28182 
v -18.5717 4.53739 -1.2333 
v -18.352 4.36181 -1.28075 
v -18.5406 4.14944 -1.24262 
v -18.3566 4.14768 -1.27559 
v -18.7565 4.59163 -1.30427 
v -18.7354 4.56972 -1.2945 
v -18.652 4.58411 -1.30962 
v -18.7521 5.75258 -1.32474 
v -18.7726 5.60731 -1.32383 
v -18.595 5.66471 -1.34975 
v -18.6177 5.77853 -1.35584 
v -18.5943 6.01996 -1.38487 
v -15.3426 0.821499 -1.34297 
v -15.3177 0.0191669 -1.34022 
v -15.2297 0.0184922 -1.31803 
v -15.2639 1.65569 -1.30979 
v -15.2022 1.18975 -1.3089 
v -15.1689 1.65442 -1.30328 
v -15.2466 1.69606 -1.29578 
v -15.2737 1.67143 -1.30061 
v -15.3084 1.65804 -1.32361 
v -15.6565 1.68083 -1.32043 
v -15.6324 1.66715 -1.31001 
v -15.65 1.69429 -1.30462 
v -15.5225 1.67526 -1.28264 
v -15.36 1.69753 -1.21935 
v -15.3572 1.67443 -1.2365 
v -15.6515 2.04764 -1.3042 
v -15.3333 2.04714 -1.22426 
v -15.3498 2.06516 -1.22673 
v -15.6451 2.06557 -1.31019 
v -18.4501 5.64322 -1.61721 
v -18.427 5.62921 -3.54684 
v -18.4646 5.64966 -3.52803 
v -18.4599 5.65417 -3.57625 
v -18.4037 5.64479 -3.59436 
v -18.4608 5.68362 -3.61405 
v -18.3602 5.62092 -3.54784 
v -15.7215 5.63444 -3.59285 
v -18.3906 5.62136 -1.93305 
v -18.3662 5.62234 -1.61906 
v -18.3931 5.62953 -1.59903 
v -18.2857 5.62782 -1.59427 
v -18.1109 5.61672 -1.61826 
v -17.6556 5.62318 -1.59849 
v -16.5717 5.61331 -3.48899 
v -15.6138 5.61839 -3.53823 
v -15.6687 5.61777 -1.61762 
v -15.5842 5.62781 -1.6031 
v -15.5736 5.62401 -3.1495 
v -15.545 5.64479 -1.61684 
v -15.5197 5.66275 -3.34419 
v -15.5579 5.62979 -3.52874 
v -15.5306 5.64925 -3.55248 
v -15.5896 5.63001 -3.58039 
v -15.5398 5.65458 -3.59173 
v -15.5884 5.65567 -3.61251 
v -15.3843 5.81151 -1.3523 
v -15.4086 5.67208 -1.33969 
v -15.4074 5.82569 -1.34513 
v -15.4051 6.01393 -1.3768 
v -15.3909 6.07121 -1.38835 
v -15.4214 6.14117 -1.41456 
v -15.3205 5.86487 -1.33909 
v -15.4256 6.20693 -1.43244 
v -15.4828 5.85184 -1.28202 
v -15.4308 5.8745 -1.29328 
v -15.4183 5.85055 -1.29689 
v -15.4868 6.305 -1.49287 
v -15.4049 6.65873 -1.40972 
v -15.2969 6.089 -1.34179 
v -15.3388 6.6924 -1.36729 
v -15.4118 6.90143 -1.40773 
v -15.4024 7.00293 -1.39737 
v -15.4447 6.94206 -1.4339 
v -15.4689 6.95654 -1.44333 
v -15.4518 7.00937 -1.405 
v -15.5048 6.9872 -1.42425 
v -17.826 6.99418 -1.41812 
v -17.5618 7.05803 -1.38753 
v -18.6112 7.08056 -1.38005 
v -18.6354 7.25789 -1.37664 
v -17.5358 7.08127 -1.38258 
v -18.6852 4.13124 -1.28852 
v -18.7002 4.11361 -1.30824 
v -18.6379 4.12851 -1.31719 
v -18.7384 4.13322 -1.28781 
v -18.6242 4.11286 -1.33855 
v -18.6644 4.13351 -1.23791 
v -18.6582 4.1505 -1.21088 
v -18.769 4.15181 -1.28722 
v -18.5437 4.1339 -1.25699 
v -18.5406 4.14944 -1.24262 
v -18.3566 4.14768 -1.27559 
v -18.3493 4.13055 -1.29475 
v -18.3763 4.11743 -1.32718 
v -18.3832 4.10314 -1.33871 
v -18.3434 4.12347 -1.33633 
v -15.4868 6.305 -1.49287 
v -15.5172 5.82033 -1.29637 
v -15.4828 5.85184 -1.28202 
v -15.5096 5.78223 -1.27476 
v -15.447 5.78376 -1.26879 
v -15.4183 5.85055 -1.29689 
v -18.5384 5.65195 -1.30647 
v -18.5616 5.6292 -1.34317 
v -18.5319 5.62869 -1.33453 
v -18.5572 5.71021 -1.27329 
v -18.6354 7.25789 -1.37664 
v -18.6999 7.25915 -1.35711 
v -18.6112 7.08056 -1.38005 
v -15.6325 4.12915 -1.29397 
v -15.6523 4.14118 -1.3222 
v -15.6268 4.11843 -1.32673 
v -15.3525 4.11887 -1.32858 
v -15.285 4.14356 -1.22459 
v -15.431 4.14834 -1.23967 
v -15.3133 4.15427 -1.20325 
v -15.2613 4.13171 -1.28494 
v -15.2171 4.14085 -1.298 
v -15.2653 4.11265 -1.30234 
v -19.1487 7.71535 -1.89061 
v -19.1492 7.85797 -2.46024 
v -19.1376 7.52518 -1.78747 
v -19.1275 7.84668 -2.1279 
v -19.1276 7.93476 -2.56324 
v -19.1415 7.75169 -1.86595 
v -19.1187 7.82123 -1.98254 
v -19.1319 7.6046 -1.35809 
v -19.1188 7.95564 -2.70977 
v -19.1397 7.57233 -1.34855 
v -19.114 7.6189 -1.33442 
v -19.1227 7.56936 -1.31105 
v -19.1382 7.36286 -1.33738 
v -19.1134 7.37708 -1.29907 
v -19.1066 7.31598 -1.31502 
v -19.1224 7.31003 -1.37469 
v -19.1345 7.33766 -1.41556 
v -19.1442 7.52276 -1.67567 
v -19.1368 7.43939 -1.57663 
v -19.112 7.31615 -1.44389 
v -19.1159 7.40234 -1.58725 
v -19.1262 7.47781 -1.71896 
v -19.0929 7.42841 -1.67818 
v -19.0756 7.39072 -1.63889 
v -19.0296 7.40224 -1.70621 
v -19.1147 7.50899 -1.84971 
v -19.0462 7.42902 -1.72293 
v -18.9951 7.41604 -1.73929 
v -19.0023 7.44527 -1.77899 
v -19.0698 7.48005 -1.84553 
v -19.003 7.50974 -1.96838 
v -19.0552 7.51999 -1.98944 
v -19.1135 7.6018 -2.20136 
v -19.0794 7.57806 -2.18719 
v -19.0023 7.58957 -2.32063 
v -18.9902 7.56159 -2.2398 
v -19.0023 7.61026 -2.446 
v -19.0617 7.60082 -2.33924 
v -19.079 7.63708 -2.56726 
v -19.0014 7.65044 -2.87526 
v -19.1018 7.64365 -2.51632 
v -19.1352 7.6439 -2.26164 
v -19.1359 7.69521 -2.65321 
v -18.5182 6.31933 -1.50432 
v -18.5906 6.17904 -1.4225 
v -18.5808 6.13941 -1.41765 
v -18.6823 4.54884 -1.22264 
v -18.7354 4.56972 -1.2945 
v -18.7635 4.5475 -1.28456 
v -18.654 4.56587 -1.23545 
v -18.6471 4.53492 -1.21034 
v -18.634 4.55669 -1.22186 
v -18.5548 4.55658 -1.24759 
v -18.6251 4.57113 -1.28714 
v -18.652 4.58411 -1.30962 
v -18.5702 4.58512 -1.32245 
v -18.3598 4.57172 -1.31914 
v -18.3592 4.55835 -1.28182 
v -18.537 4.5698 -1.3117 
v -18.6871 6.22992 -1.35061 
v -18.6762 6.91173 -1.35764 
v -18.6662 5.98632 -1.35447 
v -18.6177 5.77853 -1.35584 
v -18.6094 7.02173 -1.39074 
v -18.6112 7.08056 -1.38005 
v -18.5789 7.03283 -1.39334 
v -18.54 6.988 -1.42376 
v -18.6127 6.04198 -1.38947 
v -18.5943 6.01996 -1.38487 
v -18.5808 6.13941 -1.41765 
v -18.652 6.21262 -1.3704 
v -18.5906 6.17904 -1.4225 
v -18.57 6.60733 -1.4378 
v -18.6161 6.84169 -1.38802 
v -18.5335 6.95059 -1.44754 
v -18.5065 6.96551 -1.4494 
v -14.9261 7.66443 -3.1858 
v -14.9231 7.65529 -3.54041 
v -14.8937 7.67842 -3.18448 
v -14.9087 7.66552 -2.93691 
v -14.9405 7.65651 -2.9269 
v -14.8841 7.65227 -3.94873 
v -14.918 7.63408 -3.91163 
v -14.8587 7.7218 -3.28499 
v -14.8793 7.67563 -2.79771 
v -14.9111 7.60879 -4.17869 
v -14.8577 7.69025 -4.02316 
v -14.8686 7.61931 -4.37973 
v -14.9086 7.57228 -4.42549 
v -14.8832 7.55778 -4.58325 
v -14.9062 7.52243 -4.64379 
v -15.652 4.53752 -1.28635 
v -15.313 4.55889 -1.21488 
v -15.6433 4.57169 -1.32077 
v -15.2576 4.57187 -1.30368 
v -15.2415 4.55802 -1.29142 
v -18.4602 5.86158 -1.54204 
v -18.4831 5.85948 -1.56046 
v -18.4835 5.89066 -1.47408 
v -16.9085 5.87671 -1.50464 
v -18.3384 5.81739 -1.59465 
v -18.4793 5.77853 -1.62203 
v -15.7889 5.84109 -1.57434 
v -15.5392 5.79309 -1.61559 
v -15.5192 5.81841 -1.60674 
v -15.541 5.86131 -1.54339 
v -15.5191 5.88962 -1.45408 
v -15.5203 5.88017 -1.52678 
v -18.54 6.988 -1.42376 
v -17.826 6.99418 -1.41812 
v -18.5789 7.03283 -1.39334 
v -18.6112 7.08056 -1.38005 
v -18.6593 7.95488 -2.567 
v -18.6609 7.81018 -1.89016 
v -18.6438 7.79399 -1.96805 
v -18.6462 7.71359 -1.64402 
v -18.6449 7.92532 -2.59523 
v -18.6465 7.94071 -3.14231 
v -18.6593 7.98292 -3.29413 
v -18.6784 7.99803 -3.17924 
v -18.6461 7.93348 -3.7663 
v -18.6604 7.96923 -3.78874 
v -18.6579 7.93299 -4.03378 
v -18.6441 7.86476 -4.30334 
v -18.662 7.83934 -4.65751 
v -18.6769 7.91875 -4.26024 
v -18.339 4.15295 -1.29245 
v -18.3354 4.54756 -1.32164 
v -18.352 4.36181 -1.28075 
v -18.3466 4.53798 -1.28379 
v -18.3566 4.14768 -1.27559 
v -18.3592 4.55835 -1.28182 
v -18.3598 4.57172 -1.31914 
v -18.3361 4.15108 -1.32795 
v -18.3493 4.13055 -1.29475 
v -18.3434 4.12347 -1.33633 
v -15.4104 0.023526 -1.72933 
v -15.4095 0.681345 -1.72995 
v -15.3869 0.0319695 -1.74714 
v -15.3869 0.00810266 -1.73616 
v -15.0527 0.0162034 -1.75107 
v -15.3846 0.678626 -1.74456 
v -15.3874 0.729274 -1.77464 
v -15.3152 0.682283 -1.75631 
v -15.2552 0.649327 -1.74789 
v -15.2564 0.671466 -1.76154 
v -15.1408 0.665552 -1.76558 
v -15.0309 0.46112 -1.74437 
v -15.0965 0.649197 -1.74907 
v -15.0407 0.685184 -1.76212 
v -15.0519 0.663403 -1.74571 
v -15.007 0.685599 -1.7244 
v -14.9733 0.0191851 -1.69211 
v -15.0104 0.0309558 -1.73539 
v -15.0371 0.000664711 -1.72557 
v -18.3366 1.69416 -1.35623 
v -18.3386 1.69462 -1.32113 
v -18.3586 1.66001 -1.35536 
v -18.3548 1.67032 -1.30605 
v -18.3559 2.04849 -1.29796 
v -18.3397 2.04646 -1.32209 
v -18.3372 2.05058 -1.3547 
v -18.3614 2.0693 -1.30666 
v -18.3621 2.08137 -1.35259 
v -19.0263 0.659997 -1.69273 
v -19.0331 0.74238 -1.70183 
v -18.9946 0.687587 -1.72318 
v -18.9661 0.431302 -1.74268 
v -18.9942 0.0169468 -1.72948 
v -18.9488 0.0186348 -1.74849 
v -18.948 0.662458 -1.74309 
v -18.947 0.676368 -1.75702 
v -18.7315 0.65349 -1.74806 
v -18.9141 0.647542 -1.74802 
v -18.8836 0.666355 -1.76409 
v -18.7856 0.667861 -1.76372 
v -18.6125 0.016222 -1.74478 
v -18.6715 0.692368 -1.76502 
v -18.6155 0.690027 -1.74493 
v -18.6108 0.721866 -1.76316 
v -18.5948 0.691506 -1.7306 
v -18.593 0.0128763 -1.72992 
v -18.4827 6.60538 -3.62827 
v -18.4691 5.90882 -3.63467 
v -18.4657 6.5451 -3.63915 
v -18.445 6.64115 -3.64378 
v -18.465 6.79991 -3.63347 
v -18.4904 6.80853 -3.60644 
v -18.4426 6.86056 -3.62997 
v -18.4782 6.87381 -3.60314 
v -18.4553 6.90841 -3.58842 
v -18.3751 6.89578 -3.61111 
v -18.1473 6.81448 -3.64209 
v -15.5897 6.86346 -3.62787 
v -15.628 6.91586 -3.58585 
v -15.5661 6.89843 -3.5974 
v -15.5447 6.85414 -3.61993 
v -15.5195 6.88002 -3.58029 
v -15.5171 6.82348 -3.61032 
v -15.5473 6.80909 -3.63305 
v -15.5163 6.62091 -3.62298 
v -15.5675 6.63567 -3.64219 
v -15.5547 6.08317 -3.6388 
v -15.5175 5.74278 -3.61642 
v -16.0773 5.74333 -3.64066 
v -15.5605 5.72322 -3.63367 
v -15.5388 5.68876 -3.61655 
v -15.51 5.70213 -3.59681 
v -15.5398 5.65458 -3.59173 
v -15.5884 5.65567 -3.61251 
v -15.6157 5.69434 -3.63173 
v -15.7215 5.63444 -3.59285 
v -18.3545 5.69902 -3.63056 
v -18.4037 5.64479 -3.59436 
v -18.4608 5.68362 -3.61405 
v -18.455 5.74248 -3.6333 
v -18.4828 5.7365 -3.61408 
v -18.1111 5.91302 -3.64268 
v -19.1254 7.45465 -5.02231 
v -19.0958 7.4423 -5.05809 
v -19.0932 7.42495 -5.01987 
v -19.1145 7.47278 -5.07098 
v -19.111 7.4349 -4.97977 
v -19.0669 7.46507 -5.0934 
v -19.0498 7.42518 -5.04973 
v -19.0336 7.41717 -4.9972 
v -18.8716 7.41868 -5.04915 
v -18.8111 7.41849 -5.0541 
v -18.3262 7.44993 -5.08562 
v -18.6885 7.42192 -5.04469 
v -18.9571 7.41933 -5.03586 
v -18.9471 7.40618 -5.02828 
v -19.0104 7.40525 -4.99009 
v -19.0535 7.40579 -4.94294 
v -19.0747 7.42406 -4.92573 
v -19.1286 7.46494 -4.91532 
v -19.0886 7.44137 -4.86342 
v -15.6639 4.53651 -1.32128 
v -15.6523 4.14118 -1.3222 
v -15.6486 4.15265 -1.29338 
v -15.6325 4.12915 -1.29397 
v -15.652 4.53752 -1.28635 
v -15.6433 4.57169 -1.32077 
v -19.112 7.31615 -1.44389 
v -19.1224 7.31003 -1.37469 
v -19.1345 7.33766 -1.41556 
v -19.0966 7.28763 -1.37227 
v -19.1066 7.31598 -1.31502 
v -19.0694 7.28652 -1.32934 
v -19.0301 7.27235 -1.40239 
v -19.0025 7.26246 -1.39328 
v -19.0745 7.29322 -1.44885 
v -19.058 7.27877 -1.4556 
v -19.075 7.29967 -1.49735 
v -19.0841 7.34636 -1.55451 
v -19.1159 7.40234 -1.58725 
v -19.0758 7.36537 -1.61408 
v -19.0756 7.39072 -1.63889 
v -19.0604 7.36137 -1.65107 
v -15.4689 6.95654 -1.44333 
v -15.5068 6.92877 -1.49575 
v -15.4806 6.90596 -1.4862 
v -15.4447 6.94206 -1.4339 
v -15.65 1.69429 -1.30462 
v -15.6644 2.04422 -1.35453 
v -15.6599 1.68025 -1.3583 
v -15.6565 1.68083 -1.32043 
v -15.6515 2.04764 -1.3042 
v -15.6451 2.06557 -1.31019 
v -15.6418 2.07874 -1.35541 
v -18.4824 5.69528 -1.64238 
v -18.4793 5.77853 -1.62203 
v -18.4656 5.7338 -1.62975 
v -15.5392 5.79309 -1.61559 
v -18.4501 5.64322 -1.61721 
v -15.5234 5.75006 -1.63133 
v -15.5192 5.81841 -1.60674 
v -15.5322 5.69547 -1.6282 
v -18.2857 5.62782 -1.59427 
v -18.3931 5.62953 -1.59903 
v -17.6556 5.62318 -1.59849 
v -15.5842 5.62781 -1.6031 
v -15.545 5.64479 -1.61684 
v -15.5237 5.66876 -1.63347 
v -18.607 0.603312 -1.38605 
v -18.5953 0.712188 -1.40238 
v -18.6225 0.759234 -1.36106 
v -18.5838 0.736808 -1.39079 
v -18.6194 0.236041 -1.37898 
v -18.5789 0.706938 -1.4282 
v -18.5991 0.0468578 -1.40549 
v -18.5874 0.681562 -1.43409 
v -18.5753 0.680398 -1.4863 
v -18.5899 0.0186715 -1.43113 
v -18.621 0.0165117 -1.38243 
v -18.6019 0.000446081 -1.44951 
v -18.584 0.0198877 -1.56844 
v -18.5856 0.657565 -1.46956 
v -18.5743 0.669616 -1.54526 
v -18.5811 0.66875 -1.64482 
v -18.593 0.0128763 -1.72992 
v -18.5948 0.691506 -1.7306 
v -18.5813 0.709645 -1.71596 
v -18.6108 0.721866 -1.76316 
v -19.0511 7.31349 -1.29624 
v -19.1066 7.31598 -1.31502 
v -19.0694 7.28652 -1.32934 
v -19.0672 7.35095 -1.28242 
v -19.0025 7.26246 -1.39328 
v -18.9519 7.27238 -1.3508 
v -18.7948 7.27395 -1.33812 
v -18.7686 7.3028 -1.30268 
v -18.6999 7.25915 -1.35711 
v -18.6492 7.32774 -1.28979 
v -18.6354 7.25789 -1.37664 
v -15.3279 7.28884 -1.32099 
v -17.5687 7.27197 -1.36994 
v -15.8743 7.25724 -1.38108 
v -15.3723 7.27222 -1.36978 
v -15.3588 7.25578 -1.37954 
v -15.2594 7.27644 -1.34077 
v -14.9917 7.30348 -1.30214 
v -15.1313 7.27536 -1.33758 
v -15.0683 7.25954 -1.35208 
v -18.57 6.60733 -1.4378 
v -18.5906 6.17904 -1.4225 
v -18.533 6.36934 -1.50228 
v -18.5182 6.31933 -1.50432 
v -18.5425 6.86527 -1.45425 
v -18.5335 6.95059 -1.44754 
v -18.503 6.45036 -1.57802 
v -18.5137 6.89796 -1.5 
v -18.4985 6.93951 -1.48404 
v -18.481 6.9255 -1.51867 
v -18.4965 6.87733 -1.56387 
v -18.4742 6.91108 -1.59566 
v -18.4833 5.8488 -1.30035 
v -18.4821 6.88312 -1.72549 
v -18.4673 6.90521 -1.75226 
v -18.4854 6.90006 -2.65503 
v -18.4971 6.82718 -1.86459 
v -18.465 5.86353 -1.35168 
v -18.4655 5.80948 -1.2923 
v -18.4795 5.88847 -1.35376 
v -18.4839 6.2215 -1.52111 
v -18.4988 6.33595 -1.62081 
v -18.4907 5.91046 -1.42708 
v -18.4835 5.89066 -1.47408 
v -18.4964 6.01078 -1.75324 
v -18.4831 5.85948 -1.56046 
v -18.493 6.87745 -3.53472 
v -18.4708 6.92033 -2.95123 
v -18.4667 6.91691 -3.5287 
v -18.4828 6.89934 -3.54712 
v -18.4782 6.87381 -3.60314 
v -18.4553 6.90841 -3.58842 
v -18.4904 6.80853 -3.60644 
v -18.4937 5.83137 -3.59518 
v -18.4827 6.60538 -3.62827 
v -18.4691 5.90882 -3.63467 
v -18.4828 5.7365 -3.61408 
v -18.4923 5.69902 -3.18207 
v -18.4844 5.68357 -3.57046 
v -18.4608 5.68362 -3.61405 
v -18.4599 5.65417 -3.57625 
v -18.4646 5.64966 -3.52803 
v -18.4822 5.66982 -3.14678 
v -18.4501 5.64322 -1.61721 
v -18.4872 5.68783 -2.0572 
v -18.4824 5.69528 -1.64238 
v -18.489 5.70841 -1.69342 
v -18.4793 5.77853 -1.62203 
v -18.491 5.80127 -1.64413 
v -15.4205 0.647281 -1.53485 
v -15.4393 0.665794 -1.57801 
v -15.4219 0.667406 -1.65334 
v -15.4377 0.667354 -1.53104 
v -15.4209 0.664581 -1.47487 
v -15.4209 0.0320485 -1.53012 
v -15.4113 0.0423217 -1.42623 
v -15.4104 0.023526 -1.72933 
v -15.4086 0.00858736 -1.70326 
v -15.4095 0.681345 -1.72995 
v -15.4212 0.70079 -1.71765 
v -15.3874 0.729274 -1.77464 
v -15.412 0.00804162 -1.49257 
v -15.3974 0.0190213 -1.40109 
v -15.363 0.0381596 -1.36389 
v -15.3942 0.209048 -1.39197 
v -15.4051 0.696671 -1.40624 
v -15.4263 0.707462 -1.42823 
v -15.4119 0.738609 -1.39203 
v -15.0319 7.27328 -1.35457 
v -14.946 7.27831 -1.41333 
v -14.9573 7.2853 -1.32604 
v -14.9784 7.26134 -1.40367 
v -14.9512 7.27249 -1.43715 
v -14.927 7.29293 -1.46177 
v -14.9121 7.28257 -1.35127 
v -14.8935 7.29249 -1.40982 
v -14.9188 7.30773 -1.51039 
v -14.868 7.33857 -1.4569 
v -14.914 7.31836 -1.54381 
v -14.8722 7.31148 -1.36909 
v -14.8765 7.32016 -1.33524 
v -14.9078 7.3122 -1.3084 
v -18.5978 0.0171154 -4.94898 
v -18.5939 0.693814 -4.94926 
v -18.5818 0.661545 -4.86824 
v -18.6253 0.650638 -4.99177 
v -18.6181 0.741604 -4.99515 
v -18.5842 0.0309672 -4.89252 
v -18.5798 0.652086 -4.81011 
v -18.5918 0.0096333 -4.87274 
v -18.5858 0.0331628 -4.64666 
v -18.5833 0.656688 -4.75445 
v -18.593 0.0122988 -4.64879 
v -18.6043 0.0245166 -4.62337 
v -18.6161 0.107641 -4.6174 
v -18.5797 0.69262 -4.661 
v -18.5975 0.674801 -4.62712 
v -18.5999 0.68794 -4.61352 
v -18.5717 0.723583 -4.63294 
v -18.5785 0.751247 -4.60597 
v -15.4049 0.682667 -4.62642 
v -15.4217 0.720516 -4.62241 
v -15.4216 0.687364 -4.67111 
v -15.3991 0.690658 -4.61118 
v -15.4091 0.750302 -4.58415 
v -15.3848 0.0123293 -4.62378 
v -15.4162 0.0384128 -4.64733 
v -15.4194 0.649361 -4.79783 
v -15.4053 0.0378804 -4.62608 
v -15.3848 0.0123293 -4.62378 
v -15.4069 0.0115585 -4.64837 
v -15.4188 0.0338461 -4.9038 
v -15.4204 0.66558 -4.89069 
v -15.4088 0.01121 -4.91675 
v -15.4098 0.0321527 -4.94239 
v -15.3787 0.00232434 -4.95826 
v -15.382 0.0101211 -4.97336 
v -15.4073 0.699957 -4.9524 
v -15.3739 0.033927 -4.99161 
v -15.3946 0.70676 -4.97201 
v -15.4032 0.738959 -4.9793 
v -15.5237 5.66876 -1.63347 
v -15.5197 5.66275 -3.34419 
v -15.545 5.64479 -1.61684 
v -15.5069 5.70176 -2.59607 
v -15.51 5.70213 -3.59681 
v -15.5306 5.64925 -3.55248 
v -15.5398 5.65458 -3.59173 
v -15.5065 5.86409 -3.59538 
v -15.5175 5.74278 -3.61642 
v -15.5163 6.62091 -3.62298 
v -15.5066 6.8166 -3.57468 
v -15.5171 6.82348 -3.61032 
v -15.5145 6.88423 -3.34104 
v -15.5093 6.86016 -3.55999 
v -15.5195 6.88002 -3.58029 
v -15.5472 6.91234 -3.55433 
v -15.5216 6.89909 -3.41758 
v -15.5397 6.91641 -3.33053 
v -15.5342 6.91252 -2.50705 
v -15.509 6.87676 -2.40347 
v -15.5202 6.89328 -1.72028 
v -15.5055 6.35965 -1.62703 
v -15.4985 6.46671 -1.57575 
v -15.5122 5.72633 -1.65437 
v -15.5322 5.69547 -1.6282 
v -15.5234 5.75006 -1.63133 
v -15.5127 5.83553 -1.62097 
v -15.5192 5.81841 -1.60674 
v -15.5203 5.88017 -1.52678 
v -15.5059 6.09906 -1.52448 
v -15.5071 5.91055 -1.43917 
v -15.5191 5.88962 -1.45408 
v -15.5179 5.8794 -1.35309 
v -15.5174 6.10121 -1.4756 
v -15.5159 5.93349 -1.35151 
v -15.5172 5.82033 -1.29637 
v -15.4868 6.305 -1.49287 
v -15.5138 6.34987 -1.55611 
v -15.5026 6.37429 -1.53181 
v -15.4835 6.43546 -1.52658 
v -15.4256 6.20693 -1.43244 
v -15.4687 6.68789 -1.48599 
v -15.4049 6.65873 -1.40972 
v -15.4118 6.90143 -1.40773 
v -15.501 6.85579 -1.55833 
v -15.4806 6.90596 -1.4862 
v -15.4447 6.94206 -1.4339 
v -15.5174 6.8954 -1.59565 
v -15.5363 6.91293 -1.62198 
v -15.5292 6.92532 -1.53653 
v -15.5019 6.89145 -1.53675 
v -15.5068 6.92877 -1.49575 
v -19.0148 0.703771 -4.65108 
v -19.0429 0.0191495 -4.68169 
v -18.9804 0.495101 -4.62325 
v -18.978 0.676622 -4.62595 
v -18.9438 0.66609 -4.6154 
v -18.8751 0.651059 -4.61364 
v -18.9909 0.0309889 -4.62851 
v -18.9948 0.00922322 -4.64232 
v -18.9509 0.00880337 -4.62124 
v -18.6161 0.107641 -4.6174 
v -18.7031 0.669869 -4.61006 
v -18.6968 0.033633 -4.61542 
v -18.6043 0.0245166 -4.62337 
v -18.6167 0.665263 -4.61724 
v -18.5975 0.674801 -4.62712 
v -18.5999 0.68794 -4.61352 
v -14.9752 7.41555 -4.98291 
v -14.9384 7.42916 -5.05768 
v -14.9262 7.42174 -5.02644 
v -15.0537 7.41978 -5.03801 
v -14.889 7.45897 -5.05998 
v -14.9438 7.4201 -4.95006 
v -14.8958 7.42985 -5.01532 
v -14.9194 7.43236 -4.86663 
v -14.8846 7.46116 -4.90076 
v -14.91 7.47025 -4.78872 
v -14.9062 7.52243 -4.64379 
v -15.2886 0.00823236 -4.62169 
v -15.3991 0.690658 -4.61118 
v -15.3848 0.0123293 -4.62378 
v -15.1874 0.64892 -4.61239 
v -15.0312 0.0382304 -4.61618 
v -15.0346 0.00957322 -4.62352 
v -15.0549 0.67033 -4.60859 
v -15.0145 0.0358806 -4.6263 
v -15.0233 0.680864 -4.62133 
v -14.9998 0.712092 -4.6265 
v -19.1078 7.66857 -3.70236 
v -19.0936 7.61505 -4.18972 
v -19.0593 7.60341 -4.18632 
v -19.133 7.69433 -3.74278 
v -19.1312 7.71017 -3.30187 
v -19.0857 7.66209 -3.60512 
v -19.1354 7.62992 -4.36746 
v -19.0045 7.62898 -3.91703 
v -19.0016 7.55669 -4.42905 
v -18.9896 7.57952 -4.19665 
v -19.0584 7.5622 -4.42103 
v -19.0895 7.55693 -4.49923 
v -19.1186 7.52368 -4.711 
v -19.0028 7.51879 -4.60508 
v -18.9898 7.4999 -4.61679 
v -19.0034 7.4971 -4.64423 
v -19.0474 7.50085 -4.66704 
v -19.0446 7.48295 -4.684 
v -19.0916 7.50145 -4.71342 
v -19.078 7.47691 -4.74749 
v -19.098 7.46813 -4.81455 
v -18.7413 2.08456 -1.30746 
v -18.7406 2.06893 -1.28585 
v -18.676 2.07474 -1.30963 
v -18.6797 2.08456 -1.32582 
v -18.6552 2.07088 -1.24868 
v -18.6154 2.07248 -1.33754 
v -18.6094 2.08222 -1.35712 
v -18.5646 2.07281 -1.29099 
v -18.5935 2.06574 -1.26559 
v -18.3614 2.0693 -1.30666 
v -18.3621 2.08137 -1.35259 
v -14.938 7.51913 -4.6062 
v -14.9991 7.56404 -4.36631 
v -14.9995 7.498 -4.6422 
v -14.9447 7.55278 -4.45136 
v -14.9111 7.60879 -4.17869 
v -14.9989 7.6222 -3.92757 
v -14.9086 7.57228 -4.42549 
v -14.918 7.63408 -3.91163 
v -15.0067 7.62512 -3.7638 
v -15 7.65042 -3.53612 
v -14.9231 7.65529 -3.54041 
v -14.9261 7.66443 -3.1858 
v -14.9062 7.52243 -4.64379 
v -15.0031 7.6551 -3.18152 
v -14.9786 7.65858 -2.95554 
v -14.9405 7.65651 -2.9269 
v -15.0018 7.64614 -2.88846 
v -14.9174 7.62597 -2.53093 
v -14.9087 7.66552 -2.93691 
v -14.9995 7.61564 -2.55155 
v -14.8793 7.67563 -2.79771 
v -14.9987 7.5522 -2.1625 
v -15.0104 7.5664 -2.31284 
v -14.8921 7.60523 -2.26996 
v -14.8691 7.66672 -2.54448 
v -14.8694 7.62214 -2.20366 
v -14.9243 7.55743 -2.11856 
v -14.9986 7.46595 -1.82932 
v -14.8991 7.56317 -2.07566 
v -14.874 7.52423 -1.86537 
v -14.9422 7.47818 -1.84997 
v -14.9986 7.4406 -1.75936 
v -14.9048 7.49695 -1.86511 
v -14.9292 7.43116 -1.71658 
v -14.9613 7.41409 -1.70227 
v -15.0037 7.41533 -1.72912 
v -14.9303 7.39362 -1.65065 
v -14.8893 7.42599 -1.65296 
v -14.8707 7.43915 -1.62918 
v -14.9171 7.35277 -1.59242 
v -14.868 7.33857 -1.4569 
v -15.6451 2.06557 -1.31019 
v -15.4161 2.0807 -1.35329 
v -15.6418 2.07874 -1.35541 
v -15.3498 2.06516 -1.22673 
v -15.3447 2.07984 -1.31957 
v -15.2782 2.06939 -1.29111 
v -18.5065 6.96551 -1.4494 
v -18.5335 6.95059 -1.44754 
v -18.4985 6.93951 -1.48404 
v -18.455 6.94866 -1.47751 
v -18.54 6.988 -1.42376 
v -18.481 6.9255 -1.51867 
v -17.826 6.99418 -1.41812 
v -18.4482 6.93107 -1.53024 
v -18.4742 6.91108 -1.59566 
v -15.5317 6.95937 -1.45853 
v -15.5048 6.9872 -1.42425 
v -15.4689 6.95654 -1.44333 
v -15.5068 6.92877 -1.49575 
v -15.5486 6.94243 -1.49834 
v -15.5292 6.92532 -1.53653 
v -15.5544 6.93052 -1.55184 
v -15.5363 6.91293 -1.62198 
v -15.5202 6.89328 -1.72028 
v -15.5342 6.91252 -2.50705 
v -15.5737 6.92745 -2.48885 
v -15.5397 6.91641 -3.33053 
v -18.3437 6.93163 -1.65156 
v -18.451 6.91799 -1.72127 
v -18.4673 6.90521 -1.75226 
v -18.4448 6.92523 -2.50923 
v -18.4854 6.90006 -2.65503 
v -18.4708 6.92033 -2.95123 
v -18.4452 6.92905 -3.07766 
v -18.4667 6.91691 -3.5287 
v -15.5724 6.92551 -3.44013 
v -15.5216 6.89909 -3.41758 
v -15.5472 6.91234 -3.55433 
v -15.7162 6.92691 -3.54464 
v -15.628 6.91586 -3.58585 
v -15.5661 6.89843 -3.5974 
v -15.5195 6.88002 -3.58029 
v -18.4289 6.92359 -3.55981 
v -18.3751 6.89578 -3.61111 
v -18.4553 6.90841 -3.58842 
v -18.4828 6.89934 -3.54712 
v -14.9631 7.48329 -4.67468 
v -14.949 7.49872 -4.66572 
v -14.9346 7.47795 -4.72377 
v -14.91 7.47025 -4.78872 

vn -0.740157 -0.629921 0.244094 
vn -0.700787 -0.700787 -0.133858 
vn -0.23622 -0.944882 0.220472 
vn -0.322835 -0.692913 0.645669 
vn -0.354331 -0.913386 -0.188976 
vn -0.00787402 -0.700787 0.716535 
vn -0.244094 -0.551181 -0.795276 
vn -0.598425 -0.606299 -0.519685 
vn -0.0393701 -0.937008 -0.354331 
vn 0.0708661 -0.944882 -0.314961 
vn 0.0944882 -0.519685 -0.850394 
vn 0.354331 -0.401575 -0.850394 
vn 0.283465 -0.858268 -0.425197 
vn 0.0708661 -0.976378 0.19685 
vn 0.267717 -0.653543 0.708661 
vn 0.338583 -0.929134 -0.165354 
vn 0.661417 -0.440945 -0.606299 
vn 0.834646 -0.370079 -0.409449 
vn 0.724409 -0.677165 -0.110236 
vn 0.653543 -0.755906 0.0944882 
vn 0.220472 -0.968504 0.141732 
vn 0.708661 -0.598425 0.377953 
vn -0.653543 -0.755906 0.0629921 
vn -0.732283 -0.669291 -0.110236 
vn -0.228346 -0.944882 -0.228346 
vn -0.818898 -0.314961 -0.480315 
vn -0.299213 -0.700787 -0.645669 
vn 0.165354 -0.464567 -0.874016 
vn 0.220472 -0.897638 -0.385827 
vn -0.149606 -0.897638 0.409449 
vn -0.291339 -0.944882 0.133858 
vn -0.755906 -0.385827 0.527559 
vn -0.385827 -0.409449 0.826772 
vn -0.0629921 -0.448819 0.889764 
vn 0.0472441 -0.929134 0.377953 
vn 0.188976 -0.409449 0.889764 
vn 0.307087 -0.771654 0.551181 
vn 0.283465 -0.944882 -0.141732 
vn 0.724409 -0.448819 -0.527559 
vn 0.692913 -0.700787 -0.173228 
vn 0.88189 -0.464567 -0.0629921 
vn 0.377953 -0.929134 0.0314961 
vn 0.874016 -0.440945 0.212598 
vn 0.559055 -0.755906 0.330709 
vn 0.614173 -0.472441 0.629921 
vn -0.440945 -0.874016 -0.188976 
vn -0.850394 -0.519685 0.0944882 
vn -0.787402 -0.574803 -0.212598 
vn -0.456693 -0.874016 0.15748 
vn -0.740157 -0.456693 0.496063 
vn -0.385827 -0.76378 0.519685 
vn -0.102362 -0.677165 0.724409 
vn -0.11811 -0.88189 -0.456693 
vn -0.307087 -0.889764 -0.330709 
vn -0.740157 -0.425197 -0.519685 
vn -0.566929 -0.314961 -0.755906 
vn -0.330709 -0.598425 -0.732283 
vn 0.220472 -0.913386 0.338583 
vn 0.440945 -0.354331 0.818898 
vn 0.732283 -0.629921 0.259843 
vn 0.724409 -0.692913 -0.023622 
vn 0.307087 -0.944882 -0.110236 
vn 0.787402 -0.448819 -0.433071 
vn 0.519685 -0.551181 -0.645669 
vn 0.15748 -0.905512 -0.393701 
vn 0 -0.519685 -0.850394 
vn 0.299213 -0.362205 -0.88189 
vn -0.795276 -0.503937 -0.338583 
vn -0.456693 -0.858268 -0.23622 
vn -0.834646 -0.551181 0 
vn -0.409449 -0.897638 0.149606 
vn -0.15748 -0.913386 -0.377953 
vn -0.724409 -0.307087 -0.614173 
vn -0.551181 -0.425197 -0.716535 
vn -0.149606 -0.417323 -0.897638 
vn -0.173228 -0.80315 0.566929 
vn -0.622047 -0.527559 0.574803 
vn -0.503937 -0.464567 0.724409 
vn 0.0787402 -0.84252 0.535433 
vn -0.0393701 -0.393701 0.913386 
vn 0.19685 -0.944882 -0.275591 
vn 0.267717 -0.409449 -0.874016 
vn 0.771654 -0.488189 -0.409449 
vn 0.905512 -0.425197 -0.015748 
vn 0.456693 -0.88189 0.0944882 
vn 0.181102 -0.92126 0.330709 
vn 0.606299 -0.464567 0.645669 
vn 0.307087 -0.385827 0.866142 
vn -0.787402 -0.566929 0.228346 
vn -0.519685 -0.818898 0.244094 
vn -0.330709 -0.944882 0 
vn -0.574803 -0.322835 0.755906 
vn -0.299213 -0.496063 0.811024 
vn -0.677165 -0.692913 -0.244094 
vn -0.23622 -0.952756 0.204724 
vn -0.0629921 -0.866142 0.496063 
vn 0.023622 -0.968504 0.23622 
vn 0.0866142 -0.488189 0.866142 
vn -0.173228 -0.984252 0 
vn -0.425197 -0.826772 -0.370079 
vn -0.661417 -0.283465 -0.692913 
vn -0.0551181 -0.897638 -0.433071 
vn 0.0787402 -0.905512 -0.417323 
vn 0.149606 -0.992126 0 
vn 0.322835 -0.834646 -0.440945 
vn 0.23622 -0.913386 0.338583 
vn 0.598425 -0.448819 0.661417 
vn 0.448819 -0.889764 0 
vn 0.606299 -0.795276 0.00787402 
vn 0.629921 -0.771654 0.0393701 
vn 0.488189 -0.685039 0.543307 
vn 0.653543 -0.590551 0.472441 
vn 0.503937 -0.84252 0.165354 
vn 0.409449 -0.905512 0.110236 
vn 0.11811 -0.952756 0.275591 
vn 0.543307 -0.84252 0.023622 
vn 0.354331 -0.937008 0 
vn 0.566929 -0.811024 -0.173228 
vn 0.582677 -0.637795 -0.503937 
vn 0.582677 -0.811024 -0.0708661 
vn 0.307087 -0.866142 -0.393701 
vn 0.511811 -0.661417 -0.551181 
vn 0 -0.92126 0.385827 
vn 0.456693 -0.661417 0.590551 
vn -0.590551 -0.629921 0.503937 
vn 0.23622 -0.826772 0.511811 
vn 0.795276 -0.472441 0.385827 
vn 0.661417 -0.700787 0.267717 
vn 0.874016 -0.472441 0.0944882 
vn 0.244094 -0.952756 0.19685 
vn -0.00787402 -0.874016 0.488189 
vn 0.299213 -0.952756 -0.023622 
vn 0.897638 -0.433071 -0.015748 
vn 0.858268 -0.480315 -0.19685 
vn -0.204724 -0.96063 0.165354 
vn 0.212598 -0.937008 -0.267717 
vn 0.440945 -0.787402 -0.440945 
vn 0.811024 -0.299213 -0.503937 
vn 0.622047 -0.496063 -0.606299 
vn 0.251969 -0.606299 -0.755906 
vn 0.141732 -0.866142 -0.480315 
vn -0.19685 -0.779528 -0.590551 
vn -0.259843 -0.511811 -0.818898 
vn -0.732283 -0.330709 -0.598425 
vn -0.88189 -0.409449 -0.23622 
vn -0.314961 -0.913386 -0.267717 
vn -0.929134 -0.370079 -0.00787402 
vn -0.818898 -0.464567 0.346457 
vn -0.165354 -0.929134 0.338583 
vn -0.559055 -0.543307 0.629921 
vn -0.307087 -0.708661 0.637795 
vn -0.448819 -0.76378 0.472441 
vn -0.0944882 -0.968504 0.228346 
vn -0.307087 -0.952756 0.0472441 
vn -0.496063 -0.787402 0.377953 
vn -0.551181 -0.338583 0.76378 
vn -0.291339 -0.629921 0.716535 
vn -0.409449 -0.905512 0.133858 
vn -0.15748 -0.937008 0.314961 
vn -0.015748 -0.362205 0.929134 
vn -0.456693 -0.889764 0 
vn -0.346457 -0.937008 -0.00787402 
vn 0.133858 -0.968504 0.212598 
vn 0.314961 -0.472441 0.826772 
vn -0.149606 -0.850394 -0.496063 
vn 0.0472441 -0.913386 -0.409449 
vn -0.322835 -0.944882 -0.0708661 
vn -0.251969 -0.748031 -0.614173 
vn -0.496063 -0.866142 -0.0708661 
vn 0.472441 -0.874016 0.11811 
vn 0.480315 -0.826772 -0.307087 
vn 0.748031 -0.637795 0.19685 
vn 0.795276 -0.519685 -0.307087 
vn -0.582677 -0.685039 -0.440945 
vn -0.496063 -0.866142 -0.015748 
vn -0.251969 -0.952756 -0.15748 
vn -0.362205 -0.76378 -0.543307 
vn -0.677165 -0.519685 -0.519685 
vn 0 -0.897638 -0.433071 
vn -0.149606 -0.700787 -0.700787 
vn -0.228346 -0.889764 -0.393701 
vn -0.88189 -0.433071 -0.165354 
vn -0.307087 -0.944882 -0.102362 
vn 0 -1 -0.0629921 
vn 0 -0.968504 -0.23622 
vn 0.15748 -0.913386 -0.377953 
vn 0.866142 -0.464567 -0.173228 
vn 0.0787402 -0.992126 -0.0551181 
vn 0.362205 -0.929134 0.0314961 
vn -0.417323 -0.897638 0.149606 
vn 0.00787402 -0.952756 0.307087 
vn 0 -0.889764 0.464567 
vn -0.330709 -0.866142 0.362205 
vn -0.905512 -0.354331 0.244094 
vn -0.401575 -0.708661 0.582677 
vn -0.283465 -0.559055 0.779528 
vn 0 -0.614173 0.787402 
vn 0 -0.779528 0.622047 
vn 0.456693 -0.700787 0.551181 
vn 0 -0.629921 0.779528 
vn 0.173228 -0.708661 0.685039 
vn 0.251969 -0.251969 0.937008 
vn -0.488189 0.84252 0.228346 
vn -0.346457 0.905512 0.244094 
vn -0.748031 0.637795 0.165354 
vn -0.181102 0.952756 0.244094 
vn -0.559055 0.811024 0.165354 
vn -0.023622 0.976378 0.220472 
vn -0.338583 0.92126 0.19685 
vn 0.125984 0.96063 0.251969 
vn -0.755906 0.645669 0.0866142 
vn -0.165354 0.984252 0.0866142 
vn -0.76378 0.637795 0.102362 
vn -0.795276 0.598425 0.015748 
vn -0.291339 0.952756 0.102362 
vn -0.291339 0.952756 0 
vn 0.00787402 0.992126 0.102362 
vn -0.724409 0.685039 0.0314961 
vn -0.748031 0.661417 0 
vn -0.76378 0.637795 -0.00787402 
vn -0.23622 0.968504 -0.0708661 
vn 0.244094 0.968504 -0.0472441 
vn -0.700787 0.708661 -0.0472441 
vn 0.259843 0.968504 -0.00787402 
vn 0.566929 0.818898 0.0866142 
vn 0.795276 0.606299 0.015748 
vn 0.779528 0.622047 -0.0551181 
vn 0 0.937008 -0.354331 
vn -0.779528 0.622047 -0.0787402 
vn -0.598425 0.795276 -0.0866142 
vn -0.417323 0.905512 -0.0629921 
vn -0.748031 0.661417 -0.0866142 
vn -0.937008 0.354331 -0.0472441 
vn -0.251969 0.96063 -0.110236 
vn -0.291339 0.944882 -0.133858 
vn -0.559055 0.811024 -0.173228 
vn -0.259843 0.952756 -0.133858 
vn 0.0314961 0.992126 -0.11811 
vn -0.220472 0.929134 -0.307087 
vn -0.291339 0.913386 -0.267717 
vn 0.165354 0.976378 -0.15748 
vn -0.0393701 0.779528 -0.622047 
vn -0.0551181 0.889764 -0.448819 
vn -0.00787402 0.944882 -0.338583 
vn -0.015748 0.582677 -0.811024 
vn 0.0629921 0.952756 -0.299213 
vn 0.0472441 0.80315 -0.598425 
vn 0.0393701 0.88189 -0.464567 
vn -0.133858 0.669291 -0.732283 
vn 0.133858 0.96063 -0.244094 
vn 0.267717 0.952756 -0.125984 
vn 0.244094 0.929134 -0.275591 
vn 0.149606 0.968504 -0.204724 
vn -0.299213 0.937008 -0.181102 
vn -0.149606 0.897638 -0.409449 
vn -0.574803 0.677165 -0.464567 
vn -0.417323 0.889764 -0.19685 
vn -0.755906 0.645669 -0.110236 
vn -0.84252 0.519685 -0.141732 
vn 0.149606 0.535433 -0.834646 
vn 0.448819 0.661417 -0.598425 
vn 0.283465 0.905512 -0.322835 
vn 0.748031 0.622047 -0.228346 
vn 0.511811 0.834646 -0.181102 
vn 0.582677 0.80315 -0.141732 
vn 0.858268 0.496063 -0.102362 
vn 0.385827 0.913386 -0.110236 
vn 0.874016 0.480315 -0.0708661 
vn 0.708661 0.700787 -0.0629921 
vn 0.267717 0.96063 -0.0708661 
vn 0.606299 0.787402 -0.0393701 
vn 0.00787402 1 -0.0787402 
vn 0.23622 0.968504 -0.0472441 
vn -0.212598 0.976378 -0.015748 
vn 0.417323 0.905512 -0.00787402 
vn 0.80315 0.598425 0 
vn 0.669291 0.740157 0.00787402 
vn 0.0866142 1 -0.015748 
vn 0.23622 0.968504 0.0393701 
vn -0.259843 0.968504 0.023622 
vn 0 1 0.0551181 
vn 0.188976 0.976378 0.102362 
vn 0.472441 0.88189 0.0551181 
vn 0.850394 0.527559 0.0314961 
vn 0.653543 0.748031 0.11811 
vn 0.464567 0.874016 0.133858 
vn -0.0551181 0.984252 0.188976 
vn 0.125984 0.968504 0.19685 
vn 0.472441 0.858268 0.181102 
vn 0.858268 0.503937 0.0708661 
vn 0.527559 0.818898 0.228346 
vn 0.834646 0.543307 0.11811 
vn -0.251969 -0.905512 0.338583 
vn -0.874016 -0.149606 0.456693 
vn -0.653543 -0.700787 0.291339 
vn -0.755906 0.653543 -0.0866142 
vn -0.858268 0.503937 -0.0393701 
vn -0.354331 0.929134 -0.0866142 
vn -0.582677 0.811024 -0.0393701 
vn -0.251969 0.96063 -0.141732 
vn -0.732283 0.669291 -0.110236 
vn -0.181102 0.984252 -0.0708661 
vn 0.283465 0.952756 -0.0708661 
vn -0.251969 0.968504 -0.0314961 
vn -0.574803 0.818898 0.00787402 
vn 0.125984 0.992126 -0.0472441 
vn -0.188976 0.984252 0.00787402 
vn -0.700787 0.716535 0.0393701 
vn -0.850394 0.527559 0.023622 
vn -0.244094 0.968504 0.0393701 
vn 0.393701 0.92126 0.00787402 
vn 0.448819 0.897638 -0.023622 
vn 0.811024 0.582677 -0.00787402 
vn 0.771654 0.637795 -0.0472441 
vn 0.80315 0.590551 -0.0708661 
vn 0.425197 0.889764 -0.141732 
vn 0.141732 0.992126 0.0314961 
vn 0.700787 0.708661 0.0866142 
vn 0.015748 0.992126 -0.149606 
vn 0.645669 0.748031 -0.133858 
vn 0.19685 0.976378 0.125984 
vn 0.425197 0.866142 -0.251969 
vn 0.401575 0.897638 0.188976 
vn 0.661417 0.724409 0.204724 
vn -0.0314961 0.992126 0.125984 
vn 0.559055 0.826772 -0.0708661 
vn 0.755906 0.645669 -0.0944882 
vn -0.354331 0.929134 0.11811 
vn -0.80315 0.590551 0.0944882 
vn -0.779528 0.614173 0.133858 
vn 0.204724 0.968504 -0.141732 
vn -0.401575 0.88189 0.259843 
vn -0.716535 0.677165 0.173228 
vn -0.181102 0.96063 0.204724 
vn -0.0393701 0.96063 0.275591 
vn 0.0787402 0.976378 0.212598 
vn 0.173228 0.952756 0.251969 
vn 0.322835 0.897638 0.299213 
vn 0.362205 0.897638 0.244094 
vn -0.401575 0.874016 0.275591 
vn -0.141732 0.929134 0.338583 
vn -0.574803 0.779528 0.244094 
vn -0.866142 0.448819 0.228346 
vn -0.370079 0.889764 0.275591 
vn -0.606299 0.653543 0.448819 
vn 0.0551181 0.952756 0.299213 
vn -0.141732 0.905512 0.401575 
vn -0.149606 0.661417 0.740157 
vn -0.00787402 0.740157 0.669291 
vn 0.15748 0.968504 0.204724 
vn 0 0.905512 0.417323 
vn -0.00787402 0.929134 0.362205 
vn 0.19685 0.669291 0.716535 
vn 0 0.976378 0.212598 
vn 0.212598 0.952756 0.204724 
vn 0.80315 0.574803 0.141732 
vn -0.275591 0.929134 0.251969 
vn -0.0708661 0.96063 0.275591 
vn 0.220472 0.897638 0.377953 
vn -0.346457 0.897638 0.283465 
vn 0.708661 0.440945 0.551181 
vn 0.740157 0.622047 0.267717 
vn 0.551181 0.795276 0.23622 
vn 0.84252 0.511811 0.15748 
vn 0.181102 0.937008 0.299213 
vn -0.708661 0.661417 0.251969 
vn -0.173228 -0.795276 0.574803 
vn -0.23622 -0.244094 0.937008 
vn -0.0472441 -0.511811 0.858268 
vn 0.00787402 -0.992126 0.125984 
vn 0 -0.992126 0.133858 
vn 0.110236 -0.850394 0.511811 
vn -0.149606 -0.606299 0.779528 
vn 0.19685 -0.244094 0.952756 
vn 0.0787402 -0.976378 0.19685 
vn 0.488189 -0.874016 0.0787402 
vn 0.527559 -0.574803 0.629921 
vn -0.220472 -0.606299 0.76378 
vn -0.574803 -0.748031 0.330709 
vn -0.543307 -0.834646 0.0629921 
vn -0.307087 -0.779528 0.551181 
vn -0.307087 -0.629921 0.708661 
vn -0.165354 -0.732283 0.661417 
vn 0.15748 -0.700787 0.700787 
vn 0.110236 -0.976378 0.19685 
vn -0.173228 -0.637795 0.748031 
vn 0.393701 -0.417323 0.818898 
vn 0.102362 -0.834646 0.543307 
vn 0 -0.590551 -0.811024 
vn 0.19685 -0.826772 -0.527559 
vn 0.149606 -0.787402 -0.590551 
vn 0.0551181 -0.433071 -0.897638 
vn 0.0866142 -0.0629921 -0.992126 
vn -0.110236 -0.393701 -0.913386 
vn 0.346457 -0.330709 -0.874016 
vn 0.448819 -0.685039 -0.574803 
vn -0.141732 0.015748 -0.992126 
vn 0.212598 0.00787402 -0.976378 
vn 0.511811 0 -0.858268 
vn 0.834646 0 -0.551181 
vn 0.677165 -0.00787402 -0.740157 
vn 0.393701 0 -0.92126 
vn 0.0472441 0 -1 
vn 0.574803 0 -0.818898 
vn 0.661417 -0.440945 -0.606299 
vn 0.23622 0 -0.968504 
vn 0.354331 -0.401575 -0.850394 
vn 0.283465 -0.858268 -0.425197 
vn 0.0314961 -0.00787402 -1 
vn 0.0944882 -0.519685 -0.850394 
vn -0.244094 0 -0.968504 
vn -0.913386 -0.409449 -0.00787402 
vn -0.685039 -0.732283 0.00787402 
vn -0.952756 -0.110236 -0.275591 
vn -0.748031 -0.511811 -0.425197 
vn -0.889764 0 -0.448819 
vn -0.527559 -0.488189 -0.692913 
vn -0.779528 0 -0.629921 
vn -0.889764 -0.417323 0.188976 
vn -0.874016 0.015748 -0.480315 
vn -0.685039 0 -0.724409 
vn -0.566929 0 -0.826772 
vn -0.685039 -0.00787402 -0.732283 
vn -0.992126 0.00787402 -0.125984 
vn -0.937008 -0.00787402 -0.346457 
vn -0.748031 -0.00787402 -0.669291 
vn -0.968504 0.0314961 0.228346 
vn -1 0 0.0314961 
vn -0.866142 -0.00787402 -0.503937 
vn -0.566929 -0.314961 -0.755906 
vn -0.740157 -0.425197 -0.519685 
vn -0.913386 -0.149606 -0.377953 
vn -0.440945 -0.874016 -0.188976 
vn -0.787402 -0.574803 -0.212598 
vn -0.984252 -0.133858 -0.141732 
vn -0.850394 -0.519685 0.0944882 
vn -1 -0.0551181 0.0551181 
vn -0.527559 -0.165354 -0.826772 
vn -0.685039 0.00787402 -0.724409 
vn -0.15748 0 -0.984252 
vn -0.448819 0.141732 -0.88189 
vn -0.692913 -0.417323 -0.582677 
vn -0.188976 -0.511811 -0.834646 
vn -0.0866142 -0.149606 -0.984252 
vn -0.0551181 0.141732 -0.992126 
vn -0.141732 0.377953 -0.913386 
vn 0 0.141732 -0.992126 
vn -0.559055 0.377953 -0.740157 
vn -0.133858 0.669291 -0.732283 
vn -0.574803 0.677165 -0.464567 
vn -0.015748 0.582677 -0.811024 
vn 0 -0.244094 -0.968504 
vn 0 -0.661417 -0.755906 
vn 0 -0.188976 -0.984252 
vn 0 0.19685 -0.984252 
vn -0.00787402 0.377953 -0.929134 
vn -0.0393701 0.779528 -0.622047 
vn 0.0472441 0.80315 -0.598425 
vn 0.149606 0.535433 -0.834646 
vn 0.0393701 0.0314961 -1 
vn 0.212598 0.173228 -0.96063 
vn 0.653543 0.267717 -0.708661 
vn 0.448819 0.661417 -0.598425 
vn 0.80315 0.102362 -0.582677 
vn 0.385827 0.00787402 -0.92126 
vn 0.708661 -0.141732 -0.692913 
vn 0.417323 -0.307087 -0.858268 
vn 0.0551181 -0.141732 -0.992126 
vn 0.125984 -0.448819 -0.88189 
vn 0.645669 -0.527559 -0.543307 
vn -0.968504 0 0.244094 
vn -0.929134 -0.149606 0.330709 
vn -0.456693 -0.874016 0.15748 
vn -0.740157 -0.456693 0.496063 
vn -0.779528 -0.228346 0.582677 
vn -0.874016 -0.149606 0.456693 
vn -0.992126 0.015748 0.149606 
vn -0.653543 -0.700787 0.291339 
vn -0.992126 -0.102362 0 
vn -0.787402 -0.566929 0.228346 
vn -0.574803 -0.322835 0.755906 
vn -0.944882 -0.330709 0 
vn -0.677165 -0.692913 -0.244094 
vn -0.968504 0.165354 0.188976 
vn -1 0.0393701 0 
vn -0.88189 -0.322835 -0.330709 
vn -0.661417 -0.283465 -0.692913 
vn -0.984252 -0.149606 -0.0944882 
vn -0.653543 -0.188976 -0.740157 
vn -0.992126 0.00787402 -0.102362 
vn -0.708661 -0.0393701 -0.708661 
vn -0.968504 0.15748 -0.173228 
vn -0.874016 -0.125984 -0.464567 
vn -0.551181 -0.425197 -0.716535 
vn -0.724409 -0.307087 -0.614173 
vn -0.456693 -0.858268 -0.23622 
vn -0.795276 -0.503937 -0.338583 
vn -0.88189 0.393701 -0.267717 
vn -0.976378 -0.125984 -0.188976 
vn -0.834646 -0.551181 0 
vn -0.992126 0 -0.0944882 
vn -0.291339 -0.188976 -0.937008 
vn -0.984252 -0.015748 0.165354 
vn 0.992126 -0.149606 0 
vn 0.992126 -0.110236 -0.015748 
vn 0.905512 -0.425197 -0.0393701 
vn 0.88189 -0.464567 -0.0866142 
vn 0.795276 -0.582677 -0.173228 
vn 0.992126 -0.102362 -0.0551181 
vn 0.897638 -0.401575 -0.204724 
vn 0.866142 -0.456693 -0.19685 
vn 0.96063 0.267717 0.0314961 
vn 0.984252 -0.181102 -0.015748 
vn 0.826772 -0.559055 0.0944882 
vn 0.976378 0.19685 0.0551181 
vn 0.96063 0.141732 0.244094 
vn 0.968504 -0.133858 0.220472 
vn 0.771654 -0.480315 0.409449 
vn 0.748031 -0.212598 0.629921 
vn 0.866142 -0.00787402 0.496063 
vn 0.543307 -0.15748 0.818898 
vn 0.708661 0.0314961 0.700787 
vn 0.708661 0.440945 0.551181 
vn 0.740157 0.622047 0.267717 
vn 0.84252 0.511811 0.15748 
vn 0.850394 0.503937 0.15748 
vn 0.527559 0.818898 0.228346 
vn 0.834646 0.543307 0.11811 
vn 0.858268 0.503937 0.0708661 
vn 0.653543 0.748031 0.11811 
vn 0.464567 0.874016 0.133858 
vn 0.850394 0.527559 0.0314961 
vn 0.976378 0.228346 0.00787402 
vn 0.669291 0.740157 0.00787402 
vn 0.80315 0.598425 0 
vn 1 0.0472441 0 
vn 0.889764 0.448819 -0.0314961 
vn 0.606299 0.787402 -0.0393701 
vn 0.708661 0.700787 -0.0629921 
vn 0.952756 0.307087 -0.0314961 
vn 0.874016 0.480315 -0.0708661 
vn 0.992126 0.11811 -0.023622 
vn 0.968504 -0.259843 0.0472441 
vn 0.858268 0.496063 -0.102362 
vn 0.582677 0.80315 -0.141732 
vn 0.905512 0.330709 -0.267717 
vn 0.511811 0.834646 -0.181102 
vn 0.748031 0.622047 -0.228346 
vn 0.448819 0.661417 -0.598425 
vn 0.653543 0.267717 -0.708661 
vn 0.984252 0.0551181 -0.165354 
vn 0.80315 0.102362 -0.582677 
vn 0.937008 -0.338583 -0.0708661 
vn 0.811024 -0.566929 0.133858 
vn 0.574803 -0.80315 -0.133858 
vn 0.645669 -0.527559 -0.543307 
vn 0.92126 -0.149606 -0.346457 
vn 0.417323 -0.307087 -0.858268 
vn 0.708661 -0.141732 -0.692913 
vn -0.346457 -0.283465 -0.889764 
vn -0.275591 0 -0.96063 
vn -0.188976 0.110236 -0.976378 
vn -0.125984 0.015748 -0.992126 
vn -0.425197 0.0629921 -0.897638 
vn -0.0787402 -0.740157 -0.669291 
vn 0.149606 -0.858268 -0.488189 
vn -0.0551181 -0.850394 -0.527559 
vn -0.267717 -0.409449 -0.874016 
vn 0.181102 -0.519685 -0.834646 
vn 0.228346 -0.212598 -0.952756 
vn 0.00787402 -0.385827 -0.92126 
vn 0.204724 0 -0.976378 
vn 0.19685 0 -0.976378 
vn -0.181102 0 -0.984252 
vn -0.11811 -0.472441 -0.874016 
vn -0.330709 -0.322835 -0.889764 
vn -0.488189 0 -0.874016 
vn -0.527559 -0.488189 -0.692913 
vn -0.779528 0 -0.629921 
vn -0.685039 0 -0.724409 
vn -0.566929 0 -0.826772 
vn -0.291339 0 -0.96063 
vn -0.685039 -0.00787402 -0.732283 
vn -0.023622 0 -1 
vn -0.409449 0 -0.913386 
vn 0.283465 0 -0.96063 
vn -0.165354 0 -0.984252 
vn 0.0472441 0 -1 
vn -0.480315 -0.023622 -0.874016 
vn -0.748031 -0.00787402 -0.669291 
vn -0.566929 -0.314961 -0.755906 
vn -0.283465 -0.212598 -0.937008 
vn -0.330709 -0.598425 -0.732283 
vn -0.11811 -0.88189 -0.456693 
vn 0 -0.519685 -0.850394 
vn 0.11811 -0.015748 -0.992126 
vn 0.299213 -0.362205 -0.88189 
vn 0.204724 0.023622 -0.976378 
vn 0.299213 -0.133858 -0.944882 
vn 0.732283 -0.0314961 -0.685039 
vn 0.519685 -0.551181 -0.645669 
vn 0.787402 -0.448819 -0.433071 
vn 0.511811 -0.267717 -0.818898 
vn 0.0944882 0.00787402 -0.992126 
vn 0.19685 -0.433071 -0.88189 
vn 0.251969 -0.606299 -0.755906 
vn 0.811024 -0.299213 -0.503937 
vn 0.023622 -0.19685 -0.976378 
vn 0 -0.393701 -0.92126 
vn -0.259843 -0.511811 -0.818898 
vn 0 -0.0314961 -1 
vn 0 -0.322835 -0.944882 
vn -0.15748 -0.448819 -0.88189 
vn 0.125984 0.15748 -0.976378 
vn -0.425197 -0.291339 -0.858268 
vn -0.716535 -0.149606 -0.677165 
vn -0.11811 -0.204724 -0.968504 
vn -0.425197 -0.149606 -0.889764 
vn -0.622047 -0.204724 -0.755906 
vn -0.598425 -0.606299 -0.519685 
vn -0.244094 -0.551181 -0.795276 
vn -0.15748 -0.015748 -0.984252 
vn -0.023622 -0.212598 -0.976378 
vn -0.0393701 -0.937008 -0.354331 
vn -0.102362 0.181102 -0.976378 
vn 0.251969 0.102362 -0.96063 
vn 0.377953 0.0866142 -0.92126 
vn 0.220472 0.00787402 -0.976378 
vn 0.551181 0.00787402 0.834646 
vn 0.645669 -0.314961 0.692913 
vn 0.385827 0.015748 0.92126 
vn 0.968504 0.0866142 0.23622 
vn 0.952756 0.00787402 0.307087 
vn 0.92126 0.228346 0.322835 
vn 0.866142 0.00787402 0.503937 
vn 0.968504 -0.102362 -0.23622 
vn 0.984252 -0.0314961 0.173228 
vn 0.992126 0 -0.125984 
vn 0.952756 0.023622 -0.291339 
vn 1 -0.00787402 0.0472441 
vn 0.952756 -0.141732 0.259843 
vn 0.976378 -0.00787402 0.212598 
vn 0.905512 0 0.425197 
vn 0.874016 -0.11811 0.472441 
vn 0.755906 -0.00787402 0.653543 
vn 0.614173 -0.472441 0.629921 
vn 0.559055 -0.755906 0.330709 
vn 0.874016 -0.440945 0.212598 
vn 0.992126 -0.015748 0.11811 
vn 0.88189 -0.464567 -0.0629921 
vn 0.952756 -0.102362 -0.291339 
vn 0.692913 -0.700787 -0.173228 
vn 0.724409 -0.448819 -0.527559 
vn 0.850394 -0.0708661 -0.527559 
vn 0.685039 -0.23622 -0.692913 
vn 0.795276 -0.519685 -0.307087 
vn 0.480315 -0.826772 -0.307087 
vn 0.913386 -0.362205 0.181102 
vn 0.748031 -0.637795 0.19685 
vn 0.80315 -0.228346 0.551181 
vn 0.566929 -0.11811 0.818898 
vn 0.850394 -0.0314961 0.527559 
vn 0.645669 -0.188976 0.740157 
vn 0.889764 -0.133858 0.433071 
vn 0.708661 -0.598425 0.377953 
vn 0.267717 -0.653543 0.708661 
vn 0.653543 -0.755906 0.0944882 
vn 0.976378 -0.188976 0.0944882 
vn 0.724409 -0.677165 -0.110236 
vn 0.976378 -0.149606 -0.15748 
vn 0.834646 -0.370079 -0.409449 
vn 0.952756 -0.00787402 -0.314961 
vn 0.661417 -0.440945 -0.606299 
vn 1 0 -0.023622 
vn 0.905512 0 -0.425197 
vn 0.677165 -0.00787402 -0.740157 
vn 0.992126 0 -0.102362 
vn 0.834646 0 -0.551181 
vn 0.992126 0 0.141732 
vn 0.968504 0 -0.251969 
vn 0.779528 -0.480315 0.409449 
vn 0.992126 0.00787402 0.110236 
vn 0.968504 -0.110236 0.220472 
vn 0.818898 -0.535433 0.212598 
vn 0.929134 -0.377953 0.00787402 
vn 0.937008 0 -0.354331 
vn 0.874016 -0.00787402 -0.488189 
vn 0.448819 -0.685039 -0.574803 
vn 0.582677 -0.165354 0.795276 
vn 0.330709 -0.527559 0.779528 
vn 0.330709 -0.330709 0.88189 
vn 0.80315 -0.110236 0.590551 
vn 0.417323 -0.23622 0.88189 
vn 0.275591 0.0708661 0.96063 
vn 0.76378 0.0629921 0.637795 
vn 0.748031 0.102362 0.653543 
vn 0.464567 0.220472 0.858268 
vn 0.362205 0.251969 0.897638 
vn 0.15748 0.275591 0.944882 
vn -0.385827 0.00787402 0.92126 
vn -0.519685 0 0.850394 
vn -0.244094 0.023622 0.968504 
vn -0.732283 0.00787402 0.685039 
vn -0.259843 -0.015748 0.968504 
vn -0.204724 0.0787402 0.976378 
vn -0.425197 0.212598 0.88189 
vn -0.141732 0 0.992126 
vn -0.92126 0.0629921 0.385827 
vn -0.677165 -0.244094 0.692913 
vn -0.244094 -0.220472 0.944882 
vn -0.433071 -0.314961 0.850394 
vn -0.905512 -0.125984 0.409449 
vn -0.543307 0.212598 0.811024 
vn 0.322835 0.283465 0.905512 
vn 0.795276 0 0.606299 
vn 0.559055 0.00787402 0.826772 
vn 0.669291 0 0.740157 
vn 0.866142 0 0.496063 
vn 0.551181 0.00787402 0.834646 
vn 0.645669 -0.314961 0.692913 
vn 0.818898 -0.440945 0.354331 
vn 0.944882 -0.15748 0.291339 
vn 0.629921 -0.779528 -0.00787402 
vn 0.889764 -0.448819 -0.00787402 
vn 0.992126 0 0.110236 
vn 0.944882 0 0.322835 
vn 0.952756 -0.251969 -0.141732 
vn 0.905512 -0.299213 -0.291339 
vn 0.866142 -0.456693 -0.19685 
vn 0.96063 0 -0.283465 
vn 0.700787 -0.464567 -0.543307 
vn 0.984252 0 -0.19685 
vn 0.732283 -0.11811 -0.669291 
vn 0.417323 -0.645669 -0.637795 
vn 0.858268 0.0472441 -0.511811 
vn 0.80315 -0.354331 -0.480315 
vn 0.92126 0.244094 -0.299213 
vn 0.637795 -0.732283 -0.23622 
vn 0.590551 -0.732283 -0.330709 
vn 0.913386 -0.401575 -0.0708661 
vn 0.598425 -0.787402 -0.165354 
vn 0.732283 -0.677165 -0.0551181 
vn 0.598425 -0.795276 -0.0944882 
vn 0.937008 0 0.354331 
vn 1 -0.00787402 0 
vn 1 -0.0314961 0.00787402 
vn 1 0.0314961 -0.023622 
vn 0.708661 -0.700787 0.0708661 
vn 0.96063 -0.275591 0.0393701 
vn 0.700787 -0.692913 0.15748 
vn 0.944882 -0.322835 0.102362 
vn 0.700787 -0.543307 0.464567 
vn 0.637795 -0.393701 0.653543 
vn 0.88189 0.204724 0.417323 
vn 0.858268 0.417323 -0.307087 
vn 0.92126 0.251969 -0.283465 
vn 0.984252 0.181102 -0.00787402 
vn 0.984252 0.0551181 -0.15748 
vn -0.88189 -0.346457 0.322835 
vn -0.409449 -0.897638 0.149606 
vn -0.622047 -0.527559 0.574803 
vn -0.929134 -0.00787402 0.362205 
vn -0.692913 -0.00787402 0.716535 
vn -0.80315 0 0.590551 
vn -0.874016 0 0.480315 
vn -0.653543 0 0.755906 
vn -0.755906 0 0.661417 
vn -0.992126 0 0.133858 
vn -0.929134 0 0.377953 
vn -0.732283 0.00787402 0.685039 
vn -0.984252 0.015748 -0.19685 
vn -0.866142 0.00787402 0.496063 
vn -0.370079 -0.551181 0.748031 
vn -0.590551 -0.716535 0.362205 
vn -0.96063 0.00787402 0.283465 
vn -0.874016 -0.393701 0.299213 
vn -0.984252 -0.141732 0.110236 
vn -0.992126 0.00787402 -0.0866142 
vn -0.905512 -0.362205 -0.204724 
vn -0.889764 -0.283465 -0.354331 
vn -0.866142 -0.11811 -0.488189 
vn -0.889764 0.133858 -0.440945 
vn -0.755906 -0.0708661 -0.653543 
vn -0.622047 -0.425197 -0.653543 
vn -0.740157 -0.503937 -0.448819 
vn -0.905512 -0.0551181 -0.417323 
vn -0.795276 -0.409449 -0.448819 
vn -0.92126 0.251969 -0.299213 
vn -0.84252 0.519685 0.110236 
vn -0.582677 -0.748031 -0.307087 
vn -0.590551 -0.771654 -0.228346 
vn -0.897638 -0.433071 -0.0944882 
vn -0.952756 0 0.291339 
vn -0.913386 0.267717 0.314961 
vn -0.866142 0.19685 0.456693 
vn -0.850394 0 0.527559 
vn -0.818898 -0.433071 0.377953 
vn -0.700787 -0.362205 0.622047 
vn -0.905512 0 0.425197 
vn -0.669291 -0.448819 0.590551 
vn -0.913386 -0.322835 0.251969 
vn -0.897638 -0.440945 0.0629921 
vn -0.527559 -0.834646 0.15748 
vn -0.779528 -0.622047 0.0472441 
vn -0.503937 -0.858268 0.0787402 
vn -0.787402 -0.614173 -0.023622 
vn -0.740157 -0.669291 -0.0314961 
vn -0.590551 -0.795276 -0.102362 
vn -0.96063 -0.267717 0.00787402 
vn -0.992126 -0.133858 -0.023622 
vn -0.976378 0.212598 0.023622 
vn -0.433071 -0.905512 -0.015748 
vn -0.393701 -0.92126 -0.0393701 
vn -0.716535 -0.700787 -0.0314961 
vn -0.787402 -0.614173 -0.023622 
vn -0.779528 -0.622047 0.015748 
vn -0.440945 -0.897638 0.023622 
vn -0.779528 -0.622047 0.0472441 
vn -0.362205 -0.929134 0.0551181 
vn -0.503937 -0.858268 0.0787402 
vn -0.976378 -0.19685 0.00787402 
vn -0.850394 -0.527559 0.0393701 
vn -1 -0.0472441 0.00787402 
vn -0.952756 0.291339 -0.00787402 
vn -0.850394 0.527559 0.023622 
vn -0.574803 0.818898 0.00787402 
vn -0.992126 0.11811 -0.00787402 
vn -0.874016 0.488189 -0.00787402 
vn -0.582677 0.811024 -0.0393701 
vn -0.858268 0.503937 -0.0393701 
vn -0.96063 0.283465 -0.0393701 
vn -0.755906 0.653543 -0.0866142 
vn -0.732283 0.669291 -0.110236 
vn -1 0.0708661 -0.015748 
vn -0.968504 0.228346 -0.0551181 
vn -0.755906 0.645669 -0.110236 
vn -0.84252 0.519685 -0.141732 
vn -0.992126 -0.149606 0.015748 
vn -0.826772 -0.551181 0.102362 
vn -0.992126 -0.110236 -0.0314961 
vn -0.92126 -0.370079 0.110236 
vn -0.708661 -0.685039 0.19685 
vn -0.889764 -0.417323 0.188976 
vn -1 0.015748 0.00787402 
vn -0.818898 -0.559055 0.133858 
vn -0.913386 -0.409449 -0.00787402 
vn -0.984252 -0.149606 0.0314961 
vn -0.897638 0.23622 -0.370079 
vn -0.574803 0.677165 -0.464567 
vn -0.559055 0.377953 -0.740157 
vn -0.448819 0.141732 -0.88189 
vn -0.685039 0.00787402 -0.724409 
vn -0.944882 -0.299213 -0.102362 
vn -0.614173 -0.787402 0.0314961 
vn -0.992126 0.0944882 -0.0787402 
vn -0.80315 -0.551181 -0.212598 
vn -0.929134 -0.023622 -0.370079 
vn -0.527559 -0.165354 -0.826772 
vn -0.905512 -0.133858 -0.409449 
vn -0.692913 -0.417323 -0.582677 
vn 0.692913 0.716535 -0.0708661 
vn 0.944882 0.299213 0.15748 
vn 0.188976 0.968504 0.141732 
vn 0.480315 0.732283 0.480315 
vn 0 0.913386 0.417323 
vn -0.00787402 0.992126 0.125984 
vn 0 0.952756 -0.291339 
vn -0.551181 0.834646 -0.0472441 
vn -0.0708661 0.984252 0.173228 
vn -0.913386 0.370079 0.173228 
vn -0.338583 0.866142 0.362205 
vn -0.204724 0.76378 0.614173 
vn -0.385827 0.488189 0.787402 
vn 0 0.692913 0.724409 
vn 0.291339 0.472441 0.826772 
vn -0.00787402 0.212598 0.976378 
vn -0.133858 0.551181 0.818898 
vn 0.275591 0.0708661 0.96063 
vn 0.330709 -0.330709 0.88189 
vn 0.0551181 0.015748 1 
vn 0.582677 -0.165354 0.795276 
vn 0.141732 0.0944882 0.984252 
vn -0.0708661 0.0393701 1 
vn -0.141732 0.023622 0.992126 
vn -0.0708661 0.0708661 0.992126 
vn 0.00787402 0.023622 1 
vn 0.259843 0.015748 0.968504 
vn 0.551181 0.00787402 0.834646 
vn 0.385827 0.015748 0.92126 
vn 0.425197 0 0.905512 
vn 0.669291 0 0.740157 
vn 0.11811 0.00787402 0.992126 
vn 0.440945 0 0.897638 
vn 0.307087 0 0.952756 
vn 0.559055 0.00787402 0.826772 
vn 0.149606 0.00787402 0.992126 
vn 0.448819 -0.0629921 0.889764 
vn 0.362205 0 0.929134 
vn 0.11811 -0.244094 0.96063 
vn 0.362205 -0.755906 0.551181 
vn 0.527559 -0.165354 0.834646 
vn 0 -0.503937 0.866142 
vn -0.133858 -0.307087 0.944882 
vn 0.0787402 0 1 
vn 0.220472 -0.00787402 0.976378 
vn 0.433071 -0.110236 0.897638 
vn 0.755906 -0.00787402 0.653543 
vn 0.614173 -0.472441 0.629921 
vn 0.307087 -0.771654 0.551181 
vn 0.188976 -0.409449 0.889764 
vn 0.015748 -0.00787402 1 
vn -0.0629921 -0.448819 0.889764 
vn 0.0551181 -0.0393701 1 
vn 0.283465 -0.220472 0.929134 
vn 0.346457 0.00787402 0.937008 
vn 0.393701 -0.417323 0.818898 
vn 0.15748 -0.700787 0.700787 
vn 0.322835 0.220472 0.92126 
vn -0.0708661 -0.291339 0.952756 
vn 0.102362 -0.834646 0.543307 
vn 0.165354 0.307087 0.937008 
vn 0.015748 0.622047 0.787402 
vn -0.393701 0.141732 0.905512 
vn -0.228346 0.779528 0.582677 
vn -0.165354 0.614173 0.771654 
vn -0.259843 0 0.968504 
vn -0.425197 0.00787402 0.905512 
vn -0.551181 0.0393701 0.834646 
vn -0.125984 -0.00787402 0.992126 
vn -0.259843 0.00787402 0.968504 
vn -0.11811 0.0393701 0.992126 
vn -0.220472 0.19685 0.952756 
vn -0.692913 0.165354 0.700787 
vn -0.535433 -0.0393701 0.84252 
vn -0.149606 -0.023622 0.992126 
vn -0.125984 -0.606299 0.787402 
vn -0.212598 -0.00787402 0.976378 
vn -0.0629921 -0.141732 0.984252 
vn -0.188976 -0.685039 0.700787 
vn -0.15748 -0.110236 0.984252 
vn -0.724409 -0.338583 0.598425 
vn -0.527559 0.125984 0.834646 
vn -0.00787402 -0.023622 1 
vn -0.267717 -0.015748 0.96063 
vn -0.338583 -0.165354 0.929134 
vn -0.102362 -0.023622 0.992126 
vn 0.00787402 -0.015748 1 
vn -0.165354 0.0629921 0.984252 
vn -0.23622 -0.244094 0.937008 
vn 0.15748 -0.00787402 0.984252 
vn -0.0472441 -0.511811 0.858268 
vn 0.149606 -0.00787402 0.992126 
vn 0.259843 0.110236 0.96063 
vn 0.19685 -0.0944882 0.976378 
vn 0 -0.425197 0.905512 
vn -0.00787402 -0.228346 0.976378 
vn -0.401575 -0.685039 0.614173 
vn -0.19685 -0.456693 0.866142 
vn -0.732283 -0.19685 0.653543 
vn -0.622047 0.322835 0.716535 
vn 0.259843 0.23622 0.937008 
vn 0.188976 0.740157 0.637795 
vn 0 -0.503937 0.866142 
vn 0.527559 -0.165354 0.834646 
vn 0.551181 0.165354 0.818898 
vn 0.448819 -0.0629921 0.889764 
vn 0.0866142 0.102362 0.992126 
vn 0.11811 0.00787402 0.992126 
vn 0.307087 0 0.952756 
vn 0.425197 0 0.905512 
vn -0.76378 0.181102 0.622047 
vn -0.645669 -0.11811 0.755906 
vn -0.385827 0 0.92126 
vn -0.19685 -0.220472 0.952756 
vn -0.606299 -0.543307 0.582677 
vn -0.409449 0.299213 0.858268 
vn -0.606299 0.653543 0.448819 
vn -0.149606 0.661417 0.740157 
vn -0.0866142 0.19685 0.976378 
vn 0 -0.267717 0.96063 
vn -0.00787402 0.740157 0.669291 
vn 0.314961 0.204724 0.929134 
vn 0.19685 0.669291 0.716535 
vn 0.708661 0.440945 0.551181 
vn 0.708661 0.0314961 0.700787 
vn 0.866142 -0.00787402 0.496063 
vn 0.543307 -0.15748 0.818898 
vn 0.220472 -0.133858 0.968504 
vn 0.748031 -0.212598 0.629921 
vn 0.188976 -0.385827 0.905512 
vn 0.0314961 -0.661417 0.748031 
vn 0.425197 -0.551181 0.716535 
vn 0.771654 -0.480315 0.409449 
vn 0.0944882 -0.88189 0.456693 
vn 0.338583 -0.913386 0.228346 
vn 0.299213 -0.834646 0.456693 
vn 0.212598 -0.433071 0.874016 
vn 0.566929 -0.173228 0.80315 
vn 0.645669 -0.314961 0.692913 
vn -0.80315 0 0.590551 
vn -0.527559 -0.00787402 0.850394 
vn -0.653543 0 0.755906 
vn -0.692913 -0.00787402 0.716535 
vn -0.503937 -0.464567 0.724409 
vn -0.622047 -0.527559 0.574803 
vn -0.338583 -0.165354 0.929134 
vn -0.173228 -0.80315 0.566929 
vn -0.0393701 -0.393701 0.913386 
vn -0.267717 -0.015748 0.96063 
vn 0.00787402 -0.015748 1 
vn -0.401575 0 0.913386 
vn -0.0944882 -0.00787402 0.992126 
vn -0.165354 0.0629921 0.984252 
vn -0.496063 0 0.866142 
vn -0.755906 0 0.661417 
vn -0.259843 0 0.968504 
vn -0.519685 0 0.850394 
vn -0.732283 0.00787402 0.685039 
vn -0.259843 -0.015748 0.968504 
vn -0.015748 -0.228346 0.976378 
vn 0.0393701 0.385827 0.92126 
vn -0.409449 0.228346 0.88189 
vn -0.23622 -0.244094 0.937008 
vn -0.346457 0.669291 0.653543 
vn 0.314961 0.496063 0.811024 
vn -0.299213 -0.102362 0.944882 
vn -0.173228 -0.795276 0.574803 
vn -0.149606 -0.606299 0.779528 
vn -0.141732 0.267717 0.952756 
vn 0.015748 0.811024 0.590551 
vn 0.543307 0.220472 0.811024 
vn 0.173228 0.76378 0.622047 
vn 0.409449 0.740157 0.535433 
vn 0.204724 -0.425197 0.88189 
vn -0.181102 -0.685039 0.708661 
vn 0.0944882 -0.488189 0.866142 
vn -0.330709 -0.244094 0.913386 
vn 0.165354 0.496063 0.850394 
vn 0.0787402 0.133858 0.992126 
vn 0.015748 -0.299213 0.952756 
vn 0.354331 0.645669 0.677165 
vn 0.338583 -0.377953 0.858268 
vn -0.204724 0.0787402 0.976378 
vn 0.165354 0.0393701 0.984252 
vn 0.724409 0.23622 0.653543 
vn 0.755906 -0.19685 0.629921 
vn -0.456693 0.385827 0.80315 
vn -0.165354 0.653543 0.740157 
vn -0.015748 0.110236 0.992126 
vn -0.511811 0 0.858268 
vn -0.377953 0.456693 0.80315 
vn -0.133858 -0.433071 0.889764 
vn -0.023622 0.220472 0.976378 
vn 0.259843 0.212598 0.944882 
vn 0.204724 -0.370079 0.905512 
vn 0.0787402 0.653543 0.748031 
vn 0.149606 0.771654 0.622047 
vn -0.0944882 0.00787402 0.992126 
vn -0.244094 0.023622 0.968504 
vn 0.0629921 0.00787402 1 
vn 0.0708661 0.488189 0.874016 
vn 0.0708661 0.015748 1 
vn 0.110236 0.417323 0.897638 
vn -0.023622 0.015748 1 
vn 0.0472441 0.00787402 1 
vn 0.212598 0.606299 0.76378 
vn 0.598425 0.149606 0.787402 
vn 0.181102 -0.0708661 0.984252 
vn 0.80315 -0.220472 0.559055 
vn -0.0787402 0.015748 1 
vn -0.385827 0.00787402 0.92126 
vn -0.370079 -0.551181 0.748031 
vn -0.732283 0.00787402 0.685039 
vn -0.212598 -0.251969 0.944882 
vn -0.125984 -0.858268 0.496063 
vn 0.015748 -0.464567 0.889764 
vn -0.133858 0.015748 0.992126 
vn 0.0944882 0.023622 0.992126 
vn 0.228346 -0.322835 0.92126 
vn 0.0472441 0.015748 1 
vn 0.00787402 0.0629921 1 
vn 0.0393701 0.102362 0.992126 
vn -0.141732 0 0.992126 
vn -0.244094 -0.220472 0.944882 
vn -0.00787402 0.0629921 1 
vn -0.0393701 -0.220472 0.976378 
vn -0.133858 -0.748031 0.645669 
vn 0.0393701 -0.330709 0.944882 
vn 0 -0.535433 0.84252 
vn -0.220472 -0.637795 0.740157 
vn -0.433071 -0.314961 0.850394 
vn 0.330709 -0.527559 0.779528 
vn 0.330709 -0.330709 0.88189 
vn 0.141732 0.0944882 0.984252 
vn 0.0551181 -0.267717 0.96063 
vn 0.417323 -0.23622 0.88189 
vn 0.275591 0.0708661 0.96063 
vn -0.00787402 0.212598 0.976378 
vn 0.0551181 0.015748 1 
vn 0.11811 0.0551181 0.992126 
vn 0.291339 0.472441 0.826772 
vn -0.102362 -0.0787402 0.992126 
vn -0.543307 0.212598 0.811024 
vn 0.220472 0.23622 0.944882 
vn 0.645669 0.401575 0.645669 
vn 0.322835 0.283465 0.905512 
vn 0.566929 0.283465 0.771654 
vn -0.00787402 -0.165354 0.984252 
vn -0.00787402 -0.0787402 1 
vn 0 -0.307087 0.952756 
vn 0 0 1 
vn -0.0551181 -0.724409 0.685039 
vn -0.141732 -0.354331 0.92126 
vn -0.181102 -0.0472441 0.984252 
vn -0.165354 0.015748 0.984252 
vn -0.165354 0.00787402 0.984252 
vn -0.275591 -0.15748 0.944882 
vn -0.0866142 -0.708661 0.700787 
vn -0.0629921 -0.0314961 1 
vn 0.0472441 -0.480315 0.88189 
vn 0.11811 0.00787402 0.992126 
vn 0.0708661 0.015748 1 
vn 0.433071 0 0.897638 
vn 0.212598 -0.433071 0.874016 
vn 0.566929 -0.173228 0.80315 
vn 0.645669 -0.314961 0.692913 
vn -0.19685 0.307087 0.929134 
vn -0.0314961 -0.00787402 1 
vn -0.0472441 0.173228 0.984252 
vn 0.0787402 0.527559 0.850394 
vn 0.0866142 0.102362 0.992126 
vn 0.401575 0.661417 0.629921 
vn 0.551181 0.165354 0.818898 
vn 0.259843 0.23622 0.937008 
vn 0.188976 0.740157 0.637795 
vn 0 0.23622 0.968504 
vn -0.0866142 -0.0472441 0.992126 
vn -0.220472 -0.606299 0.76378 
vn -0.149606 0.110236 0.984252 
vn -0.133858 -0.173228 0.976378 
vn -0.307087 -0.629921 0.708661 
vn -0.165354 -0.732283 0.661417 
vn -0.149606 -0.251969 0.952756 
vn -0.393701 0.11811 0.913386 
vn -0.141732 0.0393701 0.992126 
vn -0.19685 -0.0629921 0.976378 
vn -0.015748 0.0629921 1 
vn 0 0.244094 0.968504 
vn 0.283465 0.149606 0.944882 
vn 0.00787402 0.0787402 1 
vn 0.259843 0.110236 0.96063 
vn 0.149606 -0.00787402 0.992126 
vn -0.0472441 -0.511811 0.858268 
vn -0.00787402 -0.228346 0.976378 
vn 0.346457 -0.0314961 0.937008 
vn 0.259843 -0.0314961 0.968504 
vn 0.0551181 -0.188976 0.976378 
vn 0.338583 -0.503937 0.795276 
vn 0.149606 -0.0629921 0.984252 
vn 0 -0.614173 0.787402 
vn 0 -0.425197 0.905512 
vn 0 -0.779528 0.622047 
vn 0 -0.629921 0.779528 
vn -0.00787402 -0.511811 0.858268 
vn 0.19685 -0.0944882 0.976378 
vn -0.283465 -0.559055 0.779528 
vn 0.251969 -0.251969 0.937008 
vn 0.787402 -0.015748 0.614173 
vn 0.629921 -0.00787402 0.771654 
vn -0.188976 -0.291339 0.937008 
vn -0.535433 -0.125984 0.834646 
vn -0.795276 -0.19685 0.574803 
vn -0.787402 -0.00787402 0.614173 
vn -0.614173 -0.165354 0.771654 
vn -0.385827 -0.409449 0.826772 
vn -0.755906 -0.385827 0.527559 
vn 0.314961 -0.00787402 0.944882 
vn 0.15748 -0.00787402 0.984252 
vn 0.488189 -0.0472441 0.874016 
vn 0.834646 -0.0472441 0.551181 
vn 0.606299 -0.464567 0.645669 
vn 0.307087 -0.385827 0.866142 
vn 0.173228 -0.173228 0.968504 
vn 0.0787402 -0.84252 0.535433 
vn -0.220472 0.19685 0.952756 
vn -0.165354 0.614173 0.771654 
vn -0.125984 -0.00787402 0.992126 
vn -0.551181 0.0393701 0.834646 
vn 0.543307 0.220472 0.811024 
vn -0.299213 -0.102362 0.944882 
vn 0.19685 -0.244094 0.952756 
vn 0.228346 0.503937 0.834646 
vn 0.527559 -0.574803 0.629921 
vn 0.110236 -0.850394 0.511811 
vn 0.149606 0.771654 0.622047 
vn 0.204724 0.0314961 0.976378 
vn 0.173228 0.00787402 0.984252 
vn 0.259843 0.212598 0.944882 
vn 0.598425 0.015748 0.80315 
vn 0.204724 -0.370079 0.905512 
vn 0.401575 -0.338583 0.850394 
vn -0.015748 0.110236 0.992126 
vn -0.165354 0.653543 0.740157 
vn 0.0708661 0.488189 0.874016 
vn 0.0944882 0.023622 0.992126 
vn 0.0472441 0.015748 1 
vn -0.141732 0 0.992126 
vn 0.220472 0.0866142 0.968504 
vn -0.425197 0.212598 0.88189 
vn -0.19685 -0.0629921 0.976378 
vn -0.385827 -0.409449 0.826772 
vn -0.0629921 -0.448819 0.889764 
vn -0.149606 -0.251969 0.952756 
vn 0.015748 -0.00787402 1 
vn 0.0551181 -0.0393701 1 
vn 0.283465 -0.220472 0.929134 
vn 0.15748 -0.700787 0.700787 
vn -0.165354 -0.732283 0.661417 
vn -0.574803 -0.748031 0.330709 
vn -0.307087 -0.779528 0.551181 
vn -0.692913 -0.15748 0.708661 
vn -0.173228 -0.637795 0.748031 
vn -0.0708661 -0.291339 0.952756 
vn 0.102362 -0.834646 0.543307 
vn -0.700787 0.212598 0.677165 
vn 0.322835 0.220472 0.92126 
vn 0.015748 0.622047 0.787402 
vn -0.496063 0.708661 0.496063 
vn 0.496063 0.543307 -0.677165 
vn 0.299213 0.937008 0.181102 
vn 0.692913 0.716535 0.0393701 
vn 0.559055 0.748031 0.354331 
vn 0.11811 0.76378 0.629921 
vn 0.472441 0.488189 0.732283 
vn 0.0472441 0.976378 0.220472 
vn 0 0.80315 0.598425 
vn 0.173228 0.984252 0 
vn 0.0708661 0.992126 -0.11811 
vn 0.188976 0.976378 -0.0944882 
vn 0.015748 1 -0.0629921 
vn 0.00787402 0.984252 -0.19685 
vn -0.00787402 1 -0.015748 
vn 0 1 0.0551181 
vn -0.0866142 0.992126 0.11811 
vn -0.0314961 0.96063 -0.275591 
vn -0.23622 0.968504 -0.0472441 
vn -0.362205 0.937008 0 
vn -0.543307 0.84252 -0.00787402 
vn -0.834646 0.551181 -0.00787402 
vn -0.401575 0.913386 0.0708661 
vn -0.716535 0.685039 0.125984 
vn -0.181102 0.897638 0.401575 
vn -0.535433 0.700787 0.480315 
vn -0.125984 0.598425 0.787402 
vn 0.0472441 0.0629921 1 
vn 0.582677 -0.165354 0.795276 
vn 0.76378 0.0629921 0.637795 
vn 0.464567 0.220472 0.858268 
vn -0.354331 0.133858 0.929134 
vn 0.15748 0.275591 0.944882 
vn -0.251969 0.0629921 0.968504 
vn -0.535433 0.204724 0.818898 
vn -0.228346 0.307087 0.92126 
vn 0.362205 0.251969 0.897638 
vn 0.748031 0.102362 0.653543 
vn -0.472441 0.299213 0.826772 
vn -0.661417 -0.00787402 0.748031 
vn -0.385827 0.0314961 0.92126 
vn -0.425197 0 0.905512 
vn -0.645669 -0.0472441 0.76378 
vn -0.433071 -0.141732 0.889764 
vn -0.614173 -0.204724 0.76378 
vn -0.346457 -0.535433 0.771654 
vn -0.0944882 -0.417323 0.905512 
vn -0.0629921 -0.661417 0.748031 
vn 0 -0.622047 0.779528 
vn -0.015748 -0.275591 0.96063 
vn -0.015748 -0.141732 0.992126 
vn 0.110236 -0.456693 0.88189 
vn -0.0314961 -0.125984 0.992126 
vn 0.0472441 -0.952756 0.299213 
vn 0.204724 -0.425197 0.88189 
vn 0.0472441 -0.897638 0.433071 
vn -0.181102 -0.685039 0.708661 
vn 0.0944882 -0.488189 0.866142 
vn -0.125984 -0.92126 0.370079 
vn -0.133858 -0.433071 0.889764 
vn -0.330709 -0.244094 0.913386 
vn 0.0708661 -0.874016 0.488189 
vn 0.204724 -0.370079 0.905512 
vn 0.401575 -0.338583 0.850394 
vn 0.535433 -0.724409 0.425197 
vn 0.149606 -0.850394 0.503937 
vn 0.015748 -0.299213 0.952756 
vn 0.338583 -0.377953 0.858268 
vn -0.472441 0.299213 0.826772 
vn -0.385827 0.488189 0.787402 
vn -0.228346 0.307087 0.92126 
vn -0.133858 0.551181 0.818898 
vn 0.275591 0.0708661 0.96063 
vn 0.748031 0.102362 0.653543 
vn -0.220472 -0.637795 0.740157 
vn -0.244094 -0.220472 0.944882 
vn -0.133858 -0.748031 0.645669 
vn -0.433071 -0.314961 0.850394 
vn 0.110236 -0.456693 0.88189 
vn 0.228346 -0.322835 0.92126 
vn -0.015748 -0.141732 0.992126 
vn -0.401575 -0.685039 0.614173 
vn -0.724409 -0.338583 0.598425 
vn -0.188976 -0.685039 0.700787 
vn -0.125984 -0.606299 0.787402 
vn 0.362205 -0.755906 0.551181 
vn -0.19685 -0.456693 0.866142 
vn 0 -0.503937 0.866142 
vn 0.149606 -0.874016 0.464567 
vn 0.11811 -0.244094 0.96063 
vn -0.133858 -0.307087 0.944882 
vn -1 0.0551181 0.023622 
vn -0.984252 0.173228 0.0314961 
vn -0.944882 -0.299213 -0.110236 
vn -0.779528 0.614173 0.133858 
vn -0.80315 0.590551 0.0944882 
vn -0.92126 0.370079 0.11811 
vn -0.716535 0.677165 0.173228 
vn -0.866142 0.448819 0.228346 
vn -0.700787 0.716535 0.0393701 
vn -0.96063 0.149606 0.244094 
vn -0.606299 0.653543 0.448819 
vn -0.76378 0.181102 0.622047 
vn -0.937008 -0.181102 0.299213 
vn -0.645669 -0.11811 0.755906 
vn -0.606299 -0.543307 0.582677 
vn -0.80315 -0.598425 0.0551181 
vn -0.929134 -0.346457 -0.110236 
vn -0.992126 -0.125984 -0.0472441 
vn -0.944882 -0.291339 -0.133858 
vn -0.685039 -0.677165 -0.267717 
vn -0.80315 -0.527559 -0.291339 
vn -0.850394 -0.496063 -0.181102 
vn -0.559055 -0.732283 -0.385827 
vn -0.740157 -0.503937 -0.448819 
vn -0.622047 -0.425197 -0.653543 
vn -0.677165 -0.700787 -0.228346 
vn -0.354331 -0.80315 -0.472441 
vn -0.795276 -0.409449 -0.448819 
vn -0.582677 -0.748031 -0.307087 
vn -0.330709 -0.889764 -0.314961 
vn -0.590551 -0.771654 -0.228346 
vn -0.23622 -0.937008 -0.259843 
vn -0.645669 -0.740157 -0.173228 
vn -0.377953 -0.905512 -0.19685 
vn -0.480315 -0.866142 -0.149606 
vn -0.897638 -0.433071 -0.0944882 
vn -0.590551 -0.795276 -0.102362 
vn -0.259843 -0.952756 -0.149606 
vn -0.322835 -0.944882 -0.0944882 
vn -0.740157 -0.669291 -0.0314961 
vn -0.598425 -0.795276 -0.0944882 
vn -0.88189 -0.456693 -0.0944882 
vn -0.834646 -0.551181 -0.0314961 
vn 0.566929 0.283465 0.771654 
vn 0.629921 0.173228 0.755906 
vn 0.322835 0.283465 0.905512 
vn -0.377953 0.456693 0.80315 
vn -0.165354 0.653543 0.740157 
vn -0.456693 0.385827 0.80315 
vn -0.0629921 0.889764 0.448819 
vn -0.023622 0.220472 0.976378 
vn 0.0787402 0.653543 0.748031 
vn 0.149606 0.771654 0.622047 
vn 0.0472441 0.952756 0.307087 
vn 0.0708661 0.488189 0.874016 
vn 0.110236 0.417323 0.897638 
vn 0.212598 0.606299 0.76378 
vn 0.456693 0.818898 0.354331 
vn 0.023622 0.92126 0.393701 
vn 0.417323 0.00787402 0.905512 
vn 0.330709 0.00787402 0.944882 
vn 0.385827 0.0472441 0.92126 
vn 0.220472 0.0866142 0.968504 
vn 0.322835 -0.0866142 0.944882 
vn -0.015748 -0.141732 0.992126 
vn 0.102362 -0.330709 0.937008 
vn 0.291339 -0.425197 0.858268 
vn 0.314961 0.133858 0.937008 
vn -0.425197 0.212598 0.88189 
vn 0.322835 0.283465 0.905512 
vn 0.566929 0.023622 0.818898 
vn 0.629921 0.173228 0.755906 
vn 0.740157 -0.0314961 0.669291 
vn 0.535433 -0.023622 0.84252 
vn 0.629921 -0.362205 0.685039 
vn 0.291339 -0.590551 0.748031 
vn 0.251969 -0.968504 0.00787402 
vn 0.19685 -0.984252 0.0393701 
vn 0.622047 -0.779528 0.00787402 
vn 0.417323 -0.905512 -0.0472441 
vn 0.149606 -0.984252 -0.0787402 
vn 0.708661 -0.700787 0.0629921 
vn 0.338583 -0.937008 0.0708661 
vn 0.874016 -0.488189 0.023622 
vn 0.771654 -0.637795 -0.0551181 
vn 0.417323 -0.905512 0.110236 
vn 0.96063 -0.267717 0.0314961 
vn 0.755906 -0.637795 0.102362 
vn 0.535433 -0.826772 0.165354 
vn 0.771654 -0.622047 0.149606 
vn 0.488189 -0.834646 0.251969 
vn -0.622047 0.322835 0.716535 
vn 0.188976 0.740157 0.637795 
vn -0.19685 0.307087 0.929134 
vn 0.0787402 0.527559 0.850394 
vn 0.401575 0.661417 0.629921 
vn 0.11811 0.913386 -0.377953 
vn 0.110236 0.834646 -0.535433 
vn 0.692913 0.716535 -0.0708661 
vn 0 0.952756 -0.291339 
vn 0 0.669291 -0.740157 
vn 0.015748 0.401575 -0.913386 
vn -0.00787402 0.76378 -0.645669 
vn -0.0314961 0.370079 -0.929134 
vn -0.0472441 0.606299 -0.795276 
vn -0.141732 0.874016 -0.472441 
vn -0.551181 0.834646 -0.0472441 
vn -0.88189 0.448819 -0.125984 
vn 0.291339 -0.425197 0.858268 
vn 0 -0.622047 0.779528 
vn 0.102362 -0.330709 0.937008 
vn -0.015748 -0.141732 0.992126 
vn 0.700787 0.708661 0.0866142 
vn 0.661417 0.724409 0.204724 
vn 0.80315 0.574803 0.141732 
vn 0.362205 0.897638 0.244094 
vn 0.566929 0.818898 0.0866142 
vn 0.795276 0.606299 0.015748 
vn 0.811024 0.582677 -0.00787402 
vn 0.393701 0.92126 0.00787402 
vn 0.779528 0.622047 -0.0551181 
vn 0.771654 0.637795 -0.0472441 
vn 0.80315 0.590551 -0.0708661 
vn 0.755906 0.645669 -0.0944882 
vn 0.645669 0.748031 -0.133858 
vn 0.425197 0.889764 -0.141732 
vn 0.897638 -0.188976 0.409449 
vn 0.598425 0.149606 0.787402 
vn 0.598425 0.015748 0.80315 
vn 0.92126 0.212598 0.330709 
vn 0.401575 -0.338583 0.850394 
vn 0.456693 0.818898 0.354331 
vn 0.212598 0.606299 0.76378 
vn 0.80315 -0.220472 0.559055 
vn 0.535433 -0.724409 0.425197 
vn 0.338583 -0.377953 0.858268 
vn -0.818898 -0.314961 -0.480315 
vn -0.811024 -0.188976 -0.551181 
vn -0.299213 -0.181102 -0.937008 
vn -0.299213 -0.700787 -0.645669 
vn 0.165354 -0.464567 -0.874016 
vn -0.314961 -0.275591 -0.913386 
vn -0.582677 -0.685039 -0.440945 
vn -0.251969 -0.748031 -0.614173 
vn -0.0551181 -0.259843 -0.96063 
vn -0.149606 -0.850394 -0.496063 
vn 0.0472441 -0.913386 -0.409449 
vn 0.362205 0 -0.929134 
vn 0.0787402 -0.283465 -0.952756 
vn 0.480315 -0.826772 -0.307087 
vn 0.354331 -0.354331 -0.866142 
vn 0.685039 -0.23622 -0.692913 
vn 0.724409 -0.448819 -0.527559 
vn 0.566929 -0.259843 -0.779528 
vn 0.220472 -0.897638 -0.385827 
vn 0.755906 -0.19685 0.629921 
vn 0.913386 -0.204724 0.354331 
vn 0.488189 -0.874016 0.0787402 
vn 0.527559 -0.574803 0.629921 
vn 0.543307 0.220472 0.811024 
vn 0.913386 0.275591 0.299213 
vn 0.724409 0.23622 0.653543 
vn 0.409449 0.740157 0.535433 
vn 0.354331 0.645669 0.677165 
vn -0.708661 -0.0393701 -0.708661 
vn -0.88189 -0.322835 -0.330709 
vn -0.661417 -0.283465 -0.692913 
vn -0.338583 0.00787402 -0.944882 
vn -0.551181 -0.425197 -0.716535 
vn -0.149606 -0.417323 -0.897638 
vn -0.409449 -0.322835 -0.858268 
vn -0.425197 -0.826772 -0.370079 
vn 0.0551181 -0.275591 -0.96063 
vn -0.11811 -0.259843 -0.96063 
vn -0.0551181 -0.897638 -0.433071 
vn 0.0787402 -0.905512 -0.417323 
vn 0.267717 -0.409449 -0.874016 
vn 0.322835 -0.834646 -0.440945 
vn 0.385827 -0.307087 -0.874016 
vn 0.582677 -0.637795 -0.503937 
vn 0.818898 -0.19685 -0.543307 
vn 0.771654 -0.488189 -0.409449 
vn 0.740157 -0.015748 0.669291 
vn 0.488189 0.015748 0.874016 
vn 0.291339 0.00787402 0.96063 
vn 0.173228 0 0.984252 
vn 0.417323 -0.11811 0.897638 
vn 0.897638 -0.102362 0.425197 
vn 0.251969 -0.338583 0.905512 
vn 0.724409 -0.385827 0.566929 
vn 0.362205 -0.779528 0.503937 
vn 0.015748 -0.700787 0.708661 
vn 0 -0.125984 0.992126 
vn -0.0787402 -0.377953 0.92126 
vn -0.0551181 -0.874016 0.472441 
vn -0.267717 -0.740157 0.622047 
vn -0.425197 -0.393701 0.811024 
vn -0.771654 -0.551181 0.322835 
vn -0.795276 -0.165354 0.582677 
vn -0.291339 -0.110236 0.952756 
vn -0.755906 -0.00787402 0.653543 
vn -0.173228 -0.015748 0.984252 
vn -0.244094 0.00787402 0.968504 
vn -0.692913 0.0708661 0.716535 
vn 0 0.0944882 0.992126 
vn -0.212598 0.149606 0.968504 
vn -0.440945 0.385827 0.811024 
vn -0.889764 0.267717 0.370079 
vn -0.535433 0.700787 0.480315 
vn -0.125984 0.598425 0.787402 
vn -0.023622 0.291339 0.952756 
vn 0 0.80315 0.598425 
vn 0.015748 0.322835 0.944882 
vn 0.11811 0.76378 0.629921 
vn 0.472441 0.488189 0.732283 
vn 0.283465 0.133858 0.944882 
vn 0.826772 0.149606 0.543307 
vn 0.00787402 0.023622 1 
vn -0.80315 -0.551181 -0.212598 
vn -0.456693 -0.732283 -0.503937 
vn -0.385827 -0.913386 -0.133858 
vn -0.692913 -0.417323 -0.582677 
vn -0.614173 -0.787402 0.0314961 
vn -0.188976 -0.511811 -0.834646 
vn -0.0944882 -0.905512 -0.425197 
vn -0.212598 -0.944882 -0.23622 
vn -0.11811 -0.472441 -0.874016 
vn 0.00787402 -0.385827 -0.92126 
vn 0 -0.661417 -0.755906 
vn 0.149606 -0.858268 -0.488189 
vn -0.15748 -0.88189 -0.440945 
vn -0.330709 -0.322835 -0.889764 
vn -0.527559 -0.488189 -0.692913 
vn -0.748031 -0.511811 -0.425197 
vn -0.685039 -0.732283 0.00787402 
vn -0.818898 -0.559055 0.133858 
vn -0.913386 -0.409449 -0.00787402 
vn -0.527559 0.125984 0.834646 
vn -0.724409 -0.338583 0.598425 
vn -0.732283 -0.19685 0.653543 
vn -0.401575 -0.685039 0.614173 
vn -0.622047 0.322835 0.716535 
vn -0.19685 0.307087 0.929134 
vn -0.685039 -0.677165 -0.267717 
vn -0.80315 -0.598425 0.0551181 
vn -0.929134 -0.346457 -0.110236 
vn -0.472441 -0.88189 0.0472441 
vn -0.606299 -0.543307 0.582677 
vn -0.251969 -0.866142 0.425197 
vn -0.590551 -0.716535 0.362205 
vn -0.370079 -0.551181 0.748031 
vn -0.574803 -0.80315 -0.125984 
vn -0.874016 -0.393701 0.299213 
vn -0.984252 -0.141732 0.110236 
vn -0.905512 -0.362205 -0.204724 
vn -0.80315 -0.527559 -0.291339 
vn -0.889764 -0.283465 -0.354331 
vn -0.740157 -0.503937 -0.448819 
vn -0.866142 -0.11811 -0.488189 
vn -0.346457 -0.535433 0.771654 
vn -0.488189 -0.716535 0.503937 
vn -0.76378 -0.291339 0.582677 
vn -0.614173 -0.204724 0.76378 
vn -0.692913 -0.15748 0.708661 
vn -0.692913 0.165354 0.700787 
vn -0.535433 -0.0393701 0.84252 
vn -0.929134 0.354331 0.0787402 
vn -0.700787 0.212598 0.677165 
vn -0.496063 0.708661 0.496063 
vn -0.417323 0.88189 0.228346 
vn 0.889764 0.220472 -0.401575 
vn 0.015748 0.401575 -0.913386 
vn 0.149606 0.110236 -0.984252 
vn -0.0314961 0.370079 -0.929134 
vn 0.496063 0.543307 -0.677165 
vn -0.511811 0.173228 -0.84252 
vn -0.0472441 0.606299 -0.795276 
vn -0.433071 -0.110236 -0.897638 
vn 0.015748 -0.787402 -0.622047 
vn 0.015748 -0.771654 -0.629921 
vn -0.00787402 -0.173228 -0.984252 
vn -0.0472441 -0.314961 -0.944882 
vn -0.330709 -0.125984 -0.937008 
vn -0.866142 0.291339 -0.409449 
vn 0.787402 -0.015748 0.614173 
vn 0.76378 -0.283465 0.574803 
vn 0.251969 -0.251969 0.937008 
vn 0.173228 -0.708661 0.685039 
vn 0.629921 -0.00787402 0.771654 
vn 0.456693 -0.700787 0.551181 
vn 0.834646 -0.0472441 0.551181 
vn 0.952756 -0.173228 0.251969 
vn 0.929134 -0.330709 0.141732 
vn 0.889764 -0.377953 0.267717 
vn 0.606299 -0.464567 0.645669 
vn 0.456693 -0.88189 0.0944882 
vn 0.905512 -0.425197 -0.015748 
vn 0.984252 -0.133858 0.0944882 
vn 0.362205 -0.929134 0.0314961 
vn 0.866142 -0.464567 -0.173228 
vn 0.771654 -0.488189 -0.409449 
vn 0.818898 -0.19685 -0.543307 
vn 0.511811 -0.661417 -0.551181 
vn 0.582677 -0.637795 -0.503937 
vn -0.110236 -0.566929 0.818898 
vn -0.606299 -0.543307 0.582677 
vn -0.251969 -0.866142 0.425197 
vn -0.19685 -0.220472 0.952756 
vn -0.370079 -0.551181 0.748031 
vn -0.125984 -0.858268 0.496063 
vn 0.015748 -0.464567 0.889764 
vn 0 -0.622047 0.779528 
vn 0.228346 -0.322835 0.92126 
vn 0 -0.267717 0.96063 
vn 0.110236 -0.456693 0.88189 
vn -0.023622 -0.826772 0.559055 
vn 0.015748 -0.944882 -0.330709 
vn 0 -0.874016 0.488189 
vn -0.0551181 -0.724409 0.685039 
vn -0.141732 -0.354331 0.92126 
vn -0.0866142 -0.708661 0.700787 
vn 0.0314961 -0.661417 0.748031 
vn 0.0472441 -0.480315 0.88189 
vn 0.212598 -0.433071 0.874016 
vn 0.740157 -0.0314961 0.669291 
vn 0.629921 0.173228 0.755906 
vn 0.826772 0.0787402 0.559055 
vn 0.566929 0.283465 0.771654 
vn 0.96063 -0.0944882 0.267717 
vn 0.629921 -0.362205 0.685039 
vn 0.984252 0.0314961 0.19685 
vn 0.834646 -0.283465 0.472441 
vn 0.385827 -0.692913 0.614173 
vn 0.503937 -0.779528 0.377953 
vn 0.952756 -0.259843 0.173228 
vn 0.708661 -0.700787 0.0866142 
vn 0.645669 0.401575 0.645669 
vn 0.889764 -0.456693 0.0472441 
vn 0.732283 -0.685039 0.00787402 
vn 0.84252 -0.535433 -0.015748 
vn 0.992126 -0.11811 0 
vn 0.480315 0.732283 0.480315 
vn 0.291339 0.472441 0.826772 
vn 0.944882 0.299213 0.15748 
vn 1 0.023622 -0.015748 
vn 1 0.023622 -0.0314961 
vn 0.984252 0.15748 -0.0708661 
vn 0.692913 0.716535 -0.0708661 
vn 1 0.015748 -0.00787402 
vn 1 0.0551181 -0.0629921 
vn 0.96063 -0.259843 0.0472441 
vn 0.614173 -0.795276 0 
vn 0.535433 -0.84252 0.0472441 
vn 0.818898 -0.574803 0.0944882 
vn 0.724409 -0.385827 0.566929 
vn 0.362205 -0.779528 0.503937 
vn 0.897638 -0.102362 0.425197 
vn 0.968504 0.015748 0.259843 
vn 0.740157 -0.015748 0.669291 
vn 0.488189 0.015748 0.874016 
vn 0.826772 0.149606 0.543307 
vn 0.984252 0.181102 0.00787402 
vn 0.913386 0.362205 0.188976 
vn 0.472441 0.488189 0.732283 
vn 0.559055 0.748031 0.354331 
vn 0.692913 0.716535 0.0393701 
vn 0.850394 0.519685 0 
vn 0.496063 0.543307 -0.677165 
vn 0.944882 0.330709 -0.00787402 
vn 0.889764 0.220472 -0.401575 
vn 0.976378 0.19685 -0.0472441 
vn 0.952756 0.173228 -0.259843 
vn 0.984252 0.0944882 -0.141732 
vn -0.944882 -0.330709 0.0393701 
vn -0.307087 -0.944882 -0.102362 
vn -0.88189 -0.433071 -0.165354 
vn -0.417323 -0.897638 0.149606 
vn -0.905512 -0.354331 0.244094 
vn -0.984252 -0.173228 0.015748 
vn -0.937008 -0.110236 0.322835 
vn -0.818898 -0.314961 -0.480315 
vn -0.732283 -0.669291 -0.110236 
vn -0.811024 -0.188976 -0.551181 
vn -0.677165 -0.519685 -0.519685 
vn -0.582677 -0.685039 -0.440945 
vn -0.653543 -0.755906 0.0629921 
vn -0.755906 -0.385827 0.527559 
vn -0.614173 -0.165354 0.771654 
vn -0.787402 -0.00787402 0.614173 
vn -0.795276 -0.19685 0.574803 
vn -0.401575 -0.708661 0.582677 
vn -0.283465 -0.559055 0.779528 
vn 0.299213 -0.834646 0.456693 
vn 0.354331 -0.929134 0.0551181 
vn 0.0944882 -0.88189 0.456693 
vn 0.645669 -0.314961 0.692913 
vn 0.818898 -0.440945 0.354331 
vn 0.629921 -0.779528 -0.00787402 
vn 0.338583 -0.913386 0.228346 
vn 0.559055 -0.818898 -0.133858 
vn 0.889764 -0.448819 -0.00787402 
vn 0.866142 -0.456693 -0.19685 
vn 0.952756 -0.251969 -0.141732 
vn 0.826772 -0.559055 0.0944882 
vn 0.771654 -0.480315 0.409449 
vn 0.425197 -0.551181 0.716535 
vn 0.787402 -0.448819 -0.433071 
vn 0.811024 -0.299213 -0.503937 
vn 0.858268 -0.480315 -0.19685 
vn 0.732283 -0.0314961 -0.685039 
vn 0.511811 -0.267717 -0.818898 
vn 0.976378 -0.188976 -0.102362 
vn 0.897638 -0.433071 -0.015748 
vn 0.724409 -0.692913 -0.023622 
vn 0.937008 -0.141732 0.330709 
vn 0.874016 -0.472441 0.0944882 
vn 0.732283 -0.629921 0.259843 
vn 0.440945 -0.354331 0.818898 
vn 0.362205 -0.00787402 0.929134 
vn 0.795276 -0.472441 0.385827 
vn 0.795276 -0.188976 0.574803 
vn 0.598425 -0.448819 0.661417 
vn 0.456693 -0.661417 0.590551 
vn 0.653543 -0.590551 0.472441 
vn -0.905512 -0.181102 0.377953 
vn -0.559055 -0.543307 0.629921 
vn -0.818898 -0.464567 0.346457 
vn -0.551181 -0.338583 0.76378 
vn -0.448819 -0.76378 0.472441 
vn -0.929134 -0.023622 0.362205 
vn -0.96063 -0.15748 0.23622 
vn -0.929134 -0.370079 -0.00787402 
vn -0.590551 -0.149606 0.787402 
vn -0.322835 -0.692913 0.645669 
vn -0.740157 -0.629921 0.244094 
vn -0.976378 -0.188976 -0.0866142 
vn -0.88189 -0.409449 -0.23622 
vn -0.700787 -0.700787 -0.133858 
vn -0.88189 -0.228346 -0.401575 
vn -0.354331 -0.913386 -0.188976 
vn -0.598425 -0.606299 -0.519685 
vn -0.732283 -0.330709 -0.598425 
vn -0.622047 -0.204724 -0.755906 
vn -0.716535 -0.149606 -0.677165 
vn -0.259843 -0.511811 -0.818898 
vn -0.866142 0.291339 -0.409449 
vn -0.834646 0.551181 -0.00787402 
vn -0.543307 0.84252 -0.00787402 
vn -0.984252 0.188976 0 
vn -0.889764 0.267717 0.370079 
vn -0.716535 0.685039 0.125984 
vn -0.535433 0.700787 0.480315 
vn -0.976378 0.00787402 0.220472 
vn -0.692913 0.0708661 0.716535 
vn -0.755906 -0.00787402 0.653543 
vn -0.992126 -0.0551181 0.133858 
vn -0.795276 -0.165354 0.582677 
vn -0.944882 -0.322835 -0.015748 
vn -0.952756 -0.291339 0.0866142 
vn -0.771654 -0.551181 0.322835 
vn -0.464567 -0.866142 0.188976 
vn -0.755906 -0.653543 0.0314961 
vn -0.551181 -0.834646 0 
vn -0.614173 -0.787402 0 
vn -0.952756 -0.299213 0 
vn -0.92126 -0.393701 0.015748 
vn -1 0.0314961 -0.0314961 
vn -0.984252 0.0472441 0.165354 
vn -0.968504 0.102362 -0.244094 
vn -0.433071 -0.110236 -0.897638 
vn -0.511811 0.173228 -0.84252 
vn -0.984252 0.0866142 -0.125984 
vn -0.96063 0.181102 -0.220472 
vn -0.88189 0.448819 -0.125984 
vn -0.992126 -0.0314961 -0.0944882 
vn -0.984252 0.188976 0 
vn -0.551181 0.834646 -0.0472441 
vn -0.913386 0.370079 0.173228 
vn -1 -0.00787402 -0.0551181 
vn -0.96063 0.133858 0.23622 
vn -0.385827 0.488189 0.787402 
vn -0.472441 0.299213 0.826772 
vn -0.992126 0.0787402 0.0866142 
vn -0.874016 0.181102 0.456693 
vn -0.88189 0.0866142 0.464567 
vn -0.535433 0.204724 0.818898 
vn -0.866142 -0.023622 0.503937 
vn -0.661417 -0.00787402 0.748031 
vn -0.645669 -0.0472441 0.76378 
vn -0.968504 -0.110236 0.228346 
vn -0.76378 -0.291339 0.582677 
vn -0.614173 -0.204724 0.76378 
vn -0.866142 -0.496063 0.102362 
vn -0.590551 -0.80315 0.0866142 
vn -0.527559 -0.811024 0.259843 
vn -0.834646 -0.425197 0.354331 
vn -0.488189 -0.716535 0.503937 
vn -0.779528 -0.228346 0.582677 
vn -0.740157 -0.456693 0.496063 
vn -0.393701 -0.00787402 0.92126 
vn -0.574803 -0.322835 0.755906 
vn -0.299213 -0.496063 0.811024 
vn -0.0314961 -0.023622 1 
vn -0.480315 -0.15748 0.866142 
vn -0.385827 -0.76378 0.519685 
vn -0.102362 -0.677165 0.724409 
vn 0.362205 -0.00787402 0.929134 
vn 0.0866142 -0.488189 0.866142 
vn 0.015748 -0.220472 0.976378 
vn 0.440945 -0.354331 0.818898 
vn 0.259843 -0.133858 0.952756 
vn 0.795276 -0.188976 0.574803 
vn 0.598425 -0.448819 0.661417 
vn 0.448819 -0.685039 -0.574803 
vn 0.19685 -0.826772 -0.527559 
vn 0.212598 -0.952756 -0.212598 
vn 0.149606 -0.787402 -0.590551 
vn 0.645669 -0.527559 -0.543307 
vn 0.23622 -0.968504 0.0472441 
vn 0.574803 -0.80315 -0.133858 
vn 0.929134 -0.377953 0.00787402 
vn 0.811024 -0.566929 0.133858 
vn 0.818898 -0.535433 0.212598 
vn 0.488189 -0.834646 0.251969 
vn -0.00787402 -0.700787 0.716535 
vn -0.551181 -0.338583 0.76378 
vn -0.023622 -0.015748 1 
vn -0.015748 -0.362205 0.929134 
vn 0.259843 -0.125984 0.96063 
vn 0.267717 -0.653543 0.708661 
vn 0.314961 -0.472441 0.826772 
vn 0.645669 -0.188976 0.740157 
vn 0.566929 -0.11811 0.818898 
vn 0.748031 -0.637795 0.19685 
vn -0.637795 -0.771654 0.0472441 
vn -0.496063 -0.866142 0.110236 
vn -0.259843 -0.952756 0.133858 
vn -0.850394 -0.527559 0.0393701 
vn -0.779528 -0.622047 0.015748 
vn -0.362205 -0.929134 0.0551181 
vn -0.826772 -0.551181 0.102362 
vn -0.503937 -0.858268 0.0787402 
vn -0.527559 -0.834646 0.15748 
vn -0.897638 -0.440945 0.0629921 
vn -0.181102 -0.968504 0.188976 
vn -0.503937 -0.84252 0.204724 
vn -0.708661 -0.685039 0.19685 
vn -0.409449 -0.874016 0.267717 
vn -0.913386 -0.322835 0.251969 
vn -0.669291 -0.448819 0.590551 
vn -0.346457 -0.826772 0.440945 
vn -0.700787 -0.362205 0.622047 
vn -0.543307 -0.779528 0.307087 
vn -0.818898 -0.433071 0.377953 
vn -0.889764 -0.417323 0.188976 
vn 0.0393701 0.385827 0.92126 
vn -0.346457 0.669291 0.653543 
vn 0.0944882 0.952756 0.283465 
vn 0.314961 0.496063 0.811024 
vn 0.015748 0.811024 0.590551 
vn 0.0866142 0.952756 0.283465 
vn 0.165354 0.496063 0.850394 
vn 0.0314961 0.992126 0.141732 
vn 0.173228 0.76378 0.622047 
vn 0.409449 0.740157 0.535433 
vn 0.354331 0.645669 0.677165 
vn 0.275591 -0.929134 0.23622 
vn 0.700787 -0.692913 0.15748 
vn 0.700787 -0.543307 0.464567 
vn 0.23622 -0.952756 0.204724 
vn 0.417323 -0.905512 0.110236 
vn 0.708661 -0.700787 0.0708661 
vn 0.535433 -0.826772 0.165354 
vn 0.338583 -0.937008 0.0708661 
vn 0.244094 -0.968504 0.0866142 
vn 0.0866142 -0.992126 0.0472441 
vn 0.19685 -0.984252 0.0393701 
vn 0.251969 -0.968504 0.00787402 
vn 0.488189 -0.834646 0.251969 
vn 0.133858 -0.992126 0.00787402 
vn 0.188976 -0.984252 -0.0551181 
vn 0.149606 -0.984252 -0.0787402 
vn 0.732283 -0.677165 -0.0551181 
vn 0.291339 -0.944882 -0.11811 
vn 0.417323 -0.905512 -0.0472441 
vn 0.598425 -0.795276 -0.0944882 
vn 0.771654 -0.637795 -0.0551181 
vn 0.598425 -0.787402 -0.165354 
vn 0.913386 -0.401575 -0.0708661 
vn 0.677165 -0.732283 -0.110236 
vn 0.905512 -0.425197 -0.0393701 
vn 0.88189 -0.464567 -0.0866142 
vn 0.354331 -0.913386 -0.19685 
vn 0.637795 -0.732283 -0.23622 
vn 0.574803 -0.795276 -0.204724 
vn 0.795276 -0.582677 -0.173228 
vn 0.204724 -0.929134 -0.307087 
vn 0.590551 -0.732283 -0.330709 
vn 0.503937 -0.826772 -0.259843 
vn 0.338583 -0.850394 -0.409449 
vn 0.417323 -0.645669 -0.637795 
vn 0.80315 -0.354331 -0.480315 
vn 0.700787 -0.464567 -0.543307 
vn 0.661417 -0.661417 -0.346457 
vn 0.897638 -0.401575 -0.204724 
vn 0.905512 -0.299213 -0.291339 
vn 0.866142 -0.456693 -0.19685 
vn -0.496063 0.708661 0.496063 
vn -0.165354 0.614173 0.771654 
vn -0.417323 0.88189 0.228346 
vn 0.015748 0.622047 0.787402 
vn -0.228346 0.779528 0.582677 
vn 0.165354 0.307087 0.937008 
vn 0.291339 -0.590551 0.748031 
vn 0.629921 -0.362205 0.685039 
vn 0.385827 -0.692913 0.614173 
vn 0.0629921 -0.866142 0.496063 
vn 0.291339 -0.425197 0.858268 
vn 0.503937 -0.779528 0.377953 
vn 0 -0.622047 0.779528 
vn 0.149606 -0.968504 0.204724 
vn 0.708661 -0.700787 0.0866142 
vn -0.102362 -0.818898 0.566929 
vn -0.0629921 -0.661417 0.748031 
vn -0.346457 -0.535433 0.771654 
vn -0.488189 -0.716535 0.503937 
vn -0.149606 -0.929134 0.338583 
vn -0.527559 -0.811024 0.259843 
vn -0.173228 -0.976378 0.141732 
vn -0.590551 -0.80315 0.0866142 
vn -0.92126 -0.393701 0.015748 
vn -0.614173 -0.787402 0 
vn -0.181102 -0.984252 0 
vn -0.551181 -0.834646 0 
vn 0.0393701 -1 0.015748 
vn 0.354331 -0.937008 0.0314961 
vn 0.732283 -0.685039 0.00787402 
vn 0.283465 -0.96063 -0.00787402 
vn 0.84252 -0.535433 -0.015748 
vn 0.614173 -0.795276 0 
vn 0.181102 -0.984252 0.00787402 
vn 0.535433 -0.84252 0.0472441 
vn -0.23622 -0.968504 0.0314961 
vn -0.755906 -0.653543 0.0314961 
vn -0.464567 -0.866142 0.188976 
vn -0.015748 -0.992126 0.125984 
vn -0.0551181 -0.874016 0.472441 
vn -0.267717 -0.740157 0.622047 
vn -0.771654 -0.551181 0.322835 
vn 0.102362 -0.968504 0.228346 
vn 0.015748 -0.700787 0.708661 
vn 0.362205 -0.779528 0.503937 
vn 0.818898 -0.574803 0.0944882 
vn 0.637795 -0.393701 0.653543 
vn 0.330709 -0.850394 0.409449 
vn 0.779528 -0.480315 0.409449 
vn 0.818898 -0.535433 0.212598 

vt 0.184096 0.0320177 
vt 0.184077 0.0143328 
vt 0.185675 0.0320802 
vt 0.185745 0.0337106 
vt 0.186319 0.0116206 
vt 0.192659 0.0337132 
vt 0.191678 0.00728905 
vt 0.186025 0.0105181 
vt 0.193895 0.00809914 
vt 0.203035 0.00772798 
vt 0.202021 0.00617284 
vt 0.208861 0.00725389 
vt 0.210859 0.00990391 
vt 0.209958 0.0322664 
vt 0.210696 0.0337106 
vt 0.214944 0.0148588 
vt 0.214876 0.0113084 
vt 0.216813 0.0136632 
vt 0.217546 0.0187974 
vt 0.217335 0.0232198 
vt 0.21437 0.0282004 
vt 0.216161 0.0284777 
vt 0.23601 0.0365622 
vt 0.25077 0.0355685 
vt 0.251924 0.0338482 
vt 0.252872 0.0359525 
vt 0.253043 0.0339885 
vt 0.252872 0.0118575 
vt 0.250716 0.0109447 
vt 0.225474 0.0291988 
vt 0.230801 0.0348737 
vt 0.229301 0.036311 
vt 0.224469 0.031198 
vt 0.222617 0.025299 
vt 0.224336 0.0188319 
vt 0.222703 0.017602 
vt 0.225405 0.0131065 
vt 0.24471 0.00691247 
vt 0.248324 0.00656265 
vt 0.243821 0.0054158 
vt 0.240335 0.00427353 
vt 0.235332 0.00647348 
vt 0.233147 0.00530022 
vt 0.230214 0.00759035 
vt 0.227134 0.00925499 
vt 0.79698 0.532979 
vt 0.805151 0.531339 
vt 0.798073 0.531646 
vt 0.807842 0.532985 
vt 0.811948 0.533191 
vt 0.814493 0.536648 
vt 0.815923 0.53961 
vt 0.787774 0.543316 
vt 0.791519 0.53582 
vt 0.792201 0.533618 
vt 0.78921 0.536046 
vt 0.788262 0.538652 
vt 0.813633 0.562023 
vt 0.815923 0.562888 
vt 0.813702 0.563628 
vt 0.797533 0.563431 
vt 0.793904 0.561705 
vt 0.791975 0.56305 
vt 0.789286 0.5601 
vt 0.788114 0.556064 
vt 0.785497 0.547942 
vt 0.786329 0.555838 
vt 0.993707 0.319101 
vt 0.992435 0.319722 
vt 0.994422 0.31397 
vt 0.992643 0.3086 
vt 0.987317 0.325214 
vt 0.991677 0.323262 
vt 0.989333 0.325759 
vt 0.98609 0.32716 
vt 0.981791 0.299501 
vt 0.990594 0.303564 
vt 0.988013 0.301424 
vt 0.972139 0.29948 
vt 0.976799 0.297721 
vt 0.962759 0.325531 
vt 0.962478 0.32716 
vt 0.96109 0.326028 
vt 0.959939 0.315118 
vt 0.961533 0.307087 
vt 0.966172 0.301914 
vt 0.962635 0.302362 
vt 0.96793 0.299372 
vt 0.512677 0.782431 
vt 0.509054 0.784259 
vt 0.507737 0.812106 
vt 0.509106 0.782622 
vt 0.506855 0.783445 
vt 0.512677 0.971576 
vt 0.505901 0.785159 
vt 0.502191 0.783489 
vt 0.500476 0.785222 
vt 0.490428 0.783897 
vt 0.506063 0.938174 
vt 0.509118 0.970617 
vt 0.512347 0.973012 
vt 0.504647 0.970203 
vt 0.497809 0.970307 
vt 0.496292 0.90783 
vt 0.489657 0.970323 
vt 0.489773 0.785257 
vt 0.483617 0.782309 
vt 0.489955 0.904972 
vt 0.490555 0.8172 
vt 0.485612 0.795054 
vt 0.48413 0.785764 
vt 0.479683 0.784515 
vt 0.486038 0.787302 
vt 0.481107 0.788165 
vt 0.479083 0.785737 
vt 0.482937 0.796259 
vt 0.48189 0.805642 
vt 0.48606 0.968477 
vt 0.484698 0.970677 
vt 0.483891 0.965703 
vt 0.481297 0.969937 
vt 0.482187 0.974222 
vt 0.448212 0.78454 
vt 0.479053 0.781981 
vt 0.479683 0.784515 
vt 0.478445 0.77956 
vt 0.479759 0.779353 
vt 0.478629 0.776767 
vt 0.479968 0.773016 
vt 0.478251 0.7732 
vt 0.275684 0.781422 
vt 0.478302 0.769855 
vt 0.479741 0.769558 
vt 0.479759 0.765919 
vt 0.260489 0.775003 
vt 0.477994 0.765658 
vt 0.480041 0.762452 
vt 0.480842 0.760559 
vt 0.47926 0.7601 
vt 0.480094 0.75736 
vt 0.477843 0.762747 
vt 0.260053 0.762616 
vt 0.257811 0.759382 
vt 0.257918 0.762353 
vt 0.258789 0.766681 
vt 0.260377 0.767093 
vt 0.258598 0.772483 
vt 0.259182 0.78077 
vt 0.260549 0.779512 
vt 0.259249 0.784527 
vt 0.260197 0.786405 
vt 0.258419 0.787967 
vt 0.260573 0.787726 
vt 0.258162 0.790782 
vt 0.25619 0.78888 
vt 0.255912 0.784679 
vt 0.253212 0.787012 
vt 0.251283 0.788816 
vt 0.245019 0.787516 
vt 0.241369 0.785847 
vt 0.250542 0.874261 
vt 0.258761 0.930068 
vt 0.235457 0.787449 
vt 0.2324 0.786492 
vt 0.248131 0.972329 
vt 0.240037 0.97214 
vt 0.251221 0.969761 
vt 0.252261 0.972765 
vt 0.254349 0.968528 
vt 0.23114 0.787674 
vt 0.232912 0.972432 
vt 0.227688 0.785485 
vt 0.228428 0.974978 
vt 0.258403 0.971574 
vt 0.258699 0.956589 
vt 0.261833 0.970764 
vt 0.261338 0.972738 
vt 0.260559 0.976196 
vt 0.420883 0.977395 
vt 0.262235 0.975483 
vt 0.262052 0.979174 
vt 0.260623 0.980931 
vt 0.26217 0.985679 
vt 0.422564 0.984093 
vt 0.468149 0.97987 
vt 0.480787 0.977879 
vt 0.482452 0.979491 
vt 0.480896 0.98283 
vt 0.481749 0.985879 
vt 0.262075 0.988754 
vt 0.481833 0.989798 
vt 0.308835 0.993556 
vt 0.262209 0.992205 
vt 0.260439 0.992111 
vt 0.261347 0.99604 
vt 0.260376 0.999174 
vt 0.348232 0.999004 
vt 0.443793 0.995937 
vt 0.482129 0.993979 
vt 0.463123 0.997639 
vt 0.482509 0.99711 
vt 0.485244 0.999525 
vt 0.817401 0.61211 
vt 0.820969 0.620923 
vt 0.819637 0.620987 
vt 0.823012 0.625352 
vt 0.817657 0.635428 
vt 0.797119 0.623207 
vt 0.821866 0.640254 
vt 0.846573 0.626201 
vt 0.820331 0.663027 
vt 0.816644 0.665088 
vt 0.817959 0.662435 
vt 0.818251 0.681847 
vt 0.82207 0.664016 
vt 0.816857 0.720108 
vt 0.643145 0.668936 
vt 0.82103 0.684206 
vt 0.821087 0.706993 
vt 0.818389 0.721934 
vt 0.817015 0.741159 
vt 0.590164 0.74064 
vt 0.81848 0.741253 
vt 0.589919 0.707072 
vt 0.588495 0.666245 
vt 0.588363 0.701958 
vt 0.588602 0.742647 
vt 0.736584 0.827709 
vt 0.820641 0.746181 
vt 0.818099 0.755133 
vt 0.822556 0.740693 
vt 0.820885 0.774415 
vt 0.818594 0.776242 
vt 0.822656 0.754343 
vt 0.817363 0.811925 
vt 0.82025 0.821204 
vt 0.822938 0.774315 
vt 0.843549 0.769619 
vt 0.821875 0.821952 
vt 0.819156 0.824792 
vt 0.848609 0.776137 
vt 0.821658 0.827334 
vt 0.817993 0.826969 
vt 0.78216 0.826275 
vt 0.816951 0.828824 
vt 0.846655 0.824064 
vt 0.846909 0.826167 
vt 0.585823 0.827928 
vt 0.559456 0.829535 
vt 0.588813 0.825652 
vt 0.590419 0.811714 
vt 0.585968 0.822772 
vt 0.584666 0.806376 
vt 0.557603 0.787538 
vt 0.559671 0.826669 
vt 0.556265 0.828062 
vt 0.557307 0.823018 
vt 0.555409 0.808233 
vt 0.554757 0.824542 
vt 0.849022 0.829535 
vt 0.8508 0.827381 
vt 0.849318 0.824425 
vt 0.852467 0.825236 
vt 0.850941 0.82237 
vt 0.853056 0.789099 
vt 0.853973 0.806574 
vt 0.851514 0.76802 
vt 0.854629 0.786036 
vt 0.853541 0.76292 
vt 0.849878 0.742159 
vt 0.852988 0.726306 
vt 0.83339 0.742341 
vt 0.850245 0.724413 
vt 0.824236 0.709441 
vt 0.851004 0.707701 
vt 0.85512 0.706737 
vt 0.853504 0.682128 
vt 0.848098 0.707975 
vt 0.849196 0.687477 
vt 0.823802 0.695429 
vt 0.834729 0.683477 
vt 0.848589 0.665558 
vt 0.851369 0.678393 
vt 0.855477 0.677217 
vt 0.852703 0.664172 
vt 0.85096 0.662009 
vt 0.825286 0.650694 
vt 0.848096 0.639879 
vt 0.850439 0.638452 
vt 0.85531 0.663668 
vt 0.850801 0.614697 
vt 0.85415 0.635312 
vt 0.462982 0.00332385 
vt 0.480223 0.00332385 
vt 0.477816 0.00237417 
vt 0.553784 0.761386 
vt 0.552552 0.7435 
vt 0.556787 0.755926 
vt 0.554921 0.734839 
vt 0.558411 0.775353 
vt 0.554676 0.779405 
vt 0.558852 0.745236 
vt 0.584799 0.744336 
vt 0.557163 0.722518 
vt 0.554961 0.708339 
vt 0.583595 0.731883 
vt 0.558319 0.705639 
vt 0.553887 0.67415 
vt 0.552231 0.682053 
vt 0.557662 0.683565 
vt 0.584938 0.704766 
vt 0.585155 0.728428 
vt 0.586612 0.712228 
vt 0.586727 0.744336 
vt 0.587145 0.760403 
vt 0.58557 0.775051 
vt 0.583494 0.699839 
vt 0.586498 0.664827 
vt 0.572892 0.77449 
vt 0.587047 0.801114 
vt 0.583204 0.66424 
vt 0.586133 0.806479 
vt 0.584596 0.641917 
vt 0.586514 0.61985 
vt 0.565936 0.664657 
vt 0.589368 0.807321 
vt 0.58885 0.77798 
vt 0.556171 0.66547 
vt 0.553045 0.664349 
vt 0.553325 0.635329 
vt 0.590316 0.793848 
vt 0.556022 0.622083 
vt 0.553987 0.625683 
vt 0.558753 0.641032 
vt 0.566816 0.621224 
vt 0.581567 0.641124 
vt 0.582951 0.623651 
vt 0.585044 0.601583 
vt 0.588113 0.602658 
vt 0.556652 0.603958 
vt 0.558841 0.600796 
vt 0.554768 0.592314 
vt 0.552928 0.582446 
vt 0.556278 0.58523 
vt 0.554848 0.581249 
vt 0.584951 0.590075 
vt 0.558662 0.581595 
vt 0.558756 0.579153 
vt 0.61614 0.579384 
vt 0.588135 0.592601 
vt 0.645968 0.580931 
vt 0.796343 0.580058 
vt 0.847648 0.577873 
vt 0.662327 0.633702 
vt 0.589625 0.638193 
vt 0.588133 0.624445 
vt 0.817062 0.599785 
vt 0.819225 0.593629 
vt 0.847804 0.581909 
vt 0.820057 0.604453 
vt 0.851744 0.578257 
vt 0.85185 0.581636 
vt 0.850435 0.590511 
vt 0.852916 0.593955 
vt 0.848105 0.611633 
vt 0.819463 0.609564 
vt 0.35466 0.0196958 
vt 0.348377 0.0139337 
vt 0.350655 0.0136753 
vt 0.355172 0.013778 
vt 0.359754 0.0128205 
vt 0.36349 0.0196193 
vt 0.354931 0.0211128 
vt 0.365127 0.0213675 
vt 0.375762 0.0191879 
vt 0.377789 0.0176775 
vt 0.377085 0.0211128 
vt 0.825204 0.838572 
vt 0.824049 0.841825 
vt 0.823022 0.839309 
vt 0.825932 0.84188 
vt 0.843347 0.833333 
vt 0.84847 0.834226 
vt 0.85142 0.835241 
vt 0.846629 0.839644 
vt 0.834266 0.841593 
vt 0.849007 0.84188 
vt 0.846872 0.841347 
vt 0.0250075 0.489709 
vt 0.00549482 0.487814 
vt 0.0135409 0.486363 
vt 0.0211565 0.486895 
vt 0.0208968 0.485295 
vt 0.027451 0.486384 
vt 0.0138279 0.485172 
vt 0.00702979 0.485842 
vt 0.0267813 0.481765 
vt 0.0188164 0.29073 
vt 0.0122813 0.300955 
vt 0.00665274 0.202305 
vt 0.00946093 0.191846 
vt 0.0152226 0.283543 
vt 0.0233592 0.217851 
vt 0.0124276 0.0897326 
vt 0.00987577 0.00190425 
vt 0.0195186 0.180757 
vt 0.0169812 0.00209045 
vt 0.0138766 0.000716686 
vt 0.0253358 0.07733 
vt 0.0237395 0.0015986 
vt 0.0302445 0.230777 
vt 0.531329 0.748476 
vt 0.530319 0.75261 
vt 0.529687 0.750598 
vt 0.528813 0.754165 
vt 0.520477 0.752107 
vt 0.528744 0.75831 
vt 0.484251 0.754643 
vt 0.533206 0.745245 
vt 0.0827722 0.751773 
vt 0.367596 0.756476 
vt 0.102857 0.75831 
vt 0.0762722 0.75618 
vt 0.0853991 0.745543 
vt 0.0646082 0.749142 
vt 0.059574 0.754462 
vt 0.0845679 0.739612 
vt 0.0774083 0.743253 
vt 0.0256648 0.752302 
vt 0.0126159 0.758182 
vt 0.0122609 0.754582 
vt 0.0141634 0.750724 
vt 0.0108922 0.750262 
vt 0.0118366 0.748784 
vt 0.0142655 0.747283 
vt 0.0118677 0.742062 
vt 0.0160386 0.744441 
vt 0.297383 0.495793 
vt 0.298682 0.503269 
vt 0.294908 0.501155 
vt 0.297025 0.506125 
vt 0.298584 0.492668 
vt 0.294793 0.492522 
vt 0.293288 0.496317 
vt 0.293617 0.505906 
vt 0.294956 0.508712 
vt 0.247773 0.505538 
vt 0.297924 0.50959 
vt 0.294771 0.511453 
vt 0.298261 0.512346 
vt 0.0366871 0.508707 
vt 0.133681 0.493343 
vt 0.242917 0.491062 
vt 0.0476475 0.493746 
vt 0.050553 0.504502 
vt 0.00960041 0.506856 
vt 0.0320998 0.510381 
vt 0.00683171 0.512346 
vt 0.00505689 0.508772 
vt 0.00835237 0.500892 
vt 0.00528805 0.505018 
vt 0.00175045 0.50691 
vt 0.0026081 0.510347 
vt 0.000507099 0.503426 
vt 0.00367738 0.499939 
vt 0.00156666 0.494832 
vt 0.00356628 0.492703 
vt 0.00863361 0.494581 
vt 0.00642538 0.491564 
vt 0.00190397 0.489613 
vt 0.0406255 0.739944 
vt 0.0137228 0.737673 
vt 0.0106491 0.739249 
vt 0.012068 0.735585 
vt 0.0606401 0.731857 
vt 0.0633068 0.73447 
vt 0.0757444 0.734983 
vt 0.0640623 0.732143 
vt 0.0696519 0.719657 
vt 0.0614486 0.730749 
vt 0.0584078 0.729725 
vt 0.0660604 0.593319 
vt 0.0600437 0.54121 
vt 0.0794389 0.733645 
vt 0.0752635 0.61562 
vt 0.0641076 0.538605 
vt 0.0594056 0.539863 
vt 0.0679415 0.538768 
vt 0.0643597 0.536276 
vt 0.0751069 0.537897 
vt 0.0584569 0.53839 
vt 0.0792023 0.538007 
vt 0.0151924 0.534307 
vt 0.0135757 0.540944 
vt 0.0135667 0.537751 
vt 0.0124469 0.534406 
vt 0.013398 0.533384 
vt 0.0840656 0.538959 
vt 0.0154228 0.531763 
vt 0.013504 0.528287 
vt 0.0330616 0.52918 
vt 0.0751069 0.537897 
vt 0.0263605 0.525419 
vt 0.917509 0.314531 
vt 0.919594 0.356776 
vt 0.922815 0.342062 
vt 0.925129 0.364371 
vt 0.931228 0.386635 
vt 0.933007 0.403627 
vt 0.936448 0.402259 
vt 0.943047 0.413758 
vt 0.906584 0.333517 
vt 0.941447 0.416997 
vt 0.944726 0.419636 
vt 0.912551 0.371879 
vt 0.925648 0.420722 
vt 0.940728 0.420925 
vt 0.944057 0.421904 
vt 0.940926 0.423204 
vt 0.934985 0.422594 
vt 0.939035 0.424976 
vt 0.92722 0.423636 
vt 0.924208 0.422349 
vt 0.922548 0.419264 
vt 0.919877 0.407091 
vt 0.91393 0.388656 
vt 0.911197 0.387758 
vt 0.909116 0.366957 
vt 0.905173 0.338802 
vt 0.902597 0.338759 
vt 0.901116 0.341062 
vt 0.904499 0.32563 
vt 0.906576 0.298707 
vt 0.902333 0.320847 
vt 0.90382 0.296396 
vt 0.912757 0.255009 
vt 0.906436 0.272813 
vt 0.90291 0.276914 
vt 0.907639 0.240712 
vt 0.910403 0.251295 
vt 0.913179 0.218338 
vt 0.916548 0.223017 
vt 0.931694 0.209661 
vt 0.917522 0.198261 
vt 0.912315 0.215074 
vt 0.923055 0.179895 
vt 0.918671 0.182219 
vt 0.921063 0.179887 
vt 0.921011 0.177167 
vt 0.924664 0.176408 
vt 0.928643 0.179954 
vt 0.928501 0.177008 
vt 0.941132 0.181682 
vt 0.9421 0.188814 
vt 0.944726 0.181275 
vt 0.942572 0.178226 
vt 0.938464 0.178841 
vt 0.940636 0.175214 
vt 0.937792 0.176419 
vt 0.0324388 0.484978 
vt 0.0324372 0.103928 
vt 0.0410423 0.0725957 
vt 0.0351085 0.0608332 
vt 0.036284 0.0691398 
vt 0.0317356 0.486829 
vt 0.268295 0.487946 
vt 0.0385704 0.484651 
vt 0.0374495 0.484096 
vt 0.263197 0.485212 
vt 0.27028 0.486109 
vt 0.277226 0.486947 
vt 0.263166 0.388217 
vt 0.273896 0.324131 
vt 0.282494 0.403712 
vt 0.281481 0.486967 
vt 0.286974 0.486163 
vt 0.289787 0.390106 
vt 0.292152 0.486117 
vt 0.296159 0.44431 
vt 0.294234 0.334991 
vt 0.292077 0.0871292 
vt 0.286768 0.0809825 
vt 0.294641 0.0622612 
vt 0.279473 0.20749 
vt 0.290586 0.063413 
vt 0.272681 0.179672 
vt 0.284263 0.0358425 
vt 0.278164 0.0790591 
vt 0.29089 0.0467308 
vt 0.296489 0.0468505 
vt 0.293834 0.00368762 
vt 0.288515 0.00454736 
vt 0.29105 0.0030843 
vt 0.286212 0.00207323 
vt 0.280994 0.00321633 
vt 0.276886 0.0486348 
vt 0.272799 0.0033803 
vt 0.272248 0.06583 
vt 0.267926 0.0518854 
vt 0.266251 0.0446117 
vt 0.267631 0.0028972 
vt 0.263674 0.0031969 
vt 0.265982 0.050435 
vt 0.268923 0.0621439 
vt 0.265091 0.0522225 
vt 0.263997 0.0496587 
vt 0.264244 0.0465304 
vt 0.265507 0.0549741 
vt 0.231818 0.0532192 
vt 0.0414667 0.0486539 
vt 0.237898 0.060403 
vt 0.0754913 0.0535921 
vt 0.0405041 0.0508373 
vt 0.268039 0.0675097 
vt 0.0376976 0.0507777 
vt 0.0413902 0.0467231 
vt 0.0399167 0.0534384 
vt 0.0365081 0.00350392 
vt 0.0393444 0.00307137 
vt 0.0404206 0.0013091 
vt 0.0339079 0.00160438 
vt 0.0305444 0.0476535 
vt 0.0258954 0.00290567 
vt 0.0318872 0.000474811 
vt 0.0389799 0.0665176 
vt 0.266719 0.0724642 
vt 0.269349 0.0702822 
vt 0.265114 0.0922467 
vt 0.953854 0.396486 
vt 0.953854 0.289174 
vt 0.950811 0.373315 
vt 0.825906 0.510272 
vt 0.831828 0.49967 
vt 0.823311 0.503738 
vt 0.828431 0.0901831 
vt 0.614598 0.522 
vt 0.826218 0.516829 
vt 0.607526 0.543526 
vt 0.611349 0.505641 
vt 0.604295 0.420768 
vt 0.825459 0.520833 
vt 0.601853 0.505799 
vt 0.599073 0.469292 
vt 0.598013 0.569964 
vt 0.593728 0.512244 
vt 0.593656 0.571629 
vt 0.597196 0.572175 
vt 0.600902 0.571348 
vt 0.603966 0.559511 
vt 0.608085 0.571095 
vt 0.610891 0.569843 
vt 0.611675 0.571857 
vt 0.616214 0.571144 
vt 0.613466 0.527383 
vt 0.619587 0.527949 
vt 0.618836 0.525686 
vt 0.622698 0.528041 
vt 0.82403 0.523777 
vt 0.822316 0.525669 
vt 0.825296 0.524727 
vt 0.821002 0.527652 
vt 0.828268 0.526583 
vt 0.821905 0.569643 
vt 0.828913 0.569484 
vt 0.828605 0.571247 
vt 0.820863 0.571606 
vt 0.834446 0.571602 
vt 0.835315 0.569563 
vt 0.83931 0.571334 
vt 0.839126 0.569464 
vt 0.844753 0.570457 
vt 0.841733 0.538569 
vt 0.847815 0.570682 
vt 0.83668 0.493664 
vt 0.843421 0.4286 
vt 0.849391 0.380861 
vt 0.83871 0.380822 
vt 0.846704 0.370396 
vt 0.834217 0.217027 
vt 0.840178 0.348305 
vt 0.829945 0.0830703 
vt 0.834782 0.0903486 
vt 0.833878 0.0845815 
vt 0.834766 0.0834825 
vt 0.840172 0.0860386 
vt 0.842143 0.207535 
vt 0.846232 0.0868436 
vt 0.849391 0.0871553 
vt 0.993408 0.908566 
vt 0.989059 0.909393 
vt 0.992722 0.911206 
vt 0.988978 0.904951 
vt 0.987857 0.905901 
vt 0.986308 0.902007 
vt 0.992372 0.898483 
vt 0.988597 0.897301 
vt 0.992768 0.885853 
vt 0.987691 0.895701 
vt 0.993408 0.877018 
vt 0.00963489 0.795347 
vt 0.171249 0.784335 
vt 0.155999 0.791561 
vt 0.118565 0.783001 
vt 0.216531 0.789308 
vt 0.188251 0.795347 
vt 0.715976 0.0472576 
vt 0.691164 0.0479582 
vt 0.705391 0.0454517 
vt 0.690961 0.0466227 
vt 0.688134 0.0464926 
vt 0.693532 0.0409445 
vt 0.694926 0.042922 
vt 0.701063 0.0403609 
vt 0.724645 0.0479582 
vt 0.59435 0.321662 
vt 0.591203 0.509566 
vt 0.59251 0.295088 
vt 0.596929 0.111002 
vt 0.588742 0.204665 
vt 0.592955 0.0976288 
vt 0.595967 0.0969019 
vt 0.599119 0.0964271 
vt 0.598195 0.0954171 
vt 0.601597 0.0945874 
vt 0.603261 0.119372 
vt 0.59934 0.319223 
vt 0.603948 0.0938908 
vt 0.607316 0.0916365 
vt 0.597266 0.0920254 
vt 0.608899 0.108692 
vt 0.611445 0.0889532 
vt 0.607762 0.361541 
vt 0.614821 0.0896444 
vt 0.615518 0.0875042 
vt 0.613465 0.503507 
vt 0.618975 0.0875392 
vt 0.619955 0.501332 
vt 0.625946 0.0841724 
vt 0.621063 0.0858308 
vt 0.659714 0.0776124 
vt 0.649176 0.0784243 
vt 0.699895 0.0723221 
vt 0.676368 0.0742604 
vt 0.821086 0.106112 
vt 0.72036 0.0716999 
vt 0.745122 0.0719633 
vt 0.761034 0.0735863 
vt 0.77249 0.0737368 
vt 0.796312 0.0776536 
vt 0.803164 0.0774517 
vt 0.818651 0.0817023 
vt 0.822505 0.0817537 
vt 0.82595 0.0827072 
vt 0.821842 0.501081 
vt 0.618431 0.504022 
vt 0.617208 0.506182 
vt 0.635259 0.510459 
vt 0.615938 0.51165 
vt 0.0139549 0.522704 
vt 0.0124179 0.522718 
vt 0.0137245 0.517421 
vt 0.0668933 0.523106 
vt 0.059889 0.516404 
vt 0.0912365 0.519458 
vt 0.24151 0.520677 
vt 0.21368 0.515195 
vt 0.328696 0.517634 
vt 0.261582 0.526439 
vt 0.32571 0.522524 
vt 0.398774 0.517587 
vt 0.0851049 0.530519 
vt 0.451457 0.522279 
vt 0.519396 0.516102 
vt 0.520112 0.517961 
vt 0.503127 0.524714 
vt 0.520542 0.521885 
vt 0.521987 0.524839 
vt 0.510297 0.529589 
vt 0.525233 0.52863 
vt 0.526558 0.532559 
vt 0.526273 0.535178 
vt 0.08458 0.535412 
vt 0.525001 0.538517 
vt 0.529169 0.539359 
vt 0.528395 0.533955 
vt 0.52471 0.541938 
vt 0.529952 0.542579 
vt 0.0883456 0.541186 
vt 0.084644 0.7309 
vt 0.532094 0.545142 
vt 0.536585 0.557508 
vt 0.540031 0.575276 
vt 0.400059 0.730412 
vt 0.087419 0.7307 
vt 0.0838379 0.735238 
vt 0.137748 0.736989 
vt 0.533814 0.740671 
vt 0.53423 0.735978 
vt 0.524015 0.731865 
vt 0.535217 0.732223 
vt 0.53542 0.730205 
vt 0.541019 0.702812 
vt 0.539618 0.718005 
vt 0.545885 0.659544 
vt 0.544752 0.68461 
vt 0.546007 0.636923 
vt 0.546146 0.616691 
vt 0.543519 0.588711 
vt 0.884599 0.293709 
vt 0.885517 0.238755 
vt 0.871893 0.265557 
vt 0.890979 0.296719 
vt 0.890924 0.27388 
vt 0.887604 0.278403 
vt 0.897565 0.293133 
vt 0.886778 0.300813 
vt 0.896761 0.308635 
vt 0.897817 0.315575 
vt 0.891532 0.320419 
vt 0.897985 0.340662 
vt 0.886296 0.326549 
vt 0.888626 0.329588 
vt 0.881848 0.303082 
vt 0.870839 0.280943 
vt 0.869334 0.270496 
vt 0.866633 0.296777 
vt 0.875241 0.324695 
vt 0.869374 0.298911 
vt 0.86851 0.323258 
vt 0.871784 0.331683 
vt 0.875803 0.349847 
vt 0.872795 0.349623 
vt 0.875247 0.367559 
vt 0.881294 0.364793 
vt 0.883159 0.382355 
vt 0.881763 0.395995 
vt 0.886367 0.411829 
vt 0.890132 0.35786 
vt 0.894147 0.370314 
vt 0.897853 0.391992 
vt 0.901578 0.395602 
vt 0.902404 0.392539 
vt 0.907003 0.399038 
vt 0.889017 0.390633 
vt 0.906563 0.405925 
vt 0.909229 0.402102 
vt 0.902972 0.406947 
vt 0.889536 0.415427 
vt 0.886412 0.415652 
vt 0.888643 0.417564 
vt 0.892071 0.419278 
vt 0.895259 0.417969 
vt 0.905548 0.411834 
vt 0.909167 0.410144 
vt 0.892319 0.411946 
vt 0.907419 0.413055 
vt 0.896428 0.415802 
vt 0.903374 0.418553 
vt 0.903246 0.415444 
vt 0.906221 0.416479 
vt 0.837921 0.0523961 
vt 0.838235 0.060137 
vt 0.836373 0.0568226 
vt 0.836482 0.060716 
vt 0.708093 0.0583594 
vt 0.676253 0.0529804 
vt 0.728284 0.0489079 
vt 0.631529 0.0509091 
vt 0.632813 0.0532131 
vt 0.630904 0.0572912 
vt 0.632605 0.056461 
vt 0.632326 0.0596997 
vt 0.631224 0.0624514 
vt 0.789172 0.0640635 
vt 0.836433 0.0660019 
vt 0.636511 0.0660019 
vt 0.630647 0.0653349 
vt 0.626268 0.0654079 
vt 0.961793 0.257587 
vt 0.957911 0.258784 
vt 0.958549 0.256885 
vt 0.962982 0.258784 
vt 0.568053 0.158788 
vt 0.566357 0.146384 
vt 0.560035 0.150739 
vt 0.564232 0.174978 
vt 0.577006 0.139701 
vt 0.583055 0.146692 
vt 0.581796 0.123922 
vt 0.580234 0.178956 
vt 0.586731 0.23666 
vt 0.572366 0.1922 
vt 0.580043 0.244264 
vt 0.577472 0.221998 
vt 0.586221 0.450331 
vt 0.572812 0.281323 
vt 0.569138 0.241337 
vt 0.578223 0.371629 
vt 0.569064 0.243278 
vt 0.562346 0.243533 
vt 0.561438 0.24191 
vt 0.559875 0.243236 
vt 0.566168 0.245077 
vt 0.572062 0.355319 
vt 0.575082 0.400425 
vt 0.581941 0.510455 
vt 0.588742 0.45298 
vt 0.588431 0.512238 
vt 0.584015 0.512933 
vt 0.578743 0.511815 
vt 0.571636 0.435549 
vt 0.570703 0.511886 
vt 0.573517 0.405242 
vt 0.568042 0.402588 
vt 0.568282 0.387967 
vt 0.560599 0.402929 
vt 0.566941 0.40467 
vt 0.559596 0.38008 
vt 0.558567 0.402777 
vt 0.558978 0.404609 
vt 0.565525 0.378282 
vt 0.55882 0.378654 
vt 0.56404 0.376242 
vt 0.560501 0.377585 
vt 0.555009 0.377475 
vt 0.564326 0.310157 
vt 0.561377 0.337306 
vt 0.556555 0.361337 
vt 0.55504 0.360398 
vt 0.55697 0.335495 
vt 0.536125 0.378926 
vt 0.539036 0.377546 
vt 0.537529 0.379793 
vt 0.537761 0.403511 
vt 0.557077 0.255187 
vt 0.559785 0.244639 
vt 0.556581 0.301766 
vt 0.539343 0.246047 
vt 0.54056 0.244598 
vt 0.53744 0.244362 
vt 0.539046 0.243123 
vt 0.537962 0.217376 
vt 0.521215 0.229347 
vt 0.691192 0.837132 
vt 0.742901 0.988129 
vt 0.703947 0.888292 
vt 0.726602 0.962974 
vt 0.693525 0.863935 
vt 0.699395 0.887596 
vt 0.719619 0.952732 
vt 0.697968 0.889181 
vt 0.707755 0.937862 
vt 0.704651 0.932741 
vt 0.708898 0.944344 
vt 0.636182 0.967387 
vt 0.550203 0.988129 
vt 0.993408 0.698343 
vt 0.991196 0.712042 
vt 0.99181 0.697232 
vt 0.965077 0.695632 
vt 0.963754 0.718884 
vt 0.962016 0.718402 
vt 0.990279 0.720152 
vt 0.989173 0.721943 
vt 0.963265 0.726911 
vt 0.988487 0.729515 
vt 0.961712 0.72814 
vt 0.935994 0.729114 
vt 0.967454 0.736467 
vt 0.9214 0.736467 
vt 0.902085 0.504748 
vt 0.888371 0.505523 
vt 0.891741 0.506954 
vt 0.886533 0.508802 
vt 0.883828 0.505539 
vt 0.902658 0.507219 
vt 0.906187 0.504879 
vt 0.905472 0.509128 
vt 0.901958 0.509756 
vt 0.884924 0.536021 
vt 0.905633 0.562579 
vt 0.902871 0.779396 
vt 0.906187 0.778281 
vt 0.905071 0.782115 
vt 0.901718 0.781622 
vt 0.893883 0.783001 
vt 0.889804 0.780654 
vt 0.889248 0.778131 
vt 0.887492 0.782063 
vt 0.885633 0.777278 
vt 0.883509 0.773912 
vt 0.884024 0.779504 
vt 0.884045 0.78233 
vt 0.881513 0.776316 
vt 0.880261 0.779585 
vt 0.879014 0.77147 
vt 0.878636 0.7689 
vt 0.876802 0.772952 
vt 0.875761 0.775322 
vt 0.298682 0.438878 
vt 0.306048 0.356955 
vt 0.303374 0.324598 
vt 0.302005 0.468148 
vt 0.304176 0.511134 
vt 0.300774 0.511261 
vt 0.309758 0.510192 
vt 0.310587 0.512296 
vt 0.31585 0.51158 
vt 0.312801 0.35243 
vt 0.320442 0.482675 
vt 0.309563 0.34882 
vt 0.316733 0.320955 
vt 0.318794 0.378594 
vt 0.307377 0.271354 
vt 0.300932 0.217203 
vt 0.313312 0.300302 
vt 0.306266 0.200719 
vt 0.301624 0.151645 
vt 0.314411 0.24262 
vt 0.322118 0.244346 
vt 0.322381 0.376567 
vt 0.320114 0.379076 
vt 0.315619 0.402449 
vt 0.322835 0.378253 
vt 0.326855 0.376588 
vt 0.3217 0.402224 
vt 0.32179 0.4042 
vt 0.322686 0.403583 
vt 0.328527 0.381378 
vt 0.32921 0.379389 
vt 0.349925 0.386356 
vt 0.33394 0.380009 
vt 0.350179 0.384806 
vt 0.325891 0.244368 
vt 0.323172 0.242843 
vt 0.331591 0.244447 
vt 0.321169 0.241688 
vt 0.332219 0.37677 
vt 0.34917 0.375633 
vt 0.348386 0.245126 
vt 0.349389 0.376911 
vt 0.351164 0.243807 
vt 0.318877 0.215846 
vt 0.35247 0.37833 
vt 0.351042 0.378885 
vt 0.351015 0.402109 
vt 0.321564 0.216006 
vt 0.323074 0.214047 
vt 0.321986 0.213101 
vt 0.327507 0.229854 
vt 0.328652 0.215911 
vt 0.330572 0.241772 
vt 0.331247 0.216803 
vt 0.336716 0.216631 
vt 0.339036 0.241822 
vt 0.332345 0.215309 
vt 0.338126 0.215258 
vt 0.317715 0.195131 
vt 0.31359 0.186054 
vt 0.325523 0.206844 
vt 0.329687 0.213711 
vt 0.330407 0.201076 
vt 0.335458 0.213668 
vt 0.328118 0.175953 
vt 0.35287 0.213607 
vt 0.350109 0.214665 
vt 0.352408 0.216162 
vt 0.353067 0.242045 
vt 0.351524 0.241897 
vt 0.313827 0.15513 
vt 0.309295 0.0493973 
vt 0.305457 0.0389557 
vt 0.301624 0.151645 
vt 0.311756 0.0393341 
vt 0.309779 0.0380122 
vt 0.320622 0.0383575 
vt 0.316195 0.046227 
vt 0.323048 0.137527 
vt 0.327364 0.03934 
vt 0.321485 0.146968 
vt 0.322882 0.16003 
vt 0.328428 0.156671 
vt 0.333941 0.14313 
vt 0.336265 0.145483 
vt 0.341374 0.166017 
vt 0.341483 0.146681 
vt 0.338346 0.145399 
vt 0.550066 0.146077 
vt 0.354277 0.141777 
vt 0.337885 0.143077 
vt 0.336602 0.138702 
vt 0.553133 0.142271 
vt 0.554389 0.145844 
vt 0.554293 0.147075 
vt 0.551763 0.139564 
vt 0.554023 0.13878 
vt 0.553336 0.134767 
vt 0.543095 0.135477 
vt 0.557464 0.144231 
vt 0.341963 0.135583 
vt 0.34302 0.131998 
vt 0.338021 0.135375 
vt 0.335681 0.131776 
vt 0.339986 0.132716 
vt 0.342087 0.129487 
vt 0.335571 0.111135 
vt 0.341982 0.0990034 
vt 0.539681 0.0512342 
vt 0.406782 0.0375119 
vt 0.47149 0.0531496 
vt 0.524831 0.0396799 
vt 0.559775 0.038978 
vt 0.560726 0.0401111 
vt 0.559125 0.050837 
vt 0.568648 0.0479144 
vt 0.568337 0.0730892 
vt 0.565672 0.0399703 
vt 0.568108 0.038811 
vt 0.571981 0.0401038 
vt 0.576983 0.039059 
vt 0.576884 0.0672291 
vt 0.574174 0.139242 
vt 0.584128 0.046456 
vt 0.581475 0.0401372 
vt 0.586073 0.0403396 
vt 0.588742 0.0401109 
vt 0.539405 0.215089 
vt 0.561955 0.194407 
vt 0.557011 0.21358 
vt 0.56632 0.215208 
vt 0.569832 0.216259 
vt 0.567387 0.216463 
vt 0.568741 0.21786 
vt 0.560773 0.220619 
vt 0.560555 0.21893 
vt 0.493336 0.443993 
vt 0.536234 0.405724 
vt 0.539886 0.404821 
vt 0.554767 0.442834 
vt 0.55728 0.406053 
vt 0.559219 0.404665 
vt 0.564799 0.405002 
vt 0.568654 0.405924 
vt 0.558316 0.446662 
vt 0.559132 0.451171 
vt 0.559187 0.459842 
vt 0.551289 0.452327 
vt 0.400559 0.445863 
vt 0.331342 0.443818 
vt 0.400201 0.452193 
vt 0.329488 0.447274 
vt 0.328253 0.453048 
vt 0.322363 0.40381 
vt 0.49588 0.460834 
vt 0.326771 0.403927 
vt 0.331338 0.404204 
vt 0.348681 0.40571 
vt 0.349529 0.404232 
vt 0.35252 0.402889 
vt 0.471496 0.467999 
vt 0.410093 0.465402 
vt 0.376422 0.469022 
vt 0.357242 0.466945 
vt 0.5477 0.460075 
vt 0.333689 0.461202 
vt 0.552368 0.463594 
vt 0.335251 0.464993 
vt 0.335954 0.475307 
vt 0.332275 0.498995 
vt 0.555871 0.462047 
vt 0.556099 0.464086 
vt 0.550927 0.466472 
vt 0.543971 0.498158 
vt 0.543977 0.509821 
vt 0.547178 0.511856 
vt 0.540214 0.510517 
vt 0.326146 0.495172 
vt 0.325059 0.471395 
vt 0.328029 0.511189 
vt 0.33316 0.511496 
vt 0.330732 0.513261 
vt 0.324698 0.512633 
vt 0.320299 0.51093 
vt 0.320549 0.513295 
vt 0.907201 0.713675 
vt 0.91792 0.702279 
vt 0.932277 0.713675 
vt 0.932556 0.711872 
vt 0.501521 0.481956 
vt 0.478195 0.503856 
vt 0.48982 0.505018 
vt 0.479818 0.505402 
vt 0.501521 0.506648 
vt 0.488109 0.506589 
vt 0.818043 0.045728 
vt 0.819412 0.0318139 
vt 0.817951 0.0326507 
vt 0.819614 0.0470086 
vt 0.832027 0.0320937 
vt 0.847363 0.0446279 
vt 0.847363 0.0323138 
vt 0.176978 0.806743 
vt 0.174949 0.808342 
vt 0.176978 0.81434 
vt 0.973124 0.0119551 
vt 0.973124 0.00237417 
vt 0.960953 0.00771838 
vt 0.963601 0.0149146 
vt 0.964007 0.0308642 
vt 0.97211 0.229091 
vt 0.976383 0.281576 
vt 0.983266 0.281387 
vt 0.976044 0.174233 
vt 0.982045 0.2046 
vt 0.983266 0.174081 
vt 0.977302 0.171415 
vt 0.97525 0.173062 
vt 0.97255 0.174726 
vt 0.484042 0.0679013 
vt 0.483266 0.0697585 
vt 0.485316 0.0687256 
vt 0.483678 0.077429 
vt 0.485659 0.0891683 
vt 0.483622 0.0890332 
vt 0.510288 0.0685087 
vt 0.510391 0.0906932 
vt 0.511663 0.0895634 
vt 0.511663 0.0688166 
vt 0.949854 0.978021 
vt 0.947566 0.852052 
vt 0.950619 0.853145 
vt 0.950236 0.849848 
vt 0.946067 0.848682 
vt 0.950811 0.846629 
vt 0.942916 0.852035 
vt 0.758851 0.849399 
vt 0.945376 0.9574 
vt 0.943796 0.977912 
vt 0.945729 0.979252 
vt 0.938155 0.979582 
vt 0.925934 0.977986 
vt 0.89418 0.979395 
vt 0.818201 0.856233 
vt 0.751382 0.853193 
vt 0.755603 0.978518 
vt 0.749689 0.979582 
vt 0.748617 0.878559 
vt 0.746699 0.978699 
vt 0.743915 0.865849 
vt 0.747438 0.853768 
vt 0.745166 0.852081 
vt 0.749639 0.850442 
vt 0.745828 0.849353 
vt 0.749307 0.847765 
vt 0.557772 0.134202 
vt 0.555809 0.143276 
vt 0.556091 0.133265 
vt 0.556545 0.120916 
vt 0.556912 0.117152 
vt 0.5541 0.112721 
vt 0.56237 0.130794 
vt 0.55329 0.108248 
vt 0.551075 0.134069 
vt 0.554654 0.132189 
vt 0.555756 0.133678 
vt 0.548267 0.100962 
vt 0.556301 0.0790048 
vt 0.564185 0.116207 
vt 0.561662 0.0768397 
vt 0.556273 0.0631392 
vt 0.557395 0.0565768 
vt 0.554083 0.0608011 
vt 0.552828 0.0606148 
vt 0.554068 0.0563744 
vt 0.550352 0.058241 
vt 0.388635 0.0558646 
vt 0.407089 0.0515113 
vt 0.333868 0.0500185 
vt 0.332403 0.0376657 
vt 0.408926 0.0499883 
vt 0.413248 0.00511009 
vt 0.413976 0.00329268 
vt 0.409415 0.00385565 
vt 0.417093 0.00443459 
vt 0.408063 0.00237417 
vt 0.412499 0.0087629 
vt 0.412516 0.0109212 
vt 0.419371 0.00436717 
vt 0.40354 0.00923586 
vt 0.403583 0.0104959 
vt 0.389856 0.0109212 
vt 0.388988 0.00946689 
vt 0.390411 0.00672561 
vt 0.390683 0.00562024 
vt 0.387931 0.00670099 
vt 0.0542596 0.707028 
vt 0.0542596 0.672045 
vt 0.0511329 0.673765 
vt 0.0533915 0.669178 
vt 0.0486546 0.669041 
vt 0.046146 0.673747 
vt 0.45806 0.0161691 
vt 0.454868 0.0185185 
vt 0.455285 0.0156695 
vt 0.462982 0.0185185 
vt 0.0299189 0.698272 
vt 0.0349899 0.70038 
vt 0.0349899 0.687084 
vt 0.975711 0.954656 
vt 0.976949 0.95679 
vt 0.978352 0.954891 
vt 0.983945 0.937663 
vt 0.977466 0.931587 
vt 0.97542 0.940999 
vt 0.975152 0.932964 
vt 0.982468 0.931095 
vt 0.983945 0.9283 
vt 0.98428 0.931793 
vt 0.882845 0.208727 
vt 0.874643 0.246184 
vt 0.895743 0.201372 
vt 0.874182 0.224503 
vt 0.869256 0.253024 
vt 0.880183 0.207239 
vt 0.87529 0.214942 
vt 0.888191 0.173691 
vt 0.867832 0.262584 
vt 0.890497 0.173038 
vt 0.886864 0.171841 
vt 0.890471 0.170334 
vt 0.904983 0.171519 
vt 0.904003 0.168566 
vt 0.908514 0.169389 
vt 0.909076 0.173493 
vt 0.907185 0.176421 
vt 0.895388 0.194065 
vt 0.900758 0.187297 
vt 0.909229 0.178386 
vt 0.903701 0.187961 
vt 0.898929 0.196745 
vt 0.903172 0.194191 
vt 0.905933 0.191598 
vt 0.907565 0.196529 
vt 0.897604 0.205476 
vt 0.905536 0.197739 
vt 0.908855 0.199356 
vt 0.907252 0.202087 
vt 0.901361 0.205516 
vt 0.903781 0.214388 
vt 0.899958 0.215125 
vt 0.89249 0.228715 
vt 0.895509 0.227936 
vt 0.89943 0.237213 
vt 0.901468 0.23202 
vt 0.898443 0.245225 
vt 0.895172 0.237988 
vt 0.892411 0.252815 
vt 0.89683 0.273029 
vt 0.890831 0.249437 
vt 0.889218 0.232703 
vt 0.886585 0.258429 
vt 0.00456389 0.793447 
vt 0.0025355 0.805437 
vt 0.00456389 0.807692 
vt 0.525315 0.101801 
vt 0.527369 0.0954416 
vt 0.529919 0.0960652 
vt 0.522939 0.101107 
vt 0.52344 0.103989 
vt 0.521905 0.102641 
vt 0.516063 0.102388 
vt 0.52001 0.0980382 
vt 0.521363 0.0956854 
vt 0.515565 0.0963133 
vt 0.501521 0.1012 
vt 0.502241 0.103989 
vt 0.513602 0.0981765 
vt 0.32797 0.106423 
vt 0.328921 0.0619884 
vt 0.329407 0.122302 
vt 0.33267 0.135871 
vt 0.334101 0.05481 
vt 0.333868 0.0500185 
vt 0.336164 0.0539328 
vt 0.339462 0.0569986 
vt 0.333786 0.11859 
vt 0.335008 0.1201 
vt 0.335571 0.111135 
vt 0.330692 0.107541 
vt 0.336289 0.109757 
vt 0.338237 0.0818537 
vt 0.333613 0.0665514 
vt 0.340806 0.0595346 
vt 0.34239 0.0582663 
vt 0.926739 0.300312 
vt 0.928155 0.277266 
vt 0.924261 0.300313 
vt 0.925253 0.316467 
vt 0.927552 0.317153 
vt 0.927285 0.25054 
vt 0.929816 0.25311 
vt 0.920558 0.293653 
vt 0.923004 0.325524 
vt 0.931777 0.23577 
vt 0.924249 0.245571 
vt 0.930012 0.222472 
vt 0.934536 0.21977 
vt 0.934896 0.209352 
vt 0.938201 0.205661 
vt 0.930527 0.834277 
vt 0.905133 0.830484 
vt 0.929947 0.837132 
vt 0.901316 0.837132 
vt 0.900101 0.836157 
vt 0.864294 0.636158 
vt 0.863074 0.637702 
vt 0.869675 0.637623 
vt 0.866459 0.535324 
vt 0.859191 0.628289 
vt 0.855747 0.637442 
vt 0.860245 0.462605 
vt 0.855477 0.446432 
vt 0.857336 0.445108 
vt 0.862869 0.446469 
vt 0.869675 0.445053 
vt 0.864459 0.444919 
vt 0.960953 0.344995 
vt 0.968053 0.391738 
vt 0.964641 0.342009 
vt 0.968053 0.339506 
vt 0.981002 0.139717 
vt 0.988449 0.184445 
vt 0.990205 0.179378 
vt 0.994422 0.200855 
vt 0.9834 0.137955 
vt 0.983858 0.102174 
vt 0.98117 0.0921396 
vt 0.979209 0.0996026 
vt 0.986114 0.0614256 
vt 0.983458 0.0598575 
vt 0.986614 0.0439262 
vt 0.992233 0.0264812 
vt 0.994422 0.00332385 
vt 0.987588 0.029065 
vt 0.460805 0.089359 
vt 0.463996 0.0634354 
vt 0.460045 0.0755718 
vt 0.460867 0.0639774 
vt 0.458925 0.0897586 
vt 0.460443 0.0624321 
vt 0.463228 0.0612535 
vt 0.463577 0.089628 
vt 0.460605 0.0909638 
vt 0.463996 0.0916429 
vt 0.176169 0.0318139 
vt 0.130347 0.0318139 
vt 0.175458 0.0299308 
vt 0.177268 0.0300862 
vt 0.176502 0.00801623 
vt 0.130373 0.0299191 
vt 0.126268 0.0297651 
vt 0.130023 0.0253056 
vt 0.13242 0.0214165 
vt 0.130617 0.0214546 
vt 0.130871 0.0139261 
vt 0.1455 0.00666308 
vt 0.132332 0.0109868 
vt 0.129335 0.00773716 
vt 0.131328 0.00798959 
vt 0.129899 0.00469065 
vt 0.176234 0.00142449 
vt 0.175342 0.00512624 
vt 0.177992 0.00616014 
vt 0.536533 0.79203 
vt 0.539573 0.791946 
vt 0.536889 0.794397 
vt 0.541075 0.79361 
vt 0.541075 0.767181 
vt 0.538842 0.76737 
vt 0.536004 0.767131 
vt 0.540341 0.765735 
vt 0.536373 0.764957 
vt 0.407423 0.0584046 
vt 0.413286 0.0585019 
vt 0.409345 0.0613495 
vt 0.391245 0.0635483 
vt 0.361963 0.0613324 
vt 0.362059 0.0646219 
vt 0.407596 0.0647382 
vt 0.408867 0.065143 
vt 0.406914 0.0793302 
vt 0.406563 0.067084 
vt 0.408188 0.069182 
vt 0.40831 0.0756843 
vt 0.361805 0.0871583 
vt 0.410065 0.083209 
vt 0.409468 0.0871195 
vt 0.412053 0.0871627 
vt 0.409433 0.0887939 
vt 0.361562 0.0887939 
vt 0.977339 0.43065 
vt 0.928699 0.43165 
vt 0.973107 0.431985 
vt 0.979827 0.433365 
vt 0.990998 0.432117 
vt 0.991896 0.429725 
vt 0.995154 0.433607 
vt 0.996654 0.430896 
vt 0.999493 0.432464 
vt 0.998039 0.437947 
vt 0.991791 0.452848 
vt 0.994736 0.619697 
vt 0.999493 0.617315 
vt 0.997851 0.621478 
vt 0.994203 0.622631 
vt 0.997034 0.625028 
vt 0.992276 0.624825 
vt 0.990998 0.622415 
vt 0.977836 0.624747 
vt 0.978843 0.621135 
vt 0.940307 0.621848 
vt 0.916474 0.624494 
vt 0.916749 0.587715 
vt 0.915245 0.621401 
vt 0.912705 0.622928 
vt 0.913238 0.625356 
vt 0.909739 0.623288 
vt 0.910222 0.619718 
vt 0.913204 0.617833 
vt 0.908215 0.610922 
vt 0.914058 0.439119 
vt 0.909562 0.435831 
vt 0.912753 0.432101 
vt 0.91709 0.432585 
vt 0.916486 0.430409 
vt 0.92895 0.455037 
vt 0.415246 0.111995 
vt 0.418401 0.111015 
vt 0.417754 0.113571 
vt 0.417149 0.10883 
vt 0.415298 0.115336 
vt 0.420994 0.108737 
vt 0.42115 0.112792 
vt 0.420967 0.116431 
vt 0.433044 0.116355 
vt 0.437244 0.117214 
vt 0.471095 0.122982 
vt 0.445479 0.119834 
vt 0.427004 0.11559 
vt 0.427514 0.11671 
vt 0.422394 0.11765 
vt 0.418276 0.119478 
vt 0.415948 0.11975 
vt 0.411258 0.118474 
vt 0.412688 0.122982 
vt 0.0394957 0.816239 
vt 0.0676014 0.81657 
vt 0.0667705 0.818792 
vt 0.0684584 0.819088 
vt 0.0394124 0.819088 
vt 0.0370183 0.816687 
vt 0.734044 0.887552 
vt 0.738534 0.889646 
vt 0.735003 0.890313 
vt 0.739458 0.887528 
vt 0.742884 0.890313 
vt 0.742901 0.886888 
vt 0.739054 0.882502 
vt 0.740343 0.880817 
vt 0.734797 0.88457 
vt 0.734936 0.882992 
vt 0.731533 0.883398 
vt 0.726351 0.884363 
vt 0.722194 0.887293 
vt 0.722069 0.883075 
vt 0.719574 0.883449 
vt 0.720084 0.881048 
vt 0.393663 0.50935 
vt 0.393002 0.514245 
vt 0.396045 0.513652 
vt 0.396045 0.508547 
vt 0.972123 0.683286 
vt 0.947195 0.679669 
vt 0.973124 0.679487 
vt 0.973084 0.682113 
vt 0.94695 0.683286 
vt 0.945669 0.682976 
vt 0.944726 0.679951 
vt 0.247972 0.772656 
vt 0.247262 0.778253 
vt 0.246425 0.775186 
vt 0.042498 0.776476 
vt 0.245404 0.769056 
vt 0.041438 0.773395 
vt 0.0410751 0.778253 
vt 0.0421118 0.769744 
vt 0.23397 0.767097 
vt 0.241452 0.767493 
vt 0.190104 0.766336 
vt 0.0458001 0.764957 
vt 0.0429813 0.766262 
vt 0.0412554 0.768021 
vt 0.951351 0.77229 
vt 0.943672 0.773155 
vt 0.940669 0.769706 
vt 0.94164 0.773015 
vt 0.977035 0.772878 
vt 0.943864 0.775122 
vt 0.990093 0.775805 
vt 0.945693 0.775411 
vt 0.945454 0.77884 
vt 0.991837 0.777749 
vt 0.992675 0.774102 
vt 0.993408 0.778856 
vt 0.991228 0.786685 
vt 0.947224 0.777823 
vt 0.945788 0.782688 
vt 0.945745 0.7892 
vt 0.991065 0.797246 
vt 0.943814 0.794772 
vt 0.942443 0.793571 
vt 0.941841 0.797246 
vt 0.322971 0.0328915 
vt 0.318966 0.0322306 
vt 0.32164 0.0299596 
vt 0.321749 0.0356125 
vt 0.326268 0.0251662 
vt 0.329822 0.028169 
vt 0.34077 0.0289938 
vt 0.342587 0.0321872 
vt 0.347374 0.0273144 
vt 0.350882 0.0342407 
vt 0.351951 0.0262699 
vt 0.582564 0.033651 
vt 0.426366 0.0278174 
vt 0.544533 0.0283638 
vt 0.579491 0.0300323 
vt 0.580587 0.0288807 
vt 0.587371 0.0321206 
vt 0.605984 0.0356125 
vt 0.596291 0.0323473 
vt 0.600701 0.0309087 
vt 0.531374 0.908763 
vt 0.529716 0.880946 
vt 0.536599 0.893263 
vt 0.537132 0.889979 
vt 0.533168 0.925621 
vt 0.532853 0.931149 
vt 0.542521 0.898462 
vt 0.536815 0.927877 
vt 0.53626 0.930829 
vt 0.538814 0.930144 
vt 0.541419 0.926579 
vt 0.543804 0.929023 
vt 0.524022 0.858603 
vt 0.552687 0.927134 
vt 0.554531 0.928873 
vt 0.617446 0.928866 
vt 0.562403 0.923393 
vt 0.527851 0.859383 
vt 0.523834 0.855741 
vt 0.527678 0.861268 
vt 0.538884 0.883304 
vt 0.545729 0.890944 
vt 0.53277 0.862809 
vt 0.536036 0.861487 
vt 0.555337 0.869726 
vt 0.54206 0.859563 
vt 0.678798 0.92804 
vt 0.638076 0.93074 
vt 0.678359 0.931149 
vt 0.679713 0.929598 
vt 0.683686 0.927955 
vt 0.683022 0.930801 
vt 0.683871 0.923582 
vt 0.683902 0.85943 
vt 0.685665 0.910267 
vt 0.68712 0.864545 
vt 0.685384 0.853135 
vt 0.655223 0.85045 
vt 0.682264 0.84969 
vt 0.685703 0.849261 
vt 0.68296 0.847227 
vt 0.679408 0.846977 
vt 0.652795 0.848424 
vt 0.546219 0.844729 
vt 0.576843 0.848806 
vt 0.547935 0.848792 
vt 0.551493 0.84979 
vt 0.546315 0.854251 
vt 0.54796 0.855847 
vt 0.702703 0.545022 
vt 0.700547 0.542312 
vt 0.700791 0.537141 
vt 0.700862 0.545372 
vt 0.701785 0.54913 
vt 0.746026 0.542777 
vt 0.745764 0.549814 
vt 0.745774 0.52935 
vt 0.746972 0.53103 
vt 0.699477 0.531986 
vt 0.69803 0.53304 
vt 0.696247 0.52849 
vt 0.747972 0.545217 
vt 0.747617 0.551571 
vt 0.746463 0.555081 
vt 0.734213 0.553106 
vt 0.699842 0.553995 
vt 0.698617 0.552156 
vt 0.696895 0.555081 
vt 0.660751 0.0375119 
vt 0.653502 0.0350405 
vt 0.659255 0.0321314 
vt 0.65538 0.0369813 
vt 0.65229 0.0363513 
vt 0.649533 0.0355816 
vt 0.655805 0.0306298 
vt 0.651491 0.0318279 
vt 0.645935 0.0366537 
vt 0.646424 0.0312127 
vt 0.643509 0.0375119 
vt 0.652587 0.0286278 
vt 0.654581 0.0270655 
vt 0.65766 0.0274558 
vt 0.975466 0.647258 
vt 0.9284 0.647941 
vt 0.930728 0.653424 
vt 0.931359 0.644349 
vt 0.92501 0.644507 
vt 0.974536 0.651174 
vt 0.931444 0.657331 
vt 0.976166 0.652447 
vt 0.974631 0.667713 
vt 0.93118 0.661092 
vt 0.976166 0.667666 
vt 0.975365 0.669663 
vt 0.969526 0.670662 
vt 0.928778 0.667423 
vt 0.930063 0.669985 
vt 0.929131 0.670902 
vt 0.926303 0.669 
vt 0.924442 0.67094 
vt 0.986694 0.837042 
vt 0.986437 0.83431 
vt 0.983247 0.836847 
vt 0.987862 0.836502 
vt 0.989351 0.832384 
vt 0.989351 0.880885 
vt 0.986482 0.879165 
vt 0.974246 0.839605 
vt 0.988056 0.879106 
vt 0.989351 0.880885 
vt 0.986753 0.881036 
vt 0.968127 0.880041 
vt 0.967548 0.83875 
vt 0.967149 0.881684 
vt 0.965329 0.880231 
vt 0.963429 0.882716 
vt 0.962464 0.881891 
vt 0.962939 0.836646 
vt 0.960953 0.880309 
vt 0.961246 0.836255 
vt 0.961096 0.834028 
vt 0.869894 0.138002 
vt 0.870434 0.0259944 
vt 0.867647 0.139079 
vt 0.872889 0.0750029 
vt 0.873443 0.0094679 
vt 0.869439 0.01233 
vt 0.869507 0.00966591 
vt 0.884783 0.00966024 
vt 0.876301 0.0080722 
vt 0.937726 0.00815868 
vt 0.951378 0.0115032 
vt 0.951922 0.00907946 
vt 0.955984 0.0268499 
vt 0.954409 0.0124878 
vt 0.955915 0.0110963 
vt 0.958925 0.0128139 
vt 0.957181 0.021841 
vt 0.958839 0.0275621 
vt 0.958045 0.0814905 
vt 0.954925 0.0882516 
vt 0.955798 0.133027 
vt 0.918305 0.138848 
vt 0.925827 0.142429 
vt 0.874029 0.136659 
vt 0.871747 0.138717 
vt 0.875616 0.138399 
vt 0.881664 0.138876 
vt 0.88044 0.139865 
vt 0.884725 0.145054 
vt 0.899993 0.145317 
vt 0.88686 0.150787 
vt 0.885206 0.149805 
vt 0.884644 0.15637 
vt 0.900136 0.14857 
vt 0.888394 0.156496 
vt 0.880509 0.160019 
vt 0.914519 0.147993 
vt 0.917473 0.143481 
vt 0.919182 0.145142 
vt 0.923661 0.146018 
vt 0.908006 0.153738 
vt 0.941366 0.148675 
vt 0.939338 0.155139 
vt 0.956022 0.155239 
vt 0.953146 0.143637 
vt 0.956495 0.148537 
vt 0.958925 0.152639 
vt 0.956043 0.141073 
vt 0.957661 0.139277 
vt 0.958616 0.144551 
vt 0.955711 0.145008 
vt 0.958493 0.14739 
vt 0.591785 0.544886 
vt 0.543741 0.543685 
vt 0.577272 0.548251 
vt 0.589989 0.547901 
vt 0.589346 0.550299 
vt 0.58845 0.554881 
vt 0.544792 0.548548 
vt 0.543103 0.547913 
vt 0.543269 0.551242 
vt 0.550954 0.573127 
vt 0.59016 0.566192 
vt 0.545622 0.567941 
vt 0.545104 0.574074 
vt 0.590057 0.571926 
vt 0.590677 0.573366 
vt 0.591785 0.572858 
vt 0.0182488 0.640923 
vt 0.0134406 0.644592 
vt 0.0136485 0.642429 
vt 0.0218053 0.646249 
vt 0.00963489 0.643065 
vt 0.0170437 0.638 
vt 0.0118235 0.640856 
vt 0.0176466 0.631889 
vt 0.0139069 0.63276 
vt 0.0186855 0.626065 
vt 0.0218053 0.615859 
vt 0.545403 0.797515 
vt 0.552231 0.842931 
vt 0.552231 0.79792 
vt 0.537259 0.839865 
vt 0.527082 0.799147 
vt 0.527362 0.797246 
vt 0.527815 0.841101 
vt 0.525898 0.79896 
vt 0.525553 0.841746 
vt 0.523834 0.84378 
vt 0.141873 0.0360337 
vt 0.106533 0.036418 
vt 0.106627 0.0389858 
vt 0.139297 0.0337594 
vt 0.170892 0.0349392 
vt 0.148718 0.0379515 
vt 0.0940562 0.0327635 
vt 0.12608 0.0431763 
vt 0.0887747 0.0430014 
vt 0.105588 0.0441595 
vt 0.0894352 0.0390038 
vt 0.0838169 0.0367028 
vt 0.0683633 0.0345879 
vt 0.075802 0.0429963 
vt 0.0747473 0.0441595 
vt 0.0727664 0.0431756 
vt 0.0712041 0.0400081 
vt 0.0697908 0.0404339 
vt 0.0679264 0.0367974 
vt 0.0652133 0.0380258 
vt 0.0603448 0.0365825 
vt 0.952463 0.194919 
vt 0.954125 0.195157 
vt 0.953295 0.190623 
vt 0.952022 0.190655 
vt 0.957911 0.190045 
vt 0.952188 0.186294 
vt 0.950811 0.185647 
vt 0.95617 0.183565 
vt 0.957618 0.185787 
vt 0.957911 0.170063 
vt 0.954565 0.169516 
vt 0.860069 0.16199 
vt 0.86353 0.178091 
vt 0.864604 0.159611 
vt 0.859982 0.172346 
vt 0.856762 0.190396 
vt 0.862445 0.206943 
vt 0.857182 0.17413 
vt 0.856709 0.207899 
vt 0.862773 0.217628 
vt 0.861731 0.232533 
vt 0.856356 0.232135 
vt 0.855938 0.255223 
vt 0.85782 0.15955 
vt 0.861344 0.255615 
vt 0.859263 0.270233 
vt 0.856597 0.272078 
vt 0.860912 0.274639 
vt 0.854961 0.298015 
vt 0.854311 0.271375 
vt 0.860757 0.296685 
vt 0.851742 0.280371 
vt 0.861504 0.322332 
vt 0.862282 0.312501 
vt 0.853261 0.315126 
vt 0.850406 0.296888 
vt 0.850942 0.31929 
vt 0.856362 0.32532 
vt 0.863281 0.344652 
vt 0.854447 0.328086 
vt 0.85349 0.342085 
vt 0.859202 0.343467 
vt 0.863801 0.349426 
vt 0.856324 0.342397 
vt 0.859306 0.352714 
vt 0.861793 0.353723 
vt 0.864604 0.351859 
vt 0.86031 0.357529 
vt 0.856737 0.356982 
vt 0.85491 0.358255 
vt 0.860766 0.362151 
vt 0.857287 0.370845 
vt 0.771298 0.0191423 
vt 0.763185 0.0331554 
vt 0.767752 0.0185185 
vt 0.771298 0.0397511 
vt 0.76419 0.038385 
vt 0.765021 0.0432099 
vt 0.219296 0.8282 
vt 0.221327 0.828698 
vt 0.218765 0.830957 
vt 0.215739 0.830349 
vt 0.221602 0.825958 
vt 0.21762 0.833321 
vt 0.171864 0.825736 
vt 0.215299 0.833992 
vt 0.217404 0.838316 
vt 0.0119884 0.83014 
vt 0.0101638 0.827261 
vt 0.00760649 0.829418 
vt 0.0101829 0.833173 
vt 0.0131878 0.832965 
vt 0.0118507 0.835623 
vt 0.0136336 0.836548 
vt 0.0119526 0.84113 
vt 0.0102459 0.847555 
vt 0.0124417 0.898796 
vt 0.0153728 0.89759 
vt 0.013259 0.952452 
vt 0.208068 0.84194 
vt 0.215619 0.84645 
vt 0.217052 0.84847 
vt 0.215478 0.897783 
vt 0.218921 0.907244 
vt 0.217562 0.926566 
vt 0.215735 0.934818 
vt 0.217509 0.964249 
vt 0.0156851 0.959577 
vt 0.0116591 0.958184 
vt 0.0139234 0.967086 
vt 0.0257523 0.966318 
vt 0.019606 0.969105 
vt 0.0151518 0.970085 
vt 0.0115111 0.969444 
vt 0.214802 0.966237 
vt 0.211109 0.970085 
vt 0.216733 0.968271 
vt 0.219018 0.965677 
vt 0.862422 0.157036 
vt 0.861144 0.157923 
vt 0.860478 0.153835 
vt 0.858795 0.149573 

usemtl Bodygeom1Mtl

f 1/1/1 2/2/2 3/3/3 
f 1/1/1 3/3/3 4/4/4 
f 5/5/5 3/3/3 2/2/2 
f 6/6/6 4/4/4 3/3/3 
f 3/3/3 5/5/5 6/6/6 
f 7/7/7 5/5/5 8/8/8 
f 9/9/9 5/5/5 7/7/7 
f 9/9/9 6/6/6 5/5/5 
f 10/10/10 6/6/6 9/9/9 
f 9/9/9 11/11/11 10/10/10 
f 11/11/11 12/12/12 10/10/10 
f 13/13/13 10/10/10 12/12/12 
f 6/6/6 10/10/10 14/14/14 
f 15/15/15 6/6/6 14/14/14 
f 16/16/16 10/10/10 13/13/13 
f 16/16/16 13/13/13 17/17/17 
f 16/16/16 17/17/17 18/18/18 
f 16/16/16 18/18/18 19/19/19 
f 20/20/20 16/16/16 19/19/19 
f 15/15/15 14/14/14 21/21/21 
f 14/14/14 10/10/10 21/21/21 
f 16/16/16 21/21/21 10/10/10 
f 20/20/20 21/21/21 16/16/16 
f 22/22/22 15/15/15 21/21/21 
f 22/22/22 21/21/21 20/20/20 
f 23/23/23 24/24/24 25/25/25 
f 26/26/26 25/25/25 24/24/24 
f 25/25/25 26/26/26 27/27/27 
f 27/27/27 28/28/28 25/25/25 
f 29/29/29 25/25/25 28/28/28 
f 25/25/25 29/29/29 23/23/23 
f 29/29/29 30/30/30 23/23/23 
f 23/23/23 30/30/30 31/31/31 
f 32/32/32 23/23/23 31/31/31 
f 33/33/33 32/32/32 31/31/31 
f 31/31/31 30/30/30 33/33/33 
f 33/33/33 30/30/30 34/34/34 
f 34/34/34 30/30/30 35/35/35 
f 30/30/30 29/29/29 35/35/35 
f 34/34/34 35/35/35 36/36/36 
f 36/36/36 35/35/35 37/37/37 
f 35/35/35 29/29/29 38/38/38 
f 39/39/39 38/38/38 29/29/29 
f 40/40/40 38/38/38 39/39/39 
f 41/41/41 38/38/38 40/40/40 
f 35/35/35 38/38/38 42/42/42 
f 42/42/42 38/38/38 41/41/41 
f 35/35/35 42/42/42 37/37/37 
f 42/42/42 41/41/41 43/43/43 
f 44/44/44 42/42/42 43/43/43 
f 44/44/44 37/37/37 42/42/42 
f 45/45/45 37/37/37 44/44/44 
f 46/46/46 47/47/47 48/48/48 
f 46/46/46 49/49/49 47/47/47 
f 50/50/50 49/49/49 51/51/51 
f 51/51/51 49/49/49 52/52/52 
f 52/52/52 49/49/49 46/46/46 
f 53/53/53 52/52/52 46/46/46 
f 54/54/54 53/53/53 46/46/46 
f 54/54/54 46/46/46 55/55/55 
f 56/56/56 54/54/54 55/55/55 
f 57/57/57 54/54/54 56/56/56 
f 57/57/57 53/53/53 54/54/54 
f 53/53/53 58/58/58 52/52/52 
f 59/59/59 52/52/52 58/58/58 
f 58/58/58 60/60/60 59/59/59 
f 60/60/60 58/58/58 61/61/61 
f 58/58/58 62/62/62 61/61/61 
f 58/58/58 53/53/53 62/62/62 
f 63/63/63 61/61/61 62/62/62 
f 63/63/63 62/62/62 64/64/64 
f 62/62/62 53/53/53 65/65/65 
f 62/62/62 65/65/65 64/64/64 
f 65/65/65 53/53/53 66/66/66 
f 64/64/64 65/65/65 67/67/67 
f 65/65/65 66/66/66 67/67/67 
f 68/68/68 69/69/69 70/70/70 
f 71/71/71 70/70/70 69/69/69 
f 72/72/72 71/71/71 69/69/69 
f 72/72/72 69/69/69 73/73/73 
f 74/74/74 72/72/72 73/73/73 
f 72/72/72 74/74/74 75/75/75 
f 71/71/71 72/72/72 76/76/76 
f 76/76/76 77/77/77 71/71/71 
f 77/77/77 76/76/76 78/78/78 
f 72/72/72 79/79/79 76/76/76 
f 79/79/79 80/80/80 76/76/76 
f 81/81/81 72/72/72 75/75/75 
f 75/75/75 82/82/82 81/81/81 
f 82/82/82 83/83/83 81/81/81 
f 83/83/83 84/84/84 81/81/81 
f 85/85/85 81/81/81 84/84/84 
f 81/81/81 85/85/85 72/72/72 
f 79/79/79 72/72/72 85/85/85 
f 79/79/79 85/85/85 86/86/86 
f 87/87/87 86/86/86 85/85/85 
f 88/88/88 79/79/79 86/86/86 
f 87/87/87 88/88/88 86/86/86 
f 89/89/89 90/90/90 91/91/91 
f 89/89/89 92/92/92 90/90/90 
f 92/92/92 93/93/93 90/90/90 
f 94/94/94 89/89/89 91/91/91 
f 93/93/93 95/95/95 90/90/90 
f 95/95/95 91/91/91 90/90/90 
f 96/96/96 95/95/95 93/93/93 
f 97/97/97 95/95/95 96/96/96 
f 91/91/91 95/95/95 97/97/97 
f 98/98/98 97/97/97 96/96/96 
f 94/94/94 91/91/91 99/99/99 
f 97/97/97 99/99/99 91/91/91 
f 94/94/94 100/100/100 101/101/101 
f 99/99/99 100/100/100 94/94/94 
f 99/99/99 102/102/102 100/100/100 
f 99/99/99 103/103/103 102/102/102 
f 104/104/104 103/103/103 99/99/99 
f 99/99/99 97/97/97 104/104/104 
f 103/103/103 104/104/104 105/105/105 
f 97/97/97 98/98/98 106/106/106 
f 106/106/106 104/104/104 97/97/97 
f 98/98/98 107/107/107 106/106/106 
f 108/108/108 105/105/105 104/104/104 
f 104/104/104 106/106/106 109/109/109 
f 104/104/104 109/109/109 108/108/108 
f 109/109/109 106/106/106 110/110/110 
f 110/110/110 108/108/108 109/109/109 
f 106/106/106 107/107/107 111/111/111 
f 111/111/111 107/107/107 112/112/112 
f 111/111/111 113/113/113 106/106/106 
f 113/113/113 110/110/110 106/106/106 
f 111/111/111 112/112/112 114/114/114 
f 113/113/113 111/111/111 114/114/114 
f 113/113/113 114/114/114 110/110/110 
f 115/115/115 114/114/114 112/112/112 
f 116/116/116 110/110/110 114/114/114 
f 115/115/115 116/116/116 114/114/114 
f 117/117/117 110/110/110 116/116/116 
f 108/108/108 110/110/110 117/117/117 
f 115/115/115 117/117/117 116/116/116 
f 108/108/108 118/118/118 105/105/105 
f 119/119/119 105/105/105 118/118/118 
f 118/118/118 108/108/108 120/120/120 
f 120/120/120 119/119/119 118/118/118 
f 117/117/117 120/120/120 108/108/108 
f 121/121/121 119/119/119 120/120/120 
f 117/117/117 121/121/121 120/120/120 
f 119/119/119 121/121/121 122/122/122 
f 117/117/117 115/115/115 123/123/123 
f 121/121/121 117/117/117 123/123/123 
f 124/124/124 115/115/115 125/125/125 
f 115/115/115 124/124/124 126/126/126 
f 123/123/123 115/115/115 126/126/126 
f 124/124/124 127/127/127 126/126/126 
f 127/127/127 128/128/128 126/126/126 
f 129/129/129 128/128/128 127/127/127 
f 130/130/130 126/126/126 128/128/128 
f 128/128/128 129/129/129 130/130/130 
f 126/126/126 131/131/131 123/123/123 
f 131/131/131 126/126/126 130/130/130 
f 129/129/129 132/132/132 130/130/130 
f 132/132/132 129/129/129 133/133/133 
f 134/134/134 132/132/132 133/133/133 
f 135/135/135 130/130/130 132/132/132 
f 130/130/130 135/135/135 131/131/131 
f 136/136/136 132/132/132 134/134/134 
f 135/135/135 132/132/132 136/136/136 
f 136/136/136 134/134/134 137/137/137 
f 137/137/137 134/134/134 138/138/138 
f 138/138/138 139/139/139 137/137/137 
f 140/140/140 139/139/139 138/138/138 
f 137/137/137 139/139/139 141/141/141 
f 140/140/140 141/141/141 139/139/139 
f 141/141/141 136/136/136 137/137/137 
f 140/140/140 142/142/142 141/141/141 
f 140/140/140 143/143/143 142/142/142 
f 144/144/144 142/142/142 143/143/143 
f 142/142/142 144/144/144 145/145/145 
f 141/141/141 142/142/142 146/146/146 
f 146/146/146 136/136/136 141/141/141 
f 142/142/142 145/145/145 146/146/146 
f 136/136/136 146/146/146 135/135/135 
f 145/145/145 147/147/147 146/146/146 
f 135/135/135 146/146/146 147/147/147 
f 148/148/148 135/135/135 147/147/147 
f 135/135/135 148/148/148 149/149/149 
f 150/150/150 149/149/149 148/148/148 
f 149/149/149 131/131/131 135/135/135 
f 150/150/150 131/131/131 149/149/149 
f 131/131/131 150/150/150 151/151/151 
f 152/152/152 151/151/151 150/150/150 
f 131/131/131 151/151/151 153/153/153 
f 153/153/153 151/151/151 152/152/152 
f 153/153/153 123/123/123 131/131/131 
f 123/123/123 153/153/153 154/154/154 
f 154/154/154 153/153/153 152/152/152 
f 154/154/154 121/121/121 123/123/123 
f 154/154/154 152/152/152 155/155/155 
f 156/156/156 155/155/155 152/152/152 
f 157/157/157 155/155/155 156/156/156 
f 154/154/154 155/155/155 158/158/158 
f 155/155/155 157/157/157 158/158/158 
f 159/159/159 157/157/157 156/156/156 
f 158/158/158 157/157/157 159/159/159 
f 156/156/156 160/160/160 159/159/159 
f 158/158/158 161/161/161 154/154/154 
f 161/161/161 158/158/158 159/159/159 
f 154/154/154 162/162/162 121/121/121 
f 162/162/162 154/154/154 161/161/161 
f 159/159/159 160/160/160 163/163/163 
f 160/160/160 164/164/164 163/163/163 
f 159/159/159 165/165/165 161/161/161 
f 165/165/165 159/159/159 166/166/166 
f 163/163/163 166/166/166 159/159/159 
f 167/167/167 161/161/161 165/165/165 
f 165/165/165 168/168/168 167/167/167 
f 169/169/169 161/161/161 167/167/167 
f 169/169/169 167/167/167 168/168/168 
f 161/161/161 169/169/169 162/162/162 
f 166/166/166 163/163/163 170/170/170 
f 170/170/170 163/163/163 164/164/164 
f 170/170/170 171/171/171 166/166/166 
f 164/164/164 172/172/172 170/170/170 
f 171/171/171 170/170/170 173/173/173 
f 170/170/170 172/172/172 173/173/173 
f 168/168/168 174/174/174 169/169/169 
f 162/162/162 169/169/169 175/175/175 
f 176/176/176 162/162/162 175/175/175 
f 176/176/176 175/175/175 169/169/169 
f 176/176/176 121/121/121 162/162/162 
f 177/177/177 169/169/169 174/174/174 
f 169/169/169 177/177/177 176/176/176 
f 174/174/174 178/178/178 177/177/177 
f 121/121/121 176/176/176 179/179/179 
f 177/177/177 179/179/179 176/176/176 
f 179/179/179 122/122/122 121/121/121 
f 180/180/180 177/177/177 178/178/178 
f 179/179/179 177/177/177 180/180/180 
f 180/180/180 178/178/178 181/181/181 
f 181/181/181 179/179/179 180/180/180 
f 178/178/178 182/182/182 181/181/181 
f 181/181/181 182/182/182 183/183/183 
f 179/179/179 181/181/181 183/183/183 
f 183/183/183 184/184/184 179/179/179 
f 122/122/122 179/179/179 185/185/185 
f 184/184/184 185/185/185 179/179/179 
f 122/122/122 185/185/185 186/186/186 
f 187/187/187 122/122/122 186/186/186 
f 188/188/188 187/187/187 186/186/186 
f 185/185/185 188/188/188 186/186/186 
f 187/187/187 188/188/188 189/189/189 
f 188/188/188 185/185/185 189/189/189 
f 184/184/184 189/189/189 185/185/185 
f 184/184/184 183/183/183 190/190/190 
f 189/189/189 184/184/184 191/191/191 
f 190/190/190 191/191/191 184/184/184 
f 191/191/191 190/190/190 192/192/192 
f 193/193/193 192/192/192 190/190/190 
f 190/190/190 194/194/194 193/193/193 
f 194/194/194 195/195/195 193/193/193 
f 192/192/192 193/193/193 195/195/195 
f 196/196/196 192/192/192 195/195/195 
f 196/196/196 197/197/197 192/192/192 
f 197/197/197 198/198/198 192/192/192 
f 191/191/191 192/192/192 198/198/198 
f 198/198/198 199/199/199 191/191/191 
f 199/199/199 198/198/198 200/200/200 
f 200/200/200 201/201/201 199/199/199 
f 200/200/200 202/202/202 201/201/201 
f 203/203/203 204/204/204 205/205/205 
f 205/205/205 204/204/204 206/206/206 
f 207/207/207 203/203/203 205/205/205 
f 203/203/203 207/207/207 208/208/208 
f 209/209/209 205/205/205 206/206/206 
f 210/210/210 209/209/209 206/206/206 
f 205/205/205 211/211/211 207/207/207 
f 211/211/211 205/205/205 209/209/209 
f 207/207/207 212/212/212 208/208/208 
f 207/207/207 213/213/213 212/212/212 
f 207/207/207 211/211/211 213/213/213 
f 213/213/213 214/214/214 212/212/212 
f 214/214/214 213/213/213 211/211/211 
f 209/209/209 215/215/215 211/211/211 
f 216/216/216 212/212/212 214/214/214 
f 212/212/212 216/216/216 217/217/217 
f 211/211/211 218/218/218 214/214/214 
f 218/218/218 211/211/211 215/215/215 
f 218/218/218 219/219/219 214/214/214 
f 214/214/214 220/220/220 216/216/216 
f 220/220/220 214/214/214 219/219/219 
f 217/217/217 216/216/216 221/221/221 
f 216/216/216 220/220/220 221/221/221 
f 221/221/221 222/222/222 217/217/217 
f 220/220/220 223/223/223 221/221/221 
f 222/222/222 224/224/224 217/217/217 
f 224/224/224 225/225/225 217/217/217 
f 225/225/225 224/224/224 226/226/226 
f 227/227/227 226/226/226 224/224/224 
f 227/227/227 224/224/224 222/222/222 
f 222/222/222 221/221/221 228/228/228 
f 223/223/223 220/220/220 229/229/229 
f 219/219/219 229/229/229 220/220/220 
f 223/223/223 230/230/230 221/221/221 
f 230/230/230 228/228/228 221/221/221 
f 230/230/230 223/223/223 229/229/229 
f 229/229/229 219/219/219 231/231/231 
f 229/229/229 232/232/232 230/230/230 
f 233/233/233 230/230/230 232/232/232 
f 232/232/232 229/229/229 234/234/234 
f 231/231/231 234/234/234 229/229/229 
f 235/235/235 230/230/230 233/233/233 
f 230/230/230 235/235/235 228/228/228 
f 232/232/232 236/236/236 233/233/233 
f 233/233/233 236/236/236 235/235/235 
f 234/234/234 237/237/237 232/232/232 
f 236/236/236 232/232/232 237/237/237 
f 231/231/231 238/238/238 234/234/234 
f 237/237/237 234/234/234 238/238/238 
f 237/237/237 239/239/239 236/236/236 
f 236/236/236 240/240/240 235/235/235 
f 240/240/240 236/236/236 239/239/239 
f 239/239/239 237/237/237 241/241/241 
f 237/237/237 238/238/238 241/241/241 
f 240/240/240 239/239/239 242/242/242 
f 235/235/235 240/240/240 243/243/243 
f 242/242/242 243/243/243 240/240/240 
f 243/243/243 244/244/244 235/235/235 
f 228/228/228 235/235/235 244/244/244 
f 244/244/244 243/243/243 245/245/245 
f 228/228/228 244/244/244 245/245/245 
f 245/245/245 243/243/243 242/242/242 
f 246/246/246 242/242/242 239/239/239 
f 241/241/241 246/246/246 239/239/239 
f 247/247/247 242/242/242 246/246/246 
f 248/248/248 228/228/228 245/245/245 
f 245/245/245 249/249/249 248/248/248 
f 228/228/228 248/248/248 250/250/250 
f 251/251/251 228/228/228 250/250/250 
f 250/250/250 252/252/252 251/251/251 
f 252/252/252 250/250/250 248/248/248 
f 252/252/252 253/253/253 251/251/251 
f 252/252/252 254/254/254 253/253/253 
f 248/248/248 255/255/255 252/252/252 
f 249/249/249 255/255/255 248/248/248 
f 255/255/255 254/254/254 252/252/252 
f 256/256/256 255/255/255 249/249/249 
f 254/254/254 255/255/255 257/257/257 
f 256/256/256 257/257/257 255/255/255 
f 254/254/254 257/257/257 258/258/258 
f 257/257/257 256/256/256 259/259/259 
f 259/259/259 258/258/258 257/257/257 
f 260/260/260 247/247/247 261/261/261 
f 261/261/261 247/247/247 262/262/262 
f 262/262/262 263/263/263 261/261/261 
f 247/247/247 246/246/246 262/262/262 
f 263/263/263 262/262/262 264/264/264 
f 262/262/262 246/246/246 264/264/264 
f 241/241/241 264/264/264 246/246/246 
f 264/264/264 241/241/241 265/265/265 
f 264/264/264 265/265/265 266/266/266 
f 267/267/267 265/265/265 241/241/241 
f 265/265/265 267/267/267 268/268/268 
f 238/238/238 267/267/267 241/241/241 
f 267/267/267 269/269/269 268/268/268 
f 267/267/267 270/270/270 269/269/269 
f 270/270/270 267/267/267 238/238/238 
f 271/271/271 269/269/269 270/270/270 
f 238/238/238 272/272/272 270/270/270 
f 238/238/238 231/231/231 272/272/272 
f 270/270/270 273/273/273 271/271/271 
f 270/270/270 272/272/272 273/273/273 
f 274/274/274 272/272/272 231/231/231 
f 274/274/274 273/273/273 272/272/272 
f 274/274/274 231/231/231 219/219/219 
f 275/275/275 271/271/271 273/273/273 
f 271/271/271 275/275/275 276/276/276 
f 277/277/277 276/276/276 275/275/275 
f 275/275/275 273/273/273 278/278/278 
f 273/273/273 274/274/274 278/278/278 
f 277/277/277 275/275/275 279/279/279 
f 278/278/278 279/279/279 275/275/275 
f 274/274/274 219/219/219 280/280/280 
f 274/274/274 280/280/280 278/278/278 
f 219/219/219 218/218/218 280/280/280 
f 215/215/215 280/280/280 218/218/218 
f 281/281/281 278/278/278 280/280/280 
f 280/280/280 215/215/215 281/281/281 
f 279/279/279 278/278/278 281/281/281 
f 281/281/281 215/215/215 282/282/282 
f 282/282/282 279/279/279 281/281/281 
f 279/279/279 283/283/283 277/277/277 
f 279/279/279 282/282/282 283/283/283 
f 283/283/283 284/284/284 277/277/277 
f 285/285/285 284/284/284 283/283/283 
f 285/285/285 283/283/283 282/282/282 
f 285/285/285 282/282/282 286/286/286 
f 215/215/215 287/287/287 282/282/282 
f 215/215/215 209/209/209 287/287/287 
f 288/288/288 282/282/282 287/287/287 
f 209/209/209 288/288/288 287/287/287 
f 282/282/282 288/288/288 286/286/286 
f 288/288/288 209/209/209 210/210/210 
f 286/286/286 288/288/288 289/289/289 
f 288/288/288 210/210/210 289/289/289 
f 290/290/290 286/286/286 289/289/289 
f 291/291/291 289/289/289 210/210/210 
f 292/292/292 290/290/290 289/289/289 
f 289/289/289 291/291/291 292/292/292 
f 293/293/293 294/294/294 295/295/295 
f 296/296/296 297/297/297 298/298/298 
f 299/299/299 298/298/298 297/297/297 
f 298/298/298 300/300/300 296/296/296 
f 301/301/301 296/296/296 300/300/300 
f 298/298/298 299/299/299 302/302/302 
f 254/254/254 301/301/301 300/300/300 
f 258/258/258 301/301/301 254/254/254 
f 303/303/303 300/300/300 298/298/298 
f 298/298/298 302/302/302 303/303/303 
f 304/304/304 302/302/302 299/299/299 
f 299/299/299 305/305/305 304/304/304 
f 302/302/302 304/304/304 306/306/306 
f 303/303/303 302/302/302 306/306/306 
f 307/307/307 304/304/304 305/305/305 
f 307/307/307 306/306/306 304/304/304 
f 308/308/308 305/305/305 309/309/309 
f 310/310/310 307/307/307 305/305/305 
f 305/305/305 308/308/308 310/310/310 
f 306/306/306 307/307/307 311/311/311 
f 311/311/311 312/312/312 306/306/306 
f 312/312/312 311/311/311 313/313/313 
f 313/313/313 314/314/314 312/312/312 
f 312/312/312 314/314/314 306/306/306 
f 306/306/306 314/314/314 303/303/303 
f 314/314/314 315/315/315 303/303/303 
f 316/316/316 303/303/303 315/315/315 
f 307/307/307 317/317/317 311/311/311 
f 307/307/307 310/310/310 317/317/317 
f 317/317/317 318/318/318 311/311/311 
f 303/303/303 316/316/316 319/319/319 
f 300/300/300 303/303/303 319/319/319 
f 316/316/316 253/253/253 319/319/319 
f 254/254/254 300/300/300 319/319/319 
f 319/319/319 253/253/253 254/254/254 
f 253/253/253 316/316/316 320/320/320 
f 317/317/317 321/321/321 318/318/318 
f 321/321/321 317/317/317 310/310/310 
f 253/253/253 320/320/320 322/322/322 
f 323/323/323 318/318/318 321/321/321 
f 324/324/324 318/318/318 323/323/323 
f 310/310/310 325/325/325 321/321/321 
f 326/326/326 322/322/322 320/320/320 
f 327/327/327 326/326/326 320/320/320 
f 251/251/251 253/253/253 322/322/322 
f 251/251/251 322/322/322 326/326/326 
f 310/310/310 328/328/328 325/325/325 
f 328/328/328 310/310/310 308/308/308 
f 308/308/308 329/329/329 328/328/328 
f 329/329/329 330/330/330 328/328/328 
f 326/326/326 327/327/327 331/331/331 
f 326/326/326 331/331/331 251/251/251 
f 222/222/222 331/331/331 327/327/327 
f 327/327/327 227/227/227 222/222/222 
f 228/228/228 251/251/251 331/331/331 
f 331/331/331 222/222/222 228/228/228 
f 332/332/332 328/328/328 330/330/330 
f 330/330/330 333/333/333 332/332/332 
f 328/328/328 332/332/332 334/334/334 
f 328/328/328 334/334/334 325/325/325 
f 332/332/332 335/335/335 334/334/334 
f 336/336/336 325/325/325 334/334/334 
f 334/334/334 335/335/335 336/336/336 
f 325/325/325 336/336/336 321/321/321 
f 321/321/321 336/336/336 323/323/323 
f 337/337/337 323/323/323 336/336/336 
f 336/336/336 335/335/335 337/337/337 
f 323/323/323 337/337/337 324/324/324 
f 337/337/337 338/338/338 324/324/324 
f 338/338/338 337/337/337 335/335/335 
f 324/324/324 338/338/338 339/339/339 
f 340/340/340 335/335/335 332/332/332 
f 333/333/333 340/340/340 332/332/332 
f 338/338/338 335/335/335 341/341/341 
f 335/335/335 340/340/340 341/341/341 
f 333/333/333 342/342/342 340/340/340 
f 340/340/340 342/342/342 341/341/341 
f 333/333/333 343/343/343 342/342/342 
f 342/342/342 343/343/343 344/344/344 
f 344/344/344 341/341/341 342/342/342 
f 344/344/344 343/343/343 345/345/345 
f 341/341/341 346/346/346 338/338/338 
f 344/344/344 346/346/346 341/341/341 
f 345/345/345 347/347/347 344/344/344 
f 346/346/346 344/344/344 347/347/347 
f 347/347/347 345/345/345 348/348/348 
f 349/349/349 347/347/347 348/348/348 
f 347/347/347 349/349/349 346/346/346 
f 350/350/350 338/338/338 346/346/346 
f 350/350/350 339/339/339 338/338/338 
f 351/351/351 346/346/346 349/349/349 
f 346/346/346 351/351/351 350/350/350 
f 352/352/352 351/351/351 349/349/349 
f 349/349/349 353/353/353 352/352/352 
f 354/354/354 350/350/350 351/351/351 
f 350/350/350 354/354/354 339/339/339 
f 351/351/351 352/352/352 354/354/354 
f 355/355/355 339/339/339 354/354/354 
f 339/339/339 355/355/355 356/356/356 
f 225/225/225 356/356/356 355/355/355 
f 217/217/217 355/355/355 354/354/354 
f 217/217/217 225/225/225 355/355/355 
f 352/352/352 208/208/208 354/354/354 
f 217/217/217 354/354/354 212/212/212 
f 212/212/212 354/354/354 208/208/208 
f 357/357/357 208/208/208 352/352/352 
f 357/357/357 352/352/352 358/358/358 
f 208/208/208 357/357/357 203/203/203 
f 352/352/352 359/359/359 358/358/358 
f 359/359/359 352/352/352 353/353/353 
f 357/357/357 358/358/358 360/360/360 
f 359/359/359 360/360/360 358/358/358 
f 360/360/360 203/203/203 357/357/357 
f 353/353/353 361/361/361 359/359/359 
f 361/361/361 362/362/362 359/359/359 
f 362/362/362 363/363/363 359/359/359 
f 362/362/362 364/364/364 363/363/363 
f 360/360/360 359/359/359 365/365/365 
f 365/365/365 359/359/359 363/363/363 
f 291/291/291 363/363/363 364/364/364 
f 363/363/363 291/291/291 365/365/365 
f 360/360/360 366/366/366 203/203/203 
f 360/360/360 204/204/204 366/366/366 
f 366/366/366 204/204/204 203/203/203 
f 204/204/204 360/360/360 365/365/365 
f 365/365/365 291/291/291 210/210/210 
f 206/206/206 204/204/204 365/365/365 
f 206/206/206 365/365/365 210/210/210 
f 367/367/367 368/368/368 369/369/369 
f 367/367/367 369/369/369 370/370/370 
f 371/371/371 367/367/367 370/370/370 
f 372/372/372 367/367/367 371/371/371 
f 367/367/367 372/372/372 373/373/373 
f 373/373/373 372/372/372 374/374/374 
f 372/372/372 371/371/371 375/375/375 
f 371/371/371 376/376/376 375/375/375 
f 377/377/377 372/372/372 375/375/375 
f 377/377/377 375/375/375 376/376/376 
f 378/378/378 379/379/379 380/380/380 
f 381/381/381 379/379/379 378/378/378 
f 378/378/378 382/382/382 381/381/381 
f 382/382/382 383/383/383 381/381/381 
f 384/384/384 381/381/381 383/383/383 
f 385/385/385 381/381/381 384/384/384 
f 381/381/381 385/385/385 386/386/386 
f 387/387/387 385/385/385 384/384/384 
f 388/388/388 386/386/386 385/385/385 
f 385/385/385 387/387/387 388/388/388 
f 389/389/389 390/390/390 391/391/391 
f 389/389/389 391/391/391 392/392/392 
f 391/391/391 393/393/393 392/392/392 
f 394/394/394 389/389/389 392/392/392 
f 394/394/394 392/392/392 393/393/393 
f 393/393/393 391/391/391 395/395/395 
f 395/395/395 391/391/391 396/396/396 
f 394/394/394 393/393/393 397/397/397 
f 395/395/395 398/398/398 393/393/393 
f 393/393/393 398/398/398 397/397/397 
f 396/396/396 399/399/399 395/395/395 
f 398/398/398 395/395/395 399/399/399 
f 396/396/396 400/400/400 399/399/399 
f 401/401/401 399/399/399 400/400/400 
f 399/399/399 402/402/402 398/398/398 
f 399/399/399 401/401/401 402/402/402 
f 403/403/403 397/397/397 398/398/398 
f 402/402/402 403/403/403 398/398/398 
f 401/401/401 404/404/404 402/402/402 
f 401/401/401 405/405/405 404/404/404 
f 402/402/402 406/406/406 403/403/403 
f 404/404/404 405/405/405 407/407/407 
f 407/407/407 402/402/402 404/404/404 
f 402/402/402 407/407/407 406/406/406 
f 405/405/405 408/408/408 407/407/407 
f 406/406/406 407/407/407 409/409/409 
f 409/409/409 403/403/403 406/406/406 
f 410/410/410 409/409/409 407/407/407 
f 397/397/397 403/403/403 411/411/411 
f 403/403/403 409/409/409 411/411/411 
f 412/412/412 413/413/413 414/414/414 
f 415/415/415 414/414/414 413/413/413 
f 412/412/412 414/414/414 416/416/416 
f 414/414/414 415/415/415 416/416/416 
f 417/417/417 416/416/416 415/415/415 
f 417/417/417 418/418/418 416/416/416 
f 419/419/419 412/412/412 416/416/416 
f 420/420/420 416/416/416 418/418/418 
f 420/420/420 418/418/418 421/421/421 
f 421/421/421 422/422/422 420/420/420 
f 422/422/422 423/423/423 420/420/420 
f 416/416/416 420/420/420 424/424/424 
f 424/424/424 419/419/419 416/416/416 
f 423/423/423 425/425/425 420/420/420 
f 425/425/425 424/424/424 420/420/420 
f 425/425/425 423/423/423 426/426/426 
f 427/427/427 419/419/419 424/424/424 
f 424/424/424 425/425/425 428/428/428 
f 428/428/428 427/427/427 424/424/424 
f 429/429/429 425/425/425 426/426/426 
f 426/426/426 430/430/430 429/429/429 
f 429/429/429 430/430/430 431/431/431 
f 429/429/429 431/431/431 432/432/432 
f 433/433/433 432/432/432 431/431/431 
f 432/432/432 433/433/433 434/434/434 
f 435/435/435 429/429/429 432/432/432 
f 432/432/432 434/434/434 435/435/435 
f 435/435/435 425/425/425 429/429/429 
f 436/436/436 435/435/435 434/434/434 
f 425/425/425 435/435/435 437/437/437 
f 437/437/437 435/435/435 436/436/436 
f 437/437/437 428/428/428 425/425/425 
f 438/438/438 439/439/439 440/440/440 
f 440/440/440 439/439/439 441/441/441 
f 442/442/442 438/438/438 443/443/443 
f 438/438/438 440/440/440 444/444/444 
f 438/438/438 444/444/444 443/443/443 
f 441/441/441 445/445/445 440/440/440 
f 445/445/445 444/444/444 440/440/440 
f 441/441/441 446/446/446 445/445/445 
f 445/445/445 447/447/447 444/444/444 
f 446/446/446 447/447/447 445/445/445 
f 448/448/448 446/446/446 441/441/441 
f 446/446/446 448/448/448 449/449/449 
f 450/450/450 449/449/449 448/448/448 
f 451/451/451 446/446/446 449/449/449 
f 446/446/446 451/451/451 447/447/447 
f 444/444/444 452/452/452 443/443/443 
f 452/452/452 444/444/444 447/447/447 
f 443/443/443 452/452/452 453/453/453 
f 447/447/447 454/454/454 452/452/452 
f 455/455/455 447/447/447 451/451/451 
f 447/447/447 455/455/455 454/454/454 
f 456/456/456 455/455/455 451/451/451 
f 456/456/456 451/451/451 457/457/457 
f 457/457/457 458/458/458 456/456/456 
f 456/456/456 458/458/458 459/459/459 
f 389/389/389 453/453/453 452/452/452 
f 454/454/454 389/389/389 452/452/452 
f 455/455/455 456/456/456 460/460/460 
f 455/455/455 460/460/460 454/454/454 
f 456/456/456 459/459/459 461/461/461 
f 460/460/460 456/456/456 461/461/461 
f 461/461/461 459/459/459 462/462/462 
f 459/459/459 463/463/463 462/462/462 
f 464/464/464 461/461/461 462/462/462 
f 461/461/461 464/464/464 465/465/465 
f 460/460/460 461/461/461 465/465/465 
f 465/465/465 464/464/464 466/466/466 
f 467/467/467 465/465/465 466/466/466 
f 468/468/468 460/460/460 465/465/465 
f 465/465/465 467/467/467 468/468/468 
f 468/468/468 454/454/454 460/460/460 
f 469/469/469 468/468/468 467/467/467 
f 469/469/469 454/454/454 468/468/468 
f 470/470/470 469/469/469 467/467/467 
f 454/454/454 469/469/469 389/389/389 
f 469/469/469 470/470/470 390/390/390 
f 390/390/390 389/389/389 469/469/469 
f 436/436/436 471/471/471 437/437/437 
f 428/428/428 437/437/437 471/471/471 
f 471/471/471 436/436/436 472/472/472 
f 473/473/473 472/472/472 436/436/436 
f 472/472/472 473/473/473 474/474/474 
f 474/474/474 475/475/475 472/472/472 
f 472/472/472 476/476/476 471/471/471 
f 476/476/476 472/472/472 475/475/475 
f 471/471/471 477/477/477 428/428/428 
f 477/477/477 471/471/471 476/476/476 
f 477/477/477 427/427/427 428/428/428 
f 475/475/475 478/478/478 476/476/476 
f 476/476/476 479/479/479 477/477/477 
f 478/478/478 475/475/475 480/480/480 
f 480/480/480 475/475/475 481/481/481 
f 482/482/482 478/478/478 480/480/480 
f 478/478/478 482/482/482 479/479/479 
f 480/480/480 483/483/483 482/482/482 
f 477/477/477 479/479/479 484/484/484 
f 484/484/484 427/427/427 477/477/477 
f 485/485/485 479/479/479 482/482/482 
f 479/479/479 485/485/485 484/484/484 
f 486/486/486 482/482/482 483/483/483 
f 483/483/483 487/487/487 486/486/486 
f 482/482/482 486/486/486 488/488/488 
f 489/489/489 488/488/488 486/486/486 
f 490/490/490 482/482/482 488/488/488 
f 490/490/490 485/485/485 482/482/482 
f 490/490/490 488/488/488 489/489/489 
f 489/489/489 486/486/486 491/491/491 
f 485/485/485 490/490/490 492/492/492 
f 493/493/493 489/489/489 491/491/491 
f 491/491/491 494/494/494 493/493/493 
f 495/495/495 493/493/493 494/494/494 
f 496/496/496 493/493/493 495/495/495 
f 493/493/493 496/496/496 497/497/497 
f 485/485/485 492/492/492 498/498/498 
f 498/498/498 484/484/484 485/485/485 
f 499/499/499 493/493/493 497/497/497 
f 499/499/499 497/497/497 500/500/500 
f 489/489/489 493/493/493 501/501/501 
f 499/499/499 501/501/501 493/493/493 
f 501/501/501 502/502/502 489/489/489 
f 503/503/503 499/499/499 500/500/500 
f 501/501/501 499/499/499 503/503/503 
f 504/504/504 505/505/505 506/506/506 
f 507/507/507 506/506/506 505/505/505 
f 508/508/508 507/507/507 505/505/505 
f 505/505/505 509/509/509 508/508/508 
f 510/510/510 508/508/508 509/509/509 
f 509/509/509 511/511/511 510/510/510 
f 505/505/505 504/504/504 512/512/512 
f 511/511/511 509/509/509 513/513/513 
f 514/514/514 511/511/511 513/513/513 
f 509/509/509 505/505/505 515/515/515 
f 512/512/512 515/515/515 505/505/505 
f 513/513/513 509/509/509 516/516/516 
f 515/515/515 516/516/516 509/509/509 
f 513/513/513 517/517/517 514/514/514 
f 516/516/516 517/517/517 513/513/513 
f 514/514/514 517/517/517 518/518/518 
f 517/517/517 519/519/519 518/518/518 
f 517/517/517 520/520/520 519/519/519 
f 519/519/519 520/520/520 521/521/521 
f 517/517/517 516/516/516 520/520/520 
f 520/520/520 516/516/516 522/522/522 
f 522/522/522 516/516/516 523/523/523 
f 524/524/524 523/523/523 516/516/516 
f 525/525/525 524/524/524 516/516/516 
f 516/516/516 515/515/515 525/525/525 
f 525/525/525 515/515/515 526/526/526 
f 525/525/525 526/526/526 527/527/527 
f 526/526/526 528/528/528 527/527/527 
f 528/528/528 526/526/526 515/515/515 
f 515/515/515 529/529/529 528/528/528 
f 515/515/515 512/512/512 529/529/529 
f 512/512/512 530/530/530 529/529/529 
f 531/531/531 529/529/529 530/530/530 
f 532/532/532 530/530/530 512/512/512 
f 512/512/512 533/533/533 532/532/532 
f 532/532/532 533/533/533 534/534/534 
f 533/533/533 512/512/512 504/504/504 
f 535/535/535 534/534/534 533/533/533 
f 536/536/536 533/533/533 504/504/504 
f 537/537/537 535/535/535 533/533/533 
f 533/533/533 536/536/536 537/537/537 
f 535/535/535 537/537/537 538/538/538 
f 539/539/539 538/538/538 537/537/537 
f 539/539/539 537/537/537 540/540/540 
f 540/540/540 537/537/537 536/536/536 
f 540/540/540 541/541/541 539/539/539 
f 540/540/540 536/536/536 542/542/542 
f 541/541/541 540/540/540 542/542/542 
f 536/536/536 543/543/543 542/542/542 
f 544/544/544 541/541/541 542/542/542 
f 541/541/541 544/544/544 545/545/545 
f 542/542/542 546/546/546 544/544/544 
f 544/544/544 546/546/546 547/547/547 
f 546/546/546 548/548/548 547/547/547 
f 546/546/546 549/549/549 548/548/548 
f 549/549/549 546/546/546 550/550/550 
f 542/542/542 551/551/551 546/546/546 
f 551/551/551 550/550/550 546/546/546 
f 551/551/551 542/542/542 543/543/543 
f 550/550/550 551/551/551 552/552/552 
f 543/543/543 553/553/553 551/551/551 
f 553/553/553 543/543/543 554/554/554 
f 554/554/554 555/555/555 553/553/553 
f 556/556/556 553/553/553 555/555/555 
f 553/553/553 557/557/557 551/551/551 
f 556/556/556 557/557/557 553/553/553 
f 557/557/557 552/552/552 551/551/551 
f 558/558/558 557/557/557 556/556/556 
f 552/552/552 557/557/557 559/559/559 
f 557/557/557 558/558/558 559/559/559 
f 397/397/397 411/411/411 560/560/560 
f 394/394/394 397/397/397 560/560/560 
f 411/411/411 409/409/409 561/561/561 
f 411/411/411 561/561/561 562/562/562 
f 562/562/562 560/560/560 411/411/411 
f 563/563/563 561/561/561 409/409/409 
f 561/561/561 564/564/564 562/562/562 
f 561/561/561 563/563/563 564/564/564 
f 565/565/565 394/394/394 560/560/560 
f 565/565/565 389/389/389 394/394/394 
f 453/453/453 389/389/389 565/565/565 
f 565/565/565 566/566/566 453/453/453 
f 560/560/560 567/567/567 565/565/565 
f 566/566/566 565/565/565 567/567/567 
f 568/568/568 567/567/567 560/560/560 
f 560/560/560 562/562/562 568/568/568 
f 566/566/566 567/567/567 569/569/569 
f 568/568/568 569/569/569 567/567/567 
f 569/569/569 570/570/570 566/566/566 
f 566/566/566 570/570/570 571/571/571 
f 569/569/569 568/568/568 572/572/572 
f 572/572/572 570/570/570 569/569/569 
f 568/568/568 562/562/562 572/572/572 
f 573/573/573 571/571/571 570/570/570 
f 573/573/573 570/570/570 572/572/572 
f 571/571/571 573/573/573 574/574/574 
f 574/574/574 575/575/575 571/571/571 
f 575/575/575 574/574/574 576/576/576 
f 577/577/577 576/576/576 574/574/574 
f 576/576/576 577/577/577 578/578/578 
f 578/578/578 577/577/577 579/579/579 
f 580/580/580 579/579/579 577/577/577 
f 577/577/577 581/581/581 580/580/580 
f 581/581/581 577/577/577 582/582/582 
f 574/574/574 582/582/582 577/577/577 
f 583/583/583 581/581/581 582/582/582 
f 582/582/582 574/574/574 584/584/584 
f 573/573/573 584/584/584 574/574/574 
f 583/583/583 582/582/582 585/585/585 
f 584/584/584 573/573/573 586/586/586 
f 586/586/586 573/573/573 572/572/572 
f 584/584/584 587/587/587 582/582/582 
f 587/587/587 585/585/585 582/582/582 
f 588/588/588 584/584/584 586/586/586 
f 587/587/587 584/584/584 588/588/588 
f 589/589/589 583/583/583 585/585/585 
f 589/589/589 585/585/585 587/587/587 
f 590/590/590 583/583/583 589/589/589 
f 591/591/591 590/590/590 589/589/589 
f 589/589/589 592/592/592 591/591/591 
f 592/592/592 589/589/589 587/587/587 
f 593/593/593 591/591/591 592/592/592 
f 592/592/592 594/594/594 593/593/593 
f 594/594/594 592/592/592 595/595/595 
f 587/587/587 595/595/595 592/592/592 
f 596/596/596 595/595/595 587/587/587 
f 588/588/588 596/596/596 587/587/587 
f 595/595/595 596/596/596 597/597/597 
f 596/596/596 588/588/588 598/598/598 
f 586/586/586 598/598/598 588/588/588 
f 599/599/599 597/597/597 596/596/596 
f 597/597/597 599/599/599 600/600/600 
f 597/597/597 600/600/600 601/601/601 
f 600/600/600 602/602/602 601/601/601 
f 600/600/600 599/599/599 603/603/603 
f 604/604/604 599/599/599 596/596/596 
f 596/596/596 598/598/598 604/604/604 
f 599/599/599 605/605/605 603/603/603 
f 606/606/606 603/603/603 605/605/605 
f 606/606/606 607/607/607 603/603/603 
f 605/605/605 599/599/599 608/608/608 
f 599/599/599 604/604/604 608/608/608 
f 605/605/605 609/609/609 606/606/606 
f 608/608/608 609/609/609 605/605/605 
f 610/610/610 606/606/606 609/609/609 
f 604/604/604 611/611/611 608/608/608 
f 609/609/609 608/608/608 611/611/611 
f 609/609/609 612/612/612 610/610/610 
f 612/612/612 609/609/609 611/611/611 
f 612/612/612 613/613/613 610/610/610 
f 611/611/611 604/604/604 614/614/614 
f 598/598/598 614/614/614 604/604/604 
f 611/611/611 563/563/563 612/612/612 
f 610/610/610 613/613/613 615/615/615 
f 610/610/610 615/615/615 616/616/616 
f 617/617/617 613/613/613 612/612/612 
f 615/615/615 613/613/613 617/617/617 
f 563/563/563 617/617/617 612/612/612 
f 615/615/615 618/618/618 616/616/616 
f 619/619/619 616/616/616 618/618/618 
f 618/618/618 620/620/620 619/619/619 
f 620/620/620 618/618/618 621/621/621 
f 618/618/618 615/615/615 622/622/622 
f 617/617/617 622/622/622 615/615/615 
f 622/622/622 621/621/621 618/618/618 
f 622/622/622 617/617/617 563/563/563 
f 621/621/621 622/622/622 623/623/623 
f 623/623/623 624/624/624 621/621/621 
f 624/624/624 623/623/623 410/410/410 
f 623/623/623 622/622/622 410/410/410 
f 409/409/409 410/410/410 622/622/622 
f 409/409/409 622/622/622 563/563/563 
f 625/625/625 564/564/564 563/563/563 
f 563/563/563 611/611/611 625/625/625 
f 564/564/564 625/625/625 562/562/562 
f 614/614/614 625/625/625 611/611/611 
f 625/625/625 614/614/614 562/562/562 
f 562/562/562 614/614/614 626/626/626 
f 627/627/627 626/626/626 614/614/614 
f 598/598/598 627/627/627 614/614/614 
f 626/626/626 628/628/628 562/562/562 
f 626/626/626 627/627/627 628/628/628 
f 598/598/598 628/628/628 627/627/627 
f 628/628/628 572/572/572 562/562/562 
f 598/598/598 586/586/586 628/628/628 
f 572/572/572 628/628/628 586/586/586 
f 629/629/629 630/630/630 631/631/631 
f 632/632/632 633/633/633 634/634/634 
f 633/633/633 635/635/635 634/634/634 
f 636/636/636 637/637/637 632/632/632 
f 637/637/637 633/633/633 632/632/632 
f 638/638/638 636/636/636 639/639/639 
f 640/640/640 638/638/638 639/639/639 
f 636/636/636 641/641/641 637/637/637 
f 638/638/638 640/640/640 642/642/642 
f 642/642/642 640/640/640 643/643/643 
f 643/643/643 644/644/644 642/642/642 
f 644/644/644 643/643/643 645/645/645 
f 645/645/645 646/646/646 644/644/644 
f 647/647/647 644/644/644 646/646/646 
f 644/644/644 647/647/647 648/648/648 
f 649/649/649 642/642/642 644/644/644 
f 648/648/648 649/649/649 644/644/644 
f 642/642/642 649/649/649 638/638/638 
f 649/649/649 648/648/648 650/650/650 
f 650/650/650 651/651/651 649/649/649 
f 651/651/651 638/638/638 649/649/649 
f 652/652/652 651/651/651 650/650/650 
f 653/653/653 651/651/651 652/652/652 
f 651/651/651 654/654/654 638/638/638 
f 654/654/654 651/651/651 653/653/653 
f 636/636/636 638/638/638 654/654/654 
f 653/653/653 655/655/655 654/654/654 
f 636/636/636 654/654/654 656/656/656 
f 654/654/654 655/655/655 656/656/656 
f 655/655/655 657/657/657 656/656/656 
f 641/641/641 636/636/636 656/656/656 
f 656/656/656 658/658/658 641/641/641 
f 658/658/658 656/656/656 659/659/659 
f 658/658/658 659/659/659 660/660/660 
f 658/658/658 660/660/660 641/641/641 
f 661/661/661 660/660/660 659/659/659 
f 662/662/662 641/641/641 660/660/660 
f 660/660/660 661/661/661 662/662/662 
f 641/641/641 662/662/662 637/637/637 
f 663/663/663 662/662/662 661/661/661 
f 662/662/662 633/633/633 637/637/637 
f 662/662/662 663/663/663 664/664/664 
f 664/664/664 633/633/633 662/662/662 
f 664/664/664 663/663/663 665/665/665 
f 666/666/666 665/665/665 663/663/663 
f 667/667/667 664/664/664 665/665/665 
f 664/664/664 667/667/667 668/668/668 
f 633/633/633 664/664/664 668/668/668 
f 667/667/667 669/669/669 668/668/668 
f 669/669/669 670/670/670 668/668/668 
f 669/669/669 671/671/671 670/670/670 
f 670/670/670 671/671/671 672/672/672 
f 670/670/670 672/672/672 668/668/668 
f 673/673/673 672/672/672 671/671/671 
f 668/668/668 674/674/674 633/633/633 
f 674/674/674 668/668/668 672/672/672 
f 675/675/675 672/672/672 673/673/673 
f 673/673/673 676/676/676 675/675/675 
f 672/672/672 677/677/677 674/674/674 
f 677/677/677 633/633/633 674/674/674 
f 677/677/677 672/672/672 675/675/675 
f 675/675/675 676/676/676 678/678/678 
f 679/679/679 633/633/633 677/677/677 
f 675/675/675 680/680/680 677/677/677 
f 680/680/680 675/675/675 678/678/678 
f 677/677/677 680/680/680 679/679/679 
f 635/635/635 633/633/633 679/679/679 
f 679/679/679 681/681/681 635/635/635 
f 680/680/680 682/682/682 679/679/679 
f 681/681/681 679/679/679 682/682/682 
f 683/683/683 681/681/681 682/682/682 
f 683/683/683 684/684/684 681/681/681 
f 685/685/685 684/684/684 683/683/683 
f 683/683/683 682/682/682 685/685/685 
f 682/682/682 680/680/680 685/685/685 
f 685/685/685 680/680/680 686/686/686 
f 678/678/678 686/686/686 680/680/680 
f 685/685/685 686/686/686 687/687/687 
f 678/678/678 688/688/688 686/686/686 
f 686/686/686 688/688/688 687/687/687 
f 689/689/689 690/690/690 691/691/691 
f 692/692/692 690/690/690 689/689/689 
f 692/692/692 693/693/693 690/690/690 
f 694/694/694 693/693/693 692/692/692 
f 689/689/689 695/695/695 692/692/692 
f 692/692/692 696/696/696 694/694/694 
f 696/696/696 692/692/692 695/695/695 
f 695/695/695 697/697/697 696/696/696 
f 696/696/696 697/697/697 698/698/698 
f 699/699/699 698/698/698 697/697/697 
f 700/700/700 701/701/701 702/702/702 
f 701/701/701 700/700/700 703/703/703 
f 704/704/704 702/702/702 701/701/701 
f 702/702/702 704/704/704 705/705/705 
f 706/706/706 707/707/707 708/708/708 
f 709/709/709 708/708/708 707/707/707 
f 707/707/707 710/710/710 709/709/709 
f 710/710/710 711/711/711 709/709/709 
f 708/708/708 709/709/709 712/712/712 
f 712/712/712 709/709/709 711/711/711 
f 712/712/712 706/706/706 708/708/708 
f 711/711/711 713/713/713 712/712/712 
f 706/706/706 712/712/712 713/713/713 
f 713/713/713 714/714/714 706/706/706 
f 643/643/643 715/715/715 716/716/716 
f 717/717/717 716/716/716 715/715/715 
f 716/716/716 645/645/645 643/643/643 
f 715/715/715 718/718/718 717/717/717 
f 717/717/717 718/718/718 719/719/719 
f 720/720/720 719/719/719 718/718/718 
f 721/721/721 720/720/720 718/718/718 
f 718/718/718 722/722/722 721/721/721 
f 723/723/723 721/721/721 722/722/722 
f 723/723/723 722/722/722 724/724/724 
f 718/718/718 724/724/724 722/722/722 
f 725/725/725 724/724/724 718/718/718 
f 726/726/726 718/718/718 715/715/715 
f 718/718/718 726/726/726 725/725/725 
f 643/643/643 726/726/726 715/715/715 
f 725/725/725 727/727/727 724/724/724 
f 726/726/726 643/643/643 640/640/640 
f 640/640/640 725/725/725 726/726/726 
f 728/728/728 729/729/729 727/727/727 
f 730/730/730 728/728/728 727/727/727 
f 727/727/727 725/725/725 730/730/730 
f 730/730/730 731/731/731 728/728/728 
f 732/732/732 730/730/730 725/725/725 
f 725/725/725 640/640/640 732/732/732 
f 731/731/731 730/730/730 733/733/733 
f 733/733/733 734/734/734 731/731/731 
f 735/735/735 730/730/730 732/732/732 
f 735/735/735 733/733/733 730/730/730 
f 734/734/734 733/733/733 736/736/736 
f 732/732/732 639/639/639 735/735/735 
f 639/639/639 732/732/732 640/640/640 
f 733/733/733 735/735/735 737/737/737 
f 737/737/737 736/736/736 733/733/733 
f 738/738/738 739/739/739 736/736/736 
f 736/736/736 740/740/740 738/738/738 
f 741/741/741 738/738/738 740/740/740 
f 736/736/736 737/737/737 740/740/740 
f 740/740/740 742/742/742 743/743/743 
f 740/740/740 744/744/744 742/742/742 
f 737/737/737 744/744/744 740/740/740 
f 742/742/742 744/744/744 745/745/745 
f 746/746/746 745/745/745 744/744/744 
f 744/744/744 747/747/747 746/746/746 
f 744/744/744 748/748/748 747/747/747 
f 748/748/748 744/744/744 749/749/749 
f 750/750/750 748/748/748 749/749/749 
f 744/744/744 750/750/750 749/749/749 
f 744/744/744 751/751/751 750/750/750 
f 752/752/752 750/750/750 751/751/751 
f 744/744/744 752/752/752 751/751/751 
f 752/752/752 744/744/744 635/635/635 
f 635/635/635 753/753/753 752/752/752 
f 737/737/737 754/754/754 744/744/744 
f 754/754/754 635/635/635 744/744/744 
f 754/754/754 737/737/737 634/634/634 
f 635/635/635 754/754/754 634/634/634 
f 681/681/681 753/753/753 635/635/635 
f 755/755/755 634/634/634 737/737/737 
f 755/755/755 737/737/737 735/735/735 
f 755/755/755 735/735/735 756/756/756 
f 735/735/735 639/639/639 756/756/756 
f 634/634/634 755/755/755 757/757/757 
f 755/755/755 756/756/756 757/757/757 
f 756/756/756 639/639/639 758/758/758 
f 757/757/757 756/756/756 758/758/758 
f 639/639/639 636/636/636 758/758/758 
f 757/757/757 758/758/758 636/636/636 
f 757/757/757 632/632/632 634/634/634 
f 632/632/632 757/757/757 636/636/636 
f 503/503/503 500/500/500 759/759/759 
f 760/760/760 759/759/759 500/500/500 
f 759/759/759 760/760/760 761/761/761 
f 759/759/759 762/762/762 503/503/503 
f 761/761/761 762/762/762 759/759/759 
f 503/503/503 762/762/762 501/501/501 
f 762/762/762 761/761/761 763/763/763 
f 764/764/764 762/762/762 763/763/763 
f 765/765/765 762/762/762 764/764/764 
f 764/764/764 766/766/766 765/765/765 
f 766/766/766 767/767/767 765/765/765 
f 762/762/762 765/765/765 768/768/768 
f 768/768/768 501/501/501 762/762/762 
f 769/769/769 765/765/765 767/767/767 
f 765/765/765 769/769/769 768/768/768 
f 767/767/767 770/770/770 769/769/769 
f 501/501/501 768/768/768 771/771/771 
f 490/490/490 501/501/501 771/771/771 
f 490/490/490 771/771/771 492/492/492 
f 772/772/772 769/769/769 770/770/770 
f 770/770/770 773/773/773 772/772/772 
f 774/774/774 772/772/772 773/773/773 
f 775/775/775 769/769/769 772/772/772 
f 772/772/772 774/774/774 775/775/775 
f 775/775/775 768/768/768 769/769/769 
f 776/776/776 775/775/775 774/774/774 
f 777/777/777 775/775/775 776/776/776 
f 768/768/768 775/775/775 778/778/778 
f 775/775/775 777/777/777 778/778/778 
f 778/778/778 771/771/771 768/768/768 
f 777/777/777 779/779/779 778/778/778 
f 779/779/779 780/780/780 778/778/778 
f 778/778/778 780/780/780 781/781/781 
f 771/771/771 778/778/778 782/782/782 
f 781/781/781 782/782/782 778/778/778 
f 782/782/782 492/492/492 771/771/771 
f 782/782/782 498/498/498 492/492/492 
f 782/782/782 781/781/781 783/783/783 
f 781/781/781 784/784/784 783/783/783 
f 784/784/784 781/781/781 785/785/785 
f 784/784/784 786/786/786 783/783/783 
f 786/786/786 782/782/782 783/783/783 
f 786/786/786 784/784/784 787/787/787 
f 498/498/498 782/782/782 788/788/788 
f 782/782/782 786/786/786 788/788/788 
f 788/788/788 789/789/789 498/498/498 
f 484/484/484 498/498/498 789/789/789 
f 787/787/787 790/790/790 791/791/791 
f 792/792/792 787/787/787 791/791/791 
f 787/787/787 792/792/792 786/786/786 
f 788/788/788 786/786/786 793/793/793 
f 793/793/793 786/786/786 792/792/792 
f 789/789/789 788/788/788 794/794/794 
f 793/793/793 794/794/794 788/788/788 
f 789/789/789 795/795/795 484/484/484 
f 795/795/795 789/789/789 794/794/794 
f 427/427/427 484/484/484 795/795/795 
f 796/796/796 795/795/795 794/794/794 
f 795/795/795 796/796/796 427/427/427 
f 794/794/794 793/793/793 796/796/796 
f 419/419/419 427/427/427 796/796/796 
f 797/797/797 419/419/419 796/796/796 
f 796/796/796 798/798/798 797/797/797 
f 796/796/796 799/799/799 798/798/798 
f 799/799/799 796/796/796 793/793/793 
f 798/798/798 799/799/799 800/800/800 
f 800/800/800 799/799/799 801/801/801 
f 802/802/802 801/801/801 799/799/799 
f 801/801/801 802/802/802 803/803/803 
f 799/799/799 793/793/793 802/802/802 
f 802/802/802 793/793/793 804/804/804 
f 802/802/802 804/804/804 805/805/805 
f 806/806/806 804/804/804 793/793/793 
f 793/793/793 807/807/807 806/806/806 
f 807/807/807 793/793/793 792/792/792 
f 808/808/808 807/807/807 792/792/792 
f 809/809/809 810/810/810 811/811/811 
f 812/812/812 813/813/813 814/814/814 
f 813/813/813 812/812/812 815/815/815 
f 816/816/816 814/814/814 809/809/809 
f 814/814/814 816/816/816 812/812/812 
f 812/812/812 817/817/817 815/815/815 
f 817/817/817 818/818/818 815/815/815 
f 812/812/812 819/819/819 817/817/817 
f 818/818/818 817/817/817 819/819/819 
f 819/819/819 812/812/812 816/816/816 
f 820/820/820 818/818/818 819/819/819 
f 809/809/809 821/821/821 816/816/816 
f 822/822/822 816/816/816 821/821/821 
f 811/811/811 823/823/823 809/809/809 
f 821/821/821 809/809/809 823/823/823 
f 823/823/823 811/811/811 824/824/824 
f 825/825/825 824/824/824 811/811/811 
f 826/826/826 824/824/824 825/825/825 
f 824/824/824 827/827/827 823/823/823 
f 823/823/823 827/827/827 821/821/821 
f 828/828/828 824/824/824 826/826/826 
f 827/827/827 824/824/824 828/828/828 
f 826/826/826 829/829/829 828/828/828 
f 830/830/830 828/828/828 829/829/829 
f 828/828/828 830/830/830 827/827/827 
f 831/831/831 827/827/827 830/830/830 
f 830/830/830 832/832/832 831/831/831 
f 832/832/832 833/833/833 831/831/831 
f 834/834/834 827/827/827 831/831/831 
f 834/834/834 821/821/821 827/827/827 
f 835/835/835 831/831/831 833/833/833 
f 831/831/831 835/835/835 834/834/834 
f 833/833/833 836/836/836 835/835/835 
f 837/837/837 835/835/835 836/836/836 
f 838/838/838 821/821/821 834/834/834 
f 821/821/821 838/838/838 822/822/822 
f 839/839/839 822/822/822 838/838/838 
f 840/840/840 838/838/838 834/834/834 
f 838/838/838 840/840/840 839/839/839 
f 840/840/840 834/834/834 835/835/835 
f 841/841/841 839/839/839 840/840/840 
f 839/839/839 841/841/841 842/842/842 
f 843/843/843 842/842/842 841/841/841 
f 844/844/844 841/841/841 840/840/840 
f 835/835/835 844/844/844 840/840/840 
f 841/841/841 845/845/845 843/843/843 
f 845/845/845 846/846/846 843/843/843 
f 844/844/844 847/847/847 841/841/841 
f 845/845/845 841/841/841 847/847/847 
f 835/835/835 848/848/848 844/844/844 
f 835/835/835 837/837/837 848/848/848 
f 849/849/849 848/848/848 837/837/837 
f 848/848/848 849/849/849 850/850/850 
f 851/851/851 848/848/848 850/850/850 
f 848/848/848 851/851/851 852/852/852 
f 845/845/845 847/847/847 853/853/853 
f 853/853/853 854/854/854 845/845/845 
f 847/847/847 844/844/844 855/855/855 
f 844/844/844 848/848/848 855/855/855 
f 855/855/855 853/853/853 847/847/847 
f 853/853/853 856/856/856 854/854/854 
f 855/855/855 848/848/848 857/857/857 
f 848/848/848 852/852/852 857/857/857 
f 853/853/853 855/855/855 857/857/857 
f 852/852/852 858/858/858 857/857/857 
f 859/859/859 856/856/856 853/853/853 
f 857/857/857 859/859/859 853/853/853 
f 857/857/857 858/858/858 859/859/859 
f 856/856/856 859/859/859 860/860/860 
f 858/858/858 860/860/860 859/859/859 
f 861/861/861 862/862/862 863/863/863 
f 863/863/863 862/862/862 864/864/864 
f 861/861/861 863/863/863 865/865/865 
f 864/864/864 865/865/865 863/863/863 
f 866/866/866 861/861/861 865/865/865 
f 861/861/861 866/866/866 867/867/867 
f 868/868/868 867/867/867 866/866/866 
f 866/866/866 869/869/869 868/868/868 
f 870/870/870 868/868/868 869/869/869 
f 869/869/869 866/866/866 871/871/871 
f 871/871/871 870/870/870 869/869/869 
f 865/865/865 871/871/871 866/866/866 
f 870/870/870 871/871/871 872/872/872 
f 871/871/871 865/865/865 872/872/872 
f 870/870/870 872/872/872 873/873/873 
f 865/865/865 873/873/873 872/872/872 
f 865/865/865 864/864/864 874/874/874 
f 874/874/874 873/873/873 865/865/865 
f 874/874/874 864/864/864 875/875/875 
f 875/875/875 876/876/876 874/874/874 
f 873/873/873 874/874/874 876/876/876 
f 876/876/876 877/877/877 873/873/873 
f 876/876/876 878/878/878 877/877/877 
f 879/879/879 880/880/880 881/881/881 
f 880/880/880 879/879/879 882/882/882 
f 883/883/883 884/884/884 885/885/885 
f 883/883/883 885/885/885 886/886/886 
f 886/886/886 887/887/887 883/883/883 
f 888/888/888 889/889/889 887/887/887 
f 890/890/890 888/888/888 887/887/887 
f 888/888/888 890/890/890 891/891/891 
f 887/887/887 886/886/886 892/892/892 
f 887/887/887 892/892/892 890/890/890 
f 890/890/890 893/893/893 891/891/891 
f 893/893/893 890/890/890 894/894/894 
f 895/895/895 891/891/891 893/893/893 
f 894/894/894 896/896/896 893/893/893 
f 896/896/896 894/894/894 897/897/897 
f 895/895/895 893/893/893 898/898/898 
f 898/898/898 893/893/893 896/896/896 
f 896/896/896 897/897/897 899/899/899 
f 900/900/900 899/899/899 897/897/897 
f 901/901/901 900/900/900 897/897/897 
f 900/900/900 901/901/901 902/902/902 
f 896/896/896 899/899/899 903/903/903 
f 896/896/896 904/904/904 898/898/898 
f 903/903/903 904/904/904 896/896/896 
f 898/898/898 905/905/905 895/895/895 
f 904/904/904 905/905/905 898/898/898 
f 905/905/905 906/906/906 895/895/895 
f 906/906/906 907/907/907 895/895/895 
f 908/908/908 907/907/907 906/906/906 
f 906/906/906 909/909/909 908/908/908 
f 910/910/910 909/909/909 906/906/906 
f 911/911/911 910/910/910 906/906/906 
f 910/910/910 911/911/911 912/912/912 
f 906/906/906 905/905/905 911/911/911 
f 911/911/911 905/905/905 913/913/913 
f 913/913/913 905/905/905 914/914/914 
f 905/905/905 915/915/915 914/914/914 
f 905/905/905 904/904/904 915/915/915 
f 915/915/915 916/916/916 914/914/914 
f 914/914/914 916/916/916 917/917/917 
f 918/918/918 916/916/916 915/915/915 
f 916/916/916 918/918/918 919/919/919 
f 916/916/916 919/919/919 920/920/920 
f 921/921/921 918/918/918 915/915/915 
f 915/915/915 904/904/904 921/921/921 
f 922/922/922 918/918/918 921/921/921 
f 921/921/921 904/904/904 923/923/923 
f 923/923/923 924/924/924 921/921/921 
f 925/925/925 924/924/924 923/923/923 
f 926/926/926 923/923/923 904/904/904 
f 927/927/927 925/925/925 923/923/923 
f 923/923/923 926/926/926 927/927/927 
f 925/925/925 927/927/927 928/928/928 
f 927/927/927 929/929/929 928/928/928 
f 904/904/904 903/903/903 926/926/926 
f 929/929/929 927/927/927 930/930/930 
f 930/930/930 927/927/927 926/926/926 
f 930/930/930 931/931/931 929/929/929 
f 929/929/929 931/931/931 932/932/932 
f 931/931/931 933/933/933 932/932/932 
f 931/931/931 934/934/934 933/933/933 
f 926/926/926 903/903/903 935/935/935 
f 936/936/936 935/935/935 903/903/903 
f 930/930/930 926/926/926 937/937/937 
f 926/926/926 935/935/935 937/937/937 
f 931/931/931 930/930/930 937/937/937 
f 936/936/936 938/938/938 935/935/935 
f 937/937/937 935/935/935 938/938/938 
f 938/938/938 936/936/936 939/939/939 
f 940/940/940 938/938/938 939/939/939 
f 937/937/937 938/938/938 940/940/940 
f 940/940/940 939/939/939 941/941/941 
f 942/942/942 940/940/940 941/941/941 
f 940/940/940 942/942/942 943/943/943 
f 943/943/943 937/937/937 940/940/940 
f 944/944/944 945/945/945 946/946/946 
f 947/947/947 946/946/946 945/945/945 
f 946/946/946 948/948/948 944/944/944 
f 949/949/949 948/948/948 946/946/946 
f 947/947/947 950/950/950 946/946/946 
f 951/951/951 949/949/949 946/946/946 
f 950/950/950 951/951/951 946/946/946 
f 951/951/951 950/950/950 952/952/952 
f 952/952/952 953/953/953 951/951/951 
f 952/952/952 950/950/950 954/954/954 
f 954/954/954 955/955/955 952/952/952 
f 956/956/956 952/952/952 955/955/955 
f 957/957/957 958/958/958 959/959/959 
f 958/958/958 960/960/960 959/959/959 
f 958/958/958 961/961/961 960/960/960 
f 961/961/961 962/962/962 960/960/960 
f 961/961/961 958/958/958 963/963/963 
f 964/964/964 961/961/961 963/963/963 
f 964/964/964 965/965/965 961/961/961 
f 965/965/965 964/964/964 966/966/966 
f 966/966/966 967/967/967 965/965/965 
f 966/966/966 968/968/968 967/967/967 
f 968/968/968 966/966/966 969/969/969 
f 969/969/969 970/970/970 968/968/968 
f 971/971/971 972/972/972 973/973/973 
f 973/973/973 972/972/972 974/974/974 
f 975/975/975 974/974/974 972/972/972 
f 973/973/973 976/976/976 971/971/971 
f 977/977/977 971/971/971 976/976/976 
f 977/977/977 976/976/976 978/978/978 
f 976/976/976 973/973/973 979/979/979 
f 974/974/974 979/979/979 973/973/973 
f 978/978/978 976/976/976 979/979/979 
f 974/974/974 980/980/980 979/979/979 
f 981/981/981 978/978/978 979/979/979 
f 979/979/979 982/982/982 981/981/981 
f 981/981/981 982/982/982 983/983/983 
f 983/983/983 982/982/982 984/984/984 
f 984/984/984 982/982/982 985/985/985 
f 982/982/982 986/986/986 985/985/985 
f 982/982/982 987/987/987 986/986/986 
f 979/979/979 988/988/988 982/982/982 
f 987/987/987 982/982/982 988/988/988 
f 988/988/988 979/979/979 980/980/980 
f 988/988/988 989/989/989 987/987/987 
f 980/980/980 990/990/990 988/988/988 
f 990/990/990 989/989/989 988/988/988 
f 980/980/980 991/991/991 990/990/990 
f 989/989/989 990/990/990 992/992/992 
f 992/992/992 993/993/993 989/989/989 
f 990/990/990 994/994/994 992/992/992 
f 994/994/994 990/990/990 991/991/991 
f 994/994/994 995/995/995 992/992/992 
f 991/991/991 996/996/996 994/994/994 
f 991/991/991 997/997/997 996/996/996 
f 998/998/998 996/996/996 997/997/997 
f 998/998/998 999/999/999 996/996/996 
f 1000/1000/1000 1001/1001/1001 1002/1002/1002 
f 1003/1003/1003 1001/1001/1001 1000/1000/1000 
f 1004/1004/1004 1003/1003/1003 1005/1005/1005 
f 1003/1003/1003 1004/1004/1004 1006/1006/1006 
f 1006/1006/1006 1001/1001/1001 1003/1003/1003 
f 1004/1004/1004 1007/1007/1007 1006/1006/1006 
f 1006/1006/1006 1007/1007/1007 1008/1008/1008 
f 1006/1006/1006 1009/1009/1009 1001/1001/1001 
f 1008/1008/1008 1010/1010/1010 1006/1006/1006 
f 1001/1001/1001 1009/1009/1009 1011/1011/1011 
f 1002/1002/1002 1001/1001/1001 1011/1011/1011 
f 1009/1009/1009 1012/1012/1012 1011/1011/1011 
f 1013/1013/1013 1012/1012/1012 1009/1009/1009 
f 1011/1011/1011 1014/1014/1014 1002/1002/1002 
f 1015/1015/1015 1002/1002/1002 1014/1014/1014 
f 1014/1014/1014 1011/1011/1011 1016/1016/1016 
f 1016/1016/1016 1011/1011/1011 1012/1012/1012 
f 1014/1014/1014 1017/1017/1017 1015/1015/1015 
f 1018/1018/1018 1015/1015/1015 1017/1017/1017 
f 1017/1017/1017 1014/1014/1014 1019/1019/1019 
f 1016/1016/1016 1019/1019/1019 1014/1014/1014 
f 1012/1012/1012 1019/1019/1019 1016/1016/1016 
f 1019/1019/1019 1012/1012/1012 1020/1020/1020 
f 1012/1012/1012 1013/1013/1013 1021/1021/1021 
f 1021/1021/1021 1020/1020/1020 1012/1012/1012 
f 1022/1022/1022 1021/1021/1021 1013/1013/1013 
f 1013/1013/1013 1023/1023/1023 1022/1022/1022 
f 1021/1021/1021 1022/1022/1022 1024/1024/1024 
f 1020/1020/1020 1021/1021/1021 1025/1025/1025 
f 1022/1022/1022 1023/1023/1023 1026/1026/1026 
f 1023/1023/1023 1027/1027/1027 1026/1026/1026 
f 1026/1026/1026 1027/1027/1027 1028/1028/1028 
f 1022/1022/1022 1026/1026/1026 1029/1029/1029 
f 1022/1022/1022 1029/1029/1029 1024/1024/1024 
f 1030/1030/1030 1024/1024/1024 1029/1029/1029 
f 1031/1031/1031 1029/1029/1029 1026/1026/1026 
f 1029/1029/1029 1032/1032/1032 1030/1030/1030 
f 1029/1029/1029 1031/1031/1031 1032/1032/1032 
f 1033/1033/1033 1032/1032/1032 1031/1031/1031 
f 1025/1025/1025 1034/1034/1034 1020/1020/1020 
f 1020/1020/1020 1034/1034/1034 1035/1035/1035 
f 1034/1034/1034 1025/1025/1025 1036/1036/1036 
f 1037/1037/1037 1020/1020/1020 1035/1035/1035 
f 1038/1038/1038 1036/1036/1036 1025/1025/1025 
f 1020/1020/1020 1037/1037/1037 1019/1019/1019 
f 1036/1036/1036 1038/1038/1038 1039/1039/1039 
f 1039/1039/1039 1040/1040/1040 1036/1036/1036 
f 1038/1038/1038 1041/1041/1041 1039/1039/1039 
f 1039/1039/1039 1042/1042/1042 1040/1040/1040 
f 1043/1043/1043 1019/1019/1019 1037/1037/1037 
f 1039/1039/1039 1041/1041/1041 1044/1044/1044 
f 1039/1039/1039 1044/1044/1044 1042/1042/1042 
f 1044/1044/1044 1041/1041/1041 1045/1045/1045 
f 1045/1045/1045 1046/1046/1046 1044/1044/1044 
f 1037/1037/1037 1047/1047/1047 1043/1043/1043 
f 1048/1048/1048 1043/1043/1043 1047/1047/1047 
f 1043/1043/1043 1048/1048/1048 1049/1049/1049 
f 1047/1047/1047 1037/1037/1037 1050/1050/1050 
f 1047/1047/1047 1050/1050/1050 1051/1051/1051 
f 1052/1052/1052 1050/1050/1050 1037/1037/1037 
f 1051/1051/1051 1050/1050/1050 1053/1053/1053 
f 1052/1052/1052 1053/1053/1053 1050/1050/1050 
f 1053/1053/1053 1052/1052/1052 1054/1054/1054 
f 1055/1055/1055 1054/1054/1054 1052/1052/1052 
f 1054/1054/1054 1056/1056/1056 1053/1053/1053 
f 1056/1056/1056 1054/1054/1054 1057/1057/1057 
f 1058/1058/1058 1043/1043/1043 1049/1049/1049 
f 1059/1059/1059 1043/1043/1043 1058/1058/1058 
f 1058/1058/1058 1049/1049/1049 1060/1060/1060 
f 1060/1060/1060 1049/1049/1049 1061/1061/1061 
f 1061/1061/1061 1062/1062/1062 1060/1060/1060 
f 1060/1060/1060 1062/1062/1062 1058/1058/1058 
f 1062/1062/1062 1061/1061/1061 1063/1063/1063 
f 1064/1064/1064 1059/1059/1059 1058/1058/1058 
f 1058/1058/1058 1062/1062/1062 1064/1064/1064 
f 1063/1063/1063 1065/1065/1065 1062/1062/1062 
f 1065/1065/1065 1064/1064/1064 1062/1062/1062 
f 1065/1065/1065 1063/1063/1063 1066/1066/1066 
f 1065/1065/1065 1066/1066/1066 1067/1067/1067 
f 1067/1067/1067 1068/1068/1068 1065/1065/1065 
f 1067/1067/1067 1069/1069/1069 1068/1068/1068 
f 1069/1069/1069 1042/1042/1042 1068/1068/1068 
f 1042/1042/1042 1044/1044/1044 1068/1068/1068 
f 943/943/943 1065/1065/1065 1068/1068/1068 
f 886/886/886 1064/1064/1064 1065/1065/1065 
f 943/943/943 886/886/886 1065/1065/1065 
f 1064/1064/1064 1070/1070/1070 1059/1059/1059 
f 1071/1071/1071 1059/1059/1059 1070/1070/1070 
f 1072/1072/1072 1073/1073/1073 1071/1071/1071 
f 1072/1072/1072 1071/1071/1071 1074/1074/1074 
f 1075/1075/1075 1072/1072/1072 1074/1074/1074 
f 1076/1076/1076 1075/1075/1075 1074/1074/1074 
f 1071/1071/1071 1077/1077/1077 1074/1074/1074 
f 1074/1074/1074 1077/1077/1077 1076/1076/1076 
f 1070/1070/1070 1077/1077/1077 1071/1071/1071 
f 1078/1078/1078 1076/1076/1076 1077/1077/1077 
f 1077/1077/1077 1070/1070/1070 1078/1078/1078 
f 1078/1078/1078 1079/1079/1079 1076/1076/1076 
f 1070/1070/1070 1080/1080/1080 1078/1078/1078 
f 1070/1070/1070 1081/1081/1081 1080/1080/1080 
f 1070/1070/1070 1064/1064/1064 1081/1081/1081 
f 1082/1082/1082 1080/1080/1080 1081/1081/1081 
f 1080/1080/1080 1082/1082/1082 1083/1083/1083 
f 1082/1082/1082 1084/1084/1084 1083/1083/1083 
f 1081/1081/1081 1064/1064/1064 1085/1085/1085 
f 1085/1085/1085 1082/1082/1082 1081/1081/1081 
f 1064/1064/1064 886/886/886 1085/1085/1085 
f 1086/1086/1086 1084/1084/1084 1082/1082/1082 
f 1085/1085/1085 1086/1086/1086 1082/1082/1082 
f 1087/1087/1087 1084/1084/1084 1086/1086/1086 
f 1088/1088/1088 1086/1086/1086 1085/1085/1085 
f 1088/1088/1088 1085/1085/1085 886/886/886 
f 1089/1089/1089 1087/1087/1087 1086/1086/1086 
f 1088/1088/1088 1089/1089/1089 1086/1086/1086 
f 1087/1087/1087 1089/1089/1089 1090/1090/1090 
f 1090/1090/1090 1089/1089/1089 1091/1091/1091 
f 1092/1092/1092 1089/1089/1089 1088/1088/1088 
f 1092/1092/1092 1088/1088/1088 1093/1093/1093 
f 1093/1093/1093 1088/1088/1088 1094/1094/1094 
f 1089/1089/1089 1092/1092/1092 1095/1095/1095 
f 1095/1095/1095 1091/1091/1091 1089/1089/1089 
f 1096/1096/1096 1095/1095/1095 1092/1092/1092 
f 1096/1096/1096 1097/1097/1097 1095/1095/1095 
f 1097/1097/1097 1098/1098/1098 1095/1095/1095 
f 1091/1091/1091 1095/1095/1095 1098/1098/1098 
f 1088/1088/1088 885/885/885 1094/1094/1094 
f 885/885/885 1088/1088/1088 886/886/886 
f 1094/1094/1094 885/885/885 1099/1099/1099 
f 1091/1091/1091 1098/1098/1098 1100/1100/1100 
f 1100/1100/1100 1098/1098/1098 1101/1101/1101 
f 1102/1102/1102 1091/1091/1091 1100/1100/1100 
f 1103/1103/1103 1091/1091/1091 1102/1102/1102 
f 1100/1100/1100 1101/1101/1101 1104/1104/1104 
f 1104/1104/1104 1102/1102/1102 1100/1100/1100 
f 1103/1103/1103 1102/1102/1102 1104/1104/1104 
f 1105/1105/1105 1104/1104/1104 1101/1101/1101 
f 1106/1106/1106 1103/1103/1103 1104/1104/1104 
f 1107/1107/1107 1104/1104/1104 1105/1105/1105 
f 1104/1104/1104 1107/1107/1107 1106/1106/1106 
f 1108/1108/1108 1109/1109/1109 1110/1110/1110 
f 1109/1109/1109 1108/1108/1108 1111/1111/1111 
f 1112/1112/1112 1111/1111/1111 1108/1108/1108 
f 1108/1108/1108 1113/1113/1113 1112/1112/1112 
f 1113/1113/1113 1108/1108/1108 1114/1114/1114 
f 1115/1115/1115 1113/1113/1113 1114/1114/1114 
f 1116/1116/1116 1115/1115/1115 1114/1114/1114 
f 1113/1113/1113 1115/1115/1115 1117/1117/1117 
f 1118/1118/1118 1113/1113/1113 1117/1117/1117 
f 1118/1118/1118 1117/1117/1117 1119/1119/1119 
f 1117/1117/1117 1115/1115/1115 1119/1119/1119 
f 1119/1119/1119 1120/1120/1120 1118/1118/1118 
f 1119/1119/1119 1115/1115/1115 1120/1120/1120 
f 1115/1115/1115 1116/1116/1116 1121/1121/1121 
f 1121/1121/1121 1120/1120/1120 1115/1115/1115 
f 1122/1122/1122 1121/1121/1121 1116/1116/1116 
f 1116/1116/1116 884/884/884 1122/1122/1122 
f 1120/1120/1120 1121/1121/1121 1123/1123/1123 
f 1123/1123/1123 1124/1124/1124 1120/1120/1120 
f 1125/1125/1125 1124/1124/1124 1123/1123/1123 
f 1123/1123/1123 1126/1126/1126 1125/1125/1125 
f 1123/1123/1123 889/889/889 1126/1126/1126 
f 889/889/889 1123/1123/1123 1121/1121/1121 
f 1121/1121/1121 1122/1122/1122 889/889/889 
f 1122/1122/1122 887/887/887 889/889/889 
f 883/883/883 1122/1122/1122 884/884/884 
f 1122/1122/1122 883/883/883 887/887/887 
f 943/943/943 942/942/942 1127/1127/1127 
f 937/937/937 943/943/943 1068/1068/1068 
f 943/943/943 1127/1127/1127 886/886/886 
f 937/937/937 1068/1068/1068 1044/1044/1044 
f 931/931/931 937/937/937 1044/1044/1044 
f 1127/1127/1127 1128/1128/1128 886/886/886 
f 886/886/886 1128/1128/1128 892/892/892 
f 1129/1129/1129 1128/1128/1128 1127/1127/1127 
f 1127/1127/1127 1130/1130/1130 1129/1129/1129 
f 1129/1129/1129 1130/1130/1130 1128/1128/1128 
f 1130/1130/1130 892/892/892 1128/1128/1128 
f 892/892/892 1130/1130/1130 1131/1131/1131 
f 1130/1130/1130 1132/1132/1132 1131/1131/1131 
f 1132/1132/1132 1133/1133/1133 1131/1131/1131 
f 1132/1132/1132 1134/1134/1134 1133/1133/1133 
f 1134/1134/1134 1132/1132/1132 1135/1135/1135 
f 1044/1044/1044 1136/1136/1136 931/931/931 
f 931/931/931 1136/1136/1136 1137/1137/1137 
f 1137/1137/1137 934/934/934 931/931/931 
f 934/934/934 1137/1137/1137 1138/1138/1138 
f 1137/1137/1137 1139/1139/1139 1138/1138/1138 
f 1136/1136/1136 1139/1139/1139 1137/1137/1137 
f 1139/1139/1139 1140/1140/1140 1138/1138/1138 
f 1141/1141/1141 1138/1138/1138 1140/1140/1140 
f 1142/1142/1142 1141/1141/1141 1140/1140/1140 
f 1142/1142/1142 1140/1140/1140 1143/1143/1143 
f 1140/1140/1140 1139/1139/1139 1143/1143/1143 
f 1143/1143/1143 1139/1139/1139 1144/1144/1144 
f 1139/1139/1139 1136/1136/1136 1144/1144/1144 
f 1144/1144/1144 1145/1145/1145 1143/1143/1143 
f 1143/1143/1143 1145/1145/1145 1146/1146/1146 
f 1144/1144/1144 1147/1147/1147 1145/1145/1145 
f 1145/1145/1145 1147/1147/1147 1146/1146/1146 
f 1148/1148/1148 1144/1144/1144 1136/1136/1136 
f 1144/1144/1144 1148/1148/1148 1147/1147/1147 
f 1136/1136/1136 1149/1149/1149 1148/1148/1148 
f 1150/1150/1150 1147/1147/1147 1148/1148/1148 
f 1148/1148/1148 1151/1151/1151 1150/1150/1150 
f 1151/1151/1151 1148/1148/1148 1149/1149/1149 
f 1150/1150/1150 1151/1151/1151 1152/1152/1152 
f 1153/1153/1153 1151/1151/1151 1149/1149/1149 
f 1152/1152/1152 1154/1154/1154 1150/1150/1150 
f 1147/1147/1147 1150/1150/1150 1154/1154/1154 
f 1154/1154/1154 1146/1146/1146 1147/1147/1147 
f 1155/1155/1155 1153/1153/1153 1149/1149/1149 
f 1149/1149/1149 1156/1156/1156 1155/1155/1155 
f 1157/1157/1157 1156/1156/1156 1149/1149/1149 
f 1158/1158/1158 1156/1156/1156 1157/1157/1157 
f 1159/1159/1159 1157/1157/1157 1149/1149/1149 
f 1158/1158/1158 1157/1157/1157 1159/1159/1159 
f 1149/1149/1149 1136/1136/1136 1159/1159/1159 
f 1046/1046/1046 1158/1158/1158 1159/1159/1159 
f 1159/1159/1159 1136/1136/1136 1044/1044/1044 
f 1046/1046/1046 1159/1159/1159 1044/1044/1044 
f 1160/1160/1160 1154/1154/1154 1161/1161/1161 
f 1162/1162/1162 1160/1160/1160 1161/1161/1161 
f 1163/1163/1163 1162/1162/1162 1161/1161/1161 
f 1160/1160/1160 1164/1164/1164 1154/1154/1154 
f 1161/1161/1161 1165/1165/1165 1163/1163/1163 
f 1164/1164/1164 1160/1160/1160 1166/1166/1166 
f 1167/1167/1167 1163/1163/1163 1165/1165/1165 
f 1168/1168/1168 1167/1167/1167 1165/1165/1165 
f 1165/1165/1165 1169/1169/1169 1168/1168/1168 
f 1146/1146/1146 1154/1154/1154 1164/1164/1164 
f 1170/1170/1170 1164/1164/1164 1166/1166/1166 
f 1146/1146/1146 1164/1164/1164 1170/1170/1170 
f 1166/1166/1166 1171/1171/1171 1170/1170/1170 
f 1170/1170/1170 1171/1171/1171 1146/1146/1146 
f 1171/1171/1171 1166/1166/1166 1172/1172/1172 
f 1173/1173/1173 1171/1171/1171 1172/1172/1172 
f 1171/1171/1171 1173/1173/1173 1146/1146/1146 
f 1174/1174/1174 1146/1146/1146 1173/1173/1173 
f 1146/1146/1146 1174/1174/1174 1175/1175/1175 
f 1176/1176/1176 1175/1175/1175 1174/1174/1174 
f 1165/1165/1165 1177/1177/1177 1169/1169/1169 
f 1177/1177/1177 1165/1165/1165 1178/1178/1178 
f 1177/1177/1177 1178/1178/1178 1010/1010/1010 
f 1169/1169/1169 1177/1177/1177 1179/1179/1179 
f 1179/1179/1179 1180/1180/1180 1169/1169/1169 
f 1180/1180/1180 1179/1179/1179 1181/1181/1181 
f 1182/1182/1182 1181/1181/1181 1179/1179/1179 
f 1183/1183/1183 1179/1179/1179 1177/1177/1177 
f 1179/1179/1179 1183/1183/1183 1182/1182/1182 
f 1010/1010/1010 1183/1183/1183 1177/1177/1177 
f 1183/1183/1183 1184/1184/1184 1182/1182/1182 
f 1010/1010/1010 1008/1008/1008 1183/1183/1183 
f 1184/1184/1184 1183/1183/1183 1008/1008/1008 
f 1185/1185/1185 1186/1186/1186 1187/1187/1187 
f 1188/1188/1188 1187/1187/1187 1186/1186/1186 
f 1189/1189/1189 1190/1190/1190 1191/1191/1191 
f 1191/1191/1191 1190/1190/1190 1192/1192/1192 
f 1193/1193/1193 1189/1189/1189 1191/1191/1191 
f 1194/1194/1194 1193/1193/1193 1191/1191/1191 
f 1195/1195/1195 1196/1196/1196 1197/1197/1197 
f 1196/1196/1196 1195/1195/1195 1198/1198/1198 
f 1196/1196/1196 1198/1198/1198 1199/1199/1199 
f 1200/1200/1200 1199/1199/1199 1198/1198/1198 
f 1199/1199/1199 1200/1200/1200 1201/1201/1201 
f 1202/1202/1202 1203/1203/1203 1204/1204/1204 
f 1205/1205/1205 1206/1206/1206 1207/1207/1207 
f 1208/1208/1208 1205/1205/1205 1207/1207/1207 
f 1207/1207/1207 1209/1209/1209 1208/1208/1208 
f 1210/1210/1210 1211/1211/1211 1212/1212/1212 
f 1212/1212/1212 1213/1213/1213 1210/1210/1210 
f 1213/1213/1213 1212/1212/1212 1214/1214/1214 
f 1214/1214/1214 1215/1215/1215 1213/1213/1213 
f 1216/1216/1216 1213/1213/1213 1215/1215/1215 
f 1213/1213/1213 1216/1216/1216 1217/1217/1217 
f 1217/1217/1217 1218/1218/1218 1213/1213/1213 
f 1219/1219/1219 1220/1220/1220 1221/1221/1221 
f 1220/1220/1220 1222/1222/1222 1221/1221/1221 
f 1223/1223/1223 1221/1221/1221 1222/1222/1222 
f 1223/1223/1223 1222/1222/1222 1224/1224/1224 
f 1221/1221/1221 1223/1223/1223 1225/1225/1225 
f 1225/1225/1225 1223/1223/1223 1226/1226/1226 
f 1225/1225/1225 1226/1226/1226 1227/1227/1227 
f 1227/1227/1227 1228/1228/1228 1225/1225/1225 
f 1229/1229/1229 1230/1230/1230 1231/1231/1231 
f 1231/1231/1231 1230/1230/1230 1232/1232/1232 
f 1233/1233/1233 1232/1232/1232 1230/1230/1230 
f 1232/1232/1232 1233/1233/1233 1234/1234/1234 
f 1230/1230/1230 1235/1235/1235 1233/1233/1233 
f 1236/1236/1236 1233/1233/1233 1235/1235/1235 
f 1230/1230/1230 1229/1229/1229 1237/1237/1237 
f 1230/1230/1230 1237/1237/1237 1235/1235/1235 
f 1229/1229/1229 1238/1238/1238 1237/1237/1237 
f 1229/1229/1229 1239/1239/1239 1238/1238/1238 
f 1239/1239/1239 1240/1240/1240 1238/1238/1238 
f 1237/1237/1237 1238/1238/1238 1240/1240/1240 
f 1240/1240/1240 1241/1241/1241 1237/1237/1237 
f 1240/1240/1240 1242/1242/1242 1241/1241/1241 
f 1241/1241/1241 1243/1243/1243 1237/1237/1237 
f 1237/1237/1237 1243/1243/1243 1235/1235/1235 
f 1243/1243/1243 1241/1241/1241 1242/1242/1242 
f 1244/1244/1244 1235/1235/1235 1243/1243/1243 
f 1235/1235/1235 1244/1244/1244 1236/1236/1236 
f 1242/1242/1242 1245/1245/1245 1243/1243/1243 
f 1245/1245/1245 1244/1244/1244 1243/1243/1243 
f 1242/1242/1242 1246/1246/1246 1245/1245/1245 
f 1246/1246/1246 1247/1247/1247 1245/1245/1245 
f 1244/1244/1244 1245/1245/1245 1247/1247/1247 
f 1247/1247/1247 1246/1246/1246 1248/1248/1248 
f 1248/1248/1248 1249/1249/1249 1247/1247/1247 
f 1250/1250/1250 1247/1247/1247 1249/1249/1249 
f 1247/1247/1247 1250/1250/1250 1244/1244/1244 
f 1249/1249/1249 1251/1251/1251 1250/1250/1250 
f 1244/1244/1244 1250/1250/1250 1252/1252/1252 
f 1251/1251/1251 1252/1252/1252 1250/1250/1250 
f 1236/1236/1236 1244/1244/1244 1252/1252/1252 
f 1252/1252/1252 1251/1251/1251 1253/1253/1253 
f 1252/1252/1252 1254/1254/1254 1236/1236/1236 
f 1253/1253/1253 1254/1254/1254 1252/1252/1252 
f 1099/1099/1099 885/885/885 884/884/884 
f 884/884/884 1255/1255/1255 1099/1099/1099 
f 1255/1255/1255 1256/1256/1256 1099/1099/1099 
f 1257/1257/1257 1256/1256/1256 1255/1255/1255 
f 1255/1255/1255 1258/1258/1258 1257/1257/1257 
f 1255/1255/1255 1259/1259/1259 1258/1258/1258 
f 1260/1260/1260 1258/1258/1258 1259/1259/1259 
f 1261/1261/1261 1255/1255/1255 884/884/884 
f 1259/1259/1259 1255/1255/1255 1261/1261/1261 
f 1260/1260/1260 1259/1259/1259 1262/1262/1262 
f 1262/1262/1262 1263/1263/1263 1260/1260/1260 
f 1264/1264/1264 1260/1260/1260 1263/1263/1263 
f 1265/1265/1265 1264/1264/1264 1263/1263/1263 
f 1263/1263/1263 1262/1262/1262 1266/1266/1266 
f 1259/1259/1259 1267/1267/1267 1262/1262/1262 
f 1268/1268/1268 1259/1259/1259 1261/1261/1261 
f 1267/1267/1267 1259/1259/1259 1268/1268/1268 
f 884/884/884 1268/1268/1268 1261/1261/1261 
f 1267/1267/1267 1268/1268/1268 1269/1269/1269 
f 1267/1267/1267 1269/1269/1269 1270/1270/1270 
f 884/884/884 1116/1116/1116 1268/1268/1268 
f 1268/1268/1268 1116/1116/1116 1269/1269/1269 
f 1269/1269/1269 1271/1271/1271 1270/1270/1270 
f 1271/1271/1271 1272/1272/1272 1270/1270/1270 
f 1271/1271/1271 1273/1273/1273 1272/1272/1272 
f 1269/1269/1269 1114/1114/1114 1271/1271/1271 
f 1114/1114/1114 1269/1269/1269 1116/1116/1116 
f 1273/1273/1273 1271/1271/1271 1274/1274/1274 
f 1114/1114/1114 1274/1274/1274 1271/1271/1271 
f 1273/1273/1273 1274/1274/1274 1275/1275/1275 
f 1274/1274/1274 1110/1110/1110 1275/1275/1275 
f 1276/1276/1276 1275/1275/1275 1110/1110/1110 
f 1274/1274/1274 1114/1114/1114 1108/1108/1108 
f 1110/1110/1110 1274/1274/1274 1108/1108/1108 
f 1110/1110/1110 1277/1277/1277 1276/1276/1276 
f 1277/1277/1277 1278/1278/1278 1276/1276/1276 
f 1278/1278/1278 1277/1277/1277 1279/1279/1279 
f 1280/1280/1280 1277/1277/1277 1110/1110/1110 
f 1279/1279/1279 1277/1277/1277 1109/1109/1109 
f 1109/1109/1109 1277/1277/1277 1280/1280/1280 
f 1110/1110/1110 1109/1109/1109 1280/1280/1280 
f 1281/1281/1281 1282/1282/1282 1283/1283/1283 
f 1281/1281/1281 1284/1284/1284 1282/1282/1282 
f 1283/1283/1283 1282/1282/1282 1285/1285/1285 
f 1286/1286/1286 1284/1284/1284 1281/1281/1281 
f 1286/1286/1286 1281/1281/1281 1283/1283/1283 
f 1287/1287/1287 1284/1284/1284 1286/1286/1286 
f 1284/1284/1284 1287/1287/1287 1288/1288/1288 
f 1286/1286/1286 1283/1283/1283 1289/1289/1289 
f 1287/1287/1287 1286/1286/1286 1289/1289/1289 
f 1289/1289/1289 1283/1283/1283 1285/1285/1285 
f 1290/1290/1290 1287/1287/1287 1289/1289/1289 
f 1290/1290/1290 1289/1289/1289 1291/1291/1291 
f 1289/1289/1289 1292/1292/1292 1291/1291/1291 
f 1285/1285/1285 1293/1293/1293 1289/1289/1289 
f 1292/1292/1292 1289/1289/1289 1293/1293/1293 
f 1293/1293/1293 1285/1285/1285 1294/1294/1294 
f 1292/1292/1292 1293/1293/1293 1295/1295/1295 
f 1294/1294/1294 1295/1295/1295 1293/1293/1293 
f 1296/1296/1296 1297/1297/1297 1298/1298/1298 
f 1299/1299/1299 1298/1298/1298 1297/1297/1297 
f 1298/1298/1298 1299/1299/1299 1300/1300/1300 
f 1301/1301/1301 1298/1298/1298 1300/1300/1300 
f 1302/1302/1302 1303/1303/1303 1304/1304/1304 
f 1305/1305/1305 1303/1303/1303 1302/1302/1302 
f 1306/1306/1306 1307/1307/1307 1308/1308/1308 
f 1309/1309/1309 1310/1310/1310 1311/1311/1311 
f 1312/1312/1312 1309/1309/1309 1311/1311/1311 
f 1313/1313/1313 1309/1309/1309 1312/1312/1312 
f 1309/1309/1309 1313/1313/1313 1314/1314/1314 
f 1315/1315/1315 1314/1314/1314 1313/1313/1313 
f 1312/1312/1312 1316/1316/1316 1313/1313/1313 
f 1317/1317/1317 1313/1313/1313 1316/1316/1316 
f 1318/1318/1318 1316/1316/1316 1312/1312/1312 
f 1316/1316/1316 1318/1318/1318 1317/1317/1317 
f 1319/1319/1319 1320/1320/1320 810/810/810 
f 810/810/810 1321/1321/1321 1319/1319/1319 
f 1322/1322/1322 1323/1323/1323 1320/1320/1320 
f 1320/1320/1320 1324/1324/1324 1322/1322/1322 
f 1322/1322/1322 1324/1324/1324 1325/1325/1325 
f 1324/1324/1324 1320/1320/1320 1319/1319/1319 
f 1326/1326/1326 1325/1325/1325 1324/1324/1324 
f 1326/1326/1326 1324/1324/1324 1319/1319/1319 
f 1320/1320/1320 1323/1323/1323 811/811/811 
f 811/811/811 810/810/810 1320/1320/1320 
f 1327/1327/1327 811/811/811 1323/1323/1323 
f 811/811/811 1327/1327/1327 825/825/825 
f 1319/1319/1319 1328/1328/1328 1326/1326/1326 
f 1328/1328/1328 1329/1329/1329 1326/1326/1326 
f 1329/1329/1329 1328/1328/1328 1330/1330/1330 
f 1331/1331/1331 1330/1330/1330 1328/1328/1328 
f 1319/1319/1319 1331/1331/1331 1328/1328/1328 
f 1330/1330/1330 1331/1331/1331 1332/1332/1332 
f 1332/1332/1332 1331/1331/1331 1333/1333/1333 
f 1334/1334/1334 1333/1333/1333 1331/1331/1331 
f 1335/1335/1335 1334/1334/1334 1331/1331/1331 
f 1331/1331/1331 1319/1319/1319 1336/1336/1336 
f 1335/1335/1335 1331/1331/1331 1337/1337/1337 
f 1331/1331/1331 1336/1336/1336 1337/1337/1337 
f 1337/1337/1337 1338/1338/1338 1335/1335/1335 
f 1339/1339/1339 1338/1338/1338 1337/1337/1337 
f 1321/1321/1321 1336/1336/1336 1319/1319/1319 
f 1337/1337/1337 1336/1336/1336 1340/1340/1340 
f 1340/1340/1340 1339/1339/1339 1337/1337/1337 
f 1336/1336/1336 1321/1321/1321 1340/1340/1340 
f 1339/1339/1339 1340/1340/1340 1341/1341/1341 
f 1339/1339/1339 1341/1341/1341 1342/1342/1342 
f 1341/1341/1341 1343/1343/1343 1342/1342/1342 
f 1344/1344/1344 1341/1341/1341 1340/1340/1340 
f 1344/1344/1344 1340/1340/1340 1321/1321/1321 
f 1343/1343/1343 1341/1341/1341 1345/1345/1345 
f 1343/1343/1343 1345/1345/1345 1346/1346/1346 
f 1345/1345/1345 1347/1347/1347 1346/1346/1346 
f 1341/1341/1341 1348/1348/1348 1345/1345/1345 
f 1345/1345/1345 1348/1348/1348 1347/1347/1347 
f 1348/1348/1348 1341/1341/1341 1344/1344/1344 
f 1349/1349/1349 1347/1347/1347 1348/1348/1348 
f 1350/1350/1350 1348/1348/1348 1344/1344/1344 
f 1348/1348/1348 1350/1350/1350 1349/1349/1349 
f 1344/1344/1344 1351/1351/1351 1350/1350/1350 
f 1351/1351/1351 1344/1344/1344 1321/1321/1321 
f 1350/1350/1350 1352/1352/1352 1349/1349/1349 
f 1350/1350/1350 1351/1351/1351 1352/1352/1352 
f 1353/1353/1353 1349/1349/1349 1352/1352/1352 
f 1349/1349/1349 1353/1353/1353 1354/1354/1354 
f 1353/1353/1353 1355/1355/1355 1354/1354/1354 
f 1353/1353/1353 1352/1352/1352 1356/1356/1356 
f 1355/1355/1355 1353/1353/1353 1356/1356/1356 
f 1351/1351/1351 1356/1356/1356 1352/1352/1352 
f 1356/1356/1356 1357/1357/1357 1355/1355/1355 
f 1358/1358/1358 1355/1355/1355 1357/1357/1357 
f 1351/1351/1351 1359/1359/1359 1356/1356/1356 
f 1357/1357/1357 1356/1356/1356 1359/1359/1359 
f 1321/1321/1321 1360/1360/1360 1351/1351/1351 
f 1359/1359/1359 1351/1351/1351 1360/1360/1360 
f 1321/1321/1321 810/810/810 1360/1360/1360 
f 1360/1360/1360 1361/1361/1361 1359/1359/1359 
f 1361/1361/1361 1360/1360/1360 810/810/810 
f 1359/1359/1359 814/814/814 1357/1357/1357 
f 814/814/814 1359/1359/1359 1361/1361/1361 
f 1358/1358/1358 1357/1357/1357 813/813/813 
f 1357/1357/1357 814/814/814 813/813/813 
f 813/813/813 815/815/815 1358/1358/1358 
f 810/810/810 809/809/809 1361/1361/1361 
f 1361/1361/1361 809/809/809 814/814/814 
f 1362/1362/1362 1363/1363/1363 1364/1364/1364 
f 1365/1365/1365 1366/1366/1366 1367/1367/1367 
f 1365/1365/1365 1368/1368/1368 1366/1366/1366 
f 1369/1369/1369 1368/1368/1368 1365/1365/1365 
f 1368/1368/1368 1369/1369/1369 1370/1370/1370 
f 1371/1371/1371 1368/1368/1368 1370/1370/1370 
f 1372/1372/1372 1366/1366/1366 1368/1368/1368 
f 1368/1368/1368 1371/1371/1371 1372/1372/1372 
f 1366/1366/1366 1372/1372/1372 1373/1373/1373 
f 1373/1373/1373 1372/1372/1372 1374/1374/1374 
f 1375/1375/1375 1372/1372/1372 1371/1371/1371 
f 1371/1371/1371 1376/1376/1376 1375/1375/1375 
f 1377/1377/1377 1374/1374/1374 1372/1372/1372 
f 1377/1377/1377 1375/1375/1375 1374/1374/1374 
f 1372/1372/1372 1375/1375/1375 1377/1377/1377 
f 1078/1078/1078 1378/1378/1378 1379/1379/1379 
f 1079/1079/1079 1078/1078/1078 1379/1379/1379 
f 1380/1380/1380 1378/1378/1378 1078/1078/1078 
f 1381/1381/1381 1380/1380/1380 1078/1078/1078 
f 1079/1079/1079 1379/1379/1379 1382/1382/1382 
f 1079/1079/1079 1382/1382/1382 1383/1383/1383 
f 1383/1383/1383 1382/1382/1382 1384/1384/1384 
f 1384/1384/1384 1382/1382/1382 1385/1385/1385 
f 1379/1379/1379 1385/1385/1385 1382/1382/1382 
f 1381/1381/1381 1386/1386/1386 1380/1380/1380 
f 1386/1386/1386 1381/1381/1381 1387/1387/1387 
f 1388/1388/1388 1386/1386/1386 1387/1387/1387 
f 1389/1389/1389 1380/1380/1380 1386/1386/1386 
f 1388/1388/1388 1389/1389/1389 1386/1386/1386 
f 1380/1380/1380 1389/1389/1389 1378/1378/1378 
f 1389/1389/1389 1388/1388/1388 1390/1390/1390 
f 1390/1390/1390 1391/1391/1391 1389/1389/1389 
f 1389/1389/1389 1392/1392/1392 1378/1378/1378 
f 1392/1392/1392 1389/1389/1389 1391/1391/1391 
f 1378/1378/1378 1392/1392/1392 1379/1379/1379 
f 1385/1385/1385 1379/1379/1379 1392/1392/1392 
f 1391/1391/1391 1393/1393/1393 1392/1392/1392 
f 1392/1392/1392 1393/1393/1393 1385/1385/1385 
f 1393/1393/1393 1394/1394/1394 1385/1385/1385 
f 1395/1395/1395 1396/1396/1396 1397/1397/1397 
f 1397/1397/1397 1398/1398/1398 1395/1395/1395 
f 1395/1395/1395 1398/1398/1398 1399/1399/1399 
f 1400/1400/1400 1397/1397/1397 1396/1396/1396 
f 1396/1396/1396 1401/1401/1401 1400/1400/1400 
f 1398/1398/1398 1397/1397/1397 1402/1402/1402 
f 1397/1397/1397 1400/1400/1400 1402/1402/1402 
f 1402/1402/1402 1403/1403/1403 1398/1398/1398 
f 1404/1404/1404 1400/1400/1400 1401/1401/1401 
f 1403/1403/1403 1402/1402/1402 504/504/504 
f 506/506/506 1403/1403/1403 504/504/504 
f 1405/1405/1405 1402/1402/1402 1400/1400/1400 
f 1405/1405/1405 504/504/504 1402/1402/1402 
f 1406/1406/1406 1400/1400/1400 1404/1404/1404 
f 1400/1400/1400 1406/1406/1406 1405/1405/1405 
f 1404/1404/1404 1407/1407/1407 1406/1406/1406 
f 1408/1408/1408 1406/1406/1406 1407/1407/1407 
f 1407/1407/1407 1409/1409/1409 1408/1408/1408 
f 554/554/554 1408/1408/1408 1409/1409/1409 
f 1406/1406/1406 1408/1408/1408 543/543/543 
f 1408/1408/1408 554/554/554 543/543/543 
f 543/543/543 1405/1405/1405 1406/1406/1406 
f 504/504/504 1405/1405/1405 536/536/536 
f 1405/1405/1405 543/543/543 536/536/536 
f 1410/1410/1410 1411/1411/1411 1412/1412/1412 
f 1413/1413/1413 1412/1412/1412 1411/1411/1411 
f 1414/1414/1414 1413/1413/1413 1411/1411/1411 
f 1415/1415/1415 1416/1416/1416 1417/1417/1417 
f 1418/1418/1418 1415/1415/1415 1417/1417/1417 
f 1419/1419/1419 1416/1416/1416 1415/1415/1415 
f 1416/1416/1416 1419/1419/1419 1420/1420/1420 
f 1421/1421/1421 1419/1419/1419 1415/1415/1415 
f 1421/1421/1421 1420/1420/1420 1419/1419/1419 
f 1421/1421/1421 1415/1415/1415 1418/1418/1418 
f 1422/1422/1422 1420/1420/1420 1421/1421/1421 
f 1421/1421/1421 1423/1423/1423 1422/1422/1422 
f 1418/1418/1418 1424/1424/1424 1421/1421/1421 
f 1423/1423/1423 1421/1421/1421 1424/1424/1424 
f 1424/1424/1424 1418/1418/1418 1425/1425/1425 
f 1426/1426/1426 1423/1423/1423 1424/1424/1424 
f 1424/1424/1424 1425/1425/1425 1426/1426/1426 
f 1427/1427/1427 1428/1428/1428 1429/1429/1429 
f 1430/1430/1430 1429/1429/1429 1428/1428/1428 
f 1431/1431/1431 1432/1432/1432 1433/1433/1433 
f 1433/1433/1433 1432/1432/1432 1434/1434/1434 
f 1433/1433/1433 1435/1435/1435 1431/1431/1431 
f 1435/1435/1435 1436/1436/1436 1431/1431/1431 
f 1437/1437/1437 1431/1431/1431 1436/1436/1436 
f 1431/1431/1431 1437/1437/1437 1438/1438/1438 
f 1436/1436/1436 1439/1439/1439 1437/1437/1437 
f 1440/1440/1440 1437/1437/1437 1439/1439/1439 
f 1441/1441/1441 1440/1440/1440 1439/1439/1439 
f 1439/1439/1439 1442/1442/1442 1441/1441/1441 
f 1443/1443/1443 1441/1441/1441 1442/1442/1442 
f 1441/1441/1441 1443/1443/1443 1444/1444/1444 
f 1445/1445/1445 1446/1446/1446 1447/1447/1447 
f 1448/1448/1448 1447/1447/1447 1446/1446/1446 
f 1445/1445/1445 1447/1447/1447 1449/1449/1449 
f 1446/1446/1446 1450/1450/1450 1448/1448/1448 
f 1446/1446/1446 1451/1451/1451 1450/1450/1450 
f 1446/1446/1446 1445/1445/1445 1452/1452/1452 
f 1453/1453/1453 1445/1445/1445 1449/1449/1449 
f 1452/1452/1452 1445/1445/1445 1453/1453/1453 
f 1452/1452/1452 1453/1453/1453 1454/1454/1454 
f 1455/1455/1455 1456/1456/1456 1457/1457/1457 
f 1458/1458/1458 1455/1455/1455 1457/1457/1457 
f 1459/1459/1459 1458/1458/1458 1457/1457/1457 
f 1460/1460/1460 1457/1457/1457 1456/1456/1456 
f 1461/1461/1461 1460/1460/1460 1456/1456/1456 
f 1460/1460/1460 1461/1461/1461 1462/1462/1462 
f 1457/1457/1457 1460/1460/1460 1463/1463/1463 
f 1460/1460/1460 1462/1462/1462 1463/1463/1463 
f 1463/1463/1463 1459/1459/1459 1457/1457/1457 
f 1463/1463/1463 1462/1462/1462 1464/1464/1464 
f 1463/1463/1463 1464/1464/1464 1465/1465/1465 
f 1459/1459/1459 1463/1463/1463 1466/1466/1466 
f 1467/1467/1467 1463/1463/1463 1465/1465/1465 
f 1467/1467/1467 1466/1466/1466 1463/1463/1463 
f 1468/1468/1468 1467/1467/1467 1465/1465/1465 
f 1469/1469/1469 1467/1467/1467 1468/1468/1468 
f 1466/1466/1466 1467/1467/1467 1469/1469/1469 
f 1469/1469/1469 1468/1468/1468 1470/1470/1470 
f 1470/1470/1470 1466/1466/1466 1469/1469/1469 
f 1470/1470/1470 1471/1471/1471 1466/1466/1466 
f 1459/1459/1459 1466/1466/1466 1472/1472/1472 
f 1472/1472/1472 1466/1466/1466 1471/1471/1471 
f 1472/1472/1472 1473/1473/1473 1459/1459/1459 
f 1473/1473/1473 1472/1472/1472 1471/1471/1471 
f 1474/1474/1474 1475/1475/1475 1476/1476/1476 
f 1475/1475/1475 1477/1477/1477 1476/1476/1476 
f 1478/1478/1478 1477/1477/1477 1475/1475/1475 
f 1479/1479/1479 1475/1475/1475 1474/1474/1474 
f 1475/1475/1475 1479/1479/1479 1478/1478/1478 
f 1479/1479/1479 1474/1474/1474 1480/1480/1480 
f 1478/1478/1478 1479/1479/1479 1481/1481/1481 
f 1482/1482/1482 1479/1479/1479 1480/1480/1480 
f 1482/1482/1482 1481/1481/1481 1479/1479/1479 
f 1483/1483/1483 1484/1484/1484 1485/1485/1485 
f 1485/1485/1485 1486/1486/1486 1483/1483/1483 
f 1487/1487/1487 1483/1483/1483 1486/1486/1486 
f 1488/1488/1488 1487/1487/1487 1486/1486/1486 
f 1486/1486/1486 1485/1485/1485 1489/1489/1489 
f 1485/1485/1485 1490/1490/1490 1489/1489/1489 
f 1491/1491/1491 1488/1488/1488 1486/1486/1486 
f 1490/1490/1490 1492/1492/1492 1489/1489/1489 
f 1486/1486/1486 1489/1489/1489 1492/1492/1492 
f 1492/1492/1492 1491/1491/1491 1486/1486/1486 
f 1490/1490/1490 1493/1493/1493 1492/1492/1492 
f 1492/1492/1492 1493/1493/1493 1494/1494/1494 
f 1492/1492/1492 1494/1494/1494 1491/1491/1491 
f 1488/1488/1488 1491/1491/1491 1495/1495/1495 
f 1494/1494/1494 1496/1496/1496 1491/1491/1491 
f 1496/1496/1496 1497/1497/1497 1491/1491/1491 
f 1495/1495/1495 1491/1491/1491 1497/1497/1497 
f 1497/1497/1497 1496/1496/1496 1498/1498/1498 
f 1498/1498/1498 1499/1499/1499 1497/1497/1497 
f 1495/1495/1495 1497/1497/1497 1499/1499/1499 
f 1499/1499/1499 1500/1500/1500 1495/1495/1495 
f 1501/1501/1501 1502/1502/1502 1503/1503/1503 
f 1503/1503/1503 1504/1504/1504 1501/1501/1501 
f 1505/1505/1505 1501/1501/1501 1504/1504/1504 
f 1501/1501/1501 1505/1505/1505 1506/1506/1506 
f 1507/1507/1507 1506/1506/1506 1505/1505/1505 
f 1504/1504/1504 1507/1507/1507 1505/1505/1505 
f 1507/1507/1507 1508/1508/1508 1506/1506/1506 
f 1508/1508/1508 1507/1507/1507 1509/1509/1509 
f 1509/1509/1509 1507/1507/1507 1510/1510/1510 
f 1507/1507/1507 1504/1504/1504 1511/1511/1511 
f 1503/1503/1503 1511/1511/1511 1504/1504/1504 
f 1507/1507/1507 1512/1512/1512 1510/1510/1510 
f 1512/1512/1512 1507/1507/1507 1511/1511/1511 
f 1510/1510/1510 1512/1512/1512 1513/1513/1513 
f 1512/1512/1512 1514/1514/1514 1513/1513/1513 
f 1515/1515/1515 1514/1514/1514 1512/1512/1512 
f 1515/1515/1515 1516/1516/1516 1514/1514/1514 
f 1515/1515/1515 1517/1517/1517 1516/1516/1516 
f 1518/1518/1518 1517/1517/1517 1515/1515/1515 
f 1518/1518/1518 1515/1515/1515 1512/1512/1512 
f 1519/1519/1519 1517/1517/1517 1518/1518/1518 
f 1520/1520/1520 1518/1518/1518 1512/1512/1512 
f 1520/1520/1520 1519/1519/1519 1518/1518/1518 
f 1511/1511/1511 1520/1520/1520 1512/1512/1512 
f 1519/1519/1519 1520/1520/1520 1521/1521/1521 
f 1522/1522/1522 1519/1519/1519 1521/1521/1521 
f 1520/1520/1520 1511/1511/1511 1523/1523/1523 
f 1523/1523/1523 1521/1521/1521 1520/1520/1520 
f 1522/1522/1522 1521/1521/1521 1524/1524/1524 
f 1523/1523/1523 1524/1524/1524 1521/1521/1521 
f 1525/1525/1525 1522/1522/1522 1524/1524/1524 
f 1525/1525/1525 1526/1526/1526 1522/1522/1522 
f 1526/1526/1526 1525/1525/1525 1527/1527/1527 
f 1528/1528/1528 1527/1527/1527 1525/1525/1525 
f 1524/1524/1524 1528/1528/1528 1525/1525/1525 
f 1529/1529/1529 1528/1528/1528 1524/1524/1524 
f 1524/1524/1524 1523/1523/1523 1529/1529/1529 
f 1529/1529/1529 1530/1530/1530 1528/1528/1528 
f 1529/1529/1529 1531/1531/1531 1530/1530/1530 
f 1531/1531/1531 1529/1529/1529 1523/1523/1523 
f 1532/1532/1532 1530/1530/1530 1531/1531/1531 
f 1531/1531/1531 1533/1533/1533 1532/1532/1532 
f 1534/1534/1534 1533/1533/1533 1531/1531/1531 
f 1533/1533/1533 1534/1534/1534 1535/1535/1535 
f 1502/1502/1502 1535/1535/1535 1534/1534/1534 
f 1536/1536/1536 1534/1534/1534 1531/1531/1531 
f 1534/1534/1534 1536/1536/1536 1502/1502/1502 
f 1531/1531/1531 1523/1523/1523 1536/1536/1536 
f 1503/1503/1503 1502/1502/1502 1536/1536/1536 
f 1536/1536/1536 1523/1523/1523 1511/1511/1511 
f 1511/1511/1511 1503/1503/1503 1536/1536/1536 
f 1537/1537/1537 1538/1538/1538 1539/1539/1539 
f 1537/1537/1537 1540/1540/1540 1538/1538/1538 
f 1537/1537/1537 1539/1539/1539 1541/1541/1541 
f 1540/1540/1540 1542/1542/1542 1538/1538/1538 
f 1543/1543/1543 1539/1539/1539 1538/1538/1538 
f 1542/1542/1542 1543/1543/1543 1538/1538/1538 
f 1544/1544/1544 1541/1541/1541 1539/1539/1539 
f 1539/1539/1539 1543/1543/1543 1544/1544/1544 
f 1545/1545/1545 1543/1543/1543 1542/1542/1542 
f 1545/1545/1545 1542/1542/1542 1546/1546/1546 
f 1547/1547/1547 1546/1546/1546 1542/1542/1542 
f 1548/1548/1548 1546/1546/1546 1547/1547/1547 
f 1543/1543/1543 1545/1545/1545 1549/1549/1549 
f 1543/1543/1543 1549/1549/1549 1544/1544/1544 
f 1550/1550/1550 1549/1549/1549 1545/1545/1545 
f 1551/1551/1551 1549/1549/1549 1550/1550/1550 
f 1544/1544/1544 1549/1549/1549 1551/1551/1551 
f 1544/1544/1544 1551/1551/1551 1552/1552/1552 
f 1552/1552/1552 1541/1541/1541 1544/1544/1544 
f 1541/1541/1541 1552/1552/1552 1553/1553/1553 
f 1541/1541/1541 1553/1553/1553 1554/1554/1554 
f 1553/1553/1553 1555/1555/1555 1554/1554/1554 
f 1556/1556/1556 1557/1557/1557 1558/1558/1558 
f 1557/1557/1557 1559/1559/1559 1558/1558/1558 
f 1558/1558/1558 1560/1560/1560 1556/1556/1556 
f 1556/1556/1556 1560/1560/1560 1561/1561/1561 
f 1562/1562/1562 1563/1563/1563 1564/1564/1564 
f 1565/1565/1565 1563/1563/1563 1562/1562/1562 
f 1565/1565/1565 1566/1566/1566 1563/1563/1563 
f 1565/1565/1565 1567/1567/1567 1566/1566/1566 
f 1565/1565/1565 1568/1568/1568 1567/1567/1567 
f 1569/1569/1569 1567/1567/1567 1568/1568/1568 
f 1570/1570/1570 1568/1568/1568 1565/1565/1565 
f 1562/1562/1562 1570/1570/1570 1565/1565/1565 
f 1570/1570/1570 1571/1571/1571 1568/1568/1568 
f 1570/1570/1570 1572/1572/1572 1571/1571/1571 
f 1570/1570/1570 1573/1573/1573 1572/1572/1572 
f 1573/1573/1573 1570/1570/1570 1562/1562/1562 
f 1562/1562/1562 1574/1574/1574 1573/1573/1573 
f 1574/1574/1574 1575/1575/1575 1573/1573/1573 
f 1575/1575/1575 1574/1574/1574 1576/1576/1576 
f 1576/1576/1576 1577/1577/1577 1575/1575/1575 
f 1578/1578/1578 1579/1579/1579 1580/1580/1580 
f 1581/1581/1581 1578/1578/1578 1580/1580/1580 
f 1582/1582/1582 1583/1583/1583 1584/1584/1584 
f 1582/1582/1582 1584/1584/1584 1585/1585/1585 
f 1586/1586/1586 1583/1583/1583 1582/1582/1582 
f 1587/1587/1587 1583/1583/1583 1586/1586/1586 
f 1583/1583/1583 1587/1587/1587 1588/1588/1588 
f 1589/1589/1589 1590/1590/1590 1591/1591/1591 
f 1590/1590/1590 1592/1592/1592 1591/1591/1591 
f 1589/1589/1589 1591/1591/1591 1593/1593/1593 
f 1594/1594/1594 1591/1591/1591 1592/1592/1592 
f 1592/1592/1592 1595/1595/1595 1594/1594/1594 
f 1591/1591/1591 1594/1594/1594 1596/1596/1596 
f 1596/1596/1596 1593/1593/1593 1591/1591/1591 
f 1593/1593/1593 1597/1597/1597 1598/1598/1598 
f 1596/1596/1596 1597/1597/1597 1593/1593/1593 
f 1597/1597/1597 1596/1596/1596 1599/1599/1599 
f 1600/1600/1600 1599/1599/1599 1596/1596/1596 
f 1600/1600/1600 1596/1596/1596 1601/1601/1601 
f 1596/1596/1596 1602/1602/1602 1601/1601/1601 
f 1603/1603/1603 1604/1604/1604 1605/1605/1605 
f 1606/1606/1606 1605/1605/1605 1604/1604/1604 
f 1604/1604/1604 1603/1603/1603 1607/1607/1607 
f 1606/1606/1606 1604/1604/1604 1608/1608/1608 
f 1609/1609/1609 1604/1604/1604 1607/1607/1607 
f 1604/1604/1604 1610/1610/1610 1608/1608/1608 
f 1604/1604/1604 1609/1609/1609 1610/1610/1610 
f 1608/1608/1608 1610/1610/1610 1611/1611/1611 
f 1612/1612/1612 1610/1610/1610 1609/1609/1609 
f 1613/1613/1613 1612/1612/1612 1609/1609/1609 
f 1614/1614/1614 1612/1612/1612 1613/1613/1613 
f 1614/1614/1614 1615/1615/1615 1612/1612/1612 
f 1610/1610/1610 1612/1612/1612 1616/1616/1616 
f 1611/1611/1611 1610/1610/1610 1616/1616/1616 
f 1615/1615/1615 1616/1616/1616 1612/1612/1612 
f 1611/1611/1611 1616/1616/1616 1617/1617/1617 
f 1617/1617/1617 1616/1616/1616 1618/1618/1618 
f 1616/1616/1616 1615/1615/1615 1618/1618/1618 
f 1619/1619/1619 1618/1618/1618 1615/1615/1615 
f 1619/1619/1619 1620/1620/1620 1618/1618/1618 
f 1621/1621/1621 1618/1618/1618 1620/1620/1620 
f 1622/1622/1622 1621/1621/1621 1620/1620/1620 
f 1623/1623/1623 1624/1624/1624 1625/1625/1625 
f 1624/1624/1624 1623/1623/1623 1626/1626/1626 
f 1625/1625/1625 1627/1627/1627 1628/1628/1628 
f 1629/1629/1629 1625/1625/1625 1628/1628/1628 
f 1625/1625/1625 1629/1629/1629 1623/1623/1623 
f 1623/1623/1623 1630/1630/1630 1626/1626/1626 
f 1623/1623/1623 1629/1629/1629 1630/1630/1630 
f 1631/1631/1631 1630/1630/1630 1629/1629/1629 
f 1632/1632/1632 1626/1626/1626 1630/1630/1630 
f 1633/1633/1633 1630/1630/1630 1631/1631/1631 
f 1630/1630/1630 1634/1634/1634 1632/1632/1632 
f 1634/1634/1634 1630/1630/1630 1633/1633/1633 
f 1634/1634/1634 1633/1633/1633 1635/1635/1635 
f 1635/1635/1635 1636/1636/1636 1634/1634/1634 
f 1636/1636/1636 1637/1637/1637 1634/1634/1634 
f 1638/1638/1638 1634/1634/1634 1637/1637/1637 
f 1638/1638/1638 1639/1639/1639 1634/1634/1634 
f 1640/1640/1640 1632/1632/1632 1634/1634/1634 
f 1639/1639/1639 1641/1641/1641 1634/1634/1634 
f 1640/1640/1640 1634/1634/1634 1641/1641/1641 
f 1642/1642/1642 1640/1640/1640 1641/1641/1641 
f 1643/1643/1643 1644/1644/1644 1645/1645/1645 
f 1644/1644/1644 1646/1646/1646 1645/1645/1645 
f 1645/1645/1645 1647/1647/1647 1643/1643/1643 
f 1648/1648/1648 1643/1643/1643 1647/1647/1647 
f 1645/1645/1645 1646/1646/1646 1649/1649/1649 
f 1647/1647/1647 1645/1645/1645 1649/1649/1649 
f 1650/1650/1650 1648/1648/1648 1647/1647/1647 
f 1649/1649/1649 1650/1650/1650 1647/1647/1647 
f 1648/1648/1648 1650/1650/1650 1651/1651/1651 
f 1650/1650/1650 1652/1652/1652 1651/1651/1651 
f 1652/1652/1652 1650/1650/1650 1653/1653/1653 
f 1650/1650/1650 1649/1649/1649 1653/1653/1653 
f 1653/1653/1653 1654/1654/1654 1652/1652/1652 
f 1655/1655/1655 1649/1649/1649 1646/1646/1646 
f 1653/1653/1653 1656/1656/1656 1654/1654/1654 
f 1657/1657/1657 1654/1654/1654 1656/1656/1656 
f 1658/1658/1658 1657/1657/1657 1656/1656/1656 
f 1653/1653/1653 1659/1659/1659 1656/1656/1656 
f 1658/1658/1658 1656/1656/1656 1659/1659/1659 
f 1659/1659/1659 1653/1653/1653 1649/1649/1649 
f 1660/1660/1660 1655/1655/1655 1661/1661/1661 
f 1660/1660/1660 1662/1662/1662 1655/1655/1655 
f 1649/1649/1649 1655/1655/1655 1663/1663/1663 
f 1663/1663/1663 1655/1655/1655 1662/1662/1662 
f 1649/1649/1649 1663/1663/1663 1664/1664/1664 
f 1659/1659/1659 1649/1649/1649 1664/1664/1664 
f 1665/1665/1665 1663/1663/1663 1662/1662/1662 
f 1665/1665/1665 1664/1664/1664 1663/1663/1663 
f 1662/1662/1662 1666/1666/1666 1665/1665/1665 
f 1664/1664/1664 1665/1665/1665 1667/1667/1667 
f 1666/1666/1666 1667/1667/1667 1665/1665/1665 
f 1667/1667/1667 1659/1659/1659 1664/1664/1664 
f 1668/1668/1668 1667/1667/1667 1666/1666/1666 
f 1659/1659/1659 1669/1669/1669 1658/1658/1658 
f 1670/1670/1670 1658/1658/1658 1669/1669/1669 
f 1671/1671/1671 1670/1670/1670 1669/1669/1669 
f 1671/1671/1671 1669/1669/1669 1672/1672/1672 
f 1673/1673/1673 1674/1674/1674 1672/1672/1672 
f 1669/1669/1669 1673/1673/1673 1672/1672/1672 
f 1675/1675/1675 1673/1673/1673 1669/1669/1669 
f 1676/1676/1676 1675/1675/1675 1669/1669/1669 
f 1675/1675/1675 1676/1676/1676 1677/1677/1677 
f 1678/1678/1678 1677/1677/1677 1676/1676/1676 
f 1679/1679/1679 1678/1678/1678 1676/1676/1676 
f 1676/1676/1676 1669/1669/1669 1680/1680/1680 
f 1669/1669/1669 1659/1659/1659 1680/1680/1680 
f 1676/1676/1676 1681/1681/1681 1679/1679/1679 
f 1680/1680/1680 1681/1681/1681 1676/1676/1676 
f 1679/1679/1679 1681/1681/1681 1682/1682/1682 
f 1681/1681/1681 1683/1683/1683 1682/1682/1682 
f 1681/1681/1681 1684/1684/1684 1683/1683/1683 
f 1681/1681/1681 1680/1680/1680 1684/1684/1684 
f 1667/1667/1667 1680/1680/1680 1659/1659/1659 
f 1685/1685/1685 1684/1684/1684 1680/1680/1680 
f 1686/1686/1686 1684/1684/1684 1685/1685/1685 
f 1687/1687/1687 1685/1685/1685 1680/1680/1680 
f 1686/1686/1686 1685/1685/1685 1687/1687/1687 
f 1680/1680/1680 1667/1667/1667 1687/1687/1687 
f 1687/1687/1687 1688/1688/1688 1686/1686/1686 
f 1688/1688/1688 1687/1687/1687 1689/1689/1689 
f 1690/1690/1690 1688/1688/1688 1689/1689/1689 
f 1691/1691/1691 1687/1687/1687 1667/1667/1667 
f 1687/1687/1687 1691/1691/1691 1689/1689/1689 
f 1690/1690/1690 1689/1689/1689 1691/1691/1691 
f 1667/1667/1667 1668/1668/1668 1691/1691/1691 
f 1690/1690/1690 1691/1691/1691 1668/1668/1668 
f 1692/1692/1692 1693/1693/1693 1694/1694/1694 
f 1692/1692/1692 1695/1695/1695 1693/1693/1693 
f 1692/1692/1692 1696/1696/1696 1695/1695/1695 
f 1697/1697/1697 1692/1692/1692 1694/1694/1694 
f 1696/1696/1696 1692/1692/1692 1698/1698/1698 
f 1692/1692/1692 1697/1697/1697 1698/1698/1698 
f 1694/1694/1694 1699/1699/1699 1697/1697/1697 
f 1700/1700/1700 1697/1697/1697 1699/1699/1699 
f 1701/1701/1701 1699/1699/1699 1694/1694/1694 
f 1694/1694/1694 1702/1702/1702 1701/1701/1701 
f 1702/1702/1702 1703/1703/1703 1701/1701/1701 
f 1700/1700/1700 1704/1704/1704 1697/1697/1697 
f 1698/1698/1698 1697/1697/1697 1704/1704/1704 
f 1704/1704/1704 1705/1705/1705 1698/1698/1698 
f 1705/1705/1705 1706/1706/1706 1698/1698/1698 
f 1698/1698/1698 1706/1706/1706 1707/1707/1707 
f 1708/1708/1708 1698/1698/1698 1707/1707/1707 
f 1698/1698/1698 1708/1708/1708 1696/1696/1696 
f 1709/1709/1709 1696/1696/1696 1708/1708/1708 
f 1708/1708/1708 1710/1710/1710 1709/1709/1709 
f 1711/1711/1711 1712/1712/1712 1713/1713/1713 
f 1712/1712/1712 1711/1711/1711 1714/1714/1714 
f 1712/1712/1712 1714/1714/1714 1715/1715/1715 
f 1712/1712/1712 1715/1715/1715 1716/1716/1716 
f 1713/1713/1713 1712/1712/1712 1717/1717/1717 
f 1716/1716/1716 1718/1718/1718 1712/1712/1712 
f 1717/1717/1717 1712/1712/1712 1718/1718/1718 
f 1719/1719/1719 1718/1718/1718 1716/1716/1716 
f 1718/1718/1718 1719/1719/1719 1720/1720/1720 
f 1721/1721/1721 1720/1720/1720 1719/1719/1719 
f 1720/1720/1720 1722/1722/1722 1718/1718/1718 
f 1722/1722/1722 1717/1717/1717 1718/1718/1718 
f 1723/1723/1723 1717/1717/1717 1722/1722/1722 
f 1723/1723/1723 1724/1724/1724 1717/1717/1717 
f 1725/1725/1725 1726/1726/1726 1727/1727/1727 
f 1726/1726/1726 1725/1725/1725 1728/1728/1728 
f 1728/1728/1728 1729/1729/1729 1726/1726/1726 
f 1725/1725/1725 1727/1727/1727 1730/1730/1730 
f 1731/1731/1731 1730/1730/1730 1727/1727/1727 
f 1732/1732/1732 1725/1725/1725 1730/1730/1730 
f 1730/1730/1730 1731/1731/1731 1733/1733/1733 
f 1733/1733/1733 1732/1732/1732 1730/1730/1730 
f 1733/1733/1733 1731/1731/1731 1734/1734/1734 
f 1732/1732/1732 1733/1733/1733 1735/1735/1735 
f 1733/1733/1733 1736/1736/1736 1735/1735/1735 
f 1733/1733/1733 1737/1737/1737 1736/1736/1736 
f 1738/1738/1738 1733/1733/1733 1734/1734/1734 
f 1733/1733/1733 1739/1739/1739 1737/1737/1737 
f 1739/1739/1739 1733/1733/1733 1738/1738/1738 
f 1738/1738/1738 1740/1740/1740 1739/1739/1739 
f 1738/1738/1738 1741/1741/1741 1740/1740/1740 
f 1741/1741/1741 1742/1742/1742 1740/1740/1740 
f 1743/1743/1743 1744/1744/1744 1745/1745/1745 
f 1746/1746/1746 1747/1747/1747 1744/1744/1744 
f 1746/1746/1746 1744/1744/1744 1743/1743/1743 
f 1748/1748/1748 1746/1746/1746 1743/1743/1743 
f 1745/1745/1745 1749/1749/1749 1743/1743/1743 
f 1749/1749/1749 1745/1745/1745 1750/1750/1750 
f 1751/1751/1751 1743/1743/1743 1749/1749/1749 
f 1752/1752/1752 1743/1743/1743 1751/1751/1751 
f 1751/1751/1751 1753/1753/1753 1752/1752/1752 
f 1751/1751/1751 1749/1749/1749 1753/1753/1753 
f 1750/1750/1750 1754/1754/1754 1749/1749/1749 
f 1754/1754/1754 1753/1753/1753 1749/1749/1749 
f 1754/1754/1754 1750/1750/1750 1755/1755/1755 
f 1756/1756/1756 1753/1753/1753 1754/1754/1754 
f 1754/1754/1754 1755/1755/1755 1757/1757/1757 
f 1757/1757/1757 1756/1756/1756 1754/1754/1754 
f 1757/1757/1757 1758/1758/1758 1756/1756/1756 
f 1759/1759/1759 1758/1758/1758 1757/1757/1757 
f 1760/1760/1760 1757/1757/1757 1755/1755/1755 
f 1761/1761/1761 1759/1759/1759 1757/1757/1757 
f 1757/1757/1757 1760/1760/1760 1761/1761/1761 
f 1762/1762/1762 1761/1761/1761 1760/1760/1760 
f 1760/1760/1760 1763/1763/1763 1762/1762/1762 
f 1764/1764/1764 1765/1765/1765 1766/1766/1766 
f 1765/1765/1765 1764/1764/1764 1767/1767/1767 
f 1767/1767/1767 1768/1768/1768 1765/1765/1765 
f 1765/1765/1765 1768/1768/1768 1769/1769/1769 
f 1770/1770/1770 1769/1769/1769 1768/1768/1768 
f 1768/1768/1768 1767/1767/1767 1771/1771/1771 
f 1771/1771/1771 1772/1772/1772 1768/1768/1768 
f 1773/1773/1773 1772/1772/1772 1771/1771/1771 
f 1771/1771/1771 1774/1774/1774 1773/1773/1773 
f 1775/1775/1775 1773/1773/1773 1774/1774/1774 
f 1774/1774/1774 1771/1771/1771 1776/1776/1776 
f 1776/1776/1776 1771/1771/1771 1767/1767/1767 
f 1777/1777/1777 1775/1775/1775 1774/1774/1774 
f 1776/1776/1776 1777/1777/1777 1774/1774/1774 
f 1777/1777/1777 1778/1778/1778 1775/1775/1775 
f 1777/1777/1777 1779/1779/1779 1778/1778/1778 
f 1779/1779/1779 1777/1777/1777 1780/1780/1780 
f 1777/1777/1777 1776/1776/1776 1780/1780/1780 
f 1776/1776/1776 1781/1781/1781 1780/1780/1780 
f 1782/1782/1782 1781/1781/1781 1776/1776/1776 
f 1776/1776/1776 1783/1783/1783 1782/1782/1782 
f 1783/1783/1783 1776/1776/1776 1767/1767/1767 
f 1784/1784/1784 1782/1782/1782 1783/1783/1783 
f 1767/1767/1767 1785/1785/1785 1783/1783/1783 
f 1783/1783/1783 1786/1786/1786 1784/1784/1784 
f 1786/1786/1786 1783/1783/1783 1785/1785/1785 
f 1787/1787/1787 1785/1785/1785 1767/1767/1767 
f 1787/1787/1787 1767/1767/1767 1764/1764/1764 
f 1764/1764/1764 1788/1788/1788 1787/1787/1787 
f 1787/1787/1787 1788/1788/1788 1789/1789/1789 
f 1790/1790/1790 1787/1787/1787 1789/1789/1789 
f 1785/1785/1785 1787/1787/1787 1790/1790/1790 
f 1791/1791/1791 1790/1790/1790 1789/1789/1789 
f 1791/1791/1791 1792/1792/1792 1790/1790/1790 
f 1785/1785/1785 1790/1790/1790 1793/1793/1793 
f 1793/1793/1793 1790/1790/1790 1792/1792/1792 
f 1794/1794/1794 1793/1793/1793 1792/1792/1792 
f 1795/1795/1795 1794/1794/1794 1792/1792/1792 
f 1795/1795/1795 1796/1796/1796 1794/1794/1794 
f 1797/1797/1797 1793/1793/1793 1794/1794/1794 
f 1797/1797/1797 1785/1785/1785 1793/1793/1793 
f 1798/1798/1798 1794/1794/1794 1796/1796/1796 
f 1794/1794/1794 1798/1798/1798 1797/1797/1797 
f 1799/1799/1799 1798/1798/1798 1796/1796/1796 
f 1799/1799/1799 1800/1800/1800 1798/1798/1798 
f 1785/1785/1785 1797/1797/1797 1801/1801/1801 
f 1801/1801/1801 1786/1786/1786 1785/1785/1785 
f 1798/1798/1798 1802/1802/1802 1797/1797/1797 
f 1801/1801/1801 1797/1797/1797 1802/1802/1802 
f 1802/1802/1802 1798/1798/1798 1800/1800/1800 
f 1786/1786/1786 1801/1801/1801 1802/1802/1802 
f 1800/1800/1800 1803/1803/1803 1802/1802/1802 
f 1802/1802/1802 1803/1803/1803 1786/1786/1786 
f 1804/1804/1804 1803/1803/1803 1800/1800/1800 
f 1804/1804/1804 1805/1805/1805 1803/1803/1803 
f 1805/1805/1805 1786/1786/1786 1803/1803/1803 
f 1805/1805/1805 1804/1804/1804 1806/1806/1806 
f 1806/1806/1806 1807/1807/1807 1805/1805/1805 
f 1808/1808/1808 1786/1786/1786 1805/1805/1805 
f 1805/1805/1805 1807/1807/1807 1809/1809/1809 
f 1809/1809/1809 1808/1808/1808 1805/1805/1805 
f 1807/1807/1807 1810/1810/1810 1809/1809/1809 
f 1786/1786/1786 1808/1808/1808 1784/1784/1784 
f 1784/1784/1784 1808/1808/1808 1811/1811/1811 
f 1784/1784/1784 1811/1811/1811 1812/1812/1812 
f 1813/1813/1813 1812/1812/1812 1811/1811/1811 
f 1814/1814/1814 1811/1811/1811 1808/1808/1808 
f 1811/1811/1811 1814/1814/1814 1813/1813/1813 
f 1808/1808/1808 1809/1809/1809 1814/1814/1814 
f 1815/1815/1815 1813/1813/1813 1814/1814/1814 
f 1809/1809/1809 1815/1815/1815 1814/1814/1814 
f 1816/1816/1816 1817/1817/1817 1818/1818/1818 
f 1818/1818/1818 1819/1819/1819 1816/1816/1816 
f 1819/1819/1819 1818/1818/1818 1820/1820/1820 
f 1818/1818/1818 1821/1821/1821 1820/1820/1820 
f 1818/1818/1818 1817/1817/1817 1822/1822/1822 
f 1823/1823/1823 1822/1822/1822 1817/1817/1817 
f 1822/1822/1822 1823/1823/1823 1824/1824/1824 
f 1824/1824/1824 1818/1818/1818 1822/1822/1822 
f 1824/1824/1824 1821/1821/1821 1818/1818/1818 
f 1821/1821/1821 1824/1824/1824 1825/1825/1825 
f 1825/1825/1825 1826/1826/1826 1821/1821/1821 
f 1824/1824/1824 1827/1827/1827 1825/1825/1825 
f 1824/1824/1824 1828/1828/1828 1827/1827/1827 
f 1825/1825/1825 1827/1827/1827 1828/1828/1828 
f 1826/1826/1826 1825/1825/1825 1829/1829/1829 
f 1829/1829/1829 1825/1825/1825 1830/1830/1830 
f 1831/1831/1831 1826/1826/1826 1829/1829/1829 
f 1830/1830/1830 1831/1831/1831 1829/1829/1829 
f 1832/1832/1832 1833/1833/1833 1834/1834/1834 
f 1832/1832/1832 1835/1835/1835 1833/1833/1833 
f 1836/1836/1836 1834/1834/1834 1833/1833/1833 
f 1832/1832/1832 1834/1834/1834 1837/1837/1837 
f 1834/1834/1834 1836/1836/1836 1838/1838/1838 
f 1838/1838/1838 1837/1837/1837 1834/1834/1834 
f 1838/1838/1838 1839/1839/1839 1837/1837/1837 
f 1839/1839/1839 1838/1838/1838 1840/1840/1840 
f 1839/1839/1839 1840/1840/1840 1841/1841/1841 
f 1841/1841/1841 1840/1840/1840 1842/1842/1842 
f 1843/1843/1843 1844/1844/1844 1845/1845/1845 
f 1844/1844/1844 1843/1843/1843 1846/1846/1846 
f 1846/1846/1846 1843/1843/1843 1847/1847/1847 
f 1843/1843/1843 1848/1848/1848 1847/1847/1847 
f 1846/1846/1846 1847/1847/1847 1849/1849/1849 
f 1850/1850/1850 1847/1847/1847 1848/1848/1848 
f 1850/1850/1850 1849/1849/1849 1847/1847/1847 
f 1850/1850/1850 1851/1851/1851 1849/1849/1849 
f 1852/1852/1852 1849/1849/1849 1851/1851/1851 
f 1853/1853/1853 1854/1854/1854 1855/1855/1855 
f 1854/1854/1854 1853/1853/1853 1856/1856/1856 
f 1853/1853/1853 1857/1857/1857 1856/1856/1856 
f 1857/1857/1857 1853/1853/1853 1858/1858/1858 
f 1855/1855/1855 1858/1858/1858 1853/1853/1853 
f 1856/1856/1856 1859/1859/1859 1854/1854/1854 
f 1858/1858/1858 1855/1855/1855 1860/1860/1860 
f 1861/1861/1861 1860/1860/1860 1855/1855/1855 
f 1860/1860/1860 1861/1861/1861 1862/1862/1862 
f 1854/1854/1854 1863/1863/1863 1855/1855/1855 
f 1855/1855/1855 1863/1863/1863 1861/1861/1861 
f 1864/1864/1864 1854/1854/1854 1859/1859/1859 
f 1854/1854/1854 1864/1864/1864 1863/1863/1863 
f 1859/1859/1859 1865/1865/1865 1864/1864/1864 
f 1866/1866/1866 1861/1861/1861 1863/1863/1863 
f 1861/1861/1861 1866/1866/1866 1867/1867/1867 
f 1868/1868/1868 1867/1867/1867 1866/1866/1866 
f 1863/1863/1863 1869/1869/1869 1866/1866/1866 
f 1869/1869/1869 1868/1868/1868 1866/1866/1866 
f 1869/1869/1869 1863/1863/1863 1864/1864/1864 
f 1870/1870/1870 1868/1868/1868 1869/1869/1869 
f 1864/1864/1864 1871/1871/1871 1869/1869/1869 
f 1871/1871/1871 1870/1870/1870 1869/1869/1869 
f 1871/1871/1871 1864/1864/1864 1865/1865/1865 
f 1872/1872/1872 1870/1870/1870 1871/1871/1871 
f 1872/1872/1872 1871/1871/1871 1865/1865/1865 
f 1865/1865/1865 1873/1873/1873 1872/1872/1872 
f 1874/1874/1874 1875/1875/1875 1876/1876/1876 
f 1874/1874/1874 1876/1876/1876 1877/1877/1877 
f 1875/1875/1875 1878/1878/1878 1876/1876/1876 
f 1876/1876/1876 1879/1879/1879 1877/1877/1877 
f 1878/1878/1878 1879/1879/1879 1876/1876/1876 
f 1877/1877/1877 1879/1879/1879 1880/1880/1880 
f 1878/1878/1878 1881/1881/1881 1879/1879/1879 
f 1881/1881/1881 1878/1878/1878 1882/1882/1882 
f 1882/1882/1882 1883/1883/1883 1881/1881/1881 
f 1883/1883/1883 1879/1879/1879 1881/1881/1881 
f 1879/1879/1879 1883/1883/1883 1880/1880/1880 
f 1883/1883/1883 1884/1884/1884 1880/1880/1880 
f 1885/1885/1885 1886/1886/1886 1887/1887/1887 
f 1886/1886/1886 1885/1885/1885 1888/1888/1888 
f 1888/1888/1888 1889/1889/1889 1886/1886/1886 
f 1890/1890/1890 1886/1886/1886 1889/1889/1889 
f 1889/1889/1889 1888/1888/1888 1891/1891/1891 
f 1885/1885/1885 1891/1891/1891 1888/1888/1888 
f 1889/1889/1889 1892/1892/1892 1890/1890/1890 
f 1892/1892/1892 1893/1893/1893 1890/1890/1890 
f 1892/1892/1892 1894/1894/1894 1893/1893/1893 
f 1894/1894/1894 1892/1892/1892 1895/1895/1895 
f 1895/1895/1895 1896/1896/1896 1894/1894/1894 
f 1897/1897/1897 1891/1891/1891 1885/1885/1885 
f 1894/1894/1894 1896/1896/1896 1898/1898/1898 
f 1898/1898/1898 1896/1896/1896 1899/1899/1899 
f 1896/1896/1896 1900/1900/1900 1899/1899/1899 
f 1901/1901/1901 1898/1898/1898 1899/1899/1899 
f 1900/1900/1900 1901/1901/1901 1899/1899/1899 
f 1900/1900/1900 1902/1902/1902 1901/1901/1901 
f 1903/1903/1903 1902/1902/1902 1900/1900/1900 
f 1901/1901/1901 1902/1902/1902 1904/1904/1904 
f 1902/1902/1902 1903/1903/1903 1905/1905/1905 
f 1906/1906/1906 1904/1904/1904 1902/1902/1902 
f 1904/1904/1904 1906/1906/1906 1907/1907/1907 
f 1905/1905/1905 1908/1908/1908 1902/1902/1902 
f 1908/1908/1908 1905/1905/1905 1909/1909/1909 
f 1909/1909/1909 1910/1910/1910 1908/1908/1908 
f 1902/1902/1902 1911/1911/1911 1906/1906/1906 
f 1911/1911/1911 1902/1902/1902 1908/1908/1908 
f 1912/1912/1912 1906/1906/1906 1911/1911/1911 
f 1913/1913/1913 1908/1908/1908 1910/1910/1910 
f 1908/1908/1908 1913/1913/1913 1911/1911/1911 
f 1910/1910/1910 1914/1914/1914 1913/1913/1913 
f 1911/1911/1911 1915/1915/1915 1912/1912/1912 
f 1915/1915/1915 1911/1911/1911 1913/1913/1913 
f 1915/1915/1915 1916/1916/1916 1912/1912/1912 
f 1917/1917/1917 1913/1913/1913 1914/1914/1914 
f 1915/1915/1915 1913/1913/1913 1917/1917/1917 
f 1917/1917/1917 1918/1918/1918 1915/1915/1915 
f 1918/1918/1918 1917/1917/1917 1914/1914/1914 
f 1915/1915/1915 1918/1918/1918 1916/1916/1916 
f 1918/1918/1918 1919/1919/1919 1916/1916/1916 
f 1916/1916/1916 1919/1919/1919 1920/1920/1920 
f 1918/1918/1918 1921/1921/1921 1919/1919/1919 
f 1918/1918/1918 1914/1914/1914 1922/1922/1922 
f 1922/1922/1922 1921/1921/1921 1918/1918/1918 
f 1914/1914/1914 1923/1923/1923 1922/1922/1922 
f 1922/1922/1922 1924/1924/1924 1921/1921/1921 
f 1923/1923/1923 1924/1924/1924 1922/1922/1922 
f 1923/1923/1923 1925/1925/1925 1924/1924/1924 
f 1926/1926/1926 1927/1927/1927 1928/1928/1928 
f 1927/1927/1927 1926/1926/1926 1929/1929/1929 
f 1929/1929/1929 1930/1930/1930 1927/1927/1927 
f 1929/1929/1929 1931/1931/1931 1930/1930/1930 
f 1932/1932/1932 1933/1933/1933 1934/1934/1934 
f 1932/1932/1932 1934/1934/1934 1935/1935/1935 
f 1936/1936/1936 1932/1932/1932 1935/1935/1935 
f 1935/1935/1935 1934/1934/1934 1937/1937/1937 
f 1938/1938/1938 1936/1936/1936 1935/1935/1935 
f 1935/1935/1935 1937/1937/1937 1939/1939/1939 
f 1939/1939/1939 1937/1937/1937 1940/1940/1940 
f 1935/1935/1935 1941/1941/1941 1938/1938/1938 
f 1942/1942/1942 1938/1938/1938 1941/1941/1941 
f 1942/1942/1942 1941/1941/1941 1943/1943/1943 
f 1941/1941/1941 1944/1944/1944 1943/1943/1943 
f 1941/1941/1941 1935/1935/1935 1945/1945/1945 
f 1944/1944/1944 1941/1941/1941 1945/1945/1945 
f 1945/1945/1945 1935/1935/1935 1939/1939/1939 
f 1945/1945/1945 1946/1946/1946 1944/1944/1944 
f 1945/1945/1945 1947/1947/1947 1946/1946/1946 
f 1939/1939/1939 1947/1947/1947 1945/1945/1945 
f 1948/1948/1948 1946/1946/1946 1947/1947/1947 
f 1948/1948/1948 1947/1947/1947 1949/1949/1949 
f 1947/1947/1947 1950/1950/1950 1949/1949/1949 
f 1950/1950/1950 1947/1947/1947 1951/1951/1951 
f 1951/1951/1951 1952/1952/1952 1950/1950/1950 
f 1947/1947/1947 1939/1939/1939 1953/1953/1953 
f 1947/1947/1947 1953/1953/1953 1951/1951/1951 
f 1939/1939/1939 1954/1954/1954 1953/1953/1953 
f 1954/1954/1954 1939/1939/1939 1940/1940/1940 
f 1940/1940/1940 1955/1955/1955 1954/1954/1954 
f 1954/1954/1954 1956/1956/1956 1953/1953/1953 
f 1956/1956/1956 1954/1954/1954 1955/1955/1955 
f 1951/1951/1951 1953/1953/1953 1956/1956/1956 
f 1955/1955/1955 1957/1957/1957 1956/1956/1956 
f 1958/1958/1958 1956/1956/1956 1957/1957/1957 
f 1956/1956/1956 1958/1958/1958 1959/1959/1959 
f 1951/1951/1951 1956/1956/1956 1959/1959/1959 
f 1958/1958/1958 1960/1960/1960 1959/1959/1959 
f 1951/1951/1951 1961/1961/1961 1952/1952/1952 
f 1962/1962/1962 1952/1952/1952 1961/1961/1961 
f 1963/1963/1963 1962/1962/1962 1961/1961/1961 
f 1961/1961/1961 1951/1951/1951 1964/1964/1964 
f 1951/1951/1951 1959/1959/1959 1964/1964/1964 
f 1963/1963/1963 1961/1961/1961 1965/1965/1965 
f 1965/1965/1965 1961/1961/1961 1964/1964/1964 
f 1965/1965/1965 1966/1966/1966 1963/1963/1963 
f 1967/1967/1967 1963/1963/1963 1966/1966/1966 
f 1968/1968/1968 1965/1965/1965 1964/1964/1964 
f 1959/1959/1959 1968/1968/1968 1964/1964/1964 
f 1960/1960/1960 1968/1968/1968 1959/1959/1959 
f 1965/1965/1965 1968/1968/1968 1969/1969/1969 
f 1968/1968/1968 1970/1970/1970 1969/1969/1969 
f 1970/1970/1970 1968/1968/1968 1960/1960/1960 
f 1960/1960/1960 1971/1971/1971 1970/1970/1970 
f 1972/1972/1972 1973/1973/1973 1887/1887/1887 
f 1885/1885/1885 1887/1887/1887 1973/1973/1973 
f 1973/1973/1973 1972/1972/1972 1974/1974/1974 
f 1885/1885/1885 1973/1973/1973 1897/1897/1897 
f 1897/1897/1897 1973/1973/1973 1974/1974/1974 
f 1897/1897/1897 1974/1974/1974 1975/1975/1975 

