# This file is brought to you by Roblox Corporation
# Generated by Roblox Studio

mtllib paczkomat.mtl

g Bodygeom1

v 12.6141 9.30388 -28.7384 
v 12.6295 9.31744 -29.6474 
v 12.641 9.35069 -29.7265 
v 12.6142 9.28726 -29.7294 
v 12.621 9.31259 -28.1433 
v 12.6375 9.29688 -29.7535 
v 12.6381 7.74833 -29.7536 
v 12.6445 9.38567 -28.235 
v 12.6378 9.82997 -29.6996 
v 12.6395 9.83069 -31.1812 
v 12.6194 9.86096 -32.9371 
v 12.6393 9.83049 -28.0648 
v 12.6439 9.80164 -33.985 
v 12.6174 9.8603 -33.9839 
v 12.6161 9.76295 -27.9912 
v 12.6245 9.83375 -28.0223 
v 12.6345 9.71519 -27.9997 
v 12.6361 9.59065 -27.9977 
v 12.6407 9.45444 -28.0711 
v 12.6174 9.51972 -27.9981 
v 12.6223 9.34641 -28.0998 
v 12.6212 9.86026 -34.903 
v 12.5852 9.87316 -28.0636 
v 12.6394 9.82949 -34.0559 
v 12.6304 9.82327 -34.9394 
v 12.6452 9.79323 -34.9047 
v 12.6353 3.68969 -34.9378 
v 12.6478 0.0880013 -33.2491 
v 12.6445 3.06973 -34.912 
v 12.6351 0.0899067 -34.9378 
v 12.6357 0.029902 -34.8993 
v 12.6175 0.0369835 -34.9404 
v 12.6373 0.0591016 -29.7537 
v 12.6143 0.0600066 -29.7296 
v 12.6147 0.00438929 -29.7874 
v 12.6195 0.0242801 -29.7486 
v -0.151127 0.266991 -30.21 
v -0.182585 0.27245 -30.0903 
v -0.184942 0.276957 -30.1845 
v -0.647092 0.0586276 -34.9051 
v -0.633016 0.026895 -34.9106 
v -0.617481 0.0129609 -34.865 
v -0.620808 0.0372338 -34.9425 
v -0.636996 0.0915647 -34.9381 
v -0.638026 0.728643 -34.938 
v -0.646888 0.0597568 -32.2637 
v -0.620496 0.0253015 -29.7506 
v -0.644089 9.82852 -34.9101 
v -0.616969 2.87702 -34.9525 
v -0.622289 9.83756 -34.9422 
v -0.621581 9.86222 -34.9051 
v -0.617289 9.86466 -29.5418 
v -0.647767 9.82297 -28.0619 
v -0.620291 9.86397 -28.0579 
v -0.629123 9.83547 -28.0201 
v -0.639146 9.70117 -27.9979 
v -0.641493 9.58669 -27.998 
v -0.644451 9.34477 -28.1317 
v -0.620043 9.5075 -28.0039 
v -0.617914 9.33417 -28.1009 
v -0.62001 9.30707 -28.138 
v -0.635809 9.31758 -29.5801 
v -0.640525 9.35376 -29.7217 
v -0.624183 9.30993 -29.7016 
v -0.636732 9.29866 -29.7527 
v -0.616693 9.28334 -29.7303 
v -0.637385 0.0716543 -29.7524 
v -0.636114 0.0271478 -29.7886 
v -0.620496 0.0253015 -29.7506 
v -0.646888 0.0597568 -32.2637 
v -0.620496 0.0253015 -29.7506 
v -0.636114 0.0271478 -29.7886 
v -0.15697 6.60038 -30.0179 
v -0.157735 5.49867 -30.0187 
v -0.137468 6.10278 -29.9963 
v -0.129779 5.57048 -29.9987 
v -0.120255 4.97552 -29.9962 
v -0.140975 6.54323 -29.9959 
v -0.115749 6.61828 -29.9999 
v -0.124868 6.56475 -29.9543 
v -0.0874448 6.62411 -29.9519 
v -0.0796309 6.57078 -29.9085 
v -0.105636 6.51298 -29.9089 
v -0.118165 6.37887 -29.915 
v -0.104188 5.8816 -29.8923 
v -0.128126 5.89236 -29.9223 
v -0.0733671 4.99298 -29.8864 
v -0.105506 4.90528 -29.9388 
v -0.0683732 4.91831 -29.9073 
v -0.0792699 4.85615 -29.9155 
v -0.10089 4.67275 -29.9158 
v -0.131997 4.30389 -30.0092 
v -0.101203 4.45443 -29.9155 
v -0.076344 4.27369 -29.9175 
v -0.0877161 4.24 -29.9443 
v -0.103538 4.24031 -29.9978 
v -0.0623178 4.18589 -30.0156 
v -0.620496 0.0253015 -29.7506 
v -0.617481 0.0129609 -34.865 
v -0.581779 0.00641108 -29.7536 
v -0.580734 0.0288582 -29.7304 
v -0.27126 0.0287809 -29.7299 
v -0.242239 0.011374 -29.7496 
v -0.237822 0.00913525 -30.2226 
v -0.212424 0.0278239 -29.7857 
v -0.215213 0.0282273 -30.2053 
v 0.427329 0.0143228 -30.239 
v 10.23 0.0147772 -30.239 
v 9.98016 0.0281425 -30.2242 
v 12.5854 0.00693083 -34.9052 
v -0.583004 0.0217619 -34.9416 
v -0.633016 0.026895 -34.9106 
v -0.620808 0.0372338 -34.9425 
v 12.5787 0.0240417 -34.9415 
v 12.6175 0.0369835 -34.9404 
v 12.6357 0.029902 -34.8993 
v 12.6147 0.00438929 -29.7874 
v 12.2027 0.0058527 -30.2711 
v 12.2102 0.0289564 -30.208 
v 12.2664 0 -30.1362 
v 12.5805 0.00641441 -29.7532 
v 12.6195 0.0242801 -29.7486 
v 12.2368 0.00273943 -29.7854 
v 12.2107 0.0278382 -29.7847 
v 12.273 0.0280581 -29.7299 
v 12.2308 0.0229745 -29.7481 
v -0.616969 2.87702 -34.9525 
v -0.622289 9.83756 -34.9422 
v -0.585173 9.81978 -34.9618 
v -0.578129 9.86052 -34.9412 
v 12.5832 9.8299 -34.9576 
v 12.5805 9.86033 -34.9406 
v 12.6304 9.82327 -34.9394 
v 12.6353 3.68969 -34.9378 
v 12.5838 0.104133 -34.9625 
v 12.6351 0.0899067 -34.9378 
v 12.6175 0.0369835 -34.9404 
v 12.5787 0.0240417 -34.9415 
v -0.587239 0.0955877 -34.9624 
v -0.638026 0.728643 -34.938 
v -0.583004 0.0217619 -34.9416 
v -0.636996 0.0915647 -34.9381 
v -0.620808 0.0372338 -34.9425 
v -0.621581 9.86222 -34.9051 
v -0.617289 9.86466 -29.5418 
v -0.545367 9.87625 -32.8382 
v -0.276686 9.87369 -34.9109 
v -0.578129 9.86052 -34.9412 
v -0.622289 9.83756 -34.9422 
v 4.65622 9.8762 -34.8756 
v 12.5805 9.86033 -34.9406 
v -0.199924 9.87596 -28.6764 
v 12.6212 9.86026 -34.903 
v 12.6304 9.82327 -34.9394 
v 12.5852 9.87316 -28.0636 
v -0.620291 9.86397 -28.0579 
v -0.629123 9.83547 -28.0201 
v -0.584381 9.86017 -28.0226 
v 0.898667 9.86022 -28.0225 
v 3.54703 9.85968 -28.0229 
v 12.0239 9.86022 -28.023 
v 12.5814 9.85958 -28.0235 
v 12.6245 9.83375 -28.0223 
v 12.6194 9.86096 -32.9371 
v 12.6174 9.8603 -33.9839 
v 12.6378 9.82997 -29.6996 
v 12.6393 9.83049 -28.0648 
v -0.17858 0.292212 -30.0439 
v -0.200526 0.282953 -30.0285 
v -0.182585 0.27245 -30.0903 
v -0.151127 0.266991 -30.21 
v 0.658625 0.274792 -30.0768 
v 0.925728 0.286409 -30.0509 
v 5.67415 0.287873 -30.0503 
v 7.1185 0.271369 -30.201 
v 6.74905 0.274353 -30.0772 
v 7.01219 0.287549 -30.0498 
v 8.27999 0.275116 -30.077 
v 8.65834 0.298297 -30.0415 
v 9.6148 0.289097 -30.0501 
v 10.2291 0.271315 -30.1995 
v 9.47962 0.260423 -30.212 
v 12.1819 0.266464 -30.0865 
v 12.1763 0.290259 -30.0484 
v 12.1967 0.274843 -30.0365 
v 12.1825 0.270926 -30.1832 
v 12.1416 0.259334 -30.2125 
v 12.1848 0.241101 -30.2148 
v 10.9286 4.68097 -29.9698 
v 10.9005 4.68198 -29.9186 
v 10.8586 4.68146 -29.9816 
v 10.9873 4.678 -29.9963 
v 10.9515 4.69474 -29.9152 
v 10.8858 4.6991 -29.8875 
v 10.9623 4.72108 -29.8809 
v 11.0019 4.7196 -29.9756 
v 11.0484 4.73917 -29.9963 
v 11.0216 4.76552 -29.9135 
v 10.9844 4.78199 -29.8681 
v 11.0277 4.76623 -29.9692 
v 11.0312 4.81578 -29.9672 
v 11.0475 4.84312 -29.9972 
v 11.0245 4.82517 -29.9146 
v 10.998 4.83791 -29.8862 
v -0.160298 8.85711 -30.8892 
v -0.19063 8.86904 -30.8902 
v -0.185395 8.84704 -30.8495 
v -0.181086 8.82858 -30.0774 
v 2.1375 8.84261 -30.8567 
v 4.22411 8.85758 -30.8882 
v -0.182108 8.80429 -30.0539 
v 12.1799 8.80403 -30.0526 
v 12.1799 8.82856 -30.077 
v 9.15717 8.84273 -30.8576 
v 12.1781 8.8578 -30.8882 
v 12.1968 8.85893 -30.8522 
v 10.8149 4.8623 -29.9131 
v 10.8661 4.90057 -29.9071 
v 10.8539 4.90851 -29.9684 
v 10.8965 4.9197 -29.9651 
v 10.8408 4.91659 -29.9966 
v 10.9103 4.93763 -30.0031 
v 10.955 4.91921 -29.997 
v 10.9227 4.91024 -29.9159 
v 10.8981 4.87733 -29.8764 
v 10.9883 4.8778 -29.9146 
v 10.9565 4.83464 -29.8646 
v 10.998 4.83791 -29.8862 
v 11.0245 4.82517 -29.9146 
v 11.0074 4.86783 -29.9697 
v 11.0475 4.84312 -29.9972 
v 11.0312 4.81578 -29.9672 
v -0.641493 9.58669 -27.998 
v -0.587324 9.57407 -27.9693 
v -0.616548 9.61029 -27.9694 
v -0.639146 9.70117 -27.9979 
v -0.620043 9.5075 -28.0039 
v -0.579075 9.64446 -27.9631 
v -0.584944 9.71072 -27.971 
v -0.629123 9.83547 -28.0201 
v -0.583985 9.82972 -28.001 
v -0.584381 9.86017 -28.0226 
v -0.241297 9.73165 -27.9736 
v -0.22244 9.57288 -27.9681 
v 0.573327 9.82963 -28.0008 
v 0.898667 9.86022 -28.0225 
v 2.92646 9.82995 -28.0019 
v 3.54703 9.85968 -28.0229 
v 3.53513 9.7331 -27.9762 
v 0.641014 9.57548 -27.9677 
v -0.149181 9.34796 -28.0812 
v -0.617914 9.33417 -28.1009 
v -0.574992 9.3011 -28.1338 
v 3.33682 9.29999 -28.1325 
v 5.62937 9.34538 -28.0801 
v 9.48122 9.31282 -28.1033 
v 4.82468 9.57296 -27.9675 
v 7.24865 9.55986 -27.97 
v 9.49952 9.53113 -27.9807 
v 12.5796 9.31506 -28.105 
v 9.07059 9.62949 -27.9624 
v 12.5833 9.55404 -27.9727 
v 12.6174 9.51972 -27.9981 
v 12.6223 9.34641 -28.0998 
v 12.6361 9.59065 -27.9977 
v 12.6143 9.60235 -27.9723 
v 12.6345 9.71519 -27.9997 
v 12.579 9.63255 -27.963 
v 12.6161 9.76295 -27.9912 
v 12.3207 9.72818 -27.9707 
v 12.5814 9.85958 -28.0235 
v 12.6245 9.83375 -28.0223 
v 12.1483 9.83062 -28.0023 
v 12.0239 9.86022 -28.023 
v 8.80562 9.8293 -28.0011 
v -0.0998268 6.67205 -30.0207 
v -0.15697 6.60038 -30.0179 
v -0.115749 6.61828 -29.9999 
v -0.0691686 6.64989 -29.989 
v -0.0874448 6.62411 -29.9519 
v 0.861619 6.69876 -30.0217 
v -0.0164967 6.64604 -29.9487 
v -0.0796309 6.57078 -29.9085 
v 0.0857439 6.61756 -29.9141 
v 0.0552402 6.55151 -29.8837 
v 1.23868 6.57336 -29.8929 
v 1.22568 6.6484 -29.943 
v 1.29413 6.65205 -29.9901 
v 1.27434 6.61615 -29.9251 
v 1.31998 6.58168 -29.9306 
v 1.37161 6.6074 -30.0275 
v 9.96952 5.45972 -30.0231 
v 10.3824 5.40213 -30.0207 
v 10.0214 5.45827 -30.0423 
v -0.0404649 4.24292 -29.9215 
v -0.0877161 4.24 -29.9443 
v -0.0623178 4.18589 -30.0156 
v -0.076344 4.27369 -29.9175 
v 1.29112 4.21326 -29.9414 
v 1.28891 4.19282 -30.0013 
v 1.33132 4.21025 -29.9959 
v 1.32879 4.24867 -29.9312 
v -0.636732 9.29866 -29.7527 
v -0.637385 0.0716543 -29.7524 
v -0.617178 2.12902 -29.7331 
v -0.58666 5.19189 -29.7247 
v -0.616693 9.28334 -29.7303 
v -0.587332 9.26157 -29.7222 
v -0.582036 9.29274 -29.7014 
v -0.239122 9.26578 -29.7275 
v -0.268795 5.13369 -29.7246 
v -0.21775 3.8578 -29.7535 
v -0.212735 9.26425 -29.7529 
v -0.586829 1.33192 -29.7222 
v -0.239001 0.0640669 -29.7267 
v -0.215426 2.87017 -29.7535 
v -0.61709 0.0649924 -29.7312 
v -0.620496 0.0253015 -29.7506 
v -0.580734 0.0288582 -29.7304 
v -0.27126 0.0287809 -29.7299 
v -0.242239 0.011374 -29.7496 
v -0.215213 0.0282273 -30.2053 
v -0.237822 0.00913525 -30.2226 
v -0.18583 0.0200701 -30.2309 
v -0.183605 0.0542135 -30.2144 
v 0.145997 0.0281315 -30.2242 
v -0.151127 0.266991 -30.21 
v -0.186196 0.247312 -30.2163 
v -0.184942 0.276957 -30.1845 
v 7.1185 0.271369 -30.201 
v 0.427329 0.0143228 -30.239 
v -0.237822 0.00913525 -30.2226 
v 9.98016 0.0281425 -30.2242 
v 9.47962 0.260423 -30.212 
v 10.2291 0.271315 -30.1995 
v 12.1416 0.259334 -30.2125 
v 12.1818 0.0565271 -30.2147 
v 12.1848 0.241101 -30.2148 
v 10.23 0.0147772 -30.239 
v 12.2102 0.0289564 -30.208 
v -0.105636 6.51298 -29.9089 
v -0.104188 5.8816 -29.8923 
v -0.0310578 6.50196 -29.8796 
v -0.0796309 6.57078 -29.9085 
v 0.0552402 6.55151 -29.8837 
v -0.0459137 5.54146 -29.8823 
v -0.0733671 4.99298 -29.8864 
v 1.24956 5.80426 -29.8815 
v 1.24715 6.50158 -29.8813 
v 1.23868 6.57336 -29.8929 
v 1.27434 6.61615 -29.9251 
v 1.31998 6.58168 -29.9306 
v 1.32653 6.52086 -29.9184 
v 1.33095 6.29554 -29.9124 
v 1.3325 5.85802 -29.9092 
v 1.33157 5.02499 -29.9127 
v 0.0867381 5.55844 -29.8853 
v 1.2975 5.02841 -29.895 
v 0.0888867 5.43614 -29.8612 
v 1.03526 5.56247 -29.8899 
v -0.00095129 5.29289 -29.8777 
v 0.542223 5.50416 -29.854 
v 1.05432 5.49166 -29.8828 
v 0.943938 5.51087 -29.8581 
v 0.420615 5.29377 -29.8558 
v 0.781596 5.39262 -29.8625 
v 0.414318 5.24414 -29.8928 
v 0.257082 5.20249 -29.8996 
v 0.476484 5.2327 -29.9016 
v 0.509186 5.33008 -29.8648 
v 0.777571 5.30214 -29.8708 
v 0.892675 5.2941 -29.8453 
v 0.791236 5.25704 -29.8921 
v 1.04218 5.15072 -29.8878 
v 0.889014 5.23756 -29.8876 
v 0.998355 5.35182 -29.8407 
v 0.94328 5.27047 -29.8556 
v 1.01467 5.24577 -29.8871 
v 1.03135 5.31139 -29.8596 
v 1.06252 5.3315 -29.8807 
v 1.03407 5.04658 -29.8716 
v 0.899261 4.9696 -29.8866 
v -0.0683732 4.91831 -29.9073 
v 1.14187 4.90315 -29.9044 
v 0.167383 4.91647 -29.9334 
v 0.0838571 4.87841 -29.9369 
v -0.0792699 4.85615 -29.9155 
v 0.150584 4.74332 -29.9069 
v -0.0764098 4.69493 -29.8984 
v -0.10089 4.67275 -29.9158 
v 0.258613 4.66856 -29.8938 
v -0.0444016 4.45736 -29.8928 
v -0.101203 4.45443 -29.9155 
v 0.106398 4.58869 -29.8988 
v -0.076344 4.27369 -29.9175 
v 0.162752 4.64919 -29.9003 
v 0.193628 4.60438 -29.8609 
v 0.135305 4.37768 -29.914 
v 0.102245 4.45965 -29.8996 
v 0.134025 4.53732 -29.8858 
v 0.172096 4.5419 -29.858 
v -0.0404649 4.24292 -29.9215 
v 0.183825 4.44539 -29.8649 
v 0.264666 4.58753 -29.8478 
v 0.222049 4.36983 -29.9047 
v 0.244116 4.39922 -29.8718 
v 0.307164 4.34556 -29.9173 
v 0.314621 4.43501 -29.8645 
v 12.2361 9.26439 -29.7275 
v 12.2683 0.0619388 -29.7204 
v 12.5877 3.36716 -29.7225 
v 12.2106 9.26349 -29.7531 
v 12.2115 0.0587487 -29.7531 
v 12.2308 0.0229745 -29.7481 
v 12.273 0.0280581 -29.7299 
v 12.5854 9.26288 -29.7219 
v 12.6142 9.28726 -29.7294 
v 12.6381 7.74833 -29.7536 
v 12.6143 0.0600066 -29.7296 
v 12.5805 0.00641441 -29.7532 
v 12.6195 0.0242801 -29.7486 
v 0.318019 4.59999 -29.8573 
v 0.367059 4.66621 -29.8982 
v 0.38444 4.44263 -29.8909 
v 0.415954 4.56247 -29.886 
v 1.04404 4.46467 -29.8878 
v 0.925771 4.91592 -29.9366 
v 0.920867 4.72427 -29.9074 
v 0.922089 4.82431 -29.918 
v 1.01079 4.91953 -29.9032 
v 0.948749 4.79719 -29.8894 
v 0.953089 4.72653 -29.8988 
v 1.00509 4.83727 -29.8486 
v 0.973343 4.76367 -29.8602 
v 1.00889 4.67571 -29.9005 
v 1.05805 4.82895 -29.8393 
v 1.10623 4.84551 -29.8471 
v 1.0573 4.73553 -29.838 
v 1.04645 4.69754 -29.8606 
v 1.11365 4.73634 -29.8483 
v 1.08153 4.67158 -29.8982 
v 1.141 4.82526 -29.8583 
v 1.1818 4.82349 -29.8964 
v 1.16497 4.76283 -29.889 
v 1.13676 4.70499 -29.8951 
v 1.25459 4.62692 -29.9004 
v 1.19454 4.74958 -29.9037 
v 1.32882 4.4813 -29.9132 
v 1.29872 4.36031 -29.9108 
v 1.32879 4.24867 -29.9312 
v 1.29112 4.21326 -29.9414 
v 5.26679 2.72491 -30.0227 
v 5.21841 2.7342 -30.0384 
v 5.13382 2.66828 -30.0175 
v 5.21397 3.19433 -30.0363 
v 5.32467 2.59861 -30.0167 
v 3.35056 2.55797 -30.0395 
v 5.22652 2.56289 -30.0384 
v 4.22251 0.595174 -30.025 
v 5.21586 0.643986 -30.0377 
v 5.32851 0.608168 -30.016 
v 6.73835 0.327806 -30.0292 
v 3.25633 0.565543 -30.0173 
v 5.67415 0.287873 -30.0503 
v 7.01219 0.287549 -30.0498 
v 8.65834 0.298297 -30.0415 
v 5.40638 0.650308 -30.0398 
v 6.05633 0.621966 -30.0336 
v 6.61822 2.5583 -30.0351 
v 6.59303 0.639915 -30.039 
v 6.67947 0.589178 -30.0165 
v 7.13746 0.595587 -30.0233 
v 5.37598 2.66935 -30.0195 
v 7.08817 0.62257 -30.0344 
v 6.75424 0.631966 -30.0355 
v 6.67965 2.66233 -30.0131 
v 6.75576 2.56227 -30.0349 
v 8.64528 2.55899 -30.0409 
v 8.71538 2.65935 -30.0153 
v 8.66902 0.622958 -30.0357 
v 8.66971 0.594515 -30.0236 
v 9.84949 0.3305 -30.0299 
v 9.6148 0.289097 -30.0501 
v 12.1763 0.290259 -30.0484 
v 10.0222 0.361557 -30.0297 
v 9.87248 0.595237 -30.0254 
v 8.81417 0.623073 -30.0369 
v 9.85972 2.55742 -30.0401 
v 8.80941 2.55002 -30.0398 
v 9.94621 2.65765 -30.0133 
v 12.1833 0.336723 -30.0265 
v 12.1967 0.274843 -30.0365 
v 10.6184 0.562908 -30.0214 
v 10.0167 0.594891 -30.0269 
v 10.7012 0.625513 -30.0157 
v 10.6188 0.627145 -30.041 
v 10.6687 0.865983 -30.0199 
v 10.6156 0.78495 -30.0446 
v 12.1827 1.84519 -30.0206 
v 10.6162 1.95326 -30.0412 
v 12.1548 2.55931 -30.027 
v 10.0314 2.54945 -30.0401 
v -0.185069 0.346673 -30.0208 
v -0.200526 0.282953 -30.0285 
v -0.17858 0.292212 -30.0439 
v 0.925728 0.286409 -30.0509 
v 2.32457 0.329172 -30.0275 
v 1.32968 0.613547 -30.0174 
v -0.184955 2.54261 -30.0172 
v 1.33061 2.58068 -30.0152 
v -0.198959 2.65712 -29.9949 
v 1.68826 0.565578 -30.0193 
v 1.32932 2.72435 -30.0191 
v -0.184614 2.73277 -30.0189 
v 2.0368 0.619891 -30.019 
v 1.97097 0.638879 -30.0393 
v 1.38547 2.54723 -30.0375 
v 1.37417 2.68269 -30.0181 
v 1.96833 2.61126 -30.0245 
v 1.76781 2.67077 -30.0176 
v 1.96801 2.73619 -30.0387 
v 2.01201 2.72286 -30.0192 
v 2.14059 0.646242 -30.0379 
v 2.12355 2.56336 -30.0356 
v 3.19031 1.96639 -30.0374 
v 2.10667 2.67653 -30.016 
v 3.27226 2.59043 -30.0196 
v 3.40658 0.652503 -30.0423 
v 3.31374 2.67963 -30.0188 
v 2.12764 3.62509 -30.0309 
v 3.20115 2.73117 -30.0379 
v 3.1887 3.62819 -30.0334 
v 2.1275 3.77637 -30.0151 
v 3.29974 3.17722 -30.0222 
v 3.3017 3.67009 -30.0211 
v 3.35443 2.73185 -30.039 
v 3.35685 3.62764 -30.0367 
v 10.7006 4.5967 -30.0038 
v 10.9873 4.678 -29.9963 
v 10.8586 4.68146 -29.9816 
v 10.8171 4.71613 -29.9686 
v 10.9994 4.96954 -30.0226 
v 11.0475 4.84312 -29.9972 
v 11.27 4.82276 -30.0143 
v 10.955 4.91921 -29.997 
v 10.9103 4.93763 -30.0031 
v 10.6981 4.69681 -29.988 
v 10.7791 4.76585 -29.9719 
v 10.6181 4.58678 -30.0446 
v 10.6518 4.47319 -30.0187 
v 10.6875 4.83732 -30.0053 
v 10.7794 4.81671 -29.9711 
v 10.6126 4.82094 -30.0435 
v 10.0494 4.59265 -30.0421 
v 10.7957 4.87839 -29.9953 
v 10.8539 4.90851 -29.9684 
v 10.8408 4.91659 -29.9966 
v 10.6217 5.27583 -30.0431 
v 10.4308 5.26535 -30.0409 
v 10.61 5.32895 -30.0245 
v 10.0256 5.26501 -30.0411 
v 10.6752 5.45643 -30.0228 
v 9.92362 4.87189 -30.0201 
v 10.0269 5.3531 -30.0227 
v 10.3824 5.40213 -30.0207 
v 10.6127 5.41379 -30.0249 
v 10.6154 5.48459 -30.0463 
v 10.0214 5.45827 -30.0423 
v 9.96952 5.45972 -30.0231 
v 10.026 5.99688 -30.0389 
v 9.94168 5.37972 -30.012 
v 9.90352 5.31511 -30.0201 
v 9.91323 5.46047 -30.0229 
v 9.93342 6.09887 -30.0145 
v 10.6174 5.99422 -30.0449 
v 10.3967 6.08823 -30.0199 
v 10.6754 5.99218 -30.0191 
v 10.6175 6.06055 -30.0276 
v 11.886 5.98291 -30.0337 
v 12.1826 4.906 -30.0235 
v 12.1837 5.9836 -30.0247 
v 10.6783 6.12395 -30.0087 
v 12.1814 6.09473 -30.0118 
v 12.2027 6.18486 -29.9962 
v 12.1824 6.95158 -30.0224 
v 11.1961 6.18938 -30.0311 
v 10.6689 6.18751 -30.0206 
v 10.6131 6.13599 -30.0302 
v 10.6161 6.19649 -30.0461 
v 10.6115 8.23824 -30.0417 
v 10.6137 6.89508 -30.0394 
v 10.4454 6.80411 -30.0404 
v 10.0253 6.18594 -30.0424 
v 9.99909 6.12509 -30.0199 
v 9.97209 6.82603 -30.0236 
v 9.94141 6.2589 -30.0194 
v 10.0047 6.90822 -30.0266 
v 10.0177 8.31382 -30.0345 
v 9.91178 6.96326 -30.0222 
v 9.91375 8.0586 -30.0201 
v 10.0237 8.49433 -30.0101 
v 9.85792 8.26141 -30.0425 
v 9.90621 8.35376 -30.0196 
v 8.80695 6.97822 -30.042 
v 12.1777 8.53242 -30.0092 
v 12.2028 8.57382 -29.9888 
v 12.1421 8.64421 -30.0496 
v 12.1819 8.62127 -30.0411 
v 12.1799 8.80403 -30.0526 
v 9.92494 8.53096 -30.01 
v 9.92064 8.61707 -30.0511 
v -0.182108 8.80429 -30.0539 
v -0.185708 8.60645 -30.0409 
v 7.08392 8.53198 -30.0097 
v 8.68248 8.39413 -30.0143 
v 5.26032 8.53483 -30.0117 
v 8.80964 8.31945 -30.0354 
v 8.75221 8.28911 -30.0244 
v 6.70149 8.34437 -30.0159 
v 6.77999 8.31058 -30.0345 
v 8.67305 7.73423 -30.0333 
v 8.72449 6.95065 -30.0226 
v 8.65401 6.9688 -30.0393 
v 6.72983 6.96748 -30.024 
v 8.67178 6.92267 -30.022 
v 8.76544 6.88053 -30.0177 
v 7.0588 6.83258 -30.0232 
v 6.64658 6.96676 -30.0228 
v 9.84521 6.8064 -30.035 
v 9.85879 6.18765 -30.0405 
v 8.80459 6.77782 -30.0414 
v 8.80738 6.18131 -30.0423 
v 8.71729 6.09328 -30.0111 
v 8.72684 6.80545 -30.0234 
v 8.64948 6.76786 -30.0417 
v 8.64183 6.17557 -30.043 
v 9.85702 5.9893 -30.0404 
v 9.85579 5.46432 -30.044 
v 8.72475 6.01479 -30.0236 
v 8.64637 6.12265 -30.0255 
v 6.78237 6.1855 -30.0411 
v 6.78212 6.73713 -30.0391 
v 6.70065 6.80525 -30.0175 
v 6.68448 6.09725 -30.0087 
v 8.81177 5.48296 -30.046 
v 8.86601 5.39594 -30.0195 
v 9.91323 5.46047 -30.0229 
v 8.72241 5.40241 -30.0143 
v 8.70041 5.45865 -30.0237 
v 8.75045 5.2945 -30.0213 
v 8.81378 5.25917 -30.0426 
v 9.85599 5.26213 -30.0418 
v 8.81476 4.89408 -30.0454 
v 9.86729 4.80267 -30.026 
v 8.7515 4.8617 -30.0246 
v 8.70061 5.28567 -30.0231 
v 9.94714 4.48311 -30.0147 
v 9.85699 4.57078 -30.041 
v 8.81702 4.57448 -30.042 
v 8.76414 4.54835 -30.0242 
v 8.70454 4.55833 -30.0203 
v 8.78728 4.46262 -30.0197 
v 8.63187 5.34695 -30.0224 
v 8.64554 5.28429 -30.0414 
v 8.16398 5.3981 -30.0191 
v 8.64402 4.57517 -30.0445 
v 6.78321 5.26524 -30.0422 
v 7.05363 4.50471 -30.0208 
v 6.78409 4.59656 -30.0434 
v 6.67376 5.2934 -30.0192 
v 8.70273 4.42484 -30.0218 
v 6.67772 4.50872 -30.0083 
v 8.6512 4.45527 -30.0224 
v 8.74367 3.8437 -30.0237 
v 8.64894 4.39591 -30.0432 
v 8.64441 4.01376 -30.0424 
v 6.78383 4.36727 -30.0429 
v 6.71395 4.41109 -30.0199 
v 6.78465 3.86341 -30.0456 
v 8.70125 3.84365 -30.0254 
v 8.66016 3.83816 -30.0421 
v 8.72779 3.7763 -30.0096 
v 8.8245 3.80728 -30.0289 
v 8.7255 3.6452 -30.0211 
v 8.65206 3.79433 -30.0256 
v 8.65498 3.63828 -30.0374 
v 8.64605 2.73294 -30.0413 
v 6.78288 3.63793 -30.0382 
v 6.68943 3.78928 -30.005 
v 6.70875 3.06291 -30.0207 
v 6.59264 2.75617 -30.0397 
v 6.66184 3.84367 -30.0224 
v 6.5959 3.86647 -30.0423 
v 6.59378 4.36529 -30.0409 
v 5.37732 3.08384 -30.0338 
v 5.78881 4.51125 -30.0173 
v 5.33256 3.66421 -30.0166 
v 5.40794 3.80881 -30.0239 
v 5.40551 4.36668 -30.0401 
v 5.40689 3.86518 -30.0425 
v 3.34365 3.80869 -30.0236 
v 5.38553 3.83967 -30.039 
v 5.34005 3.8442 -30.0209 
v 5.31125 3.78275 -30.004 
v 5.21882 3.72726 -30.0257 
v 5.29902 3.84689 -30.018 
v 5.20182 3.80995 -30.0279 
v 5.30932 4.40116 -30.0138 
v 5.21514 3.86749 -30.0421 
v 3.35543 3.86475 -30.0426 
v 3.25541 3.8468 -30.0229 
v 5.21385 4.3904 -30.0404 
v 3.32701 4.46453 -30.0167 
v 3.1914 3.8634 -30.0405 
v 3.18775 4.21382 -30.0381 
v 2.15863 3.83595 -30.0329 
v 2.0371 3.83888 -30.0162 
v 2.01837 4.39302 -30.0193 
v 1.97325 4.40121 -30.0379 
v 3.18823 4.36091 -30.0392 
v 3.25269 4.46546 -30.0106 
v 2.05242 4.49031 -30.0068 
v 1.38958 3.83893 -30.0397 
v 1.37379 4.22137 -30.0254 
v 1.37915 4.40231 -30.025 
v 1.32255 4.15286 -30.0226 
v 1.33132 4.21025 -29.9959 
v 1.28891 4.19282 -30.0013 
v -0.0623178 4.18589 -30.0156 
v 1.38521 4.49459 -30.0164 
v 1.32071 3.77881 -30.0077 
v 0.190921 3.8625 -30.0345 
v 1.21325 3.84362 -30.0347 
v -0.184727 3.83863 -30.023 
v -0.154436 4.24494 -30.0196 
v -0.103538 4.24031 -29.9978 
v -0.131997 4.30389 -30.0092 
v -0.15697 4.77949 -30.02 
v -0.202195 4.27446 -29.9959 
v -0.120255 4.97552 -29.9962 
v -0.185266 5.72628 -30.0126 
v -0.157735 5.49867 -30.0187 
v -0.15697 6.60038 -30.0179 
v -0.184932 7.63597 -30.0188 
v -0.0998268 6.67205 -30.0207 
v 0.861619 6.69876 -30.0217 
v 1.20635 8.27315 -30.0292 
v -0.18431 8.30351 -30.0224 
v -0.189867 8.42591 -29.9991 
v 1.32088 8.29517 -30.0176 
v 1.33487 8.39896 -30.0033 
v 1.33096 8.5627 -30.0129 
v -0.180601 8.56352 -30.0165 
v 1.39367 8.52411 -30.0101 
v 1.39889 8.41551 -30.0128 
v 2.0252 8.3623 -30.0194 
v 1.38404 8.31575 -30.037 
v 1.38712 6.8814 -30.0324 
v 1.28887 6.69639 -30.0186 
v 1.29413 6.65205 -29.9901 
v 1.32611 6.67104 -30.0164 
v 1.37161 6.6074 -30.0275 
v 1.96963 6.41547 -30.0365 
v 1.9284 7.21192 -30.0376 
v 2.02801 6.79852 -30.018 
v 1.38299 5.39996 -30.0233 
v 2.08401 6.96152 -30.0216 
v 2.10637 6.84745 -30.0135 
v 2.03625 6.09863 -30.0064 
v 2.13316 8.33347 -30.0353 
v 2.36009 6.92072 -30.0188 
v 2.13993 6.97136 -30.0409 
v 3.2692 6.86929 -30.0129 
v 3.28247 6.96897 -30.0281 
v 2.13663 6.77103 -30.0387 
v 2.1097 6.19245 -30.0312 
v 3.19298 6.17432 -30.0365 
v 3.29764 6.77468 -30.0239 
v 2.71181 6.10413 -30.0146 
v 3.29695 6.16304 -30.0257 
v 3.3281 6.76058 -30.0344 
v 5.21587 6.76305 -30.038 
v 5.24679 6.91713 -30.0194 
v 5.21609 6.13207 -30.0251 
v 5.29665 6.18857 -30.0156 
v 3.32593 6.0997 -30.0197 
v 5.3004 6.10352 -30.0066 
v 3.2984 5.98456 -30.0262 
v 4.83092 7.00242 -30.0393 
v 5.36387 6.90621 -30.0167 
v 3.21949 5.9874 -30.0348 
v 5.21264 8.30138 -30.0371 
v 3.33862 7.87643 -30.038 
v 3.26309 7.46916 -30.0218 
v 3.19601 7.48702 -30.0345 
v 5.32423 8.30095 -30.0161 
v 5.24235 8.38772 -30.0175 
v 6.26475 8.43127 -30.0101 
v 6.59495 8.27859 -30.0365 
v 5.40633 8.2965 -30.0366 
v 5.38743 6.97437 -30.0392 
v 5.41448 6.77785 -30.0384 
v 6.61835 6.16473 -30.0366 
v 5.40404 6.18481 -30.0403 
v 5.76445 6.07586 -30.0201 
v 5.39061 6.01502 -30.0359 
v 6.60617 5.99086 -30.0423 
v 6.59039 5.48023 -30.0419 
v 5.40168 5.48363 -30.0395 
v 5.2967 5.46416 -30.0168 
v 5.8613 5.39742 -30.0183 
v 6.70078 5.46207 -30.0198 
v 5.22881 5.99872 -30.0398 
v 3.33363 6.00162 -30.0412 
v 5.21734 5.46348 -30.0422 
v 3.35317 5.48572 -30.0442 
v 5.276 5.37053 -30.0108 
v 3.28927 5.45438 -30.0231 
v 10.6098 2.54624 -30.0433 
v 10.6142 2.63666 -30.0264 
v 10.6986 2.57012 -30.0186 
v 11.1479 2.676 -30.0124 
v 10.7325 2.6472 -30.011 
v 12.1839 2.65282 -30.0094 
v 12.2028 2.73766 -29.9964 
v 12.1832 2.73503 -30.0237 
v 10.6128 2.67834 -30.0257 
v 10.0594 2.76112 -30.0437 
v 10.6174 2.73277 -30.0445 
v 9.97057 3.66362 -30.0225 
v 10.6104 3.7771 -30.0314 
v 10.6981 3.78053 -30.0132 
v 12.151 3.83946 -30.0347 
v 12.1879 3.84124 -30.0278 
v 9.87251 3.7815 -30.0238 
v 9.8569 2.73749 -30.043 
v 8.80538 2.73395 -30.0411 
v 8.86147 3.60239 -30.0394 
v 9.41606 3.7493 -30.0199 
v 9.94606 3.77695 -30.0134 
v 8.83587 3.86247 -30.0468 
v 9.8638 3.83956 -30.0432 
v 10.0259 3.838 -30.0445 
v 10.057 4.10903 -30.0457 
v 9.9196 4.42274 -30.0224 
v 8.80951 4.39101 -30.0426 
v 10.6438 3.84073 -30.0396 
v 10.6134 4.38879 -30.0483 
v 10.7023 3.83588 -30.022 
v 10.7 4.39982 -30.0176 
v 10.7738 4.23845 -30.0291 
v 11.7856 4.39839 -30.0258 
v 11.2934 4.45196 -30.0056 
v 12.1822 4.47971 -30.0091 
v 12.2008 4.7607 -29.9959 
v 11.0312 4.45256 -29.9976 
v 11.0484 4.73917 -29.9963 
v 10.6991 4.46986 -30.002 
v 3.19003 5.48455 -30.0415 
v 3.21371 5.40054 -30.0172 
v 2.12777 5.99169 -30.0385 
v 2.14425 5.46287 -30.0397 
v 2.07134 6.00984 -30.0171 
v 2.03721 5.39931 -30.0067 
v 2.01505 5.98614 -30.0206 
v 1.96912 5.46874 -30.0407 
v 1.96669 5.40975 -30.0269 
v 1.96762 5.33847 -30.0274 
v 1.9662 5.26407 -30.0434 
v 2.01827 5.24609 -30.0246 
v 1.94944 4.89012 -30.0426 
v 1.37466 4.88551 -30.0256 
v 2.07123 5.26376 -30.0239 
v 2.88191 5.3549 -30.0146 
v 2.20273 4.87346 -30.0427 
v 2.04925 4.80553 -30.0133 
v 1.9744 4.82666 -30.024 
v 1.75196 4.57382 -30.0378 
v 1.94369 4.61399 -30.0414 
v 2.07119 4.55896 -30.0189 
v 2.14449 4.58986 -30.0366 
v 2.26804 4.81714 -30.0303 
v 3.25638 4.56585 -30.0233 
v 3.20225 4.59379 -30.0393 
v 2.13018 5.2577 -30.0395 
v 3.17761 5.29416 -30.0337 
v 3.30033 5.29679 -30.025 
v 3.35404 4.59835 -30.0415 
v 3.35575 5.29297 -30.0359 
v 3.95752 4.50521 -30.0161 
v 3.96015 4.59298 -30.0392 
v 5.20335 4.45836 -30.0179 
v 5.22835 5.26745 -30.0392 
v 5.23421 4.52233 -30.0199 
v 5.31534 4.56169 -30.0155 
v 5.38298 4.53555 -30.0237 
v 5.37751 5.01278 -30.036 
v 5.40535 4.59202 -30.0406 
v 6.61776 4.56695 -30.0377 
v 5.32989 5.27654 -30.019 
v 5.39146 5.26816 -30.0391 
v 6.47985 5.29312 -30.0348 
v 6.61449 5.27093 -30.0391 
v 6.76359 5.4286 -30.0252 
v 6.78624 5.99424 -30.043 
v 8.641 5.46319 -30.046 
v 8.70041 5.45865 -30.0237 
v -0.190661 9.26175 -30.8925 
v -0.19063 8.86904 -30.8902 
v -0.160298 8.85711 -30.8892 
v 4.35989 9.23588 -30.8988 
v 2.95051 9.2714 -30.8873 
v 4.22411 8.85758 -30.8882 
v 12.1829 9.2645 -30.8959 
v 12.1781 8.8578 -30.8882 
v 12.1901 8.88481 -30.8916 
v 10.8023 4.7952 -29.8967 
v 10.7794 4.81671 -29.9711 
v 10.7791 4.76585 -29.9719 
v 10.8149 4.8623 -29.9131 
v 10.8171 4.71613 -29.9686 
v 10.8596 4.82879 -29.861 
v 10.8661 4.90057 -29.9071 
v 10.8981 4.87733 -29.8764 
v 10.9565 4.83464 -29.8646 
v 10.837 4.72504 -29.8844 
v 10.8586 4.68146 -29.9816 
v 10.9005 4.68198 -29.9186 
v 10.8858 4.6991 -29.8875 
v 10.8681 4.76328 -29.8576 
v 10.8982 4.72734 -29.8645 
v 10.9623 4.72108 -29.8809 
v 10.9844 4.78199 -29.8681 
v 10.998 4.83791 -29.8862 
v 0.898667 9.86022 -28.0225 
v 0.573327 9.82963 -28.0008 
v -0.241297 9.73165 -27.9736 
v 8.66971 0.594515 -30.0236 
v 8.71538 2.65935 -30.0153 
v 8.66902 0.622958 -30.0357 
v 0.145997 0.0281315 -30.2242 
v -0.18583 0.0200701 -30.2309 
v -0.237822 0.00913525 -30.2226 
v 1.32882 4.4813 -29.9132 
v 1.37915 4.40231 -30.025 
v 1.35538 4.47801 -29.9931 
v 1.32879 4.24867 -29.9312 
v 1.33157 5.02499 -29.9127 
v 1.35353 4.24725 -29.9983 
v 1.33132 4.21025 -29.9959 
v 1.37379 4.22137 -30.0254 
v 1.38521 4.49459 -30.0164 
v 1.37466 4.88551 -30.0256 
v 1.38299 5.39996 -30.0233 
v 1.3325 5.85802 -29.9092 
v 1.36171 6.53166 -29.9941 
v 1.37161 6.6074 -30.0275 
v 1.33095 6.29554 -29.9124 
v 1.31998 6.58168 -29.9306 
v 1.35104 6.51855 -29.9459 
v 1.32653 6.52086 -29.9184 
v -0.635809 9.31758 -29.5801 
v -0.624183 9.30993 -29.7016 
v -0.582036 9.29274 -29.7014 
v -0.616693 9.28334 -29.7303 
v -0.62001 9.30707 -28.138 
v -0.574992 9.3011 -28.1338 
v -0.617914 9.33417 -28.1009 
v -0.226122 9.29033 -29.702 
v -0.239122 9.26578 -29.7275 
v -0.212735 9.26425 -29.7529 
v -0.18508 9.28853 -29.759 
v 3.33682 9.29999 -28.1325 
v -0.190661 9.26175 -30.8925 
v -0.159483 9.28588 -30.8587 
v 2.95051 9.2714 -30.8873 
v 9.48122 9.31282 -28.1033 
v 10.7182 9.2987 -28.1329 
v 12.5796 9.31506 -28.105 
v 12.183 9.28553 -30.8565 
v 12.1829 9.2645 -30.8959 
v 12.1829 9.28785 -29.7564 
v 12.5851 9.29557 -28.1722 
v 12.621 9.31259 -28.1433 
v 12.6223 9.34641 -28.0998 
v 12.6141 9.30388 -28.7384 
v 12.2455 9.29104 -29.6981 
v 12.2361 9.26439 -29.7275 
v 12.2106 9.26349 -29.7531 
v 12.5854 9.26288 -29.7219 
v 12.5874 9.29344 -29.7035 
v 12.6295 9.31744 -29.6474 
v 12.6142 9.28726 -29.7294 
v 10.8539 4.90851 -29.9684 
v 10.7794 4.81671 -29.9711 
v 10.8149 4.8623 -29.9131 
v -0.212424 0.0278239 -29.7857 
v -0.215213 0.0282273 -30.2053 
v -0.206082 0.0583215 -30.1827 
v -0.183605 0.0542135 -30.2144 
v -0.208997 0.232976 -30.1844 
v -0.186196 0.247312 -30.2163 
v -0.184942 0.276957 -30.1845 
v -0.182585 0.27245 -30.0903 
v -0.207457 0.236335 -30.0394 
v -0.200526 0.282953 -30.0285 
v -0.213036 0.0619631 -29.7532 
v -0.242239 0.011374 -29.7496 
v -0.239001 0.0640669 -29.7267 
v -0.185069 0.346673 -30.0208 
v -0.215426 2.87017 -29.7535 
v -0.202944 0.552223 -29.9953 
v -0.184955 2.54261 -30.0172 
v -0.206679 2.67307 -29.967 
v -0.198959 2.65712 -29.9949 
v -0.184614 2.73277 -30.0189 
v -0.184727 3.83863 -30.023 
v -0.21775 3.8578 -29.7535 
v -0.202195 4.27446 -29.9959 
v -0.185266 5.72628 -30.0126 
v -0.203174 6.69781 -29.9962 
v -0.184932 7.63597 -30.0188 
v -0.212735 9.26425 -29.7529 
v -0.203439 8.29373 -29.9967 
v -0.18431 8.30351 -30.0224 
v -0.189867 8.42591 -29.9991 
v -0.205289 8.54189 -29.9717 
v -0.180601 8.56352 -30.0165 
v -0.185708 8.60645 -30.0409 
v -0.205133 8.80477 -30.0182 
v -0.182108 8.80429 -30.0539 
v -0.199761 8.85784 -30.0785 
v -0.181086 8.82858 -30.0774 
v -0.185395 8.84704 -30.8495 
v -0.19063 8.86904 -30.8902 
v -0.190661 9.26175 -30.8925 
v 12.1829 9.28785 -29.7564 
v 12.183 9.28553 -30.8565 
v 12.2035 9.26336 -30.8581 
v 12.1829 9.2645 -30.8959 
v 12.1901 8.88481 -30.8916 
v 12.2106 9.26349 -29.7531 
v 12.1968 8.85893 -30.8522 
v 12.1781 8.8578 -30.8882 
v 12.1799 8.82856 -30.077 
v 12.2021 8.8024 -30.0183 
v 12.1799 8.80403 -30.0526 
v 12.1819 8.62127 -30.0411 
v 12.2028 8.57382 -29.9888 
v 12.1777 8.53242 -30.0092 
v 12.2027 6.18486 -29.9962 
v 12.1824 6.95158 -30.0224 
v 12.2115 0.0587487 -29.7531 
v 12.2008 4.7607 -29.9959 
v 12.1837 5.9836 -30.0247 
v 12.1826 4.906 -30.0235 
v 12.1879 3.84124 -30.0278 
v 12.1832 2.73503 -30.0237 
v 12.2028 2.73766 -29.9964 
v 12.1827 1.84519 -30.0206 
v 12.2015 0.656708 -29.9965 
v 12.1833 0.336723 -30.0265 
v 12.1967 0.274843 -30.0365 
v 12.2107 0.0278382 -29.7847 
v 12.2308 0.0229745 -29.7481 
v 12.1819 0.266464 -30.0865 
v 12.2029 0.23989 -30.1801 
v 12.1825 0.270926 -30.1832 
v 12.1848 0.241101 -30.2148 
v 12.1998 0.0621705 -30.1826 
v 12.2102 0.0289564 -30.208 
v 12.1818 0.0565271 -30.2147 

vn 0.488189 -0.874016 0 
vn 0.787402 -0.622047 0.023622 
vn 0.992126 -0.11811 -0.023622 
vn 0.685039 -0.370079 0.629921 
vn 0.700787 -0.677165 0.228346 
vn 0.952756 -0.0866142 0.291339 
vn 0.905512 0 0.425197 
vn 0.992126 -0.141732 0.023622 
vn 0.905512 0.417323 0 
vn 0.944882 0.314961 0 
vn 0.622047 0.787402 0 
vn 0.984252 0.0393701 0.149606 
vn 0.984252 0.19685 0.023622 
vn 0.88189 0.472441 0.015748 
vn 0.480315 0.251969 0.84252 
vn 0.944882 0.0314961 0.322835 
vn 0.858268 0.0629921 0.519685 
vn 0.889764 -0.102362 0.440945 
vn 0.952756 -0.141732 0.259843 
vn 0.551181 -0.346457 0.76378 
vn 0.708661 -0.456693 0.543307 
vn 0.606299 0.779528 -0.149606 
vn 0.346457 0.929134 0.133858 
vn 0.929134 0.377953 0.015748 
vn 0.740157 0.299213 -0.606299 
vn 0.976378 0.165354 -0.149606 
vn 0.834646 0 -0.551181 
vn 0.992126 -0.11811 0 
vn 0.984252 0.00787402 -0.15748 
vn 0.834646 -0.0629921 -0.551181 
vn 0.818898 -0.551181 -0.15748 
vn 0.511811 -0.496063 -0.700787 
vn 0.92126 -0.181102 0.354331 
vn 0.377953 -0.188976 0.905512 
vn 0.543307 -0.834646 0.102362 
vn 0.574803 -0.582677 0.574803 
vn -0.015748 -0.409449 0.913386 
vn -0.307087 -0.952756 -0.0393701 
vn 0.393701 -0.897638 0.188976 
vn -0.96063 -0.228346 -0.173228 
vn -0.700787 -0.685039 -0.19685 
vn -0.456693 -0.889764 -0.0393701 
vn -0.503937 -0.472441 -0.724409 
vn -0.755906 -0.0551181 -0.653543 
vn -0.850394 0 -0.527559 
vn -0.952756 -0.299213 0 
vn -0.598425 -0.645669 0.472441 
vn -0.929134 0.259843 -0.259843 
vn -0.370079 0 -0.929134 
vn -0.598425 0.385827 -0.700787 
vn -0.496063 0.850394 -0.173228 
vn -0.456693 0.889764 0 
vn -0.952756 0.283465 0.133858 
vn -0.480315 0.866142 0.15748 
vn -0.653543 0.448819 0.614173 
vn -0.795276 0.0944882 0.598425 
vn -0.866142 -0.125984 0.480315 
vn -0.92126 -0.322835 0.228346 
vn -0.472441 -0.385827 0.795276 
vn -0.417323 -0.574803 0.708661 
vn -0.496063 -0.826772 0.259843 
vn -0.826772 -0.566929 0 
vn -0.992126 -0.110236 0.0314961 
vn -0.748031 -0.629921 0.19685 
vn -0.968504 -0.125984 0.204724 
vn -0.637795 -0.346457 0.685039 
vn -0.913386 -0.0866142 0.385827 
vn -0.984252 -0.11811 0.110236 
vn -0.598425 -0.645669 0.472441 
vn -0.952756 -0.299213 0 
vn -0.598425 -0.645669 0.472441 
vn -0.0866142 -1 -0.015748 
vn -0.181102 0.102362 0.976378 
vn -0.19685 -0.00787402 0.976378 
vn -0.897638 0.00787402 0.440945 
vn -0.850394 -0.015748 0.519685 
vn -0.811024 -0.00787402 0.582677 
vn -0.866142 0.0787402 0.488189 
vn -0.637795 0.472441 0.614173 
vn -0.858268 0.259843 0.440945 
vn -0.511811 0.661417 0.551181 
vn -0.409449 0.393701 0.826772 
vn -0.669291 0.110236 0.732283 
vn -0.826772 0.015748 0.559055 
vn -0.511811 -0.00787402 0.858268 
vn -0.929134 -0.00787402 0.370079 
vn -0.433071 -0.110236 0.897638 
vn -0.858268 -0.023622 0.511811 
vn -0.267717 -0.228346 0.937008 
vn -0.307087 0.0472441 0.952756 
vn -0.80315 0 0.598425 
vn -0.669291 -0.0708661 0.740157 
vn -0.724409 -0.0314961 0.692913 
vn -0.472441 -0.220472 0.850394 
vn -0.637795 -0.543307 0.543307 
vn -0.677165 -0.472441 0.566929 
vn -0.204724 -0.472441 0.858268 
vn -0.598425 -0.645669 0.472441 
vn -0.456693 -0.889764 -0.0393701 
vn -0.188976 -0.92126 0.346457 
vn -0.133858 -0.417323 0.897638 
vn 0.0866142 -0.440945 0.889764 
vn 0.393701 -0.795276 0.464567 
vn 0.110236 -0.992126 0.0708661 
vn 0.858268 -0.496063 0.125984 
vn 0.637795 -0.685039 0.346457 
vn 0.00787402 -0.88189 0.472441 
vn 0 -0.92126 0.393701 
vn 0 -0.440945 0.897638 
vn 0.204724 -0.952756 -0.212598 
vn -0.0944882 -0.76378 -0.645669 
vn -0.700787 -0.685039 -0.19685 
vn -0.503937 -0.472441 -0.724409 
vn 0.110236 -0.645669 -0.755906 
vn 0.511811 -0.496063 -0.700787 
vn 0.818898 -0.551181 -0.15748 
vn 0.543307 -0.834646 0.102362 
vn -0.0551181 -0.992126 0.110236 
vn -0.614173 -0.740157 0.283465 
vn -0.15748 -0.984252 -0.0314961 
vn 0.0866142 -0.834646 0.543307 
vn 0.574803 -0.582677 0.574803 
vn -0.346457 -0.92126 0.188976 
vn -0.897638 -0.425197 0.141732 
vn -0.11811 -0.606299 0.787402 
vn -0.503937 -0.566929 0.653543 
vn -0.370079 0 -0.929134 
vn -0.598425 0.385827 -0.700787 
vn -0.204724 0.204724 -0.96063 
vn -0.11811 0.811024 -0.574803 
vn 0.188976 0.259843 -0.944882 
vn 0.165354 0.834646 -0.527559 
vn 0.740157 0.299213 -0.606299 
vn 0.834646 0 -0.551181 
vn 0.19685 -0.0944882 -0.976378 
vn 0.834646 -0.0629921 -0.551181 
vn 0.511811 -0.496063 -0.700787 
vn 0.110236 -0.645669 -0.755906 
vn -0.19685 -0.102362 -0.976378 
vn -0.850394 0 -0.527559 
vn -0.0944882 -0.76378 -0.645669 
vn -0.755906 -0.0551181 -0.653543 
vn -0.503937 -0.472441 -0.724409 
vn -0.496063 0.850394 -0.173228 
vn -0.456693 0.889764 0 
vn -0.0866142 1 0 
vn -0.00787402 0.976378 -0.212598 
vn -0.11811 0.811024 -0.574803 
vn -0.598425 0.385827 -0.700787 
vn 0 0.992126 -0.11811 
vn 0.165354 0.834646 -0.527559 
vn -0.00787402 1 0.00787402 
vn 0.606299 0.779528 -0.149606 
vn 0.740157 0.299213 -0.606299 
vn 0.346457 0.929134 0.133858 
vn -0.480315 0.866142 0.15748 
vn -0.653543 0.448819 0.614173 
vn -0.110236 0.834646 0.543307 
vn 0 0.811024 0.590551 
vn 0 0.76378 0.645669 
vn 0 0.732283 0.677165 
vn 0.188976 0.724409 0.661417 
vn 0.433071 0.677165 0.598425 
vn 0.622047 0.787402 0 
vn 0.88189 0.472441 0.015748 
vn 0.905512 0.417323 0 
vn 0.212598 0.976378 0 
vn 0.377953 -0.700787 0.606299 
vn 0.929134 -0.307087 0.188976 
vn 0.795276 -0.582677 0.149606 
vn 0.0393701 -0.984252 0.149606 
vn 0.0393701 -1 -0.00787402 
vn 0 -0.818898 0.566929 
vn -0.00787402 -0.740157 0.669291 
vn 0 -0.708661 0.700787 
vn 0 -0.976378 0.220472 
vn 0.00787402 -0.818898 0.574803 
vn 0 -0.96063 0.283465 
vn -0.00787402 -0.503937 0.858268 
vn 0.00787402 -0.811024 0.582677 
vn 0 -0.716535 0.700787 
vn 0 -0.425197 0.905512 
vn -0.669291 -0.724409 0.149606 
vn -0.362205 -0.606299 0.708661 
vn -0.96063 -0.15748 0.23622 
vn -0.464567 -0.850394 0.244094 
vn -0.0393701 -0.574803 0.818898 
vn -0.496063 -0.275591 0.818898 
vn 0.149606 -0.976378 0.141732 
vn -0.0551181 -0.952756 0.299213 
vn -0.330709 -0.929134 0.173228 
vn 0.141732 -0.267717 0.952756 
vn 0.409449 -0.850394 0.314961 
vn -0.173228 -0.795276 0.574803 
vn 0.433071 -0.590551 0.685039 
vn 0.598425 -0.614173 0.511811 
vn 0.299213 -0.11811 0.944882 
vn 0.866142 -0.322835 0.385827 
vn 0.480315 -0.110236 0.874016 
vn 0.858268 -0.251969 0.440945 
vn 0.92126 0.133858 0.354331 
vn 0.393701 0.244094 0.889764 
vn 0.905512 0.228346 0.362205 
vn 0.598425 0.362205 0.716535 
vn 0.0629921 0.984252 0.181102 
vn 0.88189 0.433071 0.19685 
vn 0.464567 0.88189 0.0944882 
vn 0.488189 0.779528 0.401575 
vn 0 0.976378 0.212598 
vn 0 1 0.0393701 
vn 0.496063 0.377953 0.779528 
vn -0.496063 0.385827 0.779528 
vn -0.748031 0.574803 0.346457 
vn 0 0.976378 0.228346 
vn -0.417323 0.88189 0.228346 
vn -0.755906 0.645669 0.11811 
vn -0.740157 0.535433 0.409449 
vn -0.354331 0.795276 0.496063 
vn -0.464567 0.826772 0.322835 
vn -0.0866142 0.952756 0.275591 
vn -0.228346 0.511811 0.826772 
vn -0.0787402 0.866142 0.496063 
vn 0.291339 0.677165 0.677165 
vn 0.165354 0.874016 0.448819 
vn -0.015748 0.566929 0.818898 
vn 0.574803 0.692913 0.433071 
vn 0.23622 0.307087 0.92126 
vn 0.598425 0.362205 0.716535 
vn 0.905512 0.228346 0.362205 
vn 0.732283 0.645669 0.228346 
vn 0.393701 0.244094 0.889764 
vn 0.92126 0.133858 0.354331 
vn -0.866142 -0.125984 0.480315 
vn -0.181102 -0.275591 0.944882 
vn -0.464567 -0.0866142 0.88189 
vn -0.795276 0.0944882 0.598425 
vn -0.472441 -0.385827 0.795276 
vn -0.149606 0.0551181 0.984252 
vn -0.23622 0.15748 0.96063 
vn -0.653543 0.448819 0.614173 
vn -0.133858 0.417323 0.897638 
vn -0.110236 0.834646 0.543307 
vn 0 0.188976 0.984252 
vn 0 -0.220472 0.976378 
vn 0 0.566929 0.826772 
vn 0 0.811024 0.590551 
vn 0 0.425197 0.905512 
vn 0 0.76378 0.645669 
vn 0 0.19685 0.976378 
vn 0 -0.204724 0.976378 
vn 0 -0.606299 0.795276 
vn -0.417323 -0.574803 0.708661 
vn -0.0629921 -0.929134 0.370079 
vn 0 -0.929134 0.362205 
vn 0 -0.590551 0.811024 
vn -0.00787402 -0.850394 0.519685 
vn 0 -0.212598 0.976378 
vn 0 -0.299213 0.952756 
vn 0 -0.346457 0.937008 
vn 0.15748 -0.771654 0.622047 
vn 0 0.00787402 1 
vn 0.181102 -0.251969 0.952756 
vn 0.551181 -0.346457 0.76378 
vn 0.708661 -0.456693 0.543307 
vn 0.889764 -0.102362 0.440945 
vn 0.456693 -0.110236 0.88189 
vn 0.858268 0.0629921 0.519685 
vn 0.0472441 -0.149606 0.984252 
vn 0.480315 0.251969 0.84252 
vn 0.00787402 0.165354 0.984252 
vn 0.188976 0.724409 0.661417 
vn 0.433071 0.677165 0.598425 
vn -0.0708661 0.322835 0.944882 
vn 0 0.732283 0.677165 
vn 0 0.393701 0.92126 
vn -0.11811 0.244094 0.96063 
vn -0.181102 0.102362 0.976378 
vn -0.637795 0.472441 0.614173 
vn -0.275591 0.811024 0.519685 
vn -0.511811 0.661417 0.551181 
vn 0 0.464567 0.88189 
vn -0.11811 0.834646 0.535433 
vn -0.409449 0.393701 0.826772 
vn -0.023622 0.606299 0.795276 
vn -0.0393701 0.244094 0.968504 
vn 0.15748 0.346457 0.929134 
vn 0.110236 0.818898 0.566929 
vn 0.362205 0.645669 0.677165 
vn 0.338583 0.598425 0.724409 
vn 0.622047 0.385827 0.677165 
vn 0.393701 0.149606 0.905512 
vn 0.133858 0.952756 0.283465 
vn 0 0.0944882 0.992126 
vn 0.188976 0.543307 0.818898 
vn -0.0944882 -0.543307 0.834646 
vn -0.637795 -0.543307 0.543307 
vn -0.204724 -0.472441 0.858268 
vn -0.472441 -0.220472 0.850394 
vn 0.188976 -0.708661 0.677165 
vn 0.0866142 -0.724409 0.677165 
vn 0.543307 -0.574803 0.614173 
vn 0.566929 -0.338583 0.748031 
vn -0.968504 -0.125984 0.204724 
vn -0.913386 -0.0866142 0.385827 
vn -0.425197 0.00787402 0.905512 
vn -0.204724 0 0.976378 
vn -0.637795 -0.346457 0.685039 
vn -0.19685 -0.220472 0.952756 
vn -0.228346 -0.858268 0.456693 
vn 0.314961 -0.464567 0.826772 
vn 0.228346 0 0.976378 
vn 0.850394 0 0.527559 
vn 0.818898 -0.417323 0.385827 
vn -0.220472 0 0.976378 
vn 0.401575 -0.141732 0.905512 
vn 0.905512 0.00787402 0.433071 
vn -0.440945 -0.125984 0.889764 
vn -0.598425 -0.645669 0.472441 
vn -0.133858 -0.417323 0.897638 
vn 0.0866142 -0.440945 0.889764 
vn 0.393701 -0.795276 0.464567 
vn 0.637795 -0.685039 0.346457 
vn 0.110236 -0.992126 0.0708661 
vn 0.244094 -0.527559 0.811024 
vn 0.401575 -0.283465 0.874016 
vn 0.015748 -0.259843 0.968504 
vn -0.015748 -0.409449 0.913386 
vn 0.425197 -0.283465 0.858268 
vn 0.393701 -0.897638 0.188976 
vn 0 -0.708661 0.700787 
vn 0.00787402 -0.88189 0.472441 
vn 0.023622 -0.440945 0.897638 
vn 0 -0.440945 0.897638 
vn 0 -0.425197 0.905512 
vn 0 -0.716535 0.700787 
vn -0.0393701 -0.574803 0.818898 
vn -0.00787402 0.125984 0.992126 
vn -0.496063 -0.275591 0.818898 
vn 0 -0.92126 0.393701 
vn -0.015748 0.220472 0.976378 
vn -0.669291 0.110236 0.732283 
vn -0.511811 -0.00787402 0.858268 
vn -0.15748 0.110236 0.984252 
vn -0.409449 0.393701 0.826772 
vn -0.0393701 0.244094 0.968504 
vn -0.102362 0.023622 0.992126 
vn -0.433071 -0.110236 0.897638 
vn 0.15748 -0.00787402 0.984252 
vn 0.204724 0.0866142 0.976378 
vn 0.15748 0.346457 0.929134 
vn 0.338583 0.598425 0.724409 
vn 0.622047 0.385827 0.677165 
vn 0.582677 0.125984 0.80315 
vn 0.708661 0.00787402 0.708661 
vn 0.685039 0 0.732283 
vn 0.732283 -0.015748 0.685039 
vn 0.015748 -0.0472441 1 
vn 0.259843 -0.023622 0.968504 
vn -0.0708661 0.0472441 1 
vn 0.015748 0.0944882 0.992126 
vn -0.0629921 -0.0472441 1 
vn 0.00787402 0.244094 0.968504 
vn 0.133858 0.0787402 0.984252 
vn 0.0551181 0.283465 0.952756 
vn 0.0551181 -0.322835 0.944882 
vn -0.0393701 -0.0393701 1 
vn 0.015748 -0.488189 0.874016 
vn 0.015748 -0.0708661 1 
vn 0.0393701 -0.188976 0.984252 
vn 0.0866142 -0.212598 0.976378 
vn -0.102362 -0.275591 0.96063 
vn -0.102362 -0.275591 0.952756 
vn -0.0787402 -0.283465 0.952756 
vn 0.00787402 0.0472441 1 
vn -0.0787402 -0.362205 0.929134 
vn 0.228346 -0.023622 0.976378 
vn 0.0708661 -0.503937 0.858268 
vn 0.0708661 -0.204724 0.976378 
vn 0.488189 -0.267717 0.834646 
vn 0.291339 -0.0393701 0.952756 
vn 0.0314961 -0.015748 1 
vn -0.0314961 -0.433071 0.897638 
vn -0.267717 -0.228346 0.937008 
vn 0.11811 0.15748 0.984252 
vn 0.00787402 -0.488189 0.874016 
vn 0.0472441 -0.015748 1 
vn -0.307087 0.0472441 0.952756 
vn -0.015748 0.125984 0.992126 
vn -0.314961 0.0472441 0.944882 
vn -0.80315 0 0.598425 
vn -0.015748 0.330709 0.944882 
vn -0.149606 -0.0551181 0.984252 
vn -0.724409 -0.0314961 0.692913 
vn -0.15748 0.0708661 0.984252 
vn -0.472441 -0.220472 0.850394 
vn -0.165354 0.244094 0.952756 
vn -0.251969 0.338583 0.905512 
vn -0.11811 -0.15748 0.984252 
vn -0.15748 -0.110236 0.984252 
vn -0.464567 0.00787402 0.889764 
vn -0.385827 0.0314961 0.92126 
vn -0.0944882 -0.543307 0.834646 
vn -0.23622 -0.244094 0.937008 
vn 0.015748 0.188976 0.984252 
vn -0.0866142 -0.440945 0.889764 
vn -0.0866142 -0.472441 0.874016 
vn 0.0551181 -0.259843 0.968504 
vn 0.220472 -0.275591 0.937008 
vn -0.409449 -0.362205 0.834646 
vn -0.267717 -0.110236 0.952756 
vn 0.220472 0 0.976378 
vn -0.826772 -0.385827 0.409449 
vn -0.779528 -0.0866142 0.622047 
vn -0.503937 -0.566929 0.653543 
vn -0.11811 -0.606299 0.787402 
vn 0.188976 -0.220472 0.96063 
vn 0.685039 -0.370079 0.629921 
vn 0.905512 0 0.425197 
vn 0.377953 -0.188976 0.905512 
vn 0.0866142 -0.834646 0.543307 
vn 0.574803 -0.582677 0.574803 
vn 0.19685 0.228346 0.952756 
vn 0.0787402 0.228346 0.968504 
vn 0.149606 -0.204724 0.968504 
vn 0.11811 0.0393701 0.992126 
vn 0.015748 -0.0787402 1 
vn -0.188976 -0.267717 0.944882 
vn -0.11811 0.015748 0.992126 
vn -0.322835 0.204724 0.92126 
vn -0.19685 -0.015748 0.976378 
vn -0.669291 0.0787402 0.740157 
vn -0.377953 -0.307087 0.874016 
vn -0.354331 0.291339 0.889764 
vn -0.559055 -0.165354 0.811024 
vn -0.181102 -0.259843 0.944882 
vn -0.0393701 0.23622 0.968504 
vn 0.220472 0.362205 0.905512 
vn -0.0551181 -0.259843 0.96063 
vn -0.11811 -0.645669 0.755906 
vn 0.409449 -0.338583 0.850394 
vn 0.0866142 -0.330709 0.937008 
vn 0.551181 0.149606 0.826772 
vn 0.354331 0.0393701 0.937008 
vn 0.543307 -0.165354 0.826772 
vn 0.283465 -0.291339 0.913386 
vn 0.0944882 0 0.992126 
vn 0.133858 -0.0393701 0.992126 
vn 0.614173 -0.00787402 0.787402 
vn 0.173228 -0.0944882 0.976378 
vn 0.566929 -0.338583 0.748031 
vn 0.188976 -0.708661 0.677165 
vn -0.102362 0.0787402 0.992126 
vn -0.15748 0.212598 0.96063 
vn -0.015748 0.0551181 1 
vn -0.0787402 -0.00787402 1 
vn -0.0472441 -0.023622 1 
vn 0.110236 -0.0629921 0.992126 
vn -0.102362 -0.110236 0.992126 
vn 0 0.0314961 1 
vn -0.0629921 0.220472 0.976378 
vn 0.00787402 0.0314961 1 
vn 0 -0.251969 0.968504 
vn 0.023622 0 1 
vn -0.00787402 -0.740157 0.669291 
vn 0.00787402 -0.818898 0.574803 
vn -0.00787402 -0.503937 0.858268 
vn 0.102362 0.204724 0.976378 
vn 0.00787402 0.0393701 1 
vn -0.141732 -0.0708661 0.984252 
vn -0.0866142 0.165354 0.984252 
vn 0 0.0393701 1 
vn -0.0629921 0.0551181 1 
vn 0.00787402 0.0314961 1 
vn -0.0708661 0.0866142 0.992126 
vn 0.0866142 0.165354 0.984252 
vn -0.0314961 -0.015748 1 
vn 0.110236 -0.0787402 0.992126 
vn -0.133858 -0.0866142 0.984252 
vn -0.00787402 0.015748 1 
vn 0 0.19685 0.976378 
vn 0.023622 0.102362 0.992126 
vn 0 -0.23622 0.976378 
vn 0.00787402 -0.811024 0.582677 
vn -0.362205 -0.606299 0.708661 
vn 0 -0.0314961 1 
vn 0.00787402 -0.00787402 1 
vn 0.023622 0.19685 0.976378 
vn -0.11811 -0.0944882 0.992126 
vn 0.102362 -0.0787402 0.992126 
vn -0.00787402 0.00787402 1 
vn -0.700787 -0.165354 0.692913 
vn -0.96063 -0.15748 0.23622 
vn -0.0472441 0.0866142 0.992126 
vn -0.23622 -0.00787402 0.968504 
vn -0.102362 0.00787402 0.992126 
vn -0.133858 0.149606 0.976378 
vn -0.212598 0 0.976378 
vn -0.173228 -0.00787402 0.984252 
vn -0.629921 0.00787402 0.779528 
vn -0.0314961 0.00787402 1 
vn -0.228346 -0.0551181 0.976378 
vn 0.125984 -0.0787402 0.992126 
vn 0.685039 -0.141732 0.716535 
vn 0.929134 -0.307087 0.188976 
vn 0.377953 -0.700787 0.606299 
vn 0 -0.818898 0.566929 
vn 0 -0.259843 0.968504 
vn 0.00787402 -0.00787402 1 
vn 0.637795 -0.0551181 0.771654 
vn 0.15748 -0.023622 0.984252 
vn 0 0.0551181 1 
vn 0.00787402 0.0629921 1 
vn 0.015748 0.023622 1 
vn 0.00787402 0.165354 0.984252 
vn -0.0314961 0.0629921 1 
vn -0.125984 0.251969 0.96063 
vn 0.173228 -0.0551181 0.984252 
vn 0.023622 -0.023622 1 
vn -0.0708661 0.015748 1 
vn 0.015748 0.0472441 1 
vn -0.181102 0.0629921 0.984252 
vn -0.19685 0.0314961 0.976378 
vn 0.0629921 0.244094 0.968504 
vn 0.338583 -0.0629921 0.937008 
vn -0.11811 0 0.992126 
vn 0.015748 -0.0314961 1 
vn 0.0866142 -0.0393701 0.992126 
vn 0.0472441 0.110236 0.992126 
vn 0.0472441 0.0314961 1 
vn 0.346457 -0.0629921 0.937008 
vn -0.0551181 0.149606 0.984252 
vn -0.0393701 -0.102362 0.992126 
vn 0.0472441 0.0708661 1 
vn -0.023622 0 1 
vn 0.0944882 -0.0314961 0.992126 
vn 0.165354 0.125984 0.976378 
vn 0.11811 -0.023622 0.992126 
vn -0.23622 -0.0787402 0.968504 
vn 0.141732 -0.267717 0.952756 
vn 0.0708661 -0.377953 0.92126 
vn -0.456693 -0.496063 0.740157 
vn 0.0629921 0.149606 0.984252 
vn 0.393701 0.244094 0.889764 
vn 0.0314961 0.0314961 1 
vn 0.291339 0.677165 0.677165 
vn -0.0787402 0.866142 0.496063 
vn -0.346457 -0.0472441 0.937008 
vn -0.559055 -0.141732 0.811024 
vn -0.220472 0.0629921 0.976378 
vn -0.220472 -0.0708661 0.976378 
vn -0.338583 0.0944882 0.937008 
vn -0.669291 0.259843 0.692913 
vn -0.244094 0.00787402 0.968504 
vn 0.0866142 0.0944882 0.992126 
vn -0.354331 0.377953 0.858268 
vn -0.464567 0.826772 0.322835 
vn -0.228346 0.511811 0.826772 
vn -0.141732 -0.212598 0.968504 
vn 0 -0.0866142 1 
vn -0.0393701 -0.133858 0.992126 
vn 0.370079 -0.133858 0.92126 
vn -0.110236 0.0472441 0.992126 
vn 0.023622 0.015748 1 
vn 0.0629921 -0.0629921 0.992126 
vn 0 0.0944882 0.992126 
vn -0.0472441 0.125984 0.992126 
vn -0.165354 0.125984 0.976378 
vn 0.188976 0.543307 0.818898 
vn 0.110236 0.0314961 0.992126 
vn 0.102362 -0.0866142 0.992126 
vn -0.0393701 0 1 
vn -0.0551181 -0.0708661 0.992126 
vn -0.102362 0.0314961 0.992126 
vn -0.023622 -0.00787402 1 
vn -0.204724 -0.125984 0.968504 
vn 0.00787402 -0.00787402 1 
vn -0.181102 -0.0629921 0.984252 
vn -0.141732 -0.110236 0.984252 
vn -0.00787402 -0.0866142 1 
vn -0.472441 0.00787402 0.88189 
vn -0.472441 -0.0314961 0.88189 
vn -0.125984 0.0551181 0.992126 
vn -0.133858 -0.0787402 0.984252 
vn -0.889764 0 0.448819 
vn -0.456693 0 0.889764 
vn 0.00787402 0.11811 0.992126 
vn -0.19685 0.102362 0.976378 
vn -0.15748 0.141732 0.976378 
vn -0.212598 0.11811 0.968504 
vn 0 -0.0551181 1 
vn -0.149606 -0.00787402 0.992126 
vn 0.015748 -0.0393701 1 
vn 0.165354 0.149606 0.976378 
vn 0.0866142 0.165354 0.984252 
vn 0.00787402 -0.015748 1 
vn 0.00787402 0.015748 1 
vn 0.0314961 0.015748 1 
vn 0.212598 -0.0944882 0.968504 
vn 0.015748 0.00787402 1 
vn -0.125984 0 0.992126 
vn 0.015748 -0.0314961 1 
vn -0.173228 -0.0787402 0.984252 
vn -0.0708661 -0.0629921 0.992126 
vn 0.0866142 0.102362 0.992126 
vn -0.385827 0.11811 0.913386 
vn -0.952756 0.0708661 0.299213 
vn -0.0551181 0.165354 0.984252 
vn -0.535433 0.19685 0.818898 
vn -0.496063 0.385827 0.779528 
vn 0 0.19685 0.984252 
vn 0 0.228346 0.976378 
vn 0.496063 0.377953 0.779528 
vn 0.527559 0.23622 0.811024 
vn 0 0.204724 0.976378 
vn 0.00787402 -0.0708661 1 
vn 0 0.165354 0.984252 
vn 0.0629921 -0.11811 0.992126 
vn 0.110236 -0.015748 0.992126 
vn 0.00787402 -0.0866142 1 
vn 0.0787402 -0.204724 0.976378 
vn -0.0708661 -0.00787402 1 
vn 0.00787402 0.0866142 0.992126 
vn -0.0866142 0.15748 0.984252 
vn 0.015748 0.015748 1 
vn -0.0393701 0.181102 0.984252 
vn 0.0314961 -0.00787402 1 
vn -0.00787402 -0.015748 1 
vn 0 0.015748 1 
vn -0.0393701 -0.204724 0.976378 
vn -0.110236 0.110236 0.984252 
vn 0.0944882 -0.0944882 0.992126 
vn 0.11811 0.133858 0.984252 
vn -0.0944882 -0.023622 0.992126 
vn -0.0629921 -0.015748 1 
vn -0.0866142 -0.0787402 0.992126 
vn -0.141732 0.125984 0.984252 
vn -0.125984 -0.0866142 0.984252 
vn -0.149606 0.527559 0.834646 
vn -0.015748 -0.0708661 1 
vn -0.0393701 0.173228 0.984252 
vn 0.110236 0.125984 0.984252 
vn 0.0866142 -0.0944882 0.992126 
vn 0.0393701 -0.023622 1 
vn -0.015748 0.00787402 1 
vn 0.125984 0.11811 0.984252 
vn 0.023622 0.0787402 1 
vn -0.0551181 0.944882 0.322835 
vn -0.015748 0.0472441 1 
vn -0.275591 0.0314961 0.96063 
vn 0.0866142 -0.0787402 0.992126 
vn 0.149606 -0.0944882 0.984252 
vn -0.149606 -0.141732 0.976378 
vn 0.11811 0.212598 0.968504 
vn -0.0787402 0 1 
vn 0.102362 0.0393701 0.992126 
vn -0.133858 -0.0708661 0.984252 
vn 0 0.015748 1 
vn -0.11811 0.0787402 0.992126 
vn 0.102362 0.220472 0.968504 
vn 0.102362 0.0866142 0.992126 
vn -0.0551181 0.0629921 1 
vn 0.0472441 -0.0472441 1 
vn -0.0472441 -0.125984 0.992126 
vn -0.165354 -0.15748 0.976378 
vn 0 0.125984 0.992126 
vn -0.133858 0.385827 0.913386 
vn 0.0787402 -0.251969 0.968504 
vn 0.00787402 0.0472441 1 
vn 0.11811 0.133858 0.984252 
vn -0.0393701 -0.0629921 1 
vn -0.110236 -0.0551181 0.992126 
vn -0.023622 0.0393701 1 
vn -0.0393701 -0.149606 0.992126 
vn 0.0708661 0.125984 0.992126 
vn -0.15748 -0.141732 0.976378 
vn -0.110236 -0.00787402 0.992126 
vn 0.141732 -0.125984 0.984252 
vn 0.173228 -0.0866142 0.984252 
vn 0.0708661 0.212598 0.976378 
vn -0.181102 0.133858 0.976378 
vn -0.212598 0.188976 0.96063 
vn 0 0.023622 1 
vn 0.0944882 0.125984 0.984252 
vn -0.0393701 -0.0393701 1 
vn -0.11811 0.133858 0.984252 
vn -0.110236 -0.0393701 0.992126 
vn -0.125984 0.125984 0.984252 
vn 0.125984 -0.0708661 0.992126 
vn -0.0944882 0.110236 0.992126 
vn 0.0551181 -0.00787402 1 
vn -0.0944882 0.110236 0.992126 
vn -0.0787402 0.141732 0.984252 
vn -0.149606 0.00787402 0.984252 
vn -0.149606 -0.0787402 0.984252 
vn 0.165354 0.00787402 0.984252 
vn 0.00787402 0.0708661 1 
vn 0.0551181 -0.0314961 1 
vn 0.0787402 0.173228 0.984252 
vn 0.11811 -0.173228 0.976378 
vn 0.0708661 0.110236 0.992126 
vn 0.0472441 0.11811 0.992126 
vn 0.19685 0.259843 0.944882 
vn 0.141732 0.377953 0.913386 
vn 0 0.0393701 1 
vn -0.0629921 0.0472441 1 
vn -0.0472441 0.141732 0.992126 
vn -0.0866142 0.133858 0.984252 
vn -0.023622 -0.0629921 1 
vn -0.133858 0.11811 0.984252 
vn 0.0866142 0.125984 0.984252 
vn 0 0.0629921 1 
vn -0.133858 -0.15748 0.976378 
vn 0.0393701 0.0393701 1 
vn -0.102362 0.307087 0.944882 
vn -0.0866142 0 1 
vn 0.0551181 0.133858 0.992126 
vn -0.110236 0.023622 0.992126 
vn -0.204724 -0.0314961 0.976378 
vn -0.141732 -0.133858 0.984252 
vn -0.173228 -0.0866142 0.984252 
vn 0.015748 -0.015748 1 
vn -0.023622 0.0314961 1 
vn 0.19685 0.00787402 0.976378 
vn 0.322835 -0.125984 0.937008 
vn 0.519685 -0.0472441 0.858268 
vn 0.110236 -0.188976 0.976378 
vn 0.543307 -0.574803 0.614173 
vn 0.0866142 -0.724409 0.677165 
vn -0.204724 -0.472441 0.858268 
vn 0.330709 -0.015748 0.944882 
vn 0.173228 0.0393701 0.984252 
vn 0.00787402 -0.015748 1 
vn -0.0629921 0.165354 0.984252 
vn 0.669291 0 0.748031 
vn -0.204724 -0.0629921 0.976378 
vn -0.677165 -0.472441 0.566929 
vn -0.669291 -0.0708661 0.740157 
vn -0.0551181 0 1 
vn 0.897638 -0.015748 0.440945 
vn -0.811024 -0.00787402 0.582677 
vn 0.700787 0.00787402 0.708661 
vn -0.19685 -0.00787402 0.976378 
vn -0.181102 0.102362 0.976378 
vn 0.637795 -0.00787402 0.771654 
vn -0.11811 0.244094 0.96063 
vn 0 0.464567 0.88189 
vn -0.0393701 -0.0787402 1 
vn 0.440945 -0.0787402 0.897638 
vn 0.448819 -0.0472441 0.897638 
vn 0.110236 -0.0629921 0.992126 
vn 0.0944882 -0.0944882 0.992126 
vn 0.00787402 0.370079 0.929134 
vn 0.425197 0.338583 0.834646 
vn 0.0393701 0.0866142 0.992126 
vn 0.0866142 -0.125984 0.992126 
vn 0.023622 -0.0472441 1 
vn 0.149606 -0.11811 0.984252 
vn 0.015748 0.015748 1 
vn 0.0472441 0.275591 0.96063 
vn 0.362205 0.645669 0.677165 
vn 0.299213 0.188976 0.937008 
vn 0.393701 0.149606 0.905512 
vn -0.181102 0 0.984252 
vn -0.0472441 0.00787402 1 
vn 0.023622 -0.0314961 1 
vn 0.023622 0 1 
vn 0.0787402 0.102362 0.992126 
vn 0.00787402 -0.0944882 0.992126 
vn -0.19685 0 0.984252 
vn 0.0472441 -0.220472 0.976378 
vn 0 0.220472 0.976378 
vn 0.149606 0.354331 0.92126 
vn 0.00787402 0 1 
vn 0 0.0787402 1 
vn 0.0708661 -0.133858 0.992126 
vn 0.125984 0.102362 0.984252 
vn -0.0472441 0.244094 0.968504 
vn 0.173228 -0.0314961 0.984252 
vn 0.00787402 0.0314961 1 
vn -0.0314961 0.0393701 1 
vn 0.133858 -0.0629921 0.992126 
vn -0.19685 -0.0393701 0.976378 
vn -0.0393701 -0.015748 1 
vn -0.0551181 0.267717 0.96063 
vn 0.0314961 0.0472441 1 
vn -0.0551181 -0.0314961 1 
vn 0 0.023622 1 
vn 0.15748 -0.0472441 0.984252 
vn -0.00787402 0.102362 0.992126 
vn 0.0629921 0.0314961 1 
vn -0.0866142 -0.307087 0.944882 
vn -0.0866142 -0.0944882 0.992126 
vn 0 0 1 
vn 0.00787402 0.00787402 1 
vn -0.0787402 0.015748 1 
vn -0.00787402 -0.0708661 1 
vn -0.0551181 -0.0944882 0.992126 
vn 0 -0.0866142 1 
vn -0.0787402 -0.0944882 0.992126 
vn 0.125984 -0.409449 0.905512 
vn 0.299213 0.110236 0.944882 
vn 0.141732 -0.0708661 0.984252 
vn -0.149606 0.141732 0.976378 
vn 0.0944882 0.133858 0.984252 
vn 0 -0.0314961 1 
vn 0.11811 -0.125984 0.984252 
vn -0.173228 -0.102362 0.976378 
vn -0.0866142 0.307087 0.944882 
vn 0.0944882 0.267717 0.96063 
vn -0.0944882 0.0787402 0.992126 
vn 0.00787402 0.0472441 1 
vn 0 0.023622 1 
vn -0.165354 -0.110236 0.976378 
vn 0.212598 -0.102362 0.968504 
vn -0.125984 0.133858 0.984252 
vn 0.110236 0.23622 0.968504 
vn -0.0629921 0.015748 1 
vn 0.00787402 0.133858 0.992126 
vn -0.11811 -0.0787402 0.992126 
vn -0.0866142 -0.0787402 0.992126 
vn -0.110236 -0.0629921 0.992126 
vn -0.00787402 0.251969 0.968504 
vn -0.0314961 0.11811 0.992126 
vn -0.330709 0.00787402 0.944882 
vn -0.968504 0.00787402 0.23622 
vn -0.448819 0.0787402 0.889764 
vn -0.0393701 0.165354 0.984252 
vn 0.102362 0.0866142 0.992126 
vn 0 0.15748 0.984252 
vn 0 -0.0314961 1 
vn -0.0787402 0.0629921 0.992126 
vn -0.110236 0.0866142 0.992126 
vn -0.0866142 -0.00787402 0.992126 
vn -0.700787 -0.00787402 0.708661 
vn -0.0629921 0.141732 0.992126 
vn -0.11811 0.125984 0.984252 
vn 0.102362 0.133858 0.984252 
vn 0.0551181 -0.023622 1 
vn 0.00787402 -0.00787402 1 
vn -0.0472441 0.023622 1 
vn 0.102362 0.133858 0.984252 
vn -0.133858 0.11811 0.984252 
vn 0.15748 0.15748 0.976378 
vn 0.102362 -0.00787402 0.992126 
vn -0.023622 -0.0787402 1 
vn 0.291339 -0.125984 0.952756 
vn -0.141732 0.0944882 0.984252 
vn -0.133858 -0.133858 0.984252 
vn -0.133858 0.0866142 0.984252 
vn -0.165354 -0.125984 0.976378 
vn 0.0551181 -0.023622 1 
vn -0.00787402 -0.015748 1 
vn 0.0314961 -0.0708661 1 
vn -0.149606 -0.015748 0.992126 
vn -0.929134 0.00787402 0.370079 
vn 0.015748 -0.251969 0.968504 
vn 0.299213 -0.11811 0.944882 
vn -0.181102 -0.102362 0.976378 
vn -0.0708661 0.11811 0.992126 
vn -0.023622 0.0629921 1 
vn 0.15748 -0.283465 0.944882 
vn 0.102362 0.188976 0.976378 
vn 0.0708661 -0.11811 0.992126 
vn -0.0944882 0.023622 0.992126 
vn -0.228346 -0.015748 0.976378 
vn -0.188976 0.0866142 0.976378 
vn -0.125984 0.11811 0.984252 
vn -0.133858 -0.102362 0.984252 
vn -0.181102 -0.102362 0.976378 
vn -0.15748 -0.0551181 0.984252 
vn -0.0944882 0.110236 0.992126 
vn 0.582677 -0.00787402 0.811024 
vn 0.0629921 -0.110236 0.992126 
vn 0.00787402 -0.141732 0.992126 
vn -0.023622 0.0787402 1 
vn -0.023622 0.015748 1 
vn -0.0551181 0.11811 0.992126 
vn 0 0.133858 0.992126 
vn -0.0629921 0.0551181 1 
vn 0.0551181 0.0944882 0.992126 
vn 0.0866142 0.0944882 0.992126 
vn 0 0.015748 1 
vn 0.015748 0.11811 0.992126 
vn -0.0866142 0.220472 0.968504 
vn 0.125984 -0.385827 0.913386 
vn -0.023622 -0.0866142 1 
vn 0.015748 -0.0866142 1 
vn 0.0708661 0.0787402 0.992126 
vn 0.0787402 -0.496063 0.866142 
vn 0.00787402 0.0629921 1 
vn 0 0.125984 0.992126 
vn -0.0472441 -0.11811 0.992126 
vn -0.204724 -0.0944882 0.976378 
vn -0.0314961 0.023622 1 
vn 0.0629921 0.0393701 1 
vn 0.0787402 0.141732 0.984252 
vn 0.133858 0 0.992126 
vn 0.102362 0.11811 0.984252 
vn -0.165354 0.173228 0.968504 
vn 0.102362 -0.102362 0.992126 
vn 0.15748 -0.307087 0.937008 
vn 0 -0.0551181 1 
vn -0.125984 -0.23622 0.96063 
vn 0.0393701 0.0314961 1 
vn 0.110236 -0.11811 0.984252 
vn -0.15748 0.472441 0.866142 
vn -0.0944882 0.889764 0.440945 
vn 0.629921 -0.433071 0.645669 
vn -0.0314961 0.00787402 1 
vn -0.00787402 0.00787402 1 
vn 0 -0.125984 0.992126 
vn 0 -0.811024 0.582677 
vn 0 0.0314961 1 
vn -0.433071 -0.440945 0.787402 
vn 0.0472441 0.015748 1 
vn 0.244094 0.015748 0.968504 
vn -0.811024 -0.0314961 0.582677 
vn -0.669291 0.259843 0.692913 
vn -0.559055 -0.141732 0.811024 
vn -0.740157 0.535433 0.409449 
vn -0.456693 -0.496063 0.740157 
vn -0.314961 0.23622 0.92126 
vn -0.354331 0.795276 0.496063 
vn -0.015748 0.566929 0.818898 
vn 0.23622 0.307087 0.92126 
vn -0.606299 -0.535433 0.590551 
vn -0.330709 -0.929134 0.173228 
vn -0.0551181 -0.952756 0.299213 
vn -0.173228 -0.795276 0.574803 
vn -0.23622 -0.133858 0.96063 
vn 0 -0.417323 0.905512 
vn 0.433071 -0.590551 0.685039 
vn 0.480315 -0.110236 0.874016 
vn 0.598425 0.362205 0.716535 
vn 0.11811 -0.779528 0.614173 
vn 0.11811 -0.779528 0.614173 
vn 0.11811 -0.779528 0.614173 
vn -0.992126 0.023622 0.110236 
vn -0.992126 0.023622 0.110236 
vn -0.992126 0.023622 0.110236 
vn -0.0314961 0.692913 0.716535 
vn -0.0314961 0.692913 0.716535 
vn -0.0314961 0.692913 0.716535 
vn 0.614173 -0.00787402 0.787402 
vn 0.519685 -0.0472441 0.858268 
vn 0.850394 0.0314961 0.527559 
vn 0.566929 -0.338583 0.748031 
vn 0.732283 -0.015748 0.685039 
vn 0.826772 -0.204724 0.519685 
vn 0.543307 -0.574803 0.614173 
vn 0.322835 -0.125984 0.937008 
vn 0.330709 -0.015748 0.944882 
vn 0.582677 -0.00787402 0.811024 
vn 0.913386 0 0.409449 
vn 0.685039 0 0.732283 
vn 0.937008 0.0708661 0.338583 
vn 0.393701 0.149606 0.905512 
vn 0.708661 0.00787402 0.708661 
vn 0.622047 0.385827 0.677165 
vn 0.897638 0.125984 0.425197 
vn 0.582677 0.125984 0.80315 
vn -0.826772 -0.566929 0 
vn -0.748031 -0.629921 0.19685 
vn -0.228346 -0.858268 0.456693 
vn -0.637795 -0.346457 0.685039 
vn -0.496063 -0.826772 0.259843 
vn -0.0629921 -0.929134 0.370079 
vn -0.417323 -0.574803 0.708661 
vn 0.0787402 -0.968504 0.23622 
vn 0.314961 -0.464567 0.826772 
vn 0.818898 -0.417323 0.385827 
vn 0.299213 -0.952756 0.0866142 
vn 0 -0.929134 0.362205 
vn 0.629921 -0.433071 0.645669 
vn 0.244094 -0.937008 0.23622 
vn 0 -0.811024 0.582677 
vn -0.00787402 -0.850394 0.519685 
vn 0 -0.968504 0.23622 
vn 0.15748 -0.771654 0.622047 
vn -0.370079 -0.905512 0.212598 
vn -0.433071 -0.440945 0.787402 
vn -0.267717 -0.96063 0.110236 
vn 0.181102 -0.976378 0.110236 
vn 0.700787 -0.677165 0.228346 
vn 0.708661 -0.456693 0.543307 
vn 0.488189 -0.874016 0 
vn -0.0708661 -0.944882 0.307087 
vn -0.409449 -0.362205 0.834646 
vn -0.826772 -0.385827 0.409449 
vn 0.188976 -0.220472 0.96063 
vn 0.19685 -0.866142 0.448819 
vn 0.787402 -0.622047 0.023622 
vn 0.685039 -0.370079 0.629921 
vn -0.464567 0.826772 0.322835 
vn -0.669291 0.259843 0.692913 
vn -0.740157 0.535433 0.409449 
vn 0.858268 -0.496063 0.125984 
vn 0.637795 -0.685039 0.346457 
vn 0.944882 -0.204724 0.251969 
vn 0.401575 -0.283465 0.874016 
vn 0.944882 -0.204724 0.259843 
vn 0.425197 -0.283465 0.858268 
vn 0.393701 -0.897638 0.188976 
vn 0.795276 -0.582677 0.149606 
vn 0.992126 -0.141732 0.0393701 
vn 0.929134 -0.307087 0.188976 
vn 0.889764 -0.149606 0.425197 
vn 0.393701 -0.795276 0.464567 
vn 0.401575 -0.141732 0.905512 
vn 0.685039 -0.141732 0.716535 
vn 0.905512 0.00787402 0.433071 
vn 0.944882 0.00787402 0.322835 
vn 0.637795 -0.0551181 0.771654 
vn 0.992126 0.0866142 0.0708661 
vn 0.968504 0.015748 0.259843 
vn 0.92126 -0.00787402 0.377953 
vn 0.669291 0 0.748031 
vn 0.850394 0 0.527559 
vn 0.897638 -0.015748 0.440945 
vn 0.700787 0.00787402 0.708661 
vn 0.92126 0 0.385827 
vn 0.637795 -0.00787402 0.771654 
vn 0.818898 -0.417323 0.385827 
vn 0.96063 0 0.283465 
vn 0.440945 -0.0787402 0.897638 
vn 0.448819 -0.0472441 0.897638 
vn 0.968504 0.0314961 0.23622 
vn 0.425197 0.338583 0.834646 
vn 0.527559 0.23622 0.811024 
vn 0.968504 0.0708661 0.228346 
vn 0.496063 0.377953 0.779528 
vn 0.968504 0.220472 0.102362 
vn 0.488189 0.779528 0.401575 
vn 0.464567 0.88189 0.0944882 
vn 0.88189 0.433071 0.19685 
vn 0.629921 -0.433071 0.645669 
vn -0.267717 -0.96063 0.110236 
vn -0.370079 -0.905512 0.212598 
vn -0.913386 -0.338583 0.220472 
vn -0.433071 -0.440945 0.787402 
vn -0.952756 0.149606 0.267717 
vn -0.826772 -0.385827 0.409449 
vn -0.755906 0.645669 0.11811 
vn -0.417323 0.88189 0.228346 
vn -0.748031 0.574803 0.346457 
vn -0.96063 0 0.275591 
vn -0.496063 0.385827 0.779528 
vn -0.535433 0.19685 0.818898 
vn -0.952756 0.0708661 0.299213 
vn -0.385827 0.11811 0.913386 
vn -0.889764 0 0.448819 
vn -0.456693 0 0.889764 
vn -0.779528 -0.0866142 0.622047 
vn -0.929134 0.00787402 0.370079 
vn -0.472441 -0.0314961 0.88189 
vn -0.472441 0.00787402 0.88189 
vn -0.700787 -0.00787402 0.708661 
vn -0.448819 0.0787402 0.889764 
vn -0.968504 0.00787402 0.23622 
vn -0.629921 0.00787402 0.779528 
vn -0.96063 -0.00787402 0.283465 
vn -0.700787 -0.165354 0.692913 
vn -0.96063 -0.15748 0.23622 
vn -0.897638 -0.425197 0.141732 
vn -0.503937 -0.566929 0.653543 
vn -0.669291 -0.724409 0.149606 
vn -0.944882 -0.267717 0.19685 
vn -0.464567 -0.850394 0.244094 
vn -0.496063 -0.275591 0.818898 
vn -0.952756 -0.188976 0.228346 
vn -0.614173 -0.740157 0.283465 
vn -0.818898 -0.267717 0.503937 

vt 0.0628643 0.530886 
vt 0.0968728 0.530332 
vt 0.0998462 0.529099 
vt 0.0997654 0.531668 
vt 0.0405968 0.530316 
vt 0.100936 0.531177 
vt 0.100935 0.590185 
vt 0.0440745 0.52745 
vt 0.0989219 0.510844 
vt 0.154426 0.510871 
vt 0.220132 0.509542 
vt 0.0377913 0.510493 
vt 0.259372 0.512019 
vt 0.259331 0.509553 
vt 0.0348133 0.512966 
vt 0.0361114 0.510309 
vt 0.0353199 0.514876 
vt 0.0352223 0.519626 
vt 0.0379749 0.524813 
vt 0.0350146 0.522439 
vt 0.038951 0.529016 
vt 0.293794 0.50969 
vt 0.0525685 0.508222 
vt 0.262034 0.510973 
vt 0.295156 0.511148 
vt 0.293799 0.512356 
vt 0.294964 0.744884 
vt 0.231687 0.882067 
vt 0.293962 0.768508 
vt 0.294897 0.882032 
vt 0.293449 0.884335 
vt 0.295156 0.884157 
vt 0.100831 0.883129 
vt 0.0995992 0.883212 
vt 0.102038 0.885406 
vt 0.100507 0.88458 
vt 0.316347 0.542138 
vt 0.316347 0.547276 
vt 0.314329 0.543534 
vt 0.518211 0.975507 
vt 0.516929 0.975807 
vt 0.516145 0.974007 
vt 0.517272 0.977176 
vt 0.519414 0.976852 
vt 0.543267 0.976814 
vt 0.518506 0.87475 
vt 0.517255 0.778822 
vt 0.883296 0.976478 
vt 0.622972 0.977903 
vt 0.88376 0.977903 
vt 0.884805 0.97643 
vt 0.885446 0.77175 
vt 0.883638 0.715262 
vt 0.885469 0.715019 
vt 0.884245 0.713565 
vt 0.879112 0.712744 
vt 0.87481 0.712768 
vt 0.86577 0.717884 
vt 0.871716 0.712749 
vt 0.865091 0.716451 
vt 0.864088 0.718 
vt 0.864626 0.773123 
vt 0.865964 0.778531 
vt 0.864226 0.777738 
vt 0.863908 0.779735 
vt 0.863137 0.778741 
vt 0.519128 0.778986 
vt 0.517456 0.780382 
vt 0.517255 0.778822 
vt 0.847124 0.660329 
vt 0.847124 0.75591 
vt 0.846115 0.754457 
vt 0.302304 0.651169 
vt 0.303229 0.608813 
vt 0.301592 0.632014 
vt 0.301873 0.611545 
vt 0.301969 0.588677 
vt 0.301259 0.648978 
vt 0.30072 0.651978 
vt 0.299516 0.649647 
vt 0.298661 0.652107 
vt 0.297175 0.650006 
vt 0.297728 0.6477 
vt 0.298248 0.642564 
vt 0.297422 0.623454 
vt 0.298869 0.623892 
vt 0.297384 0.589261 
vt 0.299774 0.585932 
vt 0.297909 0.586357 
vt 0.298481 0.584016 
vt 0.299141 0.576954 
vt 0.303229 0.56287 
vt 0.299347 0.56856 
vt 0.299214 0.561544 
vt 0.300359 0.560285 
vt 0.302474 0.560264 
vt 0.30264 0.557554 
vt 0.822532 0.564718 
vt 0.822288 0.760003 
vt 0.820944 0.564936 
vt 0.821035 0.56372 
vt 0.80933 0.563746 
vt 0.808247 0.564769 
vt 0.80808 0.582827 
vt 0.806968 0.566144 
vt 0.806975 0.582162 
vt 0.783202 0.583457 
vt 0.416584 0.583476 
vt 0.426004 0.58271 
vt 0.328507 0.761565 
vt 0.821003 0.762937 
vt 0.822906 0.761803 
vt 0.822519 0.763104 
vt 0.328662 0.763104 
vt 0.327044 0.763099 
vt 0.326438 0.761414 
vt 0.327375 0.566259 
vt 0.342802 0.5847 
vt 0.342726 0.582151 
vt 0.340357 0.579525 
vt 0.328651 0.564972 
vt 0.327087 0.564627 
vt 0.341421 0.566218 
vt 0.34274 0.566064 
vt 0.340154 0.563872 
vt 0.341806 0.564657 
vt 0.107415 0.00152296 
vt 0.367855 0.00119197 
vt 0.367106 0.00274158 
vt 0.368819 0.00291449 
vt 0.36747 0.504004 
vt 0.368774 0.50399 
vt 0.367282 0.505934 
vt 0.137875 0.506167 
vt 0.00368198 0.504017 
vt 0.00309037 0.506167 
vt 0.00108432 0.505386 
vt 0.000586308 0.503866 
vt 0.00337559 0.00265288 
vt 0.0270582 0.000513852 
vt 0.000504541 0.00277215 
vt 0.00316864 0.000551581 
vt 0.0011141 0.00129676 
vt 0.372591 0.579617 
vt 0.572994 0.5795 
vt 0.449828 0.576723 
vt 0.37241 0.566478 
vt 0.371207 0.577936 
vt 0.370908 0.579846 
vt 0.373718 0.378724 
vt 0.371247 0.0769204 
vt 0.605345 0.563613 
vt 0.37265 0.0753695 
vt 0.370838 0.0745891 
vt 0.628221 0.076736 
vt 0.62846 0.579627 
vt 0.630172 0.580164 
vt 0.629781 0.578266 
vt 0.629788 0.522036 
vt 0.629781 0.421442 
vt 0.629808 0.0980888 
vt 0.629801 0.0768775 
vt 0.630172 0.0750031 
vt 0.450848 0.0356974 
vt 0.412657 0.0272353 
vt 0.569148 0.0608529 
vt 0.628744 0.0740977 
vt 0.772528 0.764813 
vt 0.773461 0.764242 
vt 0.772875 0.7669 
vt 0.771489 0.771858 
vt 0.741259 0.76622 
vt 0.731278 0.765094 
vt 0.553897 0.764802 
vt 0.499938 0.771066 
vt 0.513749 0.765924 
vt 0.50392 0.764674 
vt 0.456396 0.765897 
vt 0.442212 0.764132 
vt 0.406358 0.764745 
vt 0.383334 0.771086 
vt 0.411412 0.771767 
vt 0.310124 0.766471 
vt 0.310335 0.764586 
vt 0.309284 0.764465 
vt 0.310107 0.770537 
vt 0.311641 0.771858 
vt 0.309937 0.772354 
vt 0.0853007 0.849782 
vt 0.0828162 0.849939 
vt 0.0843947 0.852518 
vt 0.0875454 0.848352 
vt 0.0835471 0.848046 
vt 0.0812311 0.849703 
vt 0.0823377 0.846762 
vt 0.0866264 0.846632 
vt 0.0882947 0.845114 
vt 0.0844008 0.844425 
vt 0.0820018 0.844221 
vt 0.0866327 0.844421 
vt 0.0863857 0.842475 
vt 0.0875454 0.841213 
vt 0.0842223 0.842239 
vt 0.0825822 0.841971 
vt 0.946788 0.524858 
vt 0.947023 0.523638 
vt 0.945271 0.523845 
vt 0.916015 0.524072 
vt 0.945525 0.612349 
vt 0.946822 0.691795 
vt 0.914733 0.524033 
vt 0.914952 0.994754 
vt 0.916265 0.994754 
vt 0.94571 0.879631 
vt 0.947023 0.994654 
vt 0.945663 0.995375 
vt 0.0489405 0.799075 
vt 0.0465022 0.797861 
vt 0.0479755 0.795519 
vt 0.0462698 0.794802 
vt 0.0489006 0.794494 
vt 0.0463189 0.792827 
vt 0.0443294 0.792708 
vt 0.0446291 0.796435 
vt 0.0446529 0.79887 
vt 0.0418652 0.795935 
vt 0.041682 0.799075 
vt 0.0404514 0.797415 
vt 0.0393558 0.795982 
vt 0.0412004 0.793483 
vt 0.0395005 0.791881 
vt 0.0388496 0.793675 
vt 0.450555 0.0131581 
vt 0.452924 0.0128856 
vt 0.451893 0.014208 
vt 0.450664 0.0177842 
vt 0.451596 0.0100429 
vt 0.453232 0.0155217 
vt 0.452981 0.018022 
vt 0.45114 0.0231286 
vt 0.452971 0.0226938 
vt 0.452905 0.0241336 
vt 0.46574 0.0188998 
vt 0.466455 0.0128622 
vt 0.496168 0.0227264 
vt 0.508321 0.0241521 
vt 0.584064 0.0227573 
vt 0.60724 0.0241112 
vt 0.606796 0.0189529 
vt 0.498695 0.012948 
vt 0.469185 0.00326574 
vt 0.451669 0.00243479 
vt 0.453272 0.000620782 
vt 0.599392 0.000513852 
vt 0.685002 0.00311613 
vt 0.828831 0.00155765 
vt 0.654954 0.0128201 
vt 0.745467 0.0122859 
vt 0.829515 0.0111107 
vt 0.944555 0.00167269 
vt 0.8135 0.0149272 
vt 0.944665 0.0120992 
vt 0.946057 0.0105381 
vt 0.946218 0.00281006 
vt 0.947023 0.0133447 
vt 0.945796 0.0139033 
vt 0.94685 0.0183446 
vt 0.944488 0.0150839 
vt 0.945925 0.0201658 
vt 0.934846 0.018702 
vt 0.944631 0.0240822 
vt 0.946277 0.0231332 
vt 0.928422 0.0227974 
vt 0.923763 0.0241336 
vt 0.803606 0.0226899 
vt 0.329356 0.884378 
vt 0.326438 0.882381 
vt 0.328244 0.882228 
vt 0.330438 0.882654 
vt 0.329804 0.880648 
vt 0.365763 0.884378 
vt 0.332529 0.881088 
vt 0.329988 0.87769 
vt 0.336349 0.879163 
vt 0.335098 0.876156 
vt 0.379987 0.876427 
vt 0.379477 0.880214 
vt 0.382185 0.881992 
vt 0.381386 0.878773 
vt 0.383555 0.878122 
vt 0.385974 0.882223 
vt 0.986377 0.970709 
vt 0.986377 0.987153 
vt 0.985368 0.972737 
vt 0.0436706 0.534714 
vt 0.0444585 0.532888 
vt 0.0479314 0.533825 
vt 0.042886 0.53334 
vt 0.045542 0.585842 
vt 0.0479314 0.585726 
vt 0.047414 0.587359 
vt 0.0444918 0.587296 
vt 0.0267407 0.873011 
vt 0.0267407 0.522088 
vt 0.0256646 0.600103 
vt 0.0244815 0.716693 
vt 0.02559 0.87242 
vt 0.0243769 0.87167 
vt 0.0240888 0.873073 
vt 0.0109947 0.871802 
vt 0.0122537 0.714462 
vt 0.01001 0.665929 
vt 0.00958628 0.871742 
vt 0.0244712 0.569866 
vt 0.0111472 0.521711 
vt 0.00990282 0.628399 
vt 0.0256036 0.521873 
vt 0.0260345 0.520233 
vt 0.0242557 0.520424 
vt 0.0123902 0.520372 
vt 0.0111546 0.519527 
vt 0.97063 0.0424745 
vt 0.971241 0.0436794 
vt 0.969314 0.0431587 
vt 0.969255 0.0416883 
vt 0.956939 0.0428008 
vt 0.968021 0.033314 
vt 0.969348 0.034086 
vt 0.969374 0.0323741 
vt 0.696363 0.0332363 
vt 0.946445 0.0434957 
vt 0.971241 0.0436794 
vt 0.589413 0.0428962 
vt 0.60812 0.033699 
vt 0.580103 0.0332381 
vt 0.508623 0.0337994 
vt 0.507123 0.0418181 
vt 0.507006 0.0345216 
vt 0.58008 0.0436794 
vt 0.506054 0.0429344 
vt 0.0903128 0.682825 
vt 0.0900806 0.658567 
vt 0.0873145 0.682341 
vt 0.089303 0.685082 
vt 0.084094 0.684281 
vt 0.0878139 0.645504 
vt 0.0887636 0.624326 
vt 0.0391386 0.655667 
vt 0.0392695 0.682425 
vt 0.0395294 0.685219 
vt 0.0378466 0.68705 
vt 0.0361147 0.685669 
vt 0.035993 0.683237 
vt 0.0358661 0.674538 
vt 0.0358224 0.657741 
vt 0.0359159 0.625311 
vt 0.0828005 0.646218 
vt 0.0373853 0.625452 
vt 0.0826672 0.64144 
vt 0.047282 0.646369 
vt 0.0860395 0.635883 
vt 0.0657537 0.643933 
vt 0.0465664 0.643557 
vt 0.0508114 0.644175 
vt 0.0703149 0.636089 
vt 0.0568113 0.639706 
vt 0.0705105 0.633818 
vt 0.0763654 0.632281 
vt 0.0681901 0.633374 
vt 0.0669923 0.637313 
vt 0.05695 0.636235 
vt 0.0526628 0.636128 
vt 0.0564825 0.634308 
vt 0.0470847 0.630288 
vt 0.0528575 0.633558 
vt 0.0489518 0.638199 
vt 0.0508752 0.635235 
vt 0.0481371 0.633971 
vt 0.0477089 0.636698 
vt 0.0462467 0.637343 
vt 0.0474289 0.626263 
vt 0.0524886 0.623355 
vt 0.0885561 0.621351 
vt 0.0433843 0.620513 
vt 0.0797078 0.620691 
vt 0.0828085 0.619439 
vt 0.0890461 0.61879 
vt 0.0804275 0.614132 
vt 0.0890943 0.612422 
vt 0.0902858 0.611594 
vt 0.0764208 0.61123 
vt 0.0879622 0.6031 
vt 0.0903128 0.602943 
vt 0.0821559 0.608183 
vt 0.0891783 0.595853 
vt 0.0800098 0.61053 
vt 0.0786456 0.608492 
vt 0.0811005 0.599901 
vt 0.0823288 0.603143 
vt 0.081099 0.606159 
vt 0.0793973 0.606289 
vt 0.0877743 0.594627 
vt 0.0790209 0.602835 
vt 0.0761743 0.607865 
vt 0.077833 0.599582 
vt 0.0769415 0.601151 
vt 0.0746149 0.598608 
vt 0.0744622 0.602432 
vt 0.991049 0.743728 
vt 0.989904 0.393393 
vt 0.977631 0.5192 
vt 0.992432 0.743694 
vt 0.992432 0.393257 
vt 0.991655 0.391872 
vt 0.989805 0.392049 
vt 0.977672 0.743673 
vt 0.976538 0.744604 
vt 0.975277 0.685953 
vt 0.976656 0.393316 
vt 0.977934 0.391059 
vt 0.976431 0.391769 
vt 0.0743254 0.608346 
vt 0.072372 0.611107 
vt 0.0717309 0.602489 
vt 0.0705654 0.607089 
vt 0.0468232 0.603451 
vt 0.0516533 0.620664 
vt 0.0515409 0.613468 
vt 0.0516299 0.617303 
vt 0.0483545 0.621018 
vt 0.0502955 0.6162 
vt 0.0502406 0.613552 
vt 0.0479385 0.617436 
vt 0.0490135 0.615102 
vt 0.0481702 0.61162 
vt 0.0463447 0.617178 
vt 0.0448709 0.617718 
vt 0.0463291 0.614333 
vt 0.0466754 0.612981 
vt 0.0446426 0.614352 
vt 0.045422 0.611461 
vt 0.0437025 0.617188 
vt 0.0417612 0.617389 
vt 0.042392 0.615013 
vt 0.0433483 0.612764 
vt 0.0388362 0.609755 
vt 0.0411726 0.614505 
vt 0.0359573 0.604077 
vt 0.0371429 0.599371 
vt 0.0359504 0.594977 
vt 0.0373584 0.593525 
vt 0.859429 0.310058 
vt 0.859003 0.311972 
vt 0.861582 0.315161 
vt 0.841856 0.312164 
vt 0.864176 0.307817 
vt 0.865823 0.383109 
vt 0.865586 0.311641 
vt 0.939078 0.349849 
vt 0.937179 0.311996 
vt 0.938594 0.307656 
vt 0.949016 0.253812 
vt 0.940228 0.386731 
vt 0.950634 0.294434 
vt 0.950715 0.243364 
vt 0.95021 0.180554 
vt 0.936929 0.304623 
vt 0.938003 0.279861 
vt 0.865666 0.258482 
vt 0.937282 0.25942 
vt 0.939239 0.25607 
vt 0.93902 0.238559 
vt 0.861521 0.30585 
vt 0.937969 0.240466 
vt 0.937589 0.253174 
vt 0.861739 0.256052 
vt 0.865536 0.253102 
vt 0.86569 0.181139 
vt 0.861885 0.178401 
vt 0.937968 0.180174 
vt 0.939124 0.18013 
vt 0.949014 0.135113 
vt 0.950731 0.144082 
vt 0.950688 0.04602 
vt 0.947859 0.128504 
vt 0.939098 0.134226 
vt 0.938016 0.174604 
vt 0.865739 0.13471 
vt 0.866018 0.174756 
vt 0.861918 0.131336 
vt 0.948753 0.0457505 
vt 0.95106 0.044993 
vt 0.940305 0.105646 
vt 0.939014 0.128698 
vt 0.937943 0.102437 
vt 0.937815 0.105712 
vt 0.928946 0.103631 
vt 0.931952 0.105842 
vt 0.892269 0.0458063 
vt 0.888284 0.105723 
vt 0.865536 0.0469077 
vt 0.866011 0.128007 
vt 0.948654 0.518106 
vt 0.950989 0.51893 
vt 0.950867 0.517853 
vt 0.95106 0.475688 
vt 0.949114 0.42229 
vt 0.938506 0.460312 
vt 0.866545 0.51837 
vt 0.864919 0.460534 
vt 0.862201 0.518919 
vt 0.9403 0.446611 
vt 0.859508 0.460552 
vt 0.859252 0.518367 
vt 0.938266 0.433282 
vt 0.937466 0.435855 
vt 0.866207 0.458324 
vt 0.861093 0.458813 
vt 0.863762 0.436086 
vt 0.861557 0.443773 
vt 0.85906 0.436142 
vt 0.859589 0.434337 
vt 0.937188 0.429285 
vt 0.8656 0.429921 
vt 0.887892 0.389293 
vt 0.861327 0.430698 
vt 0.864585 0.386154 
vt 0.936924 0.380955 
vt 0.861246 0.384562 
vt 0.825873 0.429817 
vt 0.859269 0.388905 
vt 0.825761 0.389388 
vt 0.820196 0.429904 
vt 0.842604 0.385089 
vt 0.824167 0.385082 
vt 0.859223 0.382939 
vt 0.825765 0.382925 
vt 0.78908 0.102431 
vt 0.786102 0.0915794 
vt 0.78589 0.0964405 
vt 0.784577 0.097944 
vt 0.775106 0.0911632 
vt 0.779928 0.0893341 
vt 0.780625 0.0808125 
vt 0.777176 0.0928944 
vt 0.776466 0.0945529 
vt 0.785338 0.102358 
vt 0.782824 0.0993552 
vt 0.789416 0.105924 
vt 0.793721 0.104497 
vt 0.780192 0.102959 
vt 0.781046 0.0993185 
vt 0.780774 0.106135 
vt 0.789287 0.127526 
vt 0.778626 0.0988731 
vt 0.777968 0.0963266 
vt 0.777211 0.0972015 
vt 0.763849 0.105704 
vt 0.764206 0.112987 
vt 0.761721 0.106089 
vt 0.764219 0.128403 
vt 0.756895 0.103587 
vt 0.778871 0.132436 
vt 0.760858 0.128494 
vt 0.759022 0.114847 
vt 0.758525 0.106008 
vt 0.755774 0.105994 
vt 0.756851 0.128599 
vt 0.756846 0.1307 
vt 0.736711 0.128487 
vt 0.75986 0.131755 
vt 0.762275 0.133208 
vt 0.75684 0.132853 
vt 0.732808 0.132102 
vt 0.736793 0.105968 
vt 0.733187 0.114366 
vt 0.736816 0.103574 
vt 0.734241 0.105882 
vt 0.737134 0.0573323 
vt 0.777453 0.0459297 
vt 0.737072 0.0459658 
vt 0.73187 0.103438 
vt 0.732866 0.0460408 
vt 0.729483 0.0450535 
vt 0.700784 0.0460502 
vt 0.729326 0.0836778 
vt 0.729444 0.103816 
vt 0.731375 0.106057 
vt 0.729039 0.106017 
vt 0.652732 0.106114 
vt 0.702971 0.106073 
vt 0.706363 0.112513 
vt 0.729447 0.128478 
vt 0.731816 0.129568 
vt 0.705543 0.1306 
vt 0.726769 0.131762 
vt 0.702456 0.12934 
vt 0.649912 0.128737 
vt 0.700389 0.132909 
vt 0.659443 0.132755 
vt 0.643105 0.12859 
vt 0.651886 0.135021 
vt 0.648381 0.133089 
vt 0.699824 0.175039 
vt 0.641622 0.0463122 
vt 0.640064 0.0450869 
vt 0.63717 0.0476893 
vt 0.638064 0.0461524 
vt 0.631181 0.0462389 
vt 0.641743 0.132362 
vt 0.638182 0.132516 
vt 0.631264 0.518368 
vt 0.63869 0.518498 
vt 0.641734 0.240942 
vt 0.646874 0.179858 
vt 0.641604 0.310387 
vt 0.649742 0.174982 
vt 0.650847 0.177219 
vt 0.648761 0.25549 
vt 0.650096 0.252443 
vt 0.671589 0.180245 
vt 0.700896 0.178238 
vt 0.700173 0.180973 
vt 0.700248 0.254328 
vt 0.701979 0.18025 
vt 0.703549 0.176659 
vt 0.705316 0.241742 
vt 0.700259 0.257519 
vt 0.706335 0.13548 
vt 0.729398 0.134997 
vt 0.707453 0.175091 
vt 0.729651 0.174936 
vt 0.733037 0.178446 
vt 0.706404 0.178114 
vt 0.707827 0.181131 
vt 0.729921 0.181479 
vt 0.736947 0.135095 
vt 0.756442 0.135123 
vt 0.73602 0.178207 
vt 0.731991 0.181234 
vt 0.729466 0.252228 
vt 0.708922 0.252289 
vt 0.70633 0.255469 
vt 0.732875 0.256029 
vt 0.755893 0.174767 
vt 0.759299 0.172741 
vt 0.75684 0.132853 
vt 0.759017 0.178266 
vt 0.756932 0.179129 
vt 0.763091 0.177203 
vt 0.764471 0.174696 
vt 0.764334 0.13509 
vt 0.778053 0.174655 
vt 0.781467 0.134608 
vt 0.77936 0.177139 
vt 0.76342 0.179111 
vt 0.793498 0.131478 
vt 0.790148 0.135007 
vt 0.790073 0.1746 
vt 0.791138 0.176671 
vt 0.790763 0.178956 
vt 0.794339 0.175787 
vt 0.761094 0.181757 
vt 0.763527 0.181305 
vt 0.759192 0.199584 
vt 0.789919 0.181358 
vt 0.764266 0.252115 
vt 0.792721 0.24179 
vt 0.789167 0.252032 
vt 0.763089 0.256362 
vt 0.795762 0.179013 
vt 0.792557 0.256207 
vt 0.794603 0.180995 
vt 0.817523 0.177404 
vt 0.796922 0.18115 
vt 0.811153 0.181309 
vt 0.797915 0.252028 
vt 0.796222 0.254786 
vt 0.816633 0.251996 
vt 0.81754 0.179053 
vt 0.817689 0.180727 
vt 0.820097 0.178007 
vt 0.818923 0.174263 
vt 0.824995 0.178064 
vt 0.819435 0.180952 
vt 0.825282 0.180827 
vt 0.859056 0.181139 
vt 0.825342 0.252047 
vt 0.81964 0.255648 
vt 0.846755 0.254953 
vt 0.85816 0.25944 
vt 0.817492 0.256737 
vt 0.816668 0.259411 
vt 0.798019 0.259504 
vt 0.84601 0.305807 
vt 0.792497 0.290162 
vt 0.824287 0.307648 
vt 0.818904 0.304715 
vt 0.797994 0.304751 
vt 0.816698 0.3047 
vt 0.818987 0.383467 
vt 0.817605 0.305479 
vt 0.817546 0.307302 
vt 0.819855 0.308429 
vt 0.821921 0.312003 
vt 0.817411 0.308897 
vt 0.818824 0.312659 
vt 0.796606 0.308516 
vt 0.816604 0.312207 
vt 0.816798 0.382984 
vt 0.817533 0.386852 
vt 0.797092 0.312277 
vt 0.794371 0.384119 
vt 0.816806 0.389345 
vt 0.803767 0.389486 
vt 0.817901 0.428677 
vt 0.817839 0.43334 
vt 0.797111 0.434035 
vt 0.796852 0.435871 
vt 0.798304 0.3895 
vt 0.794313 0.386984 
vt 0.793407 0.432784 
vt 0.817818 0.458141 
vt 0.803499 0.458784 
vt 0.796701 0.458561 
vt 0.806021 0.460851 
vt 0.803618 0.460735 
vt 0.804382 0.462218 
vt 0.804867 0.513786 
vt 0.793212 0.458331 
vt 0.820081 0.460976 
vt 0.816979 0.50408 
vt 0.817561 0.465093 
vt 0.817893 0.518433 
vt 0.802653 0.517315 
vt 0.802676 0.515191 
vt 0.800415 0.516441 
vt 0.782577 0.517522 
vt 0.80153 0.519527 
vt 0.775217 0.515849 
vt 0.747022 0.518573 
vt 0.755566 0.517504 
vt 0.714247 0.517477 
vt 0.675432 0.518547 
vt 0.711553 0.515289 
vt 0.71054 0.478526 
vt 0.651556 0.465377 
vt 0.650419 0.518508 
vt 0.645742 0.5187 
vt 0.650699 0.460997 
vt 0.64677 0.460471 
vt 0.640653 0.460596 
vt 0.640543 0.518322 
vt 0.642105 0.458198 
vt 0.646175 0.457988 
vt 0.648174 0.434007 
vt 0.64999 0.458494 
vt 0.703718 0.458392 
vt 0.71069 0.462215 
vt 0.712629 0.462146 
vt 0.711677 0.460771 
vt 0.713999 0.458955 
vt 0.72118 0.436117 
vt 0.691308 0.437678 
vt 0.706835 0.433831 
vt 0.759217 0.458482 
vt 0.700683 0.431697 
vt 0.704955 0.430822 
vt 0.733011 0.433347 
vt 0.649312 0.429843 
vt 0.702208 0.421135 
vt 0.700171 0.429504 
vt 0.704046 0.386452 
vt 0.700261 0.385947 
vt 0.707907 0.429605 
vt 0.729456 0.430518 
vt 0.730039 0.389319 
vt 0.707624 0.385389 
vt 0.732795 0.407631 
vt 0.73052 0.385337 
vt 0.708176 0.38418 
vt 0.707962 0.312213 
vt 0.70218 0.310963 
vt 0.731522 0.312154 
vt 0.729448 0.309038 
vt 0.732895 0.384199 
vt 0.732704 0.308893 
vt 0.737224 0.385304 
vt 0.698962 0.326844 
vt 0.70259 0.306488 
vt 0.737201 0.388335 
vt 0.650378 0.312293 
vt 0.666332 0.383822 
vt 0.681562 0.386697 
vt 0.680886 0.389275 
vt 0.650355 0.307971 
vt 0.647098 0.311099 
vt 0.6455 0.272136 
vt 0.651283 0.259571 
vt 0.650704 0.304778 
vt 0.699983 0.30544 
vt 0.707417 0.304483 
vt 0.730251 0.258642 
vt 0.729525 0.304853 
vt 0.733676 0.291138 
vt 0.736084 0.305348 
vt 0.736938 0.259128 
vt 0.755953 0.259677 
vt 0.755876 0.304905 
vt 0.756714 0.308977 
vt 0.759235 0.287425 
vt 0.756757 0.255396 
vt 0.736723 0.311737 
vt 0.73663 0.383846 
vt 0.756659 0.312139 
vt 0.755859 0.383092 
vt 0.760251 0.309813 
vt 0.757146 0.3856 
vt 0.86613 0.105998 
vt 0.862695 0.105779 
vt 0.865197 0.102526 
vt 0.861237 0.085382 
vt 0.862322 0.101221 
vt 0.861977 0.0457107 
vt 0.858826 0.0447071 
vt 0.858836 0.0458702 
vt 0.861109 0.105819 
vt 0.857969 0.126938 
vt 0.858958 0.105649 
vt 0.824218 0.130491 
vt 0.819867 0.106056 
vt 0.819748 0.102617 
vt 0.817504 0.0471167 
vt 0.817436 0.0457011 
vt 0.819834 0.134281 
vt 0.858839 0.134842 
vt 0.859017 0.174904 
vt 0.826593 0.172826 
vt 0.821046 0.151678 
vt 0.81996 0.131428 
vt 0.81677 0.17378 
vt 0.817577 0.134686 
vt 0.817563 0.128294 
vt 0.807496 0.127172 
vt 0.795798 0.132545 
vt 0.797082 0.174795 
vt 0.817439 0.104819 
vt 0.797019 0.10604 
vt 0.817641 0.10248 
vt 0.796514 0.102561 
vt 0.802563 0.099737 
vt 0.79653 0.0610648 
vt 0.794513 0.0799113 
vt 0.793466 0.0458313 
vt 0.782926 0.044867 
vt 0.794464 0.0899204 
vt 0.783796 0.0892736 
vt 0.793816 0.102541 
vt 0.755951 0.38944 
vt 0.759212 0.388498 
vt 0.737119 0.429791 
vt 0.756722 0.429131 
vt 0.736333 0.432045 
vt 0.759211 0.433294 
vt 0.737222 0.434227 
vt 0.756586 0.436113 
vt 0.758837 0.43612 
vt 0.761511 0.436064 
vt 0.764332 0.436173 
vt 0.764972 0.434056 
vt 0.778279 0.436813 
vt 0.778511 0.458767 
vt 0.764304 0.432021 
vt 0.760888 0.40114 
vt 0.778915 0.426987 
vt 0.78148 0.432905 
vt 0.780709 0.435818 
vt 0.790165 0.4443 
vt 0.788665 0.43701 
vt 0.790748 0.432082 
vt 0.789559 0.42922 
vt 0.781063 0.424509 
vt 0.790528 0.386832 
vt 0.789395 0.388935 
vt 0.76466 0.429732 
vt 0.763243 0.389883 
vt 0.763115 0.385185 
vt 0.789283 0.38306 
vt 0.763379 0.38305 
vt 0.792831 0.360097 
vt 0.78945 0.359996 
vt 0.794423 0.312611 
vt 0.764189 0.311747 
vt 0.792018 0.311431 
vt 0.790541 0.308305 
vt 0.791539 0.305674 
vt 0.773665 0.305831 
vt 0.789363 0.304761 
vt 0.790247 0.258608 
vt 0.763755 0.307731 
vt 0.764185 0.305295 
vt 0.763144 0.263842 
vt 0.76401 0.258716 
vt 0.757998 0.252946 
vt 0.73685 0.25206 
vt 0.75655 0.181454 
vt 0.756932 0.179129 
vt 0.952435 0.824769 
vt 0.967748 0.824768 
vt 0.968214 0.823613 
vt 0.95345 0.651382 
vt 0.952069 0.705083 
vt 0.968205 0.656556 
vt 0.952352 0.353304 
vt 0.968214 0.35349 
vt 0.967159 0.353032 
vt 0.361743 0.84534 
vt 0.361312 0.842241 
vt 0.35925 0.843142 
vt 0.364243 0.844115 
vt 0.357485 0.845151 
vt 0.363921 0.847108 
vt 0.366801 0.845235 
vt 0.366508 0.847431 
vt 0.365831 0.850569 
vt 0.359896 0.847542 
vt 0.355701 0.846705 
vt 0.357224 0.849437 
vt 0.359003 0.849507 
vt 0.361738 0.848326 
vt 0.360671 0.849756 
vt 0.361069 0.852518 
vt 0.36405 0.852506 
vt 0.366801 0.85247 
vt 0.436428 0.822713 
vt 0.424058 0.821685 
vt 0.393037 0.822713 
vt 0.0297679 0.741521 
vt 0.0297679 0.820658 
vt 0.0287588 0.742608 
vt 0.956939 0.0428008 
vt 0.969314 0.0431587 
vt 0.971241 0.0436794 
vt 0.967112 0.916055 
vt 0.962159 0.919103 
vt 0.963724 0.916182 
vt 0.966443 0.925032 
vt 0.967086 0.895077 
vt 0.96356 0.925087 
vt 0.964007 0.926516 
vt 0.962228 0.926085 
vt 0.96238 0.915541 
vt 0.96221 0.900458 
vt 0.962164 0.880607 
vt 0.967205 0.862933 
vt 0.96359 0.836941 
vt 0.962194 0.834019 
vt 0.967112 0.846052 
vt 0.966616 0.835012 
vt 0.965549 0.837446 
vt 0.966962 0.837358 
vt 0.00151362 0.937371 
vt 0.002017 0.932719 
vt 0.00371796 0.932725 
vt 0.00265056 0.931338 
vt 0.00233013 0.992591 
vt 0.00402772 0.992746 
vt 0.00224727 0.994347 
vt 0.0170172 0.932674 
vt 0.0164248 0.93141 
vt 0.0172213 0.930545 
vt 0.0185701 0.930471 
vt 0.150294 0.992712 
vt 0.01821 0.886893 
vt 0.0195202 0.888343 
vt 0.135797 0.887176 
vt 0.380034 0.993716 
vt 0.426296 0.99251 
vt 0.495957 0.993712 
vt 0.481009 0.888139 
vt 0.481005 0.886434 
vt 0.481032 0.9303 
vt 0.496121 0.991016 
vt 0.497564 0.99219 
vt 0.497926 0.994347 
vt 0.497219 0.969296 
vt 0.483425 0.932486 
vt 0.483229 0.930952 
vt 0.482311 0.930045 
vt 0.496008 0.930966 
vt 0.496226 0.932287 
vt 0.497982 0.934472 
vt 0.49725 0.931335 
vt 0.442482 0.0128469 
vt 0.442482 0.0179856 
vt 0.439455 0.0154197 
vt 0.908137 0.64671 
vt 0.892225 0.646292 
vt 0.892937 0.647585 
vt 0.89145 0.647546 
vt 0.892813 0.654235 
vt 0.891404 0.654876 
vt 0.892635 0.656099 
vt 0.896265 0.656148 
vt 0.898284 0.654527 
vt 0.89872 0.656341 
vt 0.909297 0.648069 
vt 0.909919 0.64594 
vt 0.910696 0.648065 
vt 0.899002 0.658857 
vt 0.908933 0.754953 
vt 0.900085 0.666699 
vt 0.898912 0.742448 
vt 0.900796 0.747484 
vt 0.89971 0.746858 
vt 0.898667 0.749769 
vt 0.89881 0.791942 
vt 0.909122 0.792618 
vt 0.899997 0.808584 
vt 0.899682 0.864032 
vt 0.900748 0.901126 
vt 0.90001 0.936955 
vt 0.910696 0.999046 
vt 0.901077 0.962076 
vt 0.899864 0.962464 
vt 0.900827 0.967139 
vt 0.902099 0.971546 
vt 0.900149 0.972344 
vt 0.899409 0.974041 
vt 0.90043 0.981603 
vt 0.898846 0.98149 
vt 0.898139 0.983668 
vt 0.898057 0.982364 
vt 0.868839 0.983605 
vt 0.867306 0.984489 
vt 0.8674 0.999486 
vt 0.999378 0.00371712 
vt 0.957635 0.00359714 
vt 0.957713 0.0047304 
vt 0.956105 0.00457519 
vt 0.95626 0.0191143 
vt 0.999495 0.00512445 
vt 0.957777 0.0201126 
vt 0.95624 0.020253 
vt 0.98709 0.0215949 
vt 0.989433 0.02266 
vt 0.987888 0.0226304 
vt 0.988397 0.0295749 
vt 0.990543 0.0313641 
vt 0.989427 0.0330191 
vt 0.990167 0.122297 
vt 0.988959 0.0931085 
vt 0.999129 0.355485 
vt 0.990119 0.176514 
vt 0.988867 0.129958 
vt 0.988868 0.170982 
vt 0.988822 0.211511 
vt 0.98869 0.253603 
vt 0.98996 0.253508 
vt 0.988937 0.287487 
vt 0.98994 0.332722 
vt 0.988674 0.344907 
vt 0.988305 0.347327 
vt 0.997934 0.356669 
vt 0.999495 0.357005 
vt 0.986346 0.347713 
vt 0.982815 0.348976 
vt 0.98259 0.347601 
vt 0.981373 0.348844 
vt 0.982827 0.355731 
vt 0.982003 0.357143 
vt 0.98142 0.35585 

usemtl Bodygeom1Mtl

f 1/1/1 2/2/2 3/3/3 
f 2/2/2 4/4/4 3/3/3 
f 3/3/3 5/5/5 1/1/1 
f 3/3/3 4/4/4 6/6/6 
f 7/7/7 6/6/6 4/4/4 
f 5/5/5 3/3/3 8/8/8 
f 3/3/3 6/6/6 9/9/9 
f 9/9/9 8/8/8 3/3/3 
f 10/10/10 9/9/9 6/6/6 
f 10/10/10 6/6/6 7/7/7 
f 9/9/9 10/10/10 11/11/11 
f 8/8/8 9/9/9 12/12/12 
f 10/10/10 13/13/13 11/11/11 
f 13/13/13 10/10/10 7/7/7 
f 14/14/14 11/11/11 13/13/13 
f 15/15/15 12/12/12 16/16/16 
f 12/12/12 15/15/15 17/17/17 
f 17/17/17 8/8/8 12/12/12 
f 8/8/8 17/17/17 18/18/18 
f 8/8/8 18/18/18 19/19/19 
f 19/19/19 5/5/5 8/8/8 
f 19/19/19 18/18/18 20/20/20 
f 5/5/5 19/19/19 21/21/21 
f 20/20/20 21/21/21 19/19/19 
f 22/22/22 23/23/23 14/14/14 
f 22/22/22 14/14/14 24/24/24 
f 24/24/24 25/25/25 22/22/22 
f 14/14/14 13/13/13 24/24/24 
f 25/25/25 24/24/24 26/26/26 
f 26/26/26 24/24/24 13/13/13 
f 27/27/27 25/25/25 26/26/26 
f 27/27/27 26/26/26 13/13/13 
f 13/13/13 28/28/28 27/27/27 
f 28/28/28 13/13/13 7/7/7 
f 27/27/27 28/28/28 29/29/29 
f 30/30/30 27/27/27 29/29/29 
f 29/29/29 28/28/28 30/30/30 
f 28/28/28 31/31/31 30/30/30 
f 32/32/32 30/30/30 31/31/31 
f 28/28/28 7/7/7 33/33/33 
f 33/33/33 31/31/31 28/28/28 
f 33/33/33 7/7/7 34/34/34 
f 31/31/31 33/33/33 35/35/35 
f 36/36/36 33/33/33 34/34/34 
f 35/35/35 33/33/33 36/36/36 
f 37/37/37 38/38/38 39/39/39 
f 40/40/40 41/41/41 42/42/42 
f 41/41/41 40/40/40 43/43/43 
f 43/43/43 40/40/40 44/44/44 
f 45/45/45 44/44/44 40/40/40 
f 46/46/46 40/40/40 42/42/42 
f 40/40/40 46/46/46 45/45/45 
f 42/42/42 47/47/47 46/46/46 
f 46/46/46 48/48/48 45/45/45 
f 45/45/45 48/48/48 49/49/49 
f 50/50/50 49/49/49 48/48/48 
f 48/48/48 51/51/51 50/50/50 
f 52/52/52 51/51/51 48/48/48 
f 48/48/48 53/53/53 52/52/52 
f 54/54/54 52/52/52 53/53/53 
f 55/55/55 54/54/54 53/53/53 
f 53/53/53 56/56/56 55/55/55 
f 57/57/57 56/56/56 53/53/53 
f 57/57/57 53/53/53 58/58/58 
f 58/58/58 59/59/59 57/57/57 
f 60/60/60 59/59/59 58/58/58 
f 61/61/61 60/60/60 58/58/58 
f 58/58/58 62/62/62 61/61/61 
f 62/62/62 58/58/58 53/53/53 
f 53/53/53 63/63/63 62/62/62 
f 53/53/53 48/48/48 63/63/63 
f 64/64/64 62/62/62 63/63/63 
f 63/63/63 48/48/48 65/65/65 
f 63/63/63 65/65/65 64/64/64 
f 64/64/64 65/65/65 66/66/66 
f 48/48/48 46/46/46 65/65/65 
f 67/67/67 65/65/65 46/46/46 
f 46/46/46 68/68/68 67/67/67 
f 68/68/68 69/69/69 67/67/67 
f 70/70/70 71/71/71 72/72/72 
f 73/73/73 74/74/74 75/75/75 
f 75/75/75 74/74/74 76/76/76 
f 77/77/77 76/76/76 74/74/74 
f 73/73/73 75/75/75 78/78/78 
f 79/79/79 73/73/73 78/78/78 
f 80/80/80 79/79/79 78/78/78 
f 79/79/79 80/80/80 81/81/81 
f 81/81/81 80/80/80 82/82/82 
f 83/83/83 82/82/82 80/80/80 
f 78/78/78 83/83/83 80/80/80 
f 78/78/78 84/84/84 83/83/83 
f 75/75/75 84/84/84 78/78/78 
f 85/85/85 83/83/83 84/84/84 
f 86/86/86 84/84/84 75/75/75 
f 84/84/84 86/86/86 85/85/85 
f 75/75/75 76/76/76 86/86/86 
f 87/87/87 85/85/85 86/86/86 
f 88/88/88 86/86/86 76/76/76 
f 86/86/86 88/88/88 87/87/87 
f 76/76/76 77/77/77 88/88/88 
f 87/87/87 88/88/88 89/89/89 
f 90/90/90 89/89/89 88/88/88 
f 88/88/88 91/91/91 90/90/90 
f 77/77/77 91/91/91 88/88/88 
f 77/77/77 92/92/92 91/91/91 
f 92/92/92 93/93/93 91/91/91 
f 94/94/94 93/93/93 92/92/92 
f 94/94/94 92/92/92 95/95/95 
f 95/95/95 92/92/92 96/96/96 
f 95/95/95 96/96/96 97/97/97 
f 98/98/98 99/99/99 100/100/100 
f 100/100/100 101/101/101 98/98/98 
f 100/100/100 102/102/102 101/101/101 
f 102/102/102 100/100/100 103/103/103 
f 99/99/99 103/103/103 100/100/100 
f 103/103/103 99/99/99 104/104/104 
f 103/103/103 104/104/104 105/105/105 
f 106/106/106 105/105/105 104/104/104 
f 99/99/99 107/107/107 104/104/104 
f 108/108/108 107/107/107 99/99/99 
f 107/107/107 108/108/108 109/109/109 
f 99/99/99 110/110/110 108/108/108 
f 110/110/110 99/99/99 111/111/111 
f 99/99/99 112/112/112 111/111/111 
f 112/112/112 113/113/113 111/111/111 
f 111/111/111 114/114/114 110/110/110 
f 114/114/114 115/115/115 110/110/110 
f 115/115/115 116/116/116 110/110/110 
f 117/117/117 110/110/110 116/116/116 
f 118/118/118 108/108/108 110/110/110 
f 110/110/110 117/117/117 118/118/118 
f 119/119/119 108/108/108 118/118/118 
f 118/118/118 117/117/117 120/120/120 
f 118/118/118 120/120/120 119/119/119 
f 120/120/120 117/117/117 121/121/121 
f 122/122/122 121/121/121 117/117/117 
f 123/123/123 119/119/119 120/120/120 
f 123/123/123 120/120/120 121/121/121 
f 124/124/124 119/119/119 123/123/123 
f 123/123/123 121/121/121 125/125/125 
f 123/123/123 126/126/126 124/124/124 
f 125/125/125 126/126/126 123/123/123 
f 127/127/127 128/128/128 129/129/129 
f 130/130/130 129/129/129 128/128/128 
f 130/130/130 131/131/131 129/129/129 
f 131/131/131 127/127/127 129/129/129 
f 130/130/130 132/132/132 131/131/131 
f 132/132/132 133/133/133 131/131/131 
f 133/133/133 134/134/134 131/131/131 
f 135/135/135 131/131/131 134/134/134 
f 131/131/131 135/135/135 127/127/127 
f 134/134/134 136/136/136 135/135/135 
f 137/137/137 135/135/135 136/136/136 
f 135/135/135 137/137/137 138/138/138 
f 139/139/139 127/127/127 135/135/135 
f 139/139/139 135/135/135 138/138/138 
f 127/127/127 139/139/139 140/140/140 
f 138/138/138 141/141/141 139/139/139 
f 142/142/142 140/140/140 139/139/139 
f 143/143/143 139/139/139 141/141/141 
f 139/139/139 143/143/143 142/142/142 
f 144/144/144 145/145/145 146/146/146 
f 147/147/147 144/144/144 146/146/146 
f 148/148/148 144/144/144 147/147/147 
f 148/148/148 149/149/149 144/144/144 
f 150/150/150 147/147/147 146/146/146 
f 147/147/147 150/150/150 148/148/148 
f 146/146/146 145/145/145 150/150/150 
f 151/151/151 148/148/148 150/150/150 
f 152/152/152 150/150/150 145/145/145 
f 151/151/151 153/153/153 154/154/154 
f 155/155/155 153/153/153 151/151/151 
f 151/151/151 150/150/150 155/155/155 
f 152/152/152 155/155/155 150/150/150 
f 145/145/145 156/156/156 152/152/152 
f 156/156/156 155/155/155 152/152/152 
f 157/157/157 158/158/158 156/156/156 
f 158/158/158 159/159/159 156/156/156 
f 156/156/156 159/159/159 160/160/160 
f 155/155/155 156/156/156 160/160/160 
f 160/160/160 161/161/161 155/155/155 
f 161/161/161 162/162/162 155/155/155 
f 162/162/162 163/163/163 155/155/155 
f 163/163/163 164/164/164 155/155/155 
f 164/164/164 165/165/165 155/155/155 
f 164/164/164 163/163/163 166/166/166 
f 166/166/166 163/163/163 167/167/167 
f 168/168/168 169/169/169 170/170/170 
f 168/168/168 170/170/170 171/171/171 
f 172/172/172 168/168/168 171/171/171 
f 173/173/173 168/168/168 172/172/172 
f 173/173/173 172/172/172 171/171/171 
f 174/174/174 173/173/173 171/171/171 
f 171/171/171 175/175/175 174/174/174 
f 174/174/174 175/175/175 176/176/176 
f 177/177/177 174/174/174 176/176/176 
f 175/175/175 177/177/177 176/176/176 
f 175/175/175 178/178/178 177/177/177 
f 177/177/177 178/178/178 179/179/179 
f 178/178/178 180/180/180 179/179/179 
f 175/175/175 181/181/181 178/178/178 
f 180/180/180 178/178/178 181/181/181 
f 181/181/181 175/175/175 182/182/182 
f 183/183/183 180/180/180 181/181/181 
f 180/180/180 183/183/183 184/184/184 
f 183/183/183 185/185/185 184/184/184 
f 181/181/181 186/186/186 183/183/183 
f 186/186/186 181/181/181 187/187/187 
f 188/188/188 186/186/186 187/187/187 
f 189/189/189 190/190/190 191/191/191 
f 189/189/189 191/191/191 192/192/192 
f 193/193/193 190/190/190 189/189/189 
f 190/190/190 193/193/193 194/194/194 
f 195/195/195 194/194/194 193/193/193 
f 192/192/192 196/196/196 189/189/189 
f 196/196/196 193/193/193 189/189/189 
f 196/196/196 192/192/192 197/197/197 
f 195/195/195 193/193/193 198/198/198 
f 193/193/193 196/196/196 198/198/198 
f 198/198/198 199/199/199 195/195/195 
f 200/200/200 196/196/196 197/197/197 
f 196/196/196 200/200/200 198/198/198 
f 200/200/200 197/197/197 201/201/201 
f 201/201/201 198/198/198 200/200/200 
f 202/202/202 201/201/201 197/197/197 
f 198/198/198 201/201/201 203/203/203 
f 203/203/203 199/199/199 198/198/198 
f 203/203/203 204/204/204 199/199/199 
f 205/205/205 206/206/206 207/207/207 
f 205/205/205 207/207/207 208/208/208 
f 209/209/209 205/205/205 208/208/208 
f 210/210/210 205/205/205 209/209/209 
f 208/208/208 210/210/210 209/209/209 
f 211/211/211 212/212/212 208/208/208 
f 213/213/213 208/208/208 212/212/212 
f 208/208/208 213/213/213 210/210/210 
f 213/213/213 214/214/214 210/210/210 
f 215/215/215 210/210/210 214/214/214 
f 215/215/215 214/214/214 213/213/213 
f 215/215/215 213/213/213 216/216/216 
f 217/217/217 218/218/218 219/219/219 
f 219/219/219 218/218/218 220/220/220 
f 219/219/219 220/220/220 221/221/221 
f 220/220/220 222/222/222 221/221/221 
f 222/222/222 220/220/220 223/223/223 
f 218/218/218 224/224/224 220/220/220 
f 220/220/220 224/224/224 223/223/223 
f 218/218/218 225/225/225 224/224/224 
f 224/224/224 225/225/225 226/226/226 
f 224/224/224 226/226/226 223/223/223 
f 226/226/226 225/225/225 227/227/227 
f 227/227/227 228/228/228 226/226/226 
f 226/226/226 228/228/228 229/229/229 
f 226/226/226 230/230/230 223/223/223 
f 226/226/226 229/229/229 230/230/230 
f 231/231/231 223/223/223 230/230/230 
f 232/232/232 230/230/230 229/229/229 
f 231/231/231 230/230/230 232/232/232 
f 233/233/233 234/234/234 235/235/235 
f 235/235/235 236/236/236 233/233/233 
f 234/234/234 233/233/233 237/237/237 
f 238/238/238 236/236/236 235/235/235 
f 238/238/238 235/235/235 234/234/234 
f 236/236/236 238/238/238 239/239/239 
f 239/239/239 240/240/240 236/236/236 
f 240/240/240 239/239/239 241/241/241 
f 240/240/240 241/241/241 242/242/242 
f 241/241/241 239/239/239 243/243/243 
f 243/243/243 239/239/239 238/238/238 
f 242/242/242 241/241/241 243/243/243 
f 244/244/244 238/238/238 234/234/234 
f 237/237/237 244/244/244 234/234/234 
f 243/243/243 238/238/238 244/244/244 
f 245/245/245 242/242/242 243/243/243 
f 246/246/246 242/242/242 245/245/245 
f 243/243/243 247/247/247 246/246/246 
f 248/248/248 246/246/246 247/247/247 
f 243/243/243 249/249/249 247/247/247 
f 247/247/247 249/249/249 248/248/248 
f 244/244/244 250/250/250 243/243/243 
f 249/249/249 243/243/243 250/250/250 
f 237/237/237 251/251/251 244/244/244 
f 250/250/250 244/244/244 251/251/251 
f 251/251/251 237/237/237 252/252/252 
f 251/251/251 252/252/252 253/253/253 
f 253/253/253 254/254/254 251/251/251 
f 255/255/255 251/251/251 254/254/254 
f 251/251/251 255/255/255 250/250/250 
f 254/254/254 256/256/256 255/255/255 
f 250/250/250 257/257/257 249/249/249 
f 257/257/257 250/250/250 255/255/255 
f 258/258/258 255/255/255 256/256/256 
f 258/258/258 257/257/257 255/255/255 
f 259/259/259 258/258/258 256/256/256 
f 256/256/256 260/260/260 259/259/259 
f 261/261/261 257/257/257 258/258/258 
f 261/261/261 249/249/249 257/257/257 
f 258/258/258 259/259/259 261/261/261 
f 262/262/262 259/259/259 260/260/260 
f 262/262/262 261/261/261 259/259/259 
f 260/260/260 263/263/263 262/262/262 
f 264/264/264 263/263/263 260/260/260 
f 265/265/265 262/262/262 263/263/263 
f 262/262/262 265/265/265 266/266/266 
f 261/261/261 262/262/262 266/266/266 
f 267/267/267 266/266/266 265/265/265 
f 266/266/266 267/267/267 268/268/268 
f 269/269/269 268/268/268 267/267/267 
f 270/270/270 266/266/266 268/268/268 
f 270/270/270 268/268/268 269/269/269 
f 261/261/261 266/266/266 270/270/270 
f 271/271/271 269/269/269 272/272/272 
f 270/270/270 269/269/269 271/271/271 
f 270/270/270 271/271/271 273/273/273 
f 271/271/271 274/274/274 273/273/273 
f 273/273/273 274/274/274 270/270/270 
f 270/270/270 275/275/275 261/261/261 
f 275/275/275 270/270/270 274/274/274 
f 249/249/249 261/261/261 275/275/275 
f 274/274/274 248/248/248 275/275/275 
f 248/248/248 249/249/249 275/275/275 
f 276/276/276 277/277/277 278/278/278 
f 276/276/276 278/278/278 279/279/279 
f 280/280/280 279/279/279 278/278/278 
f 279/279/279 281/281/281 276/276/276 
f 282/282/282 279/279/279 280/280/280 
f 281/281/281 279/279/279 282/282/282 
f 280/280/280 283/283/283 282/282/282 
f 283/283/283 284/284/284 282/282/282 
f 281/281/281 282/282/282 284/284/284 
f 284/284/284 283/283/283 285/285/285 
f 285/285/285 286/286/286 284/284/284 
f 284/284/284 287/287/287 281/281/281 
f 287/287/287 284/284/284 286/286/286 
f 288/288/288 281/281/281 287/287/287 
f 289/289/289 287/287/287 286/286/286 
f 289/289/289 288/288/288 287/287/287 
f 289/289/289 290/290/290 288/288/288 
f 288/288/288 290/290/290 291/291/291 
f 292/292/292 293/293/293 294/294/294 
f 295/295/295 296/296/296 297/297/297 
f 298/298/298 296/296/296 295/295/295 
f 297/297/297 299/299/299 295/295/295 
f 299/299/299 297/297/297 300/300/300 
f 300/300/300 301/301/301 299/299/299 
f 299/299/299 301/301/301 302/302/302 
f 303/303/303 304/304/304 305/305/305 
f 303/303/303 305/305/305 306/306/306 
f 306/306/306 307/307/307 303/303/303 
f 307/307/307 306/306/306 308/308/308 
f 308/308/308 309/309/309 307/307/307 
f 309/309/309 308/308/308 310/310/310 
f 308/308/308 306/306/306 310/310/310 
f 306/306/306 305/305/305 311/311/311 
f 306/306/306 311/311/311 310/310/310 
f 312/312/312 310/310/310 311/311/311 
f 312/312/312 313/313/313 310/310/310 
f 314/314/314 311/311/311 305/305/305 
f 314/314/314 305/305/305 304/304/304 
f 311/311/311 315/315/315 312/312/312 
f 315/315/315 311/311/311 314/314/314 
f 316/316/316 312/312/312 315/315/315 
f 317/317/317 314/314/314 304/304/304 
f 317/317/317 304/304/304 318/318/318 
f 317/317/317 318/318/318 319/319/319 
f 319/319/319 314/314/314 317/317/317 
f 314/314/314 319/319/319 315/315/315 
f 315/315/315 319/319/319 320/320/320 
f 321/321/321 315/315/315 320/320/320 
f 322/322/322 323/323/323 324/324/324 
f 322/322/322 324/324/324 325/325/325 
f 325/325/325 324/324/324 326/326/326 
f 325/325/325 326/326/326 327/327/327 
f 325/325/325 327/327/327 328/328/328 
f 328/328/328 327/327/327 329/329/329 
f 330/330/330 327/327/327 326/326/326 
f 330/330/330 326/326/326 331/331/331 
f 332/332/332 331/331/331 326/326/326 
f 330/330/330 331/331/331 333/333/333 
f 330/330/330 333/333/333 334/334/334 
f 333/333/333 335/335/335 334/334/334 
f 333/333/333 336/336/336 335/335/335 
f 333/333/333 337/337/337 336/336/336 
f 336/336/336 337/337/337 338/338/338 
f 337/337/337 333/333/333 339/339/339 
f 339/339/339 340/340/340 337/337/337 
f 341/341/341 342/342/342 343/343/343 
f 341/341/341 343/343/343 344/344/344 
f 343/343/343 345/345/345 344/344/344 
f 346/346/346 343/343/343 342/342/342 
f 343/343/343 346/346/346 345/345/345 
f 342/342/342 347/347/347 346/346/346 
f 346/346/346 348/348/348 345/345/345 
f 345/345/345 348/348/348 349/349/349 
f 350/350/350 345/345/345 349/349/349 
f 351/351/351 350/350/350 352/352/352 
f 350/350/350 353/353/353 352/352/352 
f 353/353/353 350/350/350 349/349/349 
f 349/349/349 354/354/354 353/353/353 
f 349/349/349 355/355/355 354/354/354 
f 355/355/355 349/349/349 348/348/348 
f 356/356/356 355/355/355 348/348/348 
f 348/348/348 346/346/346 357/357/357 
f 348/348/348 358/358/358 356/356/356 
f 357/357/357 346/346/346 359/359/359 
f 357/357/357 360/360/360 348/348/348 
f 346/346/346 361/361/361 359/359/359 
f 360/360/360 357/357/357 362/362/362 
f 359/359/359 362/362/362 357/357/357 
f 363/363/363 348/348/348 360/360/360 
f 358/358/358 348/348/348 363/363/363 
f 347/347/347 361/361/361 346/346/346 
f 364/364/364 363/363/363 360/360/360 
f 362/362/362 364/364/364 360/360/360 
f 359/359/359 365/365/365 362/362/362 
f 361/361/361 365/365/365 359/359/359 
f 364/364/364 362/362/362 366/366/366 
f 365/365/365 361/361/361 367/367/367 
f 367/367/367 361/361/361 368/368/368 
f 368/368/368 361/361/361 347/347/347 
f 368/368/368 369/369/369 367/367/367 
f 365/365/365 367/367/367 369/369/369 
f 368/368/368 347/347/347 369/369/369 
f 365/365/365 370/370/370 362/362/362 
f 370/370/370 366/366/366 362/362/362 
f 369/369/369 370/370/370 365/365/365 
f 366/366/366 370/370/370 371/371/371 
f 370/370/370 369/369/369 371/371/371 
f 366/366/366 371/371/371 372/372/372 
f 366/366/366 372/372/372 364/364/364 
f 369/369/369 373/373/373 371/371/371 
f 373/373/373 372/372/372 371/371/371 
f 369/369/369 374/374/374 373/373/373 
f 347/347/347 374/374/374 369/369/369 
f 373/373/373 375/375/375 372/372/372 
f 374/374/374 375/375/375 373/373/373 
f 364/364/364 372/372/372 376/376/376 
f 363/363/363 364/364/364 376/376/376 
f 372/372/372 375/375/375 377/377/377 
f 376/376/376 372/372/372 377/377/377 
f 375/375/375 378/378/378 377/377/377 
f 378/378/378 375/375/375 374/374/374 
f 379/379/379 376/376/376 377/377/377 
f 378/378/378 379/379/379 377/377/377 
f 380/380/380 363/363/363 376/376/376 
f 380/380/380 376/376/376 379/379/379 
f 378/378/378 380/380/380 379/379/379 
f 380/380/380 378/378/378 374/374/374 
f 380/380/380 358/358/358 363/363/363 
f 380/380/380 374/374/374 358/358/358 
f 347/347/347 381/381/381 374/374/374 
f 381/381/381 358/358/358 374/374/374 
f 347/347/347 382/382/382 381/381/381 
f 383/383/383 382/382/382 347/347/347 
f 381/381/381 384/384/384 358/358/358 
f 382/382/382 384/384/384 381/381/381 
f 382/382/382 383/383/383 385/385/385 
f 383/383/383 386/386/386 385/385/385 
f 387/387/387 386/386/386 383/383/383 
f 387/387/387 388/388/388 386/386/386 
f 385/385/385 386/386/386 388/388/388 
f 388/388/388 387/387/387 389/389/389 
f 389/389/389 387/387/387 390/390/390 
f 391/391/391 385/385/385 388/388/388 
f 389/389/389 390/390/390 392/392/392 
f 392/392/392 390/390/390 393/393/393 
f 394/394/394 388/388/388 389/389/389 
f 394/394/394 389/389/389 392/392/392 
f 392/392/392 393/393/393 395/395/395 
f 394/394/394 396/396/396 388/388/388 
f 388/388/388 396/396/396 391/391/391 
f 394/394/394 397/397/397 396/396/396 
f 391/391/391 396/396/396 397/397/397 
f 398/398/398 392/392/392 395/395/395 
f 399/399/399 394/394/394 392/392/392 
f 399/399/399 392/392/392 398/398/398 
f 397/397/397 394/394/394 400/400/400 
f 394/394/394 399/399/399 400/400/400 
f 401/401/401 397/397/397 400/400/400 
f 398/398/398 395/395/395 402/402/402 
f 403/403/403 400/400/400 399/399/399 
f 403/403/403 401/401/401 400/400/400 
f 398/398/398 403/403/403 399/399/399 
f 397/397/397 401/401/401 404/404/404 
f 404/404/404 391/391/391 397/397/397 
f 403/403/403 404/404/404 401/401/401 
f 405/405/405 403/403/403 398/398/398 
f 398/398/398 402/402/402 405/405/405 
f 403/403/403 405/405/405 406/406/406 
f 405/405/405 402/402/402 407/407/407 
f 407/407/407 406/406/406 405/405/405 
f 408/408/408 403/403/403 406/406/406 
f 403/403/403 408/408/408 404/404/404 
f 406/406/406 407/407/407 408/408/408 
f 409/409/409 410/410/410 411/411/411 
f 412/412/412 413/413/413 409/409/409 
f 414/414/414 409/409/409 413/413/413 
f 409/409/409 414/414/414 410/410/410 
f 410/410/410 414/414/414 415/415/415 
f 411/411/411 416/416/416 409/409/409 
f 411/411/411 417/417/417 416/416/416 
f 417/417/417 411/411/411 418/418/418 
f 419/419/419 418/418/418 411/411/411 
f 411/411/411 410/410/410 419/419/419 
f 415/415/415 419/419/419 410/410/410 
f 419/419/419 415/415/415 420/420/420 
f 420/420/420 421/421/421 419/419/419 
f 391/391/391 404/404/404 422/422/422 
f 404/404/404 408/408/408 422/422/422 
f 391/391/391 422/422/422 423/423/423 
f 423/423/423 385/385/385 391/391/391 
f 408/408/408 424/424/424 422/422/422 
f 424/424/424 408/408/408 407/407/407 
f 422/422/422 424/424/424 425/425/425 
f 425/425/425 423/423/423 422/422/422 
f 426/426/426 424/424/424 407/407/407 
f 425/425/425 424/424/424 426/426/426 
f 427/427/427 385/385/385 423/423/423 
f 385/385/385 427/427/427 382/382/382 
f 423/423/423 425/425/425 428/428/428 
f 426/426/426 428/428/428 425/425/425 
f 427/427/427 423/423/423 429/429/429 
f 429/429/429 423/423/423 428/428/428 
f 427/427/427 430/430/430 382/382/382 
f 427/427/427 429/429/429 430/430/430 
f 384/384/384 382/382/382 430/430/430 
f 429/429/429 428/428/428 431/431/431 
f 431/431/431 428/428/428 432/432/432 
f 433/433/433 430/430/430 429/429/429 
f 431/431/431 433/433/433 429/429/429 
f 434/434/434 433/433/433 431/431/431 
f 434/434/434 431/431/431 432/432/432 
f 432/432/432 428/428/428 435/435/435 
f 432/432/432 435/435/435 434/434/434 
f 435/435/435 428/428/428 426/426/426 
f 433/433/433 436/436/436 430/430/430 
f 433/433/433 434/434/434 436/436/436 
f 430/430/430 436/436/436 437/437/437 
f 430/430/430 437/437/437 384/384/384 
f 436/436/436 434/434/434 438/438/438 
f 434/434/434 435/435/435 439/439/439 
f 439/439/439 438/438/438 434/434/434 
f 436/436/436 438/438/438 440/440/440 
f 440/440/440 438/438/438 439/439/439 
f 436/436/436 440/440/440 437/437/437 
f 435/435/435 441/441/441 439/439/439 
f 441/441/441 440/440/440 439/439/439 
f 435/435/435 426/426/426 441/441/441 
f 437/437/437 440/440/440 442/442/442 
f 437/437/437 442/442/442 384/384/384 
f 384/384/384 442/442/442 443/443/443 
f 384/384/384 443/443/443 358/358/358 
f 444/444/444 442/442/442 440/440/440 
f 442/442/442 444/444/444 443/443/443 
f 441/441/441 445/445/445 440/440/440 
f 444/444/444 440/440/440 445/445/445 
f 446/446/446 445/445/445 441/441/441 
f 446/446/446 441/441/441 426/426/426 
f 444/444/444 445/445/445 447/447/447 
f 444/444/444 447/447/447 443/443/443 
f 445/445/445 446/446/446 447/447/447 
f 447/447/447 358/358/358 443/443/443 
f 446/446/446 358/358/358 447/447/447 
f 358/358/358 446/446/446 356/356/356 
f 448/448/448 356/356/356 446/446/446 
f 446/446/446 426/426/426 448/448/448 
f 449/449/449 448/448/448 426/426/426 
f 407/407/407 449/449/449 426/426/426 
f 450/450/450 448/448/448 449/449/449 
f 402/402/402 449/449/449 407/407/407 
f 402/402/402 450/450/450 449/449/449 
f 450/450/450 402/402/402 451/451/451 
f 452/452/452 453/453/453 454/454/454 
f 455/455/455 453/453/453 452/452/452 
f 454/454/454 456/456/456 452/452/452 
f 456/456/456 455/455/455 452/452/452 
f 457/457/457 458/458/458 454/454/454 
f 456/456/456 454/454/454 458/458/458 
f 458/458/458 457/457/457 459/459/459 
f 459/459/459 460/460/460 458/458/458 
f 460/460/460 456/456/456 458/458/458 
f 459/459/459 461/461/461 460/460/460 
f 461/461/461 456/456/456 460/460/460 
f 461/461/461 459/459/459 462/462/462 
f 463/463/463 462/462/462 459/459/459 
f 462/462/462 463/463/463 464/464/464 
f 464/464/464 465/465/465 462/462/462 
f 466/466/466 462/462/462 465/465/465 
f 456/456/456 461/461/461 467/467/467 
f 461/461/461 468/468/468 467/467/467 
f 468/468/468 461/461/461 462/462/462 
f 469/469/469 467/467/467 468/468/468 
f 467/467/467 469/469/469 456/456/456 
f 470/470/470 469/469/469 468/468/468 
f 468/468/468 471/471/471 470/470/470 
f 470/470/470 471/471/471 469/469/469 
f 471/471/471 468/468/468 462/462/462 
f 462/462/462 466/466/466 472/472/472 
f 456/456/456 469/469/469 473/473/473 
f 474/474/474 471/471/471 462/462/462 
f 474/474/474 462/462/462 472/472/472 
f 471/471/471 474/474/474 475/475/475 
f 476/476/476 473/473/473 469/469/469 
f 471/471/471 476/476/476 469/469/469 
f 477/477/477 471/471/471 475/475/475 
f 475/475/475 474/474/474 477/477/477 
f 476/476/476 471/471/471 477/477/477 
f 474/474/474 478/478/478 477/477/477 
f 472/472/472 478/478/478 474/474/474 
f 477/477/477 478/478/478 479/479/479 
f 479/479/479 476/476/476 477/477/477 
f 480/480/480 478/478/478 472/472/472 
f 478/478/478 480/480/480 479/479/479 
f 480/480/480 472/472/472 481/481/481 
f 482/482/482 472/472/472 466/466/466 
f 472/472/472 482/482/482 481/481/481 
f 466/466/466 483/483/483 482/482/482 
f 483/483/483 484/484/484 482/482/482 
f 482/482/482 484/484/484 485/485/485 
f 486/486/486 481/481/481 482/482/482 
f 485/485/485 486/486/486 482/482/482 
f 481/481/481 486/486/486 487/487/487 
f 479/479/479 481/481/481 487/487/487 
f 486/486/486 488/488/488 487/487/487 
f 489/489/489 487/487/487 488/488/488 
f 479/479/479 487/487/487 489/489/489 
f 488/488/488 486/486/486 490/490/490 
f 489/489/489 488/488/488 490/490/490 
f 485/485/485 490/490/490 486/486/486 
f 490/490/490 479/479/479 489/489/489 
f 491/491/491 485/485/485 484/484/484 
f 492/492/492 491/491/491 484/484/484 
f 485/485/485 491/491/491 493/493/493 
f 485/485/485 493/493/493 494/494/494 
f 490/490/490 485/485/485 494/494/494 
f 493/493/493 491/491/491 495/495/495 
f 496/496/496 493/493/493 495/495/495 
f 493/493/493 496/496/496 494/494/494 
f 495/495/495 491/491/491 497/497/497 
f 495/495/495 498/498/498 496/496/496 
f 496/496/496 498/498/498 494/494/494 
f 498/498/498 495/495/495 497/497/497 
f 491/491/491 499/499/499 497/497/497 
f 498/498/498 500/500/500 494/494/494 
f 500/500/500 498/498/498 497/497/497 
f 501/501/501 497/497/497 499/499/499 
f 502/502/502 494/494/494 500/500/500 
f 494/494/494 502/502/502 490/490/490 
f 503/503/503 504/504/504 505/505/505 
f 505/505/505 506/506/506 503/503/503 
f 507/507/507 503/503/503 506/506/506 
f 506/506/506 464/464/464 507/507/507 
f 503/503/503 507/507/507 508/508/508 
f 509/509/509 503/503/503 508/508/508 
f 464/464/464 463/463/463 507/507/507 
f 510/510/510 509/509/509 508/508/508 
f 510/510/510 511/511/511 509/509/509 
f 512/512/512 508/508/508 507/507/507 
f 511/511/511 510/510/510 513/513/513 
f 513/513/513 514/514/514 511/511/511 
f 507/507/507 515/515/515 512/512/512 
f 463/463/463 515/515/515 507/507/507 
f 512/512/512 516/516/516 508/508/508 
f 516/516/516 512/512/512 515/515/515 
f 510/510/510 508/508/508 517/517/517 
f 516/516/516 517/517/517 508/508/508 
f 518/518/518 510/510/510 517/517/517 
f 513/513/513 510/510/510 518/518/518 
f 516/516/516 519/519/519 517/517/517 
f 519/519/519 516/516/516 515/515/515 
f 517/517/517 520/520/520 518/518/518 
f 520/520/520 517/517/517 519/519/519 
f 520/520/520 513/513/513 518/518/518 
f 520/520/520 519/519/519 521/521/521 
f 521/521/521 513/513/513 520/520/520 
f 515/515/515 522/522/522 519/519/519 
f 519/519/519 522/522/522 521/521/521 
f 515/515/515 463/463/463 523/523/523 
f 523/523/523 524/524/524 515/515/515 
f 524/524/524 523/523/523 525/525/525 
f 463/463/463 525/525/525 523/523/523 
f 526/526/526 515/515/515 524/524/524 
f 522/522/522 515/515/515 526/526/526 
f 527/527/527 524/524/524 525/525/525 
f 463/463/463 527/527/527 525/525/525 
f 524/524/524 527/527/527 526/526/526 
f 527/527/527 463/463/463 528/528/528 
f 463/463/463 459/459/459 528/528/528 
f 527/527/527 528/528/528 457/457/457 
f 459/459/459 457/457/457 528/528/528 
f 529/529/529 526/526/526 527/527/527 
f 529/529/529 527/527/527 457/457/457 
f 526/526/526 530/530/530 522/522/522 
f 531/531/531 530/530/530 526/526/526 
f 526/526/526 529/529/529 531/531/531 
f 532/532/532 530/530/530 531/531/531 
f 529/529/529 532/532/532 531/531/531 
f 530/530/530 532/532/532 533/533/533 
f 533/533/533 522/522/522 530/530/530 
f 532/532/532 529/529/529 534/534/534 
f 454/454/454 529/529/529 457/457/457 
f 535/535/535 533/533/533 532/532/532 
f 534/534/534 535/535/535 532/532/532 
f 534/534/534 529/529/529 536/536/536 
f 529/529/529 454/454/454 536/536/536 
f 535/535/535 534/534/534 537/537/537 
f 455/455/455 534/534/534 536/536/536 
f 534/534/534 455/455/455 537/537/537 
f 453/453/453 536/536/536 454/454/454 
f 536/536/536 453/453/453 455/455/455 
f 538/538/538 539/539/539 540/540/540 
f 541/541/541 538/538/538 540/540/540 
f 542/542/542 543/543/543 544/544/544 
f 545/545/545 543/543/543 542/542/542 
f 542/542/542 546/546/546 545/545/545 
f 541/541/541 547/547/547 538/538/538 
f 547/547/547 541/541/541 548/548/548 
f 547/547/547 549/549/549 538/538/538 
f 538/538/538 549/549/549 550/550/550 
f 548/548/548 551/551/551 547/547/547 
f 551/551/551 548/548/548 552/552/552 
f 553/553/553 549/549/549 547/547/547 
f 553/553/553 547/547/547 551/551/551 
f 549/549/549 554/554/554 550/550/550 
f 554/554/554 549/549/549 553/553/553 
f 555/555/555 551/551/551 552/552/552 
f 552/552/552 556/556/556 555/555/555 
f 555/555/555 556/556/556 557/557/557 
f 557/557/557 551/551/551 555/555/555 
f 542/542/542 557/557/557 546/546/546 
f 558/558/558 551/551/551 557/557/557 
f 553/553/553 551/551/551 558/558/558 
f 557/557/557 542/542/542 558/558/558 
f 553/553/553 558/558/558 559/559/559 
f 554/554/554 553/553/553 559/559/559 
f 542/542/542 560/560/560 558/558/558 
f 560/560/560 559/559/559 558/558/558 
f 561/561/561 554/554/554 559/559/559 
f 560/560/560 542/542/542 562/562/562 
f 554/554/554 561/561/561 563/563/563 
f 559/559/559 564/564/564 561/561/561 
f 564/564/564 563/563/563 561/561/561 
f 559/559/559 560/560/560 565/565/565 
f 564/564/564 559/559/559 565/565/565 
f 565/565/565 560/560/560 566/566/566 
f 560/560/560 562/562/562 566/566/566 
f 565/565/565 566/566/566 567/567/567 
f 567/567/567 566/566/566 562/562/562 
f 567/567/567 568/568/568 565/565/565 
f 565/565/565 569/569/569 564/564/564 
f 568/568/568 567/567/567 570/570/570 
f 568/568/568 570/570/570 569/569/569 
f 569/569/569 571/571/571 564/564/564 
f 572/572/572 564/564/564 571/571/571 
f 572/572/572 563/563/563 564/564/564 
f 573/573/573 571/571/571 569/569/569 
f 573/573/573 572/572/572 571/571/571 
f 574/574/574 569/569/569 570/570/570 
f 574/574/574 573/573/573 569/569/569 
f 575/575/575 570/570/570 567/567/567 
f 570/570/570 575/575/575 576/576/576 
f 576/576/576 574/574/574 570/570/570 
f 567/567/567 577/577/577 575/575/575 
f 567/567/567 562/562/562 577/577/577 
f 578/578/578 575/575/575 577/577/577 
f 578/578/578 576/576/576 575/575/575 
f 577/577/577 562/562/562 579/579/579 
f 562/562/562 542/542/542 579/579/579 
f 542/542/542 544/544/544 579/579/579 
f 579/579/579 544/544/544 580/580/580 
f 580/580/580 581/581/581 579/579/579 
f 578/578/578 577/577/577 582/582/582 
f 579/579/579 582/582/582 577/577/577 
f 581/581/581 583/583/583 579/579/579 
f 583/583/583 582/582/582 579/579/579 
f 581/581/581 584/584/584 583/583/583 
f 585/585/585 583/583/583 584/584/584 
f 582/582/582 583/583/583 586/586/586 
f 583/583/583 585/585/585 586/586/586 
f 586/586/586 587/587/587 582/582/582 
f 585/585/585 587/587/587 586/586/586 
f 578/578/578 582/582/582 588/588/588 
f 588/588/588 582/582/582 587/587/587 
f 576/576/576 578/578/578 588/588/588 
f 589/589/589 588/588/588 587/587/587 
f 589/589/589 576/576/576 588/588/588 
f 590/590/590 587/587/587 585/585/585 
f 591/591/591 589/589/589 587/587/587 
f 587/587/587 590/590/590 591/591/591 
f 589/589/589 591/591/591 592/592/592 
f 589/589/589 593/593/593 576/576/576 
f 593/593/593 589/589/589 592/592/592 
f 594/594/594 576/576/576 593/593/593 
f 574/574/574 576/576/576 594/594/594 
f 595/595/595 593/593/593 592/592/592 
f 591/591/591 595/595/595 592/592/592 
f 596/596/596 594/594/594 593/593/593 
f 574/574/574 594/594/594 596/596/596 
f 593/593/593 595/595/595 596/596/596 
f 595/595/595 591/591/591 597/597/597 
f 591/591/591 590/590/590 597/597/597 
f 598/598/598 597/597/597 590/590/590 
f 599/599/599 595/595/595 597/597/597 
f 597/597/597 598/598/598 600/600/600 
f 600/600/600 599/599/599 597/597/597 
f 601/601/601 600/600/600 598/598/598 
f 601/601/601 598/598/598 590/590/590 
f 602/602/602 599/599/599 600/600/600 
f 600/600/600 603/603/603 602/602/602 
f 600/600/600 601/601/601 603/603/603 
f 599/599/599 602/602/602 604/604/604 
f 605/605/605 601/601/601 590/590/590 
f 605/605/605 590/590/590 585/585/585 
f 606/606/606 605/605/605 585/585/585 
f 601/601/601 605/605/605 607/607/607 
f 605/605/605 608/608/608 607/607/607 
f 608/608/608 609/609/609 607/607/607 
f 607/607/607 610/610/610 601/601/601 
f 610/610/610 603/603/603 601/601/601 
f 609/609/609 611/611/611 607/607/607 
f 610/610/610 607/607/607 611/611/611 
f 609/609/609 612/612/612 611/611/611 
f 613/613/613 611/611/611 612/612/612 
f 614/614/614 610/610/610 611/611/611 
f 611/611/611 613/613/613 614/614/614 
f 615/615/615 603/603/603 610/610/610 
f 610/610/610 614/614/614 615/615/615 
f 616/616/616 614/614/614 613/613/613 
f 603/603/603 615/615/615 617/617/617 
f 603/603/603 617/617/617 602/602/602 
f 617/617/617 604/604/604 602/602/602 
f 617/617/617 615/615/615 618/618/618 
f 618/618/618 604/604/604 617/617/617 
f 619/619/619 615/615/615 614/614/614 
f 620/620/620 618/618/618 615/615/615 
f 615/615/615 619/619/619 620/620/620 
f 618/618/618 620/620/620 621/621/621 
f 618/618/618 622/622/622 604/604/604 
f 622/622/622 618/618/618 621/621/621 
f 620/620/620 623/623/623 621/621/621 
f 622/622/622 621/621/621 623/623/623 
f 623/623/623 620/620/620 624/624/624 
f 619/619/619 624/624/624 620/620/620 
f 625/625/625 622/622/622 623/623/623 
f 624/624/624 625/625/625 623/623/623 
f 622/622/622 626/626/626 604/604/604 
f 625/625/625 626/626/626 622/622/622 
f 626/626/626 599/599/599 604/604/604 
f 599/599/599 626/626/626 595/595/595 
f 625/625/625 624/624/624 627/627/627 
f 627/627/627 626/626/626 625/625/625 
f 624/624/624 619/619/619 628/628/628 
f 595/595/595 626/626/626 629/629/629 
f 596/596/596 595/595/595 629/629/629 
f 596/596/596 629/629/629 630/630/630 
f 574/574/574 596/596/596 630/630/630 
f 631/631/631 629/629/629 626/626/626 
f 629/629/629 631/631/631 630/630/630 
f 630/630/630 632/632/632 574/574/574 
f 630/630/630 631/631/631 632/632/632 
f 633/633/633 574/574/574 632/632/632 
f 631/631/631 634/634/634 632/632/632 
f 634/634/634 631/631/631 626/626/626 
f 634/634/634 633/633/633 632/632/632 
f 635/635/635 634/634/634 626/626/626 
f 626/626/626 627/627/627 635/635/635 
f 636/636/636 634/634/634 635/635/635 
f 633/633/633 634/634/634 636/636/636 
f 627/627/627 636/636/636 635/635/635 
f 574/574/574 633/633/633 637/637/637 
f 573/573/573 574/574/574 637/637/637 
f 573/573/573 637/637/637 638/638/638 
f 637/637/637 633/633/633 639/639/639 
f 640/640/640 633/633/633 636/636/636 
f 640/640/640 639/639/639 633/633/633 
f 641/641/641 636/636/636 627/627/627 
f 641/641/641 640/640/640 636/636/636 
f 641/641/641 627/627/627 642/642/642 
f 627/627/627 643/643/643 642/642/642 
f 641/641/641 642/642/642 643/643/643 
f 643/643/643 627/627/627 624/624/624 
f 644/644/644 640/640/640 641/641/641 
f 640/640/640 644/644/644 639/639/639 
f 643/643/643 644/644/644 641/641/641 
f 624/624/624 628/628/628 643/643/643 
f 645/645/645 638/638/638 637/637/637 
f 645/645/645 637/637/637 639/639/639 
f 646/646/646 638/638/638 645/645/645 
f 646/646/646 647/647/647 638/638/638 
f 639/639/639 648/648/648 645/645/645 
f 648/648/648 646/646/646 645/645/645 
f 648/648/648 639/639/639 649/649/649 
f 573/573/573 646/646/646 572/572/572 
f 648/648/648 650/650/650 646/646/646 
f 651/651/651 572/572/572 646/646/646 
f 651/651/651 646/646/646 650/650/650 
f 572/572/572 651/651/651 652/652/652 
f 563/563/563 572/572/572 652/652/652 
f 653/653/653 652/652/652 651/651/651 
f 654/654/654 563/563/563 652/652/652 
f 652/652/652 653/653/653 654/654/654 
f 655/655/655 653/653/653 651/651/651 
f 650/650/650 655/655/655 651/651/651 
f 655/655/655 654/654/654 653/653/653 
f 648/648/648 656/656/656 650/650/650 
f 655/655/655 650/650/650 656/656/656 
f 657/657/657 563/563/563 654/654/654 
f 563/563/563 657/657/657 554/554/554 
f 657/657/657 550/550/550 554/554/554 
f 654/654/654 658/658/658 657/657/657 
f 658/658/658 659/659/659 657/657/657 
f 654/654/654 659/659/659 658/658/658 
f 654/654/654 655/655/655 659/659/659 
f 660/660/660 657/657/657 659/659/659 
f 655/655/655 660/660/660 659/659/659 
f 660/660/660 655/655/655 661/661/661 
f 656/656/656 661/661/661 655/655/655 
f 660/660/660 661/661/661 662/662/662 
f 656/656/656 648/648/648 663/663/663 
f 663/663/663 648/648/648 649/649/649 
f 664/664/664 656/656/656 663/663/663 
f 649/649/649 665/665/665 663/663/663 
f 666/666/666 656/656/656 664/664/664 
f 661/661/661 656/656/656 666/666/666 
f 663/663/663 667/667/667 664/664/664 
f 664/664/664 667/667/667 666/666/666 
f 667/667/667 663/663/663 665/665/665 
f 668/668/668 661/661/661 666/666/666 
f 669/669/669 666/666/666 667/667/667 
f 666/666/666 669/669/669 668/668/668 
f 665/665/665 670/670/670 667/667/667 
f 670/670/670 669/669/669 667/667/667 
f 671/671/671 662/662/662 661/661/661 
f 670/670/670 672/672/672 669/669/669 
f 672/672/672 668/668/668 669/669/669 
f 661/661/661 668/668/668 673/673/673 
f 671/671/671 661/661/661 673/673/673 
f 674/674/674 662/662/662 671/671/671 
f 673/673/673 675/675/675 671/671/671 
f 674/674/674 671/671/671 676/676/676 
f 675/675/675 676/676/676 671/671/671 
f 673/673/673 677/677/677 675/675/675 
f 677/677/677 673/673/673 668/668/668 
f 676/676/676 675/675/675 677/677/677 
f 668/668/668 678/678/678 677/677/677 
f 678/678/678 668/668/668 672/672/672 
f 676/676/676 677/677/677 679/679/679 
f 678/678/678 679/679/679 677/677/677 
f 674/674/674 676/676/676 680/680/680 
f 680/680/680 676/676/676 681/681/681 
f 679/679/679 681/681/681 676/676/676 
f 680/680/680 682/682/682 674/674/674 
f 674/674/674 682/682/682 683/683/683 
f 683/683/683 682/682/682 684/684/684 
f 681/681/681 685/685/685 680/680/680 
f 685/685/685 682/682/682 680/680/680 
f 681/681/681 679/679/679 685/685/685 
f 682/682/682 686/686/686 684/684/684 
f 686/686/686 682/682/682 685/685/685 
f 684/684/684 686/686/686 687/687/687 
f 479/479/479 684/684/684 687/687/687 
f 476/476/476 479/479/479 687/687/687 
f 686/686/686 688/688/688 687/687/687 
f 688/688/688 476/476/476 687/687/687 
f 689/689/689 686/686/686 685/685/685 
f 686/686/686 689/689/689 688/688/688 
f 689/689/689 685/685/685 679/679/679 
f 476/476/476 688/688/688 690/690/690 
f 690/690/690 688/688/688 689/689/689 
f 690/690/690 691/691/691 476/476/476 
f 689/689/689 691/691/691 690/690/690 
f 473/473/473 476/476/476 691/691/691 
f 679/679/679 692/692/692 689/689/689 
f 678/678/678 692/692/692 679/679/679 
f 672/672/672 692/692/692 678/678/678 
f 689/689/689 692/692/692 693/693/693 
f 691/691/691 689/689/689 693/693/693 
f 692/692/692 672/672/672 694/694/694 
f 693/693/693 692/692/692 694/694/694 
f 695/695/695 473/473/473 691/691/691 
f 693/693/693 695/695/695 691/691/691 
f 695/695/695 456/456/456 473/473/473 
f 672/672/672 696/696/696 694/694/694 
f 697/697/697 456/456/456 695/695/695 
f 456/456/456 697/697/697 455/455/455 
f 695/695/695 693/693/693 698/698/698 
f 695/695/695 698/698/698 697/697/697 
f 537/537/537 455/455/455 697/697/697 
f 694/694/694 699/699/699 693/693/693 
f 699/699/699 694/694/694 696/696/696 
f 700/700/700 693/693/693 699/699/699 
f 698/698/698 693/693/693 700/700/700 
f 697/697/697 701/701/701 537/537/537 
f 535/535/535 537/537/537 701/701/701 
f 700/700/700 702/702/702 698/698/698 
f 702/702/702 703/703/703 698/698/698 
f 702/702/702 700/700/700 703/703/703 
f 697/697/697 698/698/698 704/704/704 
f 704/704/704 698/698/698 703/703/703 
f 705/705/705 697/697/697 704/704/704 
f 701/701/701 697/697/697 705/705/705 
f 700/700/700 706/706/706 703/703/703 
f 706/706/706 704/704/704 703/703/703 
f 699/699/699 706/706/706 700/700/700 
f 705/705/705 704/704/704 707/707/707 
f 707/707/707 704/704/704 706/706/706 
f 701/701/701 705/705/705 707/707/707 
f 708/708/708 706/706/706 699/699/699 
f 533/533/533 535/535/535 701/701/701 
f 706/706/706 709/709/709 707/707/707 
f 706/706/706 708/708/708 709/709/709 
f 707/707/707 710/710/710 701/701/701 
f 710/710/710 707/707/707 709/709/709 
f 710/710/710 711/711/711 701/701/701 
f 533/533/533 701/701/701 711/711/711 
f 710/710/710 709/709/709 712/712/712 
f 709/709/709 708/708/708 712/712/712 
f 713/713/713 711/711/711 710/710/710 
f 712/712/712 713/713/713 710/710/710 
f 714/714/714 533/533/533 711/711/711 
f 715/715/715 714/714/714 711/711/711 
f 711/711/711 713/713/713 715/715/715 
f 714/714/714 716/716/716 533/533/533 
f 716/716/716 714/714/714 715/715/715 
f 716/716/716 717/717/717 533/533/533 
f 717/717/717 522/522/522 533/533/533 
f 522/522/522 717/717/717 521/521/521 
f 718/718/718 717/717/717 716/716/716 
f 719/719/719 521/521/521 717/717/717 
f 717/717/717 718/718/718 719/719/719 
f 720/720/720 716/716/716 715/715/715 
f 716/716/716 720/720/720 718/718/718 
f 715/715/715 721/721/721 720/720/720 
f 721/721/721 715/715/715 713/713/713 
f 718/718/718 720/720/720 722/722/722 
f 721/721/721 722/722/722 720/720/720 
f 722/722/722 719/719/719 718/718/718 
f 521/521/521 719/719/719 723/723/723 
f 513/513/513 521/521/521 723/723/723 
f 724/724/724 723/723/723 719/719/719 
f 719/719/719 725/725/725 724/724/724 
f 722/722/722 725/725/725 719/719/719 
f 724/724/724 726/726/726 723/723/723 
f 727/727/727 726/726/726 724/724/724 
f 727/727/727 728/728/728 726/726/726 
f 728/728/728 729/729/729 726/726/726 
f 725/725/725 722/722/722 730/730/730 
f 513/513/513 723/723/723 731/731/731 
f 726/726/726 731/731/731 723/723/723 
f 731/731/731 732/732/732 513/513/513 
f 726/726/726 729/729/729 732/732/732 
f 731/731/731 726/726/726 733/733/733 
f 732/732/732 733/733/733 726/726/726 
f 732/732/732 731/731/731 733/733/733 
f 513/513/513 732/732/732 514/514/514 
f 734/734/734 514/514/514 732/732/732 
f 735/735/735 732/732/732 729/729/729 
f 732/732/732 735/735/735 734/734/734 
f 729/729/729 736/736/736 735/735/735 
f 735/735/735 736/736/736 737/737/737 
f 738/738/738 734/734/734 735/735/735 
f 738/738/738 735/735/735 737/737/737 
f 734/734/734 738/738/738 739/739/739 
f 737/737/737 740/740/740 738/738/738 
f 741/741/741 739/739/739 738/738/738 
f 738/738/738 740/740/740 742/742/742 
f 741/741/741 738/738/738 742/742/742 
f 742/742/742 743/743/743 741/741/741 
f 744/744/744 741/741/741 743/743/743 
f 744/744/744 743/743/743 745/745/745 
f 746/746/746 744/744/744 745/745/745 
f 746/746/746 747/747/747 744/744/744 
f 748/748/748 744/744/744 747/747/747 
f 747/747/747 749/749/749 748/748/748 
f 746/746/746 750/750/750 747/747/747 
f 751/751/751 749/749/749 747/747/747 
f 747/747/747 750/750/750 751/751/751 
f 749/749/749 751/751/751 752/752/752 
f 752/752/752 753/753/753 749/749/749 
f 753/753/753 752/752/752 613/613/613 
f 751/751/751 754/754/754 752/752/752 
f 752/752/752 616/616/616 613/613/613 
f 754/754/754 751/751/751 755/755/755 
f 752/752/752 754/754/754 756/756/756 
f 756/756/756 754/754/754 755/755/755 
f 752/752/752 756/756/756 616/616/616 
f 755/755/755 751/751/751 757/757/757 
f 757/757/757 751/751/751 750/750/750 
f 755/755/755 757/757/757 756/756/756 
f 758/758/758 757/757/757 750/750/750 
f 750/750/750 746/746/746 758/758/758 
f 758/758/758 746/746/746 759/759/759 
f 746/746/746 760/760/760 759/759/759 
f 759/759/759 760/760/760 761/761/761 
f 761/761/761 758/758/758 759/759/759 
f 761/761/761 760/760/760 762/762/762 
f 758/758/758 761/761/761 762/762/762 
f 763/763/763 758/758/758 762/762/762 
f 757/757/757 758/758/758 764/764/764 
f 764/764/764 756/756/756 757/757/757 
f 765/765/765 764/764/764 758/758/758 
f 758/758/758 763/763/763 765/765/765 
f 762/762/762 766/766/766 763/763/763 
f 767/767/767 756/756/756 764/764/764 
f 768/768/768 764/764/764 765/765/765 
f 764/764/764 768/768/768 767/767/767 
f 769/769/769 765/765/765 763/763/763 
f 756/756/756 767/767/767 770/770/770 
f 771/771/771 767/767/767 768/768/768 
f 767/767/767 771/771/771 772/772/772 
f 772/772/772 770/770/770 767/767/767 
f 768/768/768 773/773/773 771/771/771 
f 774/774/774 772/772/772 771/771/771 
f 773/773/773 774/774/774 771/771/771 
f 768/768/768 765/765/765 775/775/775 
f 773/773/773 768/768/768 775/775/775 
f 765/765/765 776/776/776 775/775/775 
f 765/765/765 769/769/769 776/776/776 
f 776/776/776 777/777/777 775/775/775 
f 775/775/775 777/777/777 778/778/778 
f 778/778/778 773/773/773 775/775/775 
f 777/777/777 776/776/776 779/779/779 
f 769/769/769 779/779/779 776/776/776 
f 780/780/780 778/778/778 777/777/777 
f 779/779/779 780/780/780 777/777/777 
f 773/773/773 778/778/778 781/781/781 
f 778/778/778 780/780/780 781/781/781 
f 782/782/782 773/773/773 781/781/781 
f 782/782/782 781/781/781 780/780/780 
f 773/773/773 782/782/782 783/783/783 
f 780/780/780 784/784/784 782/782/782 
f 782/782/782 784/784/784 785/785/785 
f 785/785/785 783/783/783 782/782/782 
f 784/784/784 780/780/780 786/786/786 
f 787/787/787 785/785/785 784/784/784 
f 786/786/786 787/787/787 784/784/784 
f 780/780/780 788/788/788 786/786/786 
f 779/779/779 788/788/788 780/780/780 
f 773/773/773 783/783/783 789/789/789 
f 773/773/773 789/789/789 774/774/774 
f 783/783/783 785/785/785 790/790/790 
f 788/788/788 779/779/779 791/791/791 
f 783/783/783 792/792/792 789/789/789 
f 793/793/793 774/774/774 789/789/789 
f 793/793/793 789/789/789 792/792/792 
f 774/774/774 793/793/793 794/794/794 
f 774/774/774 794/794/794 795/795/795 
f 794/794/794 793/793/793 795/795/795 
f 772/772/772 774/774/774 795/795/795 
f 770/770/770 772/772/772 795/795/795 
f 793/793/793 770/770/770 795/795/795 
f 792/792/792 770/770/770 793/793/793 
f 792/792/792 783/783/783 796/796/796 
f 790/790/790 796/796/796 783/783/783 
f 770/770/770 792/792/792 797/797/797 
f 796/796/796 797/797/797 792/792/792 
f 797/797/797 756/756/756 770/770/770 
f 756/756/756 797/797/797 616/616/616 
f 797/797/797 796/796/796 616/616/616 
f 796/796/796 798/798/798 616/616/616 
f 614/614/614 616/616/616 798/798/798 
f 614/614/614 798/798/798 619/619/619 
f 799/799/799 619/619/619 798/798/798 
f 628/628/628 619/619/619 799/799/799 
f 800/800/800 799/799/799 798/798/798 
f 799/799/799 800/800/800 628/628/628 
f 798/798/798 796/796/796 800/800/800 
f 800/800/800 796/796/796 801/801/801 
f 801/801/801 628/628/628 800/800/800 
f 796/796/796 790/790/790 801/801/801 
f 628/628/628 801/801/801 790/790/790 
f 790/790/790 643/643/643 628/628/628 
f 643/643/643 790/790/790 802/802/802 
f 790/790/790 785/785/785 802/802/802 
f 802/802/802 803/803/803 643/643/643 
f 644/644/644 643/643/643 803/803/803 
f 804/804/804 802/802/802 785/785/785 
f 804/804/804 803/803/803 802/802/802 
f 787/787/787 804/804/804 785/785/785 
f 803/803/803 804/804/804 805/805/805 
f 787/787/787 805/805/805 804/804/804 
f 805/805/805 644/644/644 803/803/803 
f 805/805/805 787/787/787 806/806/806 
f 644/644/644 805/805/805 807/807/807 
f 806/806/806 807/807/807 805/805/805 
f 808/808/808 644/644/644 807/807/807 
f 807/807/807 806/806/806 808/808/808 
f 809/809/809 808/808/808 806/806/806 
f 787/787/787 810/810/810 806/806/806 
f 806/806/806 810/810/810 809/809/809 
f 808/808/808 809/809/809 811/811/811 
f 810/810/810 811/811/811 809/809/809 
f 644/644/644 808/808/808 812/812/812 
f 811/811/811 812/812/812 808/808/808 
f 810/810/810 787/787/787 813/813/813 
f 787/787/787 786/786/786 813/813/813 
f 786/786/786 814/814/814 813/813/813 
f 788/788/788 814/814/814 786/786/786 
f 813/813/813 815/815/815 810/810/810 
f 813/813/813 814/814/814 815/815/815 
f 788/788/788 816/816/816 814/814/814 
f 816/816/816 815/815/815 814/814/814 
f 815/815/815 817/817/817 810/810/810 
f 815/815/815 816/816/816 817/817/817 
f 811/811/811 810/810/810 817/817/817 
f 788/788/788 818/818/818 816/816/816 
f 818/818/818 817/817/817 816/816/816 
f 500/500/500 819/819/819 502/502/502 
f 820/820/820 502/502/502 819/819/819 
f 820/820/820 490/490/490 502/502/502 
f 819/819/819 500/500/500 821/821/821 
f 820/820/820 819/819/819 821/821/821 
f 497/497/497 822/822/822 500/500/500 
f 497/497/497 501/501/501 822/822/822 
f 821/821/821 500/500/500 822/822/822 
f 823/823/823 820/820/820 821/821/821 
f 822/822/822 823/823/823 821/821/821 
f 499/499/499 824/824/824 501/501/501 
f 824/824/824 822/822/822 501/501/501 
f 824/824/824 499/499/499 825/825/825 
f 826/826/826 824/824/824 825/825/825 
f 822/822/822 824/824/824 826/826/826 
f 822/822/822 827/827/827 823/823/823 
f 820/820/820 823/823/823 827/827/827 
f 826/826/826 827/827/827 822/822/822 
f 828/828/828 820/820/820 827/827/827 
f 490/490/490 820/820/820 828/828/828 
f 827/827/827 826/826/826 829/829/829 
f 828/828/828 827/827/827 829/829/829 
f 830/830/830 828/828/828 829/829/829 
f 828/828/828 830/830/830 490/490/490 
f 829/829/829 831/831/831 830/830/830 
f 832/832/832 829/829/829 826/826/826 
f 829/829/829 832/832/832 831/831/831 
f 833/833/833 832/832/832 826/826/826 
f 826/826/826 834/834/834 833/833/833 
f 835/835/835 490/490/490 830/830/830 
f 490/490/490 835/835/835 836/836/836 
f 836/836/836 837/837/837 490/490/490 
f 479/479/479 490/490/490 837/837/837 
f 836/836/836 838/838/838 837/837/837 
f 835/835/835 838/838/838 836/836/836 
f 684/684/684 479/479/479 837/837/837 
f 684/684/684 837/837/837 838/838/838 
f 838/838/838 835/835/835 839/839/839 
f 835/835/835 830/830/830 840/840/840 
f 831/831/831 840/840/840 830/830/830 
f 839/839/839 683/683/683 838/838/838 
f 684/684/684 838/838/838 683/683/683 
f 835/835/835 841/841/841 839/839/839 
f 841/841/841 683/683/683 839/839/839 
f 841/841/841 835/835/835 842/842/842 
f 835/835/835 840/840/840 842/842/842 
f 840/840/840 831/831/831 843/843/843 
f 831/831/831 844/844/844 843/843/843 
f 844/844/844 840/840/840 843/843/843 
f 840/840/840 845/845/845 842/842/842 
f 845/845/845 840/840/840 844/844/844 
f 841/841/841 842/842/842 846/846/846 
f 845/845/845 846/846/846 842/842/842 
f 674/674/674 683/683/683 841/841/841 
f 846/846/846 674/674/674 841/841/841 
f 845/845/845 662/662/662 846/846/846 
f 662/662/662 674/674/674 846/846/846 
f 844/844/844 657/657/657 845/845/845 
f 845/845/845 660/660/660 662/662/662 
f 657/657/657 660/660/660 845/845/845 
f 844/844/844 831/831/831 847/847/847 
f 831/831/831 832/832/832 847/847/847 
f 844/844/844 847/847/847 848/848/848 
f 657/657/657 844/844/844 848/848/848 
f 847/847/847 832/832/832 849/849/849 
f 848/848/848 847/847/847 849/849/849 
f 833/833/833 849/849/849 832/832/832 
f 849/849/849 850/850/850 848/848/848 
f 833/833/833 851/851/851 849/849/849 
f 850/850/850 849/849/849 851/851/851 
f 550/550/550 657/657/657 848/848/848 
f 850/850/850 550/550/550 848/848/848 
f 851/851/851 833/833/833 852/852/852 
f 853/853/853 850/850/850 851/851/851 
f 851/851/851 852/852/852 853/853/853 
f 852/852/852 833/833/833 854/854/854 
f 833/833/833 834/834/834 854/854/854 
f 834/834/834 855/855/855 854/854/854 
f 580/580/580 854/854/854 855/855/855 
f 854/854/854 580/580/580 852/852/852 
f 544/544/544 853/853/853 852/852/852 
f 852/852/852 580/580/580 544/544/544 
f 850/850/850 853/853/853 856/856/856 
f 853/853/853 857/857/857 856/856/856 
f 857/857/857 853/853/853 544/544/544 
f 539/539/539 856/856/856 857/857/857 
f 543/543/543 857/857/857 544/544/544 
f 856/856/856 858/858/858 850/850/850 
f 858/858/858 856/856/856 539/539/539 
f 550/550/550 850/850/850 858/858/858 
f 539/539/539 538/538/538 858/858/858 
f 538/538/538 550/550/550 858/858/858 
f 818/818/818 788/788/788 859/859/859 
f 788/788/788 791/791/791 859/859/859 
f 860/860/860 818/818/818 859/859/859 
f 860/860/860 817/817/817 818/818/818 
f 791/791/791 861/861/861 859/859/859 
f 861/861/861 791/791/791 779/779/779 
f 862/862/862 859/859/859 861/861/861 
f 862/862/862 860/860/860 859/859/859 
f 779/779/779 863/863/863 861/861/861 
f 863/863/863 862/862/862 861/861/861 
f 779/779/779 769/769/769 863/863/863 
f 863/863/863 864/864/864 862/862/862 
f 864/864/864 860/860/860 862/862/862 
f 769/769/769 865/865/865 863/863/863 
f 865/865/865 864/864/864 863/863/863 
f 865/865/865 769/769/769 763/763/763 
f 763/763/763 866/866/866 865/865/865 
f 864/864/864 865/865/865 866/866/866 
f 866/866/866 763/763/763 766/766/766 
f 867/867/867 864/864/864 866/866/866 
f 766/766/766 867/867/867 866/866/866 
f 868/868/868 867/867/867 766/766/766 
f 867/867/867 868/868/868 864/864/864 
f 868/868/868 766/766/766 869/869/869 
f 870/870/870 864/864/864 868/868/868 
f 869/869/869 870/870/870 868/868/868 
f 766/766/766 871/871/871 869/869/869 
f 871/871/871 870/870/870 869/869/869 
f 871/871/871 766/766/766 872/872/872 
f 864/864/864 870/870/870 873/873/873 
f 873/873/873 874/874/874 864/864/864 
f 860/860/860 864/864/864 874/874/874 
f 875/875/875 873/873/873 870/870/870 
f 876/876/876 870/870/870 871/871/871 
f 870/870/870 876/876/876 875/875/875 
f 872/872/872 877/877/877 871/871/871 
f 876/876/876 871/871/871 877/877/877 
f 877/877/877 872/872/872 878/878/878 
f 730/730/730 878/878/878 872/872/872 
f 730/730/730 722/722/722 878/878/878 
f 877/877/877 878/878/878 879/879/879 
f 879/879/879 878/878/878 722/722/722 
f 879/879/879 876/876/876 877/877/877 
f 880/880/880 879/879/879 722/722/722 
f 880/880/880 876/876/876 879/879/879 
f 881/881/881 880/880/880 722/722/722 
f 876/876/876 880/880/880 881/881/881 
f 722/722/722 721/721/721 881/881/881 
f 876/876/876 881/881/881 882/882/882 
f 875/875/875 876/876/876 882/882/882 
f 883/883/883 881/881/881 721/721/721 
f 883/883/883 721/721/721 713/713/713 
f 882/882/882 881/881/881 884/884/884 
f 881/881/881 883/883/883 884/884/884 
f 875/875/875 882/882/882 885/885/885 
f 873/873/873 875/875/875 885/885/885 
f 874/874/874 873/873/873 885/885/885 
f 886/886/886 885/885/885 882/882/882 
f 885/885/885 886/886/886 874/874/874 
f 884/884/884 886/886/886 882/882/882 
f 860/860/860 874/874/874 886/886/886 
f 884/884/884 887/887/887 886/886/886 
f 860/860/860 886/886/886 887/887/887 
f 883/883/883 887/887/887 884/884/884 
f 817/817/817 860/860/860 887/887/887 
f 887/887/887 883/883/883 888/888/888 
f 713/713/713 888/888/888 883/883/883 
f 888/888/888 889/889/889 887/887/887 
f 817/817/817 887/887/887 889/889/889 
f 888/888/888 713/713/713 890/890/890 
f 713/713/713 712/712/712 890/890/890 
f 891/891/891 889/889/889 888/888/888 
f 891/891/891 888/888/888 890/890/890 
f 890/890/890 712/712/712 892/892/892 
f 890/890/890 892/892/892 891/891/891 
f 892/892/892 712/712/712 708/708/708 
f 893/893/893 889/889/889 891/891/891 
f 889/889/889 893/893/893 817/817/817 
f 894/894/894 891/891/891 892/892/892 
f 891/891/891 894/894/894 893/893/893 
f 708/708/708 894/894/894 892/892/892 
f 894/894/894 895/895/895 893/893/893 
f 895/895/895 894/894/894 708/708/708 
f 895/895/895 817/817/817 893/893/893 
f 895/895/895 708/708/708 896/896/896 
f 817/817/817 895/895/895 897/897/897 
f 708/708/708 696/696/696 896/896/896 
f 696/696/696 708/708/708 699/699/699 
f 895/895/895 896/896/896 898/898/898 
f 696/696/696 898/898/898 896/896/896 
f 895/895/895 898/898/898 897/897/897 
f 899/899/899 898/898/898 696/696/696 
f 898/898/898 899/899/899 897/897/897 
f 696/696/696 672/672/672 899/899/899 
f 817/817/817 897/897/897 900/900/900 
f 811/811/811 817/817/817 900/900/900 
f 900/900/900 897/897/897 901/901/901 
f 811/811/811 900/900/900 901/901/901 
f 902/902/902 901/901/901 897/897/897 
f 901/901/901 902/902/902 811/811/811 
f 902/902/902 897/897/897 899/899/899 
f 672/672/672 670/670/670 899/899/899 
f 903/903/903 902/902/902 899/899/899 
f 899/899/899 670/670/670 903/903/903 
f 670/670/670 902/902/902 903/903/903 
f 812/812/812 811/811/811 902/902/902 
f 902/902/902 670/670/670 812/812/812 
f 812/812/812 670/670/670 904/904/904 
f 670/670/670 665/665/665 904/904/904 
f 812/812/812 904/904/904 905/905/905 
f 644/644/644 812/812/812 905/905/905 
f 639/639/639 644/644/644 905/905/905 
f 904/904/904 906/906/906 905/905/905 
f 639/639/639 905/905/905 906/906/906 
f 906/906/906 904/904/904 665/665/665 
f 649/649/649 639/639/639 906/906/906 
f 665/665/665 907/907/907 906/906/906 
f 908/908/908 909/909/909 910/910/910 
f 910/910/910 911/911/911 908/908/908 
f 908/908/908 911/911/911 912/912/912 
f 911/911/911 910/910/910 913/913/913 
f 914/914/914 912/912/912 911/911/911 
f 913/913/913 915/915/915 911/911/911 
f 911/911/911 915/915/915 914/914/914 
f 916/916/916 914/914/914 915/915/915 
f 917/917/917 918/918/918 919/919/919 
f 917/917/917 920/920/920 918/918/918 
f 921/921/921 917/917/917 919/919/919 
f 917/917/917 922/922/922 920/920/920 
f 922/922/922 923/923/923 920/920/920 
f 923/923/923 922/922/922 924/924/924 
f 924/924/924 922/922/922 925/925/925 
f 917/917/917 921/921/921 926/926/926 
f 921/921/921 927/927/927 926/926/926 
f 928/928/928 926/926/926 927/927/927 
f 926/926/926 928/928/928 929/929/929 
f 930/930/930 922/922/922 917/917/917 
f 926/926/926 930/930/930 917/917/917 
f 925/925/925 922/922/922 930/930/930 
f 929/929/929 931/931/931 926/926/926 
f 926/926/926 931/931/931 930/930/930 
f 932/932/932 931/931/931 929/929/929 
f 933/933/933 931/931/931 932/932/932 
f 931/931/931 933/933/933 930/930/930 
f 925/925/925 930/930/930 933/933/933 
f 934/934/934 925/925/925 933/933/933 
f 935/935/935 936/936/936 937/937/937 
f 938/938/938 939/939/939 940/940/940 
f 941/941/941 942/942/942 943/943/943 
f 944/944/944 945/945/945 946/946/946 
f 944/944/944 947/947/947 945/945/945 
f 948/948/948 944/944/944 946/946/946 
f 945/945/945 947/947/947 949/949/949 
f 950/950/950 949/949/949 947/947/947 
f 950/950/950 951/951/951 949/949/949 
f 945/945/945 949/949/949 951/951/951 
f 952/952/952 946/946/946 945/945/945 
f 953/953/953 946/946/946 952/952/952 
f 954/954/954 946/946/946 953/953/953 
f 946/946/946 954/954/954 948/948/948 
f 955/955/955 948/948/948 954/954/954 
f 955/955/955 954/954/954 956/956/956 
f 954/954/954 957/957/957 956/956/956 
f 958/958/958 955/955/955 956/956/956 
f 959/959/959 956/956/956 957/957/957 
f 960/960/960 958/958/958 956/956/956 
f 956/956/956 959/959/959 960/960/960 
f 958/958/958 960/960/960 961/961/961 
f 960/960/960 959/959/959 961/961/961 
f 962/962/962 963/963/963 964/964/964 
f 963/963/963 965/965/965 964/964/964 
f 964/964/964 966/966/966 962/962/962 
f 966/966/966 964/964/964 967/967/967 
f 966/966/966 967/967/967 968/968/968 
f 967/967/967 964/964/964 969/969/969 
f 970/970/970 969/969/969 964/964/964 
f 971/971/971 969/969/969 970/970/970 
f 969/969/969 972/972/972 967/967/967 
f 969/969/969 971/971/971 972/972/972 
f 973/973/973 967/967/967 972/972/972 
f 974/974/974 972/972/972 971/971/971 
f 972/972/972 974/974/974 975/975/975 
f 975/975/975 973/973/973 972/972/972 
f 974/974/974 976/976/976 975/975/975 
f 973/973/973 975/975/975 976/976/976 
f 977/977/977 973/973/973 976/976/976 
f 976/976/976 978/978/978 977/977/977 
f 979/979/979 977/977/977 978/978/978 
f 980/980/980 976/976/976 981/981/981 
f 976/976/976 980/980/980 978/978/978 
f 982/982/982 978/978/978 980/980/980 
f 983/983/983 979/979/979 978/978/978 
f 979/979/979 983/983/983 984/984/984 
f 984/984/984 985/985/985 979/979/979 
f 983/983/983 986/986/986 984/984/984 
f 986/986/986 983/983/983 978/978/978 
f 978/978/978 982/982/982 987/987/987 
f 987/987/987 986/986/986 978/978/978 
f 982/982/982 988/988/988 987/987/987 
f 982/982/982 989/989/989 988/988/988 
f 988/988/988 990/990/990 987/987/987 
f 991/991/991 986/986/986 987/987/987 
f 987/987/987 990/990/990 991/991/991 
f 992/992/992 986/986/986 991/991/991 
f 991/991/991 990/990/990 993/993/993 
f 993/993/993 992/992/992 991/991/991 
f 994/994/994 995/995/995 996/996/996 
f 997/997/997 998/998/998 999/999/999 
f 999/999/999 998/998/998 1000/1000/1000 
f 999/999/999 1000/1000/1000 1001/1001/1001 
f 1002/1002/1002 1001/1001/1001 1000/1000/1000 
f 1001/1001/1001 1002/1002/1002 1003/1003/1003 
f 1001/1001/1001 1003/1003/1003 1004/1004/1004 
f 1001/1001/1001 1005/1005/1005 999/999/999 
f 1001/1001/1001 1004/1004/1004 1005/1005/1005 
f 1005/1005/1005 997/997/997 999/999/999 
f 1004/1004/1004 1006/1006/1006 1005/1005/1005 
f 1005/1005/1005 1007/1007/1007 997/997/997 
f 1006/1006/1006 1007/1007/1007 1005/1005/1005 
f 1008/1008/1008 997/997/997 1007/1007/1007 
f 1007/1007/1007 1009/1009/1009 1008/1008/1008 
f 1010/1010/1010 1007/1007/1007 1006/1006/1006 
f 1007/1007/1007 1011/1011/1011 1009/1009/1009 
f 1007/1007/1007 1010/1010/1010 1012/1012/1012 
f 1011/1011/1011 1007/1007/1007 1012/1012/1012 
f 1010/1010/1010 1013/1013/1013 1012/1012/1012 
f 1011/1011/1011 1012/1012/1012 1013/1013/1013 
f 1014/1014/1014 1011/1011/1011 1013/1013/1013 
f 1015/1015/1015 1014/1014/1014 1013/1013/1013 
f 1016/1016/1016 1014/1014/1014 1015/1015/1015 
f 1017/1017/1017 1014/1014/1014 1016/1016/1016 
f 1014/1014/1014 1018/1018/1018 1011/1011/1011 
f 1014/1014/1014 1017/1017/1017 1018/1018/1018 
f 1017/1017/1017 1019/1019/1019 1018/1018/1018 
f 1019/1019/1019 1020/1020/1020 1018/1018/1018 
f 1020/1020/1020 1021/1021/1021 1018/1018/1018 
f 1020/1020/1020 1022/1022/1022 1021/1021/1021 
f 1023/1023/1023 1018/1018/1018 1021/1021/1021 
f 1023/1023/1023 1021/1021/1021 1022/1022/1022 
f 1023/1023/1023 1022/1022/1022 1024/1024/1024 
f 1025/1025/1025 1024/1024/1024 1022/1022/1022 
f 1026/1026/1026 1024/1024/1024 1025/1025/1025 
f 1027/1027/1027 1024/1024/1024 1026/1026/1026 
f 1023/1023/1023 1024/1024/1024 1027/1027/1027 
f 1026/1026/1026 1028/1028/1028 1027/1027/1027 
f 1028/1028/1028 1029/1029/1029 1027/1027/1027 
f 1029/1029/1029 1030/1030/1030 1027/1027/1027 
f 1030/1030/1030 1023/1023/1023 1027/1027/1027 
f 1031/1031/1031 1030/1030/1030 1029/1029/1029 
f 1030/1030/1030 1031/1031/1031 1032/1032/1032 
f 1030/1030/1030 1032/1032/1032 1023/1023/1023 
f 1032/1032/1032 1031/1031/1031 1033/1033/1033 
f 1032/1032/1032 1033/1033/1033 1034/1034/1034 
f 1035/1035/1035 1032/1032/1032 1034/1034/1034 
f 1035/1035/1035 1023/1023/1023 1032/1032/1032 
f 1023/1023/1023 1035/1035/1035 1036/1036/1036 
f 1037/1037/1037 1038/1038/1038 1039/1039/1039 
f 1040/1040/1040 1039/1039/1039 1038/1038/1038 
f 1039/1039/1039 1040/1040/1040 1041/1041/1041 
f 1039/1039/1039 1042/1042/1042 1037/1037/1037 
f 1043/1043/1043 1039/1039/1039 1041/1041/1041 
f 1043/1043/1043 1041/1041/1041 1044/1044/1044 
f 1043/1043/1043 1042/1042/1042 1039/1039/1039 
f 1042/1042/1042 1043/1043/1043 1045/1045/1045 
f 1045/1045/1045 1046/1046/1046 1042/1042/1042 
f 1047/1047/1047 1046/1046/1046 1045/1045/1045 
f 1047/1047/1047 1048/1048/1048 1046/1046/1046 
f 1046/1046/1046 1048/1048/1048 1049/1049/1049 
f 1042/1042/1042 1046/1046/1046 1049/1049/1049 
f 1048/1048/1048 1050/1050/1050 1049/1049/1049 
f 1049/1049/1049 1051/1051/1051 1042/1042/1042 
f 1051/1051/1051 1049/1049/1049 1052/1052/1052 
f 1053/1053/1053 1042/1042/1042 1051/1051/1051 
f 1051/1051/1051 1054/1054/1054 1053/1053/1053 
f 1054/1054/1054 1051/1051/1051 1055/1055/1055 
f 1054/1054/1054 1055/1055/1055 1056/1056/1056 
f 1054/1054/1054 1057/1057/1057 1053/1053/1053 
f 1057/1057/1057 1058/1058/1058 1059/1059/1059 
f 1053/1053/1053 1057/1057/1057 1059/1059/1059 
f 1059/1059/1059 1060/1060/1060 1053/1053/1053 
f 1053/1053/1053 1060/1060/1060 1061/1061/1061 
f 1060/1060/1060 1062/1062/1062 1061/1061/1061 
f 1061/1061/1061 1062/1062/1062 1053/1053/1053 
f 1063/1063/1063 1053/1053/1053 1062/1062/1062 
f 1053/1053/1053 1063/1063/1063 1064/1064/1064 
f 1053/1053/1053 1064/1064/1064 1065/1065/1065 
f 1063/1063/1063 1066/1066/1066 1064/1064/1064 
f 1067/1067/1067 1064/1064/1064 1066/1066/1066 
f 1068/1068/1068 1067/1067/1067 1066/1066/1066 
f 1069/1069/1069 1067/1067/1067 1068/1068/1068 
f 1064/1064/1064 1067/1067/1067 1070/1070/1070 
f 1069/1069/1069 1070/1070/1070 1067/1067/1067 
f 1071/1071/1071 1064/1064/1064 1070/1070/1070 
f 1070/1070/1070 1069/1069/1069 1072/1072/1072 
f 1070/1070/1070 1072/1072/1072 1071/1071/1071 

